[
    {
        "symbol": "CLVS_US",
        "rank_value": 3.5380116959064325,
        "volume": 206904306.95,
        "adr": 21.61148977604426,
        "condi_4": true
    },
    {
        "symbol": "MYOV_US",
        "rank_value": 3.337686567164179,
        "volume": 106352767.185,
        "adr": 19.577611990427314,
        "condi_4": true
    },
    {
        "symbol": "BOLD_US",
        "rank_value": 2.330184966548603,
        "volume": 106304911.63800001,
        "adr": 9.026313387112062,
        "condi_4": true
    },
    {
        "symbol": "ARWR_US",
        "rank_value": 1.7166882276843467,
        "volume": 164690330.7025,
        "adr": 9.337934072201936,
        "condi_4": true
    },
    {
        "symbol": "MDCO_US",
        "rank_value": 1.7101301871440195,
        "volume": 471126691.0769999,
        "adr": 4.9936357181968205,
        "condi_4": true
    },
    {
        "symbol": "LK_US",
        "rank_value": 1.6281628162816282,
        "volume": 264257864.28000003,
        "adr": 9.146677658060609,
        "condi_4": true
    },
    {
        "symbol": "DXC_US",
        "rank_value": 1.5343035343035343,
        "volume": 168935952.68999997,
        "adr": 6.099253304510421,
        "condi_4": true
    },
    {
        "symbol": "DXCM_US",
        "rank_value": 1.523701881523835,
        "volume": 248872451.926,
        "adr": 4.4392886611922755,
        "condi_4": true
    },
    {
        "symbol": "PTON_US",
        "rank_value": 1.4993184915947295,
        "volume": 139242184.95000002,
        "adr": 8.499323257678748,
        "condi_4": true
    },
    {
        "symbol": "NTNX_US",
        "rank_value": 1.3412518853695325,
        "volume": 122827565.54650001,
        "adr": 6.446796290186518,
        "condi_4": true
    },
    {
        "symbol": "CGC_US",
        "rank_value": 1.3311594202898551,
        "volume": 194065255.967,
        "adr": 10.009429950612535,
        "condi_4": true
    },
    {
        "symbol": "AMTD_US",
        "rank_value": 1.3089005235602094,
        "volume": 306201045.6875,
        "adr": 3.6436709909578813,
        "condi_4": true
    },
    {
        "symbol": "CVNA_US",
        "rank_value": 1.3034151848715778,
        "volume": 128864389.49,
        "adr": 5.1580548047556185,
        "condi_4": true
    },
    {
        "symbol": "TEVA_US",
        "rank_value": 1.2955974842767297,
        "volume": 232353131.435,
        "adr": 6.3350747719461475,
        "condi_4": true
    }
]