[
    {
        "symbol": "RETA_US",
        "rank_value": 2.4377214499863724,
        "volume": 104293470.73599999,
        "adr": 9.586865829347602,
        "condi_4": true
    },
    {
        "symbol": "SGEN_US",
        "rank_value": 1.364881693648817,
        "volume": 114481475.49599999,
        "adr": 4.368760170499475,
        "condi_4": true
    },
    {
        "symbol": "TSG_US",
        "rank_value": 1.3308650286098955,
        "volume": 133840944.747,
        "adr": 4.842022442513438,
        "condi_4": true
    },
    {
        "symbol": "ROKU_US",
        "rank_value": 1.2948613376835236,
        "volume": 2313779992.7000003,
        "adr": 6.528462679766056,
        "condi_4": true
    },
    {
        "symbol": "RNG_US",
        "rank_value": 1.2710988919436808,
        "volume": 202454127.00149998,
        "adr": 6.018395808857058,
        "condi_4": true
    },
    {
        "symbol": "TEVA_US",
        "rank_value": 1.2391304347826086,
        "volume": 163243773.336,
        "adr": 7.903389150328199,
        "condi_4": true
    }
]