[
    {
        "symbol": "ROKU_US",
        "rank_value": 1.7387669106001344,
        "volume": 2023781326.16,
        "adr": 5.658212844234933,
        "condi_4": true
    },
    {
        "symbol": "MDCO_US",
        "rank_value": 1.538362760834671,
        "volume": 113099813.62,
        "adr": 6.909691684745112,
        "condi_4": true
    },
    {
        "symbol": "NTES_US",
        "rank_value": 1.2913623849291087,
        "volume": 184644030.35,
        "adr": 3.8490489940436134,
        "condi_4": true
    }
]