[
    {
        "symbol": "BBBY_US",
        "rank_value": 1.4554347826086957,
        "volume": 136451223.48000002,
        "adr": 6.600655824566548,
        "condi_4": true
    },
    {
        "symbol": "ROKU_US",
        "rank_value": 1.4441161989167899,
        "volume": 2411892988.1025,
        "adr": 6.233243272229472,
        "condi_4": true
    },
    {
        "symbol": "TSLA_US",
        "rank_value": 1.3957998929909043,
        "volume": 2474977119.21,
        "adr": 4.748876270240432,
        "condi_4": true
    },
    {
        "symbol": "BIIB_US",
        "rank_value": 1.3610706482155863,
        "volume": 732580527.9,
        "adr": 4.58907516820608,
        "condi_4": true
    },
    {
        "symbol": "RNG_US",
        "rank_value": 1.3489127718070482,
        "volume": 181970470.899,
        "adr": 4.359177523036051,
        "condi_4": true
    },
    {
        "symbol": "SGEN_US",
        "rank_value": 1.3416939752961936,
        "volume": 105121653.03,
        "adr": 3.8958852050057002,
        "condi_4": true
    }
]