[
    {
        "symbol": "BOLD_US",
        "rank_value": 2.334513970877607,
        "volume": 121436279.548,
        "adr": 8.25124201288645,
        "condi_4": true
    },
    {
        "symbol": "ARWR_US",
        "rank_value": 1.7399691358024691,
        "volume": 177759548.34000003,
        "adr": 9.592944485603772,
        "condi_4": true
    },
    {
        "symbol": "MDCO_US",
        "rank_value": 1.711757526444264,
        "volume": 500494705.425,
        "adr": 4.538892089362956,
        "condi_4": true
    },
    {
        "symbol": "GBT_US",
        "rank_value": 1.6587897526501767,
        "volume": 113845883.1755,
        "adr": 6.933158311422316,
        "condi_4": true
    },
    {
        "symbol": "DXC_US",
        "rank_value": 1.5035343035343034,
        "volume": 165569062.672,
        "adr": 5.840165492196481,
        "condi_4": true
    },
    {
        "symbol": "TTD_US",
        "rank_value": 1.3910614525139664,
        "volume": 295685918.84999996,
        "adr": 5.074443123464634,
        "condi_4": true
    },
    {
        "symbol": "RH_US",
        "rank_value": 1.3814593127895398,
        "volume": 268899733.45,
        "adr": 4.726500535242528,
        "condi_4": true
    },
    {
        "symbol": "ENPH_US",
        "rank_value": 1.3670454545454545,
        "volume": 109329195.78599998,
        "adr": 7.1129340660172735,
        "condi_4": true
    },
    {
        "symbol": "AMRN_US",
        "rank_value": 1.354506957047792,
        "volume": 306933944.159,
        "adr": 8.201109876672064,
        "condi_4": true
    },
    {
        "symbol": "SHOP_US",
        "rank_value": 1.3182319263184097,
        "volume": 619533116.4,
        "adr": 4.42458320761403,
        "condi_4": true
    },
    {
        "symbol": "AMTD_US",
        "rank_value": 1.2967005076142133,
        "volume": 321496812.078,
        "adr": 3.709099599578791,
        "condi_4": true
    }
]