[
    {
        "symbol": "RETA_US",
        "rank_value": 2.4529844644317254,
        "volume": 104397075.0,
        "adr": 9.601708300261835,
        "condi_4": true
    },
    {
        "symbol": "ROKU_US",
        "rank_value": 1.3535889070146818,
        "volume": 2544607853.2439995,
        "adr": 6.757265036591131,
        "condi_4": true
    },
    {
        "symbol": "RNG_US",
        "rank_value": 1.3371657085728568,
        "volume": 214248617.175,
        "adr": 6.004803126840108,
        "condi_4": true
    },
    {
        "symbol": "TSG_US",
        "rank_value": 1.3328845506563447,
        "volume": 128286006.75,
        "adr": 5.000416630173765,
        "condi_4": true
    }
]