[
    {
        "symbol": "PCG_US",
        "rank_value": 2.070552147239264,
        "volume": 195817574.925,
        "adr": 19.397087904729517,
        "condi_4": true
    },
    {
        "symbol": "FIT_US",
        "rank_value": 1.9739130434782606,
        "volume": 204069523.041,
        "adr": 8.361974581339693,
        "condi_4": true
    },
    {
        "symbol": "WMGI_US",
        "rank_value": 1.4881012658227848,
        "volume": 240400176.54050002,
        "adr": 3.9917950660438573,
        "condi_4": true
    },
    {
        "symbol": "DXCM_US",
        "rank_value": 1.4136197755284723,
        "volume": 185288587.8,
        "adr": 4.885279498909689,
        "condi_4": true
    },
    {
        "symbol": "TSLA_US",
        "rank_value": 1.3957950275801423,
        "volume": 2893867803.9,
        "adr": 4.7539557388564635,
        "condi_4": true
    },
    {
        "symbol": "AMRN_US",
        "rank_value": 1.3930187459599224,
        "volume": 178789138.6125,
        "adr": 5.94451329275274,
        "condi_4": true
    },
    {
        "symbol": "TEVA_US",
        "rank_value": 1.3615160349854227,
        "volume": 229516576.395,
        "adr": 7.654526138442397,
        "condi_4": true
    },
    {
        "symbol": "NOW_US",
        "rank_value": 1.3363684210526316,
        "volume": 683659644.8295001,
        "adr": 5.196574474394522,
        "condi_4": true
    },
    {
        "symbol": "GE_US",
        "rank_value": 1.3124274099883857,
        "volume": 699317211.0050001,
        "adr": 3.754503523959052,
        "condi_4": true
    },
    {
        "symbol": "ABMD_US",
        "rank_value": 1.2952866690116074,
        "volume": 107900468.505,
        "adr": 4.240065663715886,
        "condi_4": true
    },
    {
        "symbol": "TTD_US",
        "rank_value": 1.277094972067039,
        "volume": 300321249.75,
        "adr": 6.062060361122201,
        "condi_4": true
    },
    {
        "symbol": "PTON_US",
        "rank_value": 1.2756598240469208,
        "volume": 109575602.59500001,
        "adr": 8.088708291497726,
        "condi_4": true
    },
    {
        "symbol": "X_US",
        "rank_value": 1.267056530214425,
        "volume": 186029688.0,
        "adr": 5.98600839413852,
        "condi_4": true
    },
    {
        "symbol": "PDD_US",
        "rank_value": 1.2651376146788988,
        "volume": 233828069.9475,
        "adr": 4.891885019816078,
        "condi_4": true
    }
]