[
    {
        "symbol": "ACAD_US",
        "rank_value": 1.6386201093815735,
        "volume": 122314478.56500001,
        "adr": 10.962535436697983,
        "condi_4": true
    },
    {
        "symbol": "WLL_US",
        "rank_value": 1.4516666666666669,
        "volume": 109604428.96650001,
        "adr": 11.891328010611124,
        "condi_4": true
    },
    {
        "symbol": "DOCU_US",
        "rank_value": 1.4107836417637651,
        "volume": 281973937.2125,
        "adr": 5.221457262869045,
        "condi_4": true
    },
    {
        "symbol": "CLDR_US",
        "rank_value": 1.3846153846153846,
        "volume": 101911231.8,
        "adr": 6.124489992604465,
        "condi_4": true
    },
    {
        "symbol": "NTNX_US",
        "rank_value": 1.3705179282868527,
        "volume": 115789664.7,
        "adr": 6.617832467540552,
        "condi_4": true
    },
    {
        "symbol": "MDCO_US",
        "rank_value": 1.3604617604617606,
        "volume": 109518778.096,
        "adr": 4.97671446856125,
        "condi_4": true
    },
    {
        "symbol": "RIG_US",
        "rank_value": 1.3163017031630169,
        "volume": 112874872.15850002,
        "adr": 6.832758801484395,
        "condi_4": true
    },
    {
        "symbol": "TPR_US",
        "rank_value": 1.2743362831858407,
        "volume": 154682104.5,
        "adr": 4.0956153549282615,
        "condi_4": true
    },
    {
        "symbol": "PVH_US",
        "rank_value": 1.2610294117647058,
        "volume": 113049447.175,
        "adr": 4.513628873371833,
        "condi_4": true
    }
]