[
    {
        "symbol": "PVTL_US",
        "rank_value": 1.8518057285180574,
        "volume": 121402014.5975,
        "adr": 7.179905325723479,
        "condi_4": true
    },
    {
        "symbol": "PDD_US",
        "rank_value": 1.5734661534978491,
        "volume": 326982418.5,
        "adr": 5.243622541657222,
        "condi_4": true
    },
    {
        "symbol": "MDCO_US",
        "rank_value": 1.4947030497592297,
        "volume": 117051071.76,
        "adr": 6.913184104780945,
        "condi_4": true
    },
    {
        "symbol": "WB_US",
        "rank_value": 1.4591688462656207,
        "volume": 114484062.00799999,
        "adr": 5.069590213546582,
        "condi_4": true
    },
    {
        "symbol": "TGT_US",
        "rank_value": 1.3444444444444446,
        "volume": 761893541.64,
        "adr": 3.517336031585394,
        "condi_4": true
    }
]