[
    {
        "symbol": "CLVS_US",
        "rank_value": 3.5377358490566038,
        "volume": 185715565.875,
        "adr": 21.264725550009757,
        "condi_4": true
    },
    {
        "symbol": "MYOV_US",
        "rank_value": 3.479298458274935,
        "volume": 106163507.20800002,
        "adr": 19.130256210553153,
        "condi_4": true
    },
    {
        "symbol": "MDCO_US",
        "rank_value": 1.710740439381611,
        "volume": 460537091.72999996,
        "adr": 5.1780476666851705,
        "condi_4": true
    },
    {
        "symbol": "ARWR_US",
        "rank_value": 1.7097024579560156,
        "volume": 148354684.856,
        "adr": 9.004822036274817,
        "condi_4": true
    },
    {
        "symbol": "NIO_US",
        "rank_value": 1.641891891891892,
        "volume": 114707332.305,
        "adr": 12.385143018238786,
        "condi_4": true
    },
    {
        "symbol": "DXC_US",
        "rank_value": 1.5355509355509356,
        "volume": 173350819.647,
        "adr": 6.0847318575256715,
        "condi_4": true
    },
    {
        "symbol": "PTON_US",
        "rank_value": 1.5311222171740118,
        "volume": 150434683.64000002,
        "adr": 8.857131922536364,
        "condi_4": true
    },
    {
        "symbol": "NTNX_US",
        "rank_value": 1.3631221719457014,
        "volume": 123609106.65749998,
        "adr": 6.400306413932455,
        "condi_4": true
    },
    {
        "symbol": "AMRN_US",
        "rank_value": 1.329663608562691,
        "volume": 306698552.23399997,
        "adr": 8.628832015055309,
        "condi_4": true
    },
    {
        "symbol": "TTD_US",
        "rank_value": 1.324022346368715,
        "volume": 316609769.4,
        "adr": 5.558731617905788,
        "condi_4": true
    },
    {
        "symbol": "SRPT_US",
        "rank_value": 1.318526415541341,
        "volume": 120963665.8525,
        "adr": 4.29202466711418,
        "condi_4": true
    },
    {
        "symbol": "AMTD_US",
        "rank_value": 1.3153945666235447,
        "volume": 296006075.17,
        "adr": 3.7169720528376304,
        "condi_4": true
    },
    {
        "symbol": "CVNA_US",
        "rank_value": 1.2977702511995484,
        "volume": 129280655.57,
        "adr": 5.339909294457823,
        "condi_4": true
    }
]