[
    {
        "symbol": "AMR_US",
        "rank_value": 465.2246256239601,
        "volume": 115150212.36,
        "adr": 19.853683735402015,
        "condi_4": true
    },
    {
        "symbol": "ACAD_US",
        "rank_value": 1.5140933950357596,
        "volume": 117658848.10550001,
        "adr": 11.246387545210146,
        "condi_4": true
    },
    {
        "symbol": "DOCU_US",
        "rank_value": 1.370575221238938,
        "volume": 292010524.575,
        "adr": 5.384105889090773,
        "condi_4": true
    },
    {
        "symbol": "WLL_US",
        "rank_value": 1.335,
        "volume": 100756437.5115,
        "adr": 11.998904808657818,
        "condi_4": true
    },
    {
        "symbol": "TPR_US",
        "rank_value": 1.324905183312263,
        "volume": 158785675.09,
        "adr": 3.8928240930061087,
        "condi_4": true
    },
    {
        "symbol": "CLDR_US",
        "rank_value": 1.3116691285081243,
        "volume": 100746893.59200001,
        "adr": 6.086869892348723,
        "condi_4": true
    },
    {
        "symbol": "MPC_US",
        "rank_value": 1.3062337500349461,
        "volume": 380876204.519,
        "adr": 3.7181885571034634,
        "condi_4": true
    },
    {
        "symbol": "APA_US",
        "rank_value": 1.262950172668969,
        "volume": 126924970.24000001,
        "adr": 4.553135197173774,
        "condi_4": true
    },
    {
        "symbol": "RH_US",
        "rank_value": 1.237002172338885,
        "volume": 163142146.05150002,
        "adr": 4.1167600448389186,
        "condi_4": true
    }
]