[
    {
        "symbol": "RNG_US",
        "rank_value": 1.4250604015662751,
        "volume": 209316271.1475,
        "adr": 5.636950276603825,
        "condi_4": true
    },
    {
        "symbol": "OKTA_US",
        "rank_value": 1.25,
        "volume": 333729486.4,
        "adr": 5.10978594771716,
        "condi_4": true
    },
    {
        "symbol": "COUP_US",
        "rank_value": 1.196249595861623,
        "volume": 277486739.2,
        "adr": 5.389008258683403,
        "condi_4": true
    },
    {
        "symbol": "CRWD_US",
        "rank_value": 1.1916295291610153,
        "volume": 155134595.625,
        "adr": 7.726953282233628,
        "condi_4": true
    },
    {
        "symbol": "ENPH_US",
        "rank_value": 1.1838853188334157,
        "volume": 118372082.25500001,
        "adr": 8.415071329723345,
        "condi_4": true
    },
    {
        "symbol": "SMAR_US",
        "rank_value": 1.1622478386167145,
        "volume": 117605020.4235,
        "adr": 5.136112718474206,
        "condi_4": true
    },
    {
        "symbol": "MDB_US",
        "rank_value": 1.1606268364348677,
        "volume": 173894329.95,
        "adr": 6.301646932960137,
        "condi_4": true
    }
]