[
    {
        "symbol": "PVTL_US",
        "rank_value": 1.836861768368618,
        "volume": 114418813.575,
        "adr": 9.046412953754013,
        "condi_4": true
    },
    {
        "symbol": "PDD_US",
        "rank_value": 1.544297832233742,
        "volume": 296802584.3025,
        "adr": 5.597165933803261,
        "condi_4": true
    },
    {
        "symbol": "CVNA_US",
        "rank_value": 1.416083916083916,
        "volume": 136100788.65,
        "adr": 6.490018125189367,
        "condi_4": true
    },
    {
        "symbol": "SHAK_US",
        "rank_value": 1.3772222222222221,
        "volume": 110557509.89600001,
        "adr": 4.865621397593922,
        "condi_4": true
    },
    {
        "symbol": "NTNX_US",
        "rank_value": 1.3697857948139798,
        "volume": 112125151.125,
        "adr": 6.939145268853086,
        "condi_4": true
    },
    {
        "symbol": "TGT_US",
        "rank_value": 1.3385481852315393,
        "volume": 772646842.08,
        "adr": 3.616476753970721,
        "condi_4": true
    }
]