[
    {
        "symbol": "PVTL_US",
        "rank_value": 1.8555417185554173,
        "volume": 115846023.41000001,
        "adr": 8.573163516106796,
        "condi_4": true
    },
    {
        "symbol": "PDD_US",
        "rank_value": 1.5640904806786051,
        "volume": 301630187.3005,
        "adr": 5.426598701779062,
        "condi_4": true
    },
    {
        "symbol": "CVNA_US",
        "rank_value": 1.3881118881118881,
        "volume": 133980330.18,
        "adr": 6.582215590843821,
        "condi_4": true
    },
    {
        "symbol": "SHAK_US",
        "rank_value": 1.3504166666666668,
        "volume": 105597886.04400001,
        "adr": 4.570111425495127,
        "condi_4": true
    },
    {
        "symbol": "TGT_US",
        "rank_value": 1.3355444305381725,
        "volume": 755207403.7529999,
        "adr": 3.578653531546472,
        "condi_4": true
    },
    {
        "symbol": "NTNX_US",
        "rank_value": 1.3021420518602032,
        "volume": 106245671.07000001,
        "adr": 7.003383483385495,
        "condi_4": true
    }
]