[
    {
        "symbol": "RETA_US",
        "rank_value": 2.260211106011932,
        "volume": 115809611.85000001,
        "adr": 7.2344098056523976,
        "condi_4": true
    },
    {
        "symbol": "FIT_US",
        "rank_value": 2.074626865671642,
        "volume": 201282026.07000002,
        "adr": 9.730103771680954,
        "condi_4": true
    },
    {
        "symbol": "PCG_US",
        "rank_value": 1.8865030674846628,
        "volume": 166928128.0575,
        "adr": 17.874866943479063,
        "condi_4": true
    },
    {
        "symbol": "WMGI_US",
        "rank_value": 1.4948979591836733,
        "volume": 228364753.77,
        "adr": 4.3786693995439885,
        "condi_4": true
    },
    {
        "symbol": "GE_US",
        "rank_value": 1.3341176470588234,
        "volume": 700064799.462,
        "adr": 3.850343202455808,
        "condi_4": true
    },
    {
        "symbol": "ALGN_US",
        "rank_value": 1.3329896907216496,
        "volume": 203032484.55,
        "adr": 3.809821568442473,
        "condi_4": true
    },
    {
        "symbol": "SGEN_US",
        "rank_value": 1.3254191653408396,
        "volume": 104314673.715,
        "adr": 3.987660973601126,
        "condi_4": true
    },
    {
        "symbol": "PDD_US",
        "rank_value": 1.3133302078449758,
        "volume": 235107639.932,
        "adr": 4.749374794117633,
        "condi_4": true
    },
    {
        "symbol": "NOW_US",
        "rank_value": 1.3081578947368422,
        "volume": 699530491.1625,
        "adr": 5.508777053180891,
        "condi_4": true
    },
    {
        "symbol": "CDAY_US",
        "rank_value": 1.291557043769433,
        "volume": 112429158.3,
        "adr": 4.204184203701344,
        "condi_4": true
    },
    {
        "symbol": "SPOT_US",
        "rank_value": 1.2893950052761167,
        "volume": 246056115.25550002,
        "adr": 3.96049383672219,
        "condi_4": true
    }
]