[
    {
        "symbol": "PCG_US",
        "rank_value": 1.9631578947368422,
        "volume": 139468661.26,
        "adr": 12.055792759311412,
        "condi_4": true
    },
    {
        "symbol": "LK_US",
        "rank_value": 1.7106765676567657,
        "volume": 250135204.215675,
        "adr": 8.194508887877117,
        "condi_4": true
    },
    {
        "symbol": "DXCM_US",
        "rank_value": 1.5188010169945134,
        "volume": 250152070.5,
        "adr": 4.613663985805627,
        "condi_4": true
    },
    {
        "symbol": "TTD_US",
        "rank_value": 1.4692737430167597,
        "volume": 323728291.15000004,
        "adr": 4.904983896764237,
        "condi_4": true
    },
    {
        "symbol": "GRUB_US",
        "rank_value": 1.380064308681672,
        "volume": 164235365.05,
        "adr": 4.638413365406846,
        "condi_4": true
    },
    {
        "symbol": "ROKU_US",
        "rank_value": 1.3794942370548768,
        "volume": 3083559261.255,
        "adr": 6.896872179771485,
        "condi_4": true
    },
    {
        "symbol": "AMTD_US",
        "rank_value": 1.3679937139863803,
        "volume": 295714978.32,
        "adr": 3.782637998760552,
        "condi_4": true
    },
    {
        "symbol": "CGC_US",
        "rank_value": 1.367391304347826,
        "volume": 191387590.8855,
        "adr": 9.452051665696825,
        "condi_4": true
    },
    {
        "symbol": "TNDM_US",
        "rank_value": 1.3528953012283096,
        "volume": 100300261.23,
        "adr": 6.710867839521173,
        "condi_4": true
    },
    {
        "symbol": "CVNA_US",
        "rank_value": 1.3338978267005361,
        "volume": 131370933.01399998,
        "adr": 4.888428654676691,
        "condi_4": true
    },
    {
        "symbol": "AMRN_US",
        "rank_value": 1.311841685285669,
        "volume": 288433109.9475,
        "adr": 8.599382553171008,
        "condi_4": true
    },
    {
        "symbol": "NTNX_US",
        "rank_value": 1.3088235294117647,
        "volume": 108368649.831,
        "adr": 6.111520742673249,
        "condi_4": true
    },
    {
        "symbol": "TEVA_US",
        "rank_value": 1.3081761006289307,
        "volume": 245464035.44000003,
        "adr": 6.650088954642408,
        "condi_4": true
    },
    {
        "symbol": "SE_US",
        "rank_value": 1.3055167597765363,
        "volume": 167075128.638,
        "adr": 4.575902597998627,
        "condi_4": true
    }
]