[
    {
        "symbol": "TSLA_US",
        "rank_value": 1.461565899768147,
        "volume": 2601070463.75,
        "adr": 5.047992638950771,
        "condi_4": true
    },
    {
        "symbol": "TSG_US",
        "rank_value": 1.3603482920294707,
        "volume": 143389761.732,
        "adr": 4.573463579287962,
        "condi_4": true
    },
    {
        "symbol": "RNG_US",
        "rank_value": 1.324585520286595,
        "volume": 226215797.34650004,
        "adr": 6.449072348726204,
        "condi_4": true
    },
    {
        "symbol": "TEVA_US",
        "rank_value": 1.263975155279503,
        "volume": 176316608.38000003,
        "adr": 7.6312818493639245,
        "condi_4": true
    },
    {
        "symbol": "TAL_US",
        "rank_value": 1.2548725637181408,
        "volume": 114697045.7775,
        "adr": 4.213075582711823,
        "condi_4": true
    }
]