[
    {
        "symbol": "RNG_US",
        "rank_value": 1.4449720903107557,
        "volume": 211428224.992,
        "adr": 5.507968780048245,
        "condi_4": true
    },
    {
        "symbol": "TSG_US",
        "rank_value": 1.3524065971053516,
        "volume": 113285186.59149998,
        "adr": 5.633417720674161,
        "condi_4": true
    },
    {
        "symbol": "OKTA_US",
        "rank_value": 1.2464683219178083,
        "volume": 328414075.3935,
        "adr": 4.9936170285505455,
        "condi_4": true
    },
    {
        "symbol": "ROKU_US",
        "rank_value": 1.2408238172920065,
        "volume": 2604220445.215,
        "adr": 7.965452312321686,
        "condi_4": true
    },
    {
        "symbol": "ENPH_US",
        "rank_value": 1.2046465645081563,
        "volume": 101662506.12400001,
        "adr": 7.597948602109605,
        "condi_4": true
    }
]