[
    {
        "symbol": "ACAD_US",
        "rank_value": 1.7572570466975181,
        "volume": 127546154.86150001,
        "adr": 10.619116310551725,
        "condi_4": true
    },
    {
        "symbol": "WLL_US",
        "rank_value": 1.5516666666666667,
        "volume": 116995202.8735,
        "adr": 11.800049361123532,
        "condi_4": true
    },
    {
        "symbol": "DOCU_US",
        "rank_value": 1.4768106008681745,
        "volume": 285834573.28000003,
        "adr": 5.07730143436107,
        "condi_4": true
    },
    {
        "symbol": "NTNX_US",
        "rank_value": 1.4177954847277559,
        "volume": 121473192.1215,
        "adr": 6.72672762362716,
        "condi_4": true
    },
    {
        "symbol": "RIG_US",
        "rank_value": 1.4063260340632604,
        "volume": 119983515.875,
        "adr": 6.695574462515763,
        "condi_4": true
    },
    {
        "symbol": "CLDR_US",
        "rank_value": 1.393846153846154,
        "volume": 101744135.67300001,
        "adr": 6.053485496911426,
        "condi_4": true
    },
    {
        "symbol": "MDCO_US",
        "rank_value": 1.392128279883382,
        "volume": 131440536.85,
        "adr": 6.713221974649253,
        "condi_4": true
    },
    {
        "symbol": "PVH_US",
        "rank_value": 1.2941176470588236,
        "volume": 116850201.6,
        "adr": 4.438876373825118,
        "condi_4": true
    }
]