[
    {
        "symbol": "ACAD_US",
        "rank_value": 1.7543121581825833,
        "volume": 120039119.11500001,
        "adr": 10.66367158744439,
        "condi_4": true
    },
    {
        "symbol": "WLL_US",
        "rank_value": 1.4983333333333333,
        "volume": 109178824.4065,
        "adr": 12.218989840059935,
        "condi_4": true
    },
    {
        "symbol": "DOCU_US",
        "rank_value": 1.4542128729850234,
        "volume": 253572624.42000002,
        "adr": 5.172246386564794,
        "condi_4": true
    },
    {
        "symbol": "RIG_US",
        "rank_value": 1.4282238442822384,
        "volume": 121882936.9035,
        "adr": 7.045976791525632,
        "condi_4": true
    },
    {
        "symbol": "NTNX_US",
        "rank_value": 1.415549597855228,
        "volume": 122084299.91999999,
        "adr": 6.808018014856598,
        "condi_4": true
    },
    {
        "symbol": "PDD_US",
        "rank_value": 1.3726732673267326,
        "volume": 256730214.24199998,
        "adr": 4.373305726767129,
        "condi_4": true
    }
]