[
    {
        "symbol": "AXSM_US",
        "rank_value": 3.1554866227219853,
        "volume": 127550226.85599999,
        "adr": 13.901987149684981,
        "condi_4": true
    },
    {
        "symbol": "ARQL_US",
        "rank_value": 2.6715522984676885,
        "volume": 144605371.9,
        "adr": 9.44900241282327,
        "condi_4": true
    },
    {
        "symbol": "BOLD_US",
        "rank_value": 2.3376623376623376,
        "volume": 136789290.0,
        "adr": 7.2923819926487,
        "condi_4": true
    },
    {
        "symbol": "CLVS_US",
        "rank_value": 1.9629032258064516,
        "volume": 200199172.532,
        "adr": 21.8298455395874,
        "condi_4": true
    },
    {
        "symbol": "GBT_US",
        "rank_value": 1.599095394736842,
        "volume": 126116871.014,
        "adr": 6.74066456232123,
        "condi_4": true
    },
    {
        "symbol": "CGC_US",
        "rank_value": 1.4905797101449274,
        "volume": 207033071.762,
        "adr": 8.512980177938111,
        "condi_4": true
    },
    {
        "symbol": "ENPH_US",
        "rank_value": 1.4664772727272726,
        "volume": 128493119.56849998,
        "adr": 6.614028368558911,
        "condi_4": true
    },
    {
        "symbol": "LK_US",
        "rank_value": 1.4584702017832003,
        "volume": 256910723.66399997,
        "adr": 7.880890885641967,
        "condi_4": true
    },
    {
        "symbol": "SRPT_US",
        "rank_value": 1.3664601437864883,
        "volume": 169807651.17200002,
        "adr": 5.445624008628047,
        "condi_4": true
    },
    {
        "symbol": "SAGE_US",
        "rank_value": 1.3093155893536121,
        "volume": 122241736.245,
        "adr": 9.212594454275024,
        "condi_4": true
    }
]