[
    {
        "symbol": "RETA_US",
        "rank_value": 2.749438350733448,
        "volume": 132502051.80000001,
        "adr": 9.044887622428144,
        "condi_4": true
    },
    {
        "symbol": "FIT_US",
        "rank_value": 2.1151515151515152,
        "volume": 193719046.44900003,
        "adr": 9.95419863983724,
        "condi_4": true
    },
    {
        "symbol": "PCG_US",
        "rank_value": 1.8497239263803682,
        "volume": 171137085.41322,
        "adr": 18.03210421504231,
        "condi_4": true
    },
    {
        "symbol": "WMGI_US",
        "rank_value": 1.5368916797488228,
        "volume": 214889430.4425,
        "adr": 4.67421494563649,
        "condi_4": true
    },
    {
        "symbol": "BBBY_US",
        "rank_value": 1.4308943089430894,
        "volume": 111293133.248,
        "adr": 5.4194758237318785,
        "condi_4": true
    },
    {
        "symbol": "PDD_US",
        "rank_value": 1.3888,
        "volume": 237851228.36999997,
        "adr": 4.807884951846075,
        "condi_4": true
    },
    {
        "symbol": "BHC_US",
        "rank_value": 1.3667892800840777,
        "volume": 114212777.6025,
        "adr": 3.861734730566191,
        "condi_4": true
    },
    {
        "symbol": "SPOT_US",
        "rank_value": 1.3258948495938587,
        "volume": 246674629.502,
        "adr": 3.9809233355508677,
        "condi_4": true
    },
    {
        "symbol": "TEVA_US",
        "rank_value": 1.313664596273292,
        "volume": 210580402.65300003,
        "adr": 8.046255538655567,
        "condi_4": true
    },
    {
        "symbol": "BIIB_US",
        "rank_value": 1.3013929351784412,
        "volume": 685806068.6455001,
        "adr": 4.74257613225868,
        "condi_4": true
    },
    {
        "symbol": "AMD_US",
        "rank_value": 1.297857142857143,
        "volume": 1866143895.6910002,
        "adr": 3.964520907614011,
        "condi_4": true
    }
]