[
    {
        "symbol": "RNG_US",
        "rank_value": 1.4554694659668415,
        "volume": 212075973.125,
        "adr": 5.526249833635943,
        "condi_4": true
    },
    {
        "symbol": "TSG_US",
        "rank_value": 1.3261528105015146,
        "volume": 109097385.49499999,
        "adr": 5.6565151778051215,
        "condi_4": true
    },
    {
        "symbol": "OKTA_US",
        "rank_value": 1.2287029109589043,
        "volume": 327930189.91950005,
        "adr": 5.129961620324619,
        "condi_4": true
    },
    {
        "symbol": "ENPH_US",
        "rank_value": 1.2046465645081563,
        "volume": 105542698.7425,
        "adr": 7.645586979698571,
        "condi_4": true
    },
    {
        "symbol": "CRWD_US",
        "rank_value": 1.2009281147064523,
        "volume": 153486382.868035,
        "adr": 7.750863050685286,
        "condi_4": true
    },
    {
        "symbol": "MDB_US",
        "rank_value": 1.1797702786929036,
        "volume": 173354533.25,
        "adr": 6.170172431670751,
        "condi_4": true
    }
]