[
    {
        "symbol": "RETA_US",
        "rank_value": 2.6235,
        "volume": 130209552.0,
        "adr": 8.698903797169844,
        "condi_4": true
    },
    {
        "symbol": "PCG_US",
        "rank_value": 1.9969325153374233,
        "volume": 177036911.75100002,
        "adr": 17.91182504251769,
        "condi_4": true
    },
    {
        "symbol": "WMGI_US",
        "rank_value": 1.5400313971742543,
        "volume": 220167901.872,
        "adr": 4.470316463166624,
        "condi_4": true
    },
    {
        "symbol": "ABMD_US",
        "rank_value": 1.4139143336343696,
        "volume": 111683459.1445,
        "adr": 4.2770349175282,
        "condi_4": true
    },
    {
        "symbol": "TSLA_US",
        "rank_value": 1.393948174517758,
        "volume": 2743347530.2125,
        "adr": 4.7104702121885555,
        "condi_4": true
    },
    {
        "symbol": "ALGN_US",
        "rank_value": 1.374038537784474,
        "volume": 209899734.58800003,
        "adr": 3.920166564520078,
        "condi_4": true
    },
    {
        "symbol": "BHC_US",
        "rank_value": 1.3667366211962226,
        "volume": 111071284.04500002,
        "adr": 3.5532163236069003,
        "condi_4": true
    },
    {
        "symbol": "DXCM_US",
        "rank_value": 1.363354678785375,
        "volume": 176278964.4,
        "adr": 5.260977733657768,
        "condi_4": true
    },
    {
        "symbol": "PDD_US",
        "rank_value": 1.3570977917981073,
        "volume": 233874465.75000003,
        "adr": 4.685982698211388,
        "condi_4": true
    },
    {
        "symbol": "X_US",
        "rank_value": 1.3532934131736527,
        "volume": 224162898.432,
        "adr": 6.254196912612042,
        "condi_4": true
    },
    {
        "symbol": "FCX_US",
        "rank_value": 1.3314020857473927,
        "volume": 275286741.837,
        "adr": 4.630795865660975,
        "condi_4": true
    },
    {
        "symbol": "SPOT_US",
        "rank_value": 1.3197357850575737,
        "volume": 242587245.70749998,
        "adr": 3.9428214542261086,
        "condi_4": true
    },
    {
        "symbol": "AMD_US",
        "rank_value": 1.295,
        "volume": 1815404496.689,
        "adr": 3.77894381977939,
        "condi_4": true
    },
    {
        "symbol": "CTL_US",
        "rank_value": 1.293859649122807,
        "volume": 194566038.2875,
        "adr": 4.0467356867536,
        "condi_4": true
    }
]