[
    {
        "symbol": "AUPH_US",
        "rank_value": 3.765306122448979,
        "volume": 118212168.41999999,
        "adr": 21.91688996260226,
        "condi_4": true
    },
    {
        "symbol": "BOLD_US",
        "rank_value": 2.339630066902794,
        "volume": 125408624.6425,
        "adr": 7.816410365687032,
        "condi_4": true
    },
    {
        "symbol": "CLVS_US",
        "rank_value": 2.2095238095238097,
        "volume": 202033351.7,
        "adr": 21.292846561676427,
        "condi_4": true
    },
    {
        "symbol": "PCG_US",
        "rank_value": 2.0486577181208054,
        "volume": 246849334.9575,
        "adr": 12.12264916118082,
        "condi_4": true
    },
    {
        "symbol": "MDCO_US",
        "rank_value": 1.7101301871440195,
        "volume": 517165268.41349995,
        "adr": 4.129755600514717,
        "condi_4": true
    },
    {
        "symbol": "ARWR_US",
        "rank_value": 1.6561284046692606,
        "volume": 181329846.165,
        "adr": 9.653126642298693,
        "condi_4": true
    },
    {
        "symbol": "LK_US",
        "rank_value": 1.6023102310231023,
        "volume": 284017025.181,
        "adr": 9.794888373531085,
        "condi_4": true
    },
    {
        "symbol": "CGC_US",
        "rank_value": 1.471014492753623,
        "volume": 226518261.51500002,
        "adr": 9.521733450724689,
        "condi_4": true
    },
    {
        "symbol": "PTON_US",
        "rank_value": 1.423162583518931,
        "volume": 173367615.57750002,
        "adr": 9.403070415516357,
        "condi_4": true
    },
    {
        "symbol": "AMRN_US",
        "rank_value": 1.367065868263473,
        "volume": 265500655.1295,
        "adr": 6.91447412194659,
        "condi_4": true
    },
    {
        "symbol": "RH_US",
        "rank_value": 1.3400912776954625,
        "volume": 272828185.0,
        "adr": 4.785427328805292,
        "condi_4": true
    },
    {
        "symbol": "TTD_US",
        "rank_value": 1.3114130890052356,
        "volume": 254933958.62978998,
        "adr": 4.404130108511728,
        "condi_4": true
    },
    {
        "symbol": "DKS_US",
        "rank_value": 1.301891891891892,
        "volume": 131581675.37650001,
        "adr": 4.063195373201833,
        "condi_4": true
    }
]