[
    {
        "symbol": "MDCO_US",
        "rank_value": 1.708706265256306,
        "volume": 435026818.8,
        "adr": 5.426382188802137,
        "condi_4": true
    },
    {
        "symbol": "NIO_US",
        "rank_value": 1.6691176470588234,
        "volume": 108122994.477,
        "adr": 12.86759529020367,
        "condi_4": true
    },
    {
        "symbol": "LK_US",
        "rank_value": 1.655115511551155,
        "volume": 245324863.7715,
        "adr": 8.326830263970963,
        "condi_4": true
    },
    {
        "symbol": "DXC_US",
        "rank_value": 1.555093555093555,
        "volume": 173330976.93999997,
        "adr": 6.034215862344583,
        "condi_4": true
    },
    {
        "symbol": "DXCM_US",
        "rank_value": 1.5112691975267603,
        "volume": 248666626.9125,
        "adr": 4.502424296277319,
        "condi_4": true
    },
    {
        "symbol": "PCG_US",
        "rank_value": 1.4861660079051384,
        "volume": 136653139.2,
        "adr": 12.98485432623988,
        "condi_4": true
    },
    {
        "symbol": "TTD_US",
        "rank_value": 1.4692737430167597,
        "volume": 317922355.75,
        "adr": 4.726359624433174,
        "condi_4": true
    },
    {
        "symbol": "GRUB_US",
        "rank_value": 1.3858520900321543,
        "volume": 150686338.525,
        "adr": 4.424276620079337,
        "condi_4": true
    },
    {
        "symbol": "ROKU_US",
        "rank_value": 1.3822466884569067,
        "volume": 3047643311.7899995,
        "adr": 6.778502686541499,
        "condi_4": true
    },
    {
        "symbol": "AMTD_US",
        "rank_value": 1.35882661079099,
        "volume": 291727009.056,
        "adr": 3.7258493896687117,
        "condi_4": true
    },
    {
        "symbol": "CGC_US",
        "rank_value": 1.344927536231884,
        "volume": 188805773.216,
        "adr": 9.49962260797379,
        "condi_4": true
    },
    {
        "symbol": "TEVA_US",
        "rank_value": 1.3081761006289307,
        "volume": 242473870.6,
        "adr": 6.617628317689905,
        "condi_4": true
    }
]