[
    {
        "symbol": "RNG_US",
        "rank_value": 1.4701324668832791,
        "volume": 216539015.703,
        "adr": 5.5275367949250365,
        "condi_4": true
    },
    {
        "symbol": "BBBY_US",
        "rank_value": 1.3913043478260871,
        "volume": 127125902.08,
        "adr": 7.236533579554871,
        "condi_4": true
    },
    {
        "symbol": "TSG_US",
        "rank_value": 1.3409626388421407,
        "volume": 113245205.97600001,
        "adr": 5.5412244387579745,
        "condi_4": true
    },
    {
        "symbol": "COUP_US",
        "rank_value": 1.2796637568703524,
        "volume": 279711012.988,
        "adr": 4.88862114336861,
        "condi_4": true
    },
    {
        "symbol": "OKTA_US",
        "rank_value": 1.2413313356164384,
        "volume": 316947569.778,
        "adr": 4.949802191021124,
        "condi_4": true
    },
    {
        "symbol": "ROKU_US",
        "rank_value": 1.2148246329526917,
        "volume": 2563051449.2900004,
        "adr": 7.8809078438384805,
        "condi_4": true
    },
    {
        "symbol": "SMAR_US",
        "rank_value": 1.1847262247838615,
        "volume": 115498230.5085,
        "adr": 4.763214636198176,
        "condi_4": true
    }
]