[
    {
        "symbol": "FIT_US",
        "rank_value": 1.8428184281842819,
        "volume": 205567668.94,
        "adr": 8.098470083209698,
        "condi_4": true
    },
    {
        "symbol": "TSLA_US",
        "rank_value": 1.4062674874090655,
        "volume": 2898993528.074,
        "adr": 4.666761710267386,
        "condi_4": true
    },
    {
        "symbol": "SE_US",
        "rank_value": 1.391139719803105,
        "volume": 157069014.674,
        "adr": 4.843072025260975,
        "condi_4": true
    },
    {
        "symbol": "EIX_US",
        "rank_value": 1.328909952606635,
        "volume": 196076219.29999998,
        "adr": 4.551867542013999,
        "condi_4": true
    },
    {
        "symbol": "XRX_US",
        "rank_value": 1.32719836400818,
        "volume": 102365251.989,
        "adr": 4.672804256074636,
        "condi_4": true
    },
    {
        "symbol": "SPOT_US",
        "rank_value": 1.2910029756695256,
        "volume": 253389521.28599998,
        "adr": 3.8822432622667824,
        "condi_4": true
    },
    {
        "symbol": "BIIB_US",
        "rank_value": 1.284032543975274,
        "volume": 643571484.875,
        "adr": 4.9691319948941715,
        "condi_4": true
    },
    {
        "symbol": "TTD_US",
        "rank_value": 1.2797765363128493,
        "volume": 292063759.176,
        "adr": 5.756702919807721,
        "condi_4": true
    },
    {
        "symbol": "X_US",
        "rank_value": 1.273879142300195,
        "volume": 184651613.79,
        "adr": 6.005673297136749,
        "condi_4": true
    },
    {
        "symbol": "AMD_US",
        "rank_value": 1.2733575437438098,
        "volume": 2091459424.4565,
        "adr": 3.8131115144080407,
        "condi_4": true
    }
]