[
    {
        "symbol": "AUPH_US",
        "rank_value": 3.3885017421602783,
        "volume": 135703074.9825,
        "adr": 20.699153197431762,
        "condi_4": true
    },
    {
        "symbol": "AXSM_US",
        "rank_value": 3.338848444738584,
        "volume": 180391981.41500002,
        "adr": 14.519341593879131,
        "condi_4": true
    },
    {
        "symbol": "ARQL_US",
        "rank_value": 2.5155666251556665,
        "volume": 152299219.06,
        "adr": 8.579538456210445,
        "condi_4": true
    },
    {
        "symbol": "PCG_US",
        "rank_value": 1.8862560826742025,
        "volume": 290286087.21599996,
        "adr": 14.227835582440607,
        "condi_4": true
    },
    {
        "symbol": "CLVS_US",
        "rank_value": 1.5898550724637681,
        "volume": 172507305.609,
        "adr": 20.746207380036232,
        "condi_4": true
    },
    {
        "symbol": "NIO_US",
        "rank_value": 1.536723163841808,
        "volume": 103358357.66400002,
        "adr": 8.134438049873127,
        "condi_4": true
    },
    {
        "symbol": "ENPH_US",
        "rank_value": 1.4659090909090908,
        "volume": 127132361.22000001,
        "adr": 6.1730949635202315,
        "condi_4": true
    },
    {
        "symbol": "ARWR_US",
        "rank_value": 1.3741743021521413,
        "volume": 203911405.00149998,
        "adr": 9.53267705502736,
        "condi_4": true
    },
    {
        "symbol": "CGC_US",
        "rank_value": 1.3100065402223677,
        "volume": 150279128.0705,
        "adr": 6.633563053746805,
        "condi_4": true
    }
]