[
    {
        "symbol": "PVTL_US",
        "rank_value": 1.8542963885429642,
        "volume": 116012598.455,
        "adr": 8.254662019825677,
        "condi_4": true
    },
    {
        "symbol": "MDCO_US",
        "rank_value": 1.5165329052969503,
        "volume": 109886180.43,
        "adr": 6.958418337689576,
        "condi_4": true
    },
    {
        "symbol": "CVNA_US",
        "rank_value": 1.4248251748251748,
        "volume": 134543647.45000002,
        "adr": 6.332507145679722,
        "condi_4": true
    },
    {
        "symbol": "PODD_US",
        "rank_value": 1.3596400138456213,
        "volume": 124801594.4,
        "adr": 3.7749870211332803,
        "condi_4": true
    },
    {
        "symbol": "NTNX_US",
        "rank_value": 1.3077790304396844,
        "volume": 106098078.75999999,
        "adr": 6.938437360000149,
        "condi_4": true
    }
]