[
    {
        "symbol": "MYOV_US",
        "rank_value": 3.087686567164179,
        "volume": 100979944.9875,
        "adr": 19.565906272372025,
        "condi_4": true
    },
    {
        "symbol": "CLVS_US",
        "rank_value": 2.739376770538244,
        "volume": 177913240.1955,
        "adr": 22.7144168339668,
        "condi_4": true
    },
    {
        "symbol": "BOLD_US",
        "rank_value": 2.32939787485242,
        "volume": 117224146.55849999,
        "adr": 8.733129536875527,
        "condi_4": true
    },
    {
        "symbol": "ARWR_US",
        "rank_value": 1.7232510288065843,
        "volume": 173784010.4,
        "adr": 9.745896576335733,
        "condi_4": true
    },
    {
        "symbol": "PCG_US",
        "rank_value": 1.6552315608919383,
        "volume": 159808246.48250002,
        "adr": 12.07295233644492,
        "condi_4": true
    },
    {
        "symbol": "LK_US",
        "rank_value": 1.6364136413641364,
        "volume": 277810810.375,
        "adr": 9.319181204536342,
        "condi_4": true
    },
    {
        "symbol": "CRSP_US",
        "rank_value": 1.5383004455760663,
        "volume": 100486164.476415,
        "adr": 8.436159269893274,
        "condi_4": true
    },
    {
        "symbol": "PTON_US",
        "rank_value": 1.485233984552476,
        "volume": 147480877.7925,
        "adr": 8.852870895997643,
        "condi_4": true
    },
    {
        "symbol": "ENPH_US",
        "rank_value": 1.3721590909090908,
        "volume": 108504328.32749999,
        "adr": 7.101205459494397,
        "condi_4": true
    },
    {
        "symbol": "AMRN_US",
        "rank_value": 1.3575317604355717,
        "volume": 308443346.046,
        "adr": 8.254400573706766,
        "condi_4": true
    },
    {
        "symbol": "CGC_US",
        "rank_value": 1.3514492753623186,
        "volume": 197515511.5325,
        "adr": 9.761046388577421,
        "condi_4": true
    },
    {
        "symbol": "AMTD_US",
        "rank_value": 1.3045685279187818,
        "volume": 319346092.59999996,
        "adr": 3.7414627616185525,
        "condi_4": true
    },
    {
        "symbol": "NTNX_US",
        "rank_value": 1.3027903469079938,
        "volume": 123365598.17999999,
        "adr": 6.449617527777862,
        "condi_4": true
    },
    {
        "symbol": "SHOP_US",
        "rank_value": 1.2979623768713773,
        "volume": 585710609.0,
        "adr": 4.502489130058285,
        "condi_4": true
    }
]