[
    {
        "symbol": "RNG_US",
        "rank_value": 1.4239773389985835,
        "volume": 218202214.912,
        "adr": 5.708303767340306,
        "condi_4": true
    },
    {
        "symbol": "TSG_US",
        "rank_value": 1.3429821608885897,
        "volume": 120314591.66999999,
        "adr": 5.340894358804293,
        "condi_4": true
    },
    {
        "symbol": "BBBY_US",
        "rank_value": 1.3423913043478262,
        "volume": 126315217.69749999,
        "adr": 7.352988630480373,
        "condi_4": true
    },
    {
        "symbol": "CVNA_US",
        "rank_value": 1.2161305656789732,
        "volume": 101953575.61250001,
        "adr": 4.67382451970062,
        "condi_4": true
    },
    {
        "symbol": "SRPT_US",
        "rank_value": 1.2074947952810549,
        "volume": 114993137.39999999,
        "adr": 5.890050924396029,
        "condi_4": true
    }
]