[
    {
        "symbol": "RETA_US",
        "rank_value": 2.6077705827937097,
        "volume": 127182638.275,
        "adr": 9.096328948958776,
        "condi_4": true
    },
    {
        "symbol": "PCG_US",
        "rank_value": 2.1165644171779143,
        "volume": 202205984.88,
        "adr": 18.100102254738438,
        "condi_4": true
    },
    {
        "symbol": "FIT_US",
        "rank_value": 2.1151515151515152,
        "volume": 188685937.016,
        "adr": 10.503621439260048,
        "condi_4": true
    },
    {
        "symbol": "BBBY_US",
        "rank_value": 1.4712628336755647,
        "volume": 146369706.36741,
        "adr": 5.618706852003519,
        "condi_4": true
    },
    {
        "symbol": "PDD_US",
        "rank_value": 1.4185970636215335,
        "volume": 235187226.67799997,
        "adr": 4.744621976948715,
        "condi_4": true
    },
    {
        "symbol": "ALGN_US",
        "rank_value": 1.4176524654993397,
        "volume": 220560947.90399998,
        "adr": 4.000823351469007,
        "condi_4": true
    },
    {
        "symbol": "ABMD_US",
        "rank_value": 1.38440201264353,
        "volume": 116614835.4525,
        "adr": 4.4477471152689185,
        "condi_4": true
    },
    {
        "symbol": "BHC_US",
        "rank_value": 1.3559322033898307,
        "volume": 111917921.28,
        "adr": 3.9099196555011595,
        "condi_4": true
    },
    {
        "symbol": "URI_US",
        "rank_value": 1.3503348316668193,
        "volume": 199829137.27999997,
        "adr": 4.116106720275159,
        "condi_4": true
    },
    {
        "symbol": "SPOT_US",
        "rank_value": 1.3210747121306792,
        "volume": 244810929.2,
        "adr": 3.9945108912566196,
        "condi_4": true
    },
    {
        "symbol": "BIIB_US",
        "rank_value": 1.3155498907501821,
        "volume": 695868389.9,
        "adr": 4.6861968647019525,
        "condi_4": true
    },
    {
        "symbol": "X_US",
        "rank_value": 1.297079556898288,
        "volume": 233927699.236,
        "adr": 6.562771760011121,
        "condi_4": true
    },
    {
        "symbol": "AMD_US",
        "rank_value": 1.290114613180516,
        "volume": 1826408985.265,
        "adr": 3.9902271643048604,
        "condi_4": true
    }
]