[
    {
        "symbol": "AMR_US",
        "rank_value": 479.5341098169717,
        "volume": 134159450.271,
        "adr": 21.93521847022719,
        "condi_4": true
    },
    {
        "symbol": "ACAD_US",
        "rank_value": 1.678165755153555,
        "volume": 127370583.00050001,
        "adr": 10.96094774970413,
        "condi_4": true
    },
    {
        "symbol": "WLL_US",
        "rank_value": 1.485,
        "volume": 111119794.434,
        "adr": 11.926644462773407,
        "condi_4": true
    },
    {
        "symbol": "DOCU_US",
        "rank_value": 1.4258710999772262,
        "volume": 289735767.16650003,
        "adr": 5.237263442791296,
        "condi_4": true
    },
    {
        "symbol": "CLDR_US",
        "rank_value": 1.387878787878788,
        "volume": 103499249.45199999,
        "adr": 6.0770201196375995,
        "condi_4": true
    },
    {
        "symbol": "NTNX_US",
        "rank_value": 1.3678618857901728,
        "volume": 114375204.125,
        "adr": 6.48668449906622,
        "condi_4": true
    },
    {
        "symbol": "PVH_US",
        "rank_value": 1.283235294117647,
        "volume": 114347860.02000001,
        "adr": 4.504347672739906,
        "condi_4": true
    },
    {
        "symbol": "TPR_US",
        "rank_value": 1.2824273072060683,
        "volume": 156945818.74,
        "adr": 4.09178271027173,
        "condi_4": true
    }
]