[
    {
        "symbol": "RNG_US",
        "rank_value": 1.4177289011080563,
        "volume": 216341741.11549997,
        "adr": 5.702437532944682,
        "condi_4": true
    },
    {
        "symbol": "TSG_US",
        "rank_value": 1.3429821608885897,
        "volume": 122491248.39,
        "adr": 5.243593479180264,
        "condi_4": true
    },
    {
        "symbol": "CVNA_US",
        "rank_value": 1.2218348914593566,
        "volume": 102870222.52100001,
        "adr": 4.5631524682209434,
        "condi_4": true
    },
    {
        "symbol": "SRPT_US",
        "rank_value": 1.2136016655100625,
        "volume": 113821859.044,
        "adr": 5.7396915195209175,
        "condi_4": true
    }
]