[
    {
        "symbol": "ACAD_US",
        "rank_value": 1.779554059739167,
        "volume": 119290160.205,
        "adr": 10.593638560738029,
        "condi_4": true
    },
    {
        "symbol": "WLL_US",
        "rank_value": 1.5999999999999999,
        "volume": 111755194.08,
        "adr": 11.676154949094197,
        "condi_4": true
    },
    {
        "symbol": "MDCO_US",
        "rank_value": 1.4563076923076923,
        "volume": 126586697.61600001,
        "adr": 7.099274131119948,
        "condi_4": true
    },
    {
        "symbol": "RIG_US",
        "rank_value": 1.4428223844282237,
        "volume": 123052122.7315,
        "adr": 7.144916732937445,
        "condi_4": true
    },
    {
        "symbol": "NTNX_US",
        "rank_value": 1.4180327868852458,
        "volume": 124227871.14,
        "adr": 6.932767301193499,
        "condi_4": true
    },
    {
        "symbol": "PDD_US",
        "rank_value": 1.3619729514717582,
        "volume": 314958341.728,
        "adr": 5.055082821587709,
        "condi_4": true
    },
    {
        "symbol": "PVH_US",
        "rank_value": 1.3091176470588235,
        "volume": 120366479.07,
        "adr": 4.365836360134123,
        "condi_4": true
    },
    {
        "symbol": "JWN_US",
        "rank_value": 1.2999601116872757,
        "volume": 214533360.74800003,
        "adr": 6.303052333422587,
        "condi_4": true
    }
]