[
    {
        "symbol": "CLVS_US",
        "rank_value": 5.170731707317073,
        "volume": 245123665.725,
        "adr": 19.59347772108231,
        "condi_4": true
    },
    {
        "symbol": "MYOV_US",
        "rank_value": 4.120613799763922,
        "volume": 109583410.55999999,
        "adr": 19.377985138504993,
        "condi_4": true
    },
    {
        "symbol": "MDCO_US",
        "rank_value": 1.7068755085435314,
        "volume": 450776955.462,
        "adr": 5.305137294202433,
        "condi_4": true
    },
    {
        "symbol": "NIO_US",
        "rank_value": 1.6923076923076923,
        "volume": 117045794.53599998,
        "adr": 12.958619720747745,
        "condi_4": true
    },
    {
        "symbol": "LK_US",
        "rank_value": 1.6666666666666667,
        "volume": 253205295.12,
        "adr": 8.417802574792743,
        "condi_4": true
    },
    {
        "symbol": "ARWR_US",
        "rank_value": 1.6041397153945667,
        "volume": 128044303.39999999,
        "adr": 8.436547995740074,
        "condi_4": true
    },
    {
        "symbol": "DXC_US",
        "rank_value": 1.5081081081081082,
        "volume": 168006464.67150003,
        "adr": 5.9889414572771305,
        "condi_4": true
    },
    {
        "symbol": "DXCM_US",
        "rank_value": 1.4626687055381957,
        "volume": 245773066.0,
        "adr": 4.5010042000109385,
        "condi_4": true
    },
    {
        "symbol": "SRPT_US",
        "rank_value": 1.369274223259241,
        "volume": 119828286.225,
        "adr": 4.311362883935699,
        "condi_4": true
    },
    {
        "symbol": "AMTD_US",
        "rank_value": 1.355421686746988,
        "volume": 295687041.1875,
        "adr": 3.7431517001348613,
        "condi_4": true
    },
    {
        "symbol": "NTNX_US",
        "rank_value": 1.3386123680241329,
        "volume": 120352313.0,
        "adr": 6.453448366316361,
        "condi_4": true
    },
    {
        "symbol": "AMRN_US",
        "rank_value": 1.33125,
        "volume": 302865936.46500003,
        "adr": 8.62757500442215,
        "condi_4": true
    },
    {
        "symbol": "ENPH_US",
        "rank_value": 1.311408614668219,
        "volume": 101634599.7315,
        "adr": 7.3744588433624525,
        "condi_4": true
    },
    {
        "symbol": "CGC_US",
        "rank_value": 1.3043478260869565,
        "volume": 184555726.20000002,
        "adr": 9.642889372736674,
        "condi_4": true
    },
    {
        "symbol": "CVNA_US",
        "rank_value": 1.2984758679085522,
        "volume": 129939590.53350002,
        "adr": 5.298286279958941,
        "condi_4": true
    }
]