[
    {
        "symbol": "ITCI_US",
        "rank_value": 4.114606741573033,
        "volume": 181816293.224,
        "adr": 19.67959821292855,
        "condi_4": true
    },
    {
        "symbol": "ARQL_US",
        "rank_value": 2.45,
        "volume": 152642641.72149998,
        "adr": 7.647462289520401,
        "condi_4": true
    },
    {
        "symbol": "PCG_US",
        "rank_value": 1.814350930586445,
        "volume": 270612675.34,
        "adr": 13.957493897408458,
        "condi_4": true
    },
    {
        "symbol": "APA_US",
        "rank_value": 1.4331696672122205,
        "volume": 193091917.33449998,
        "adr": 5.853217577639347,
        "condi_4": true
    },
    {
        "symbol": "SAGE_US",
        "rank_value": 1.4199619771863117,
        "volume": 149840549.7435,
        "adr": 9.61094234369757,
        "condi_4": true
    },
    {
        "symbol": "ENPH_US",
        "rank_value": 1.4155844155844155,
        "volume": 126386952.425,
        "adr": 5.609452615598487,
        "condi_4": true
    },
    {
        "symbol": "SRPT_US",
        "rank_value": 1.3606844655190187,
        "volume": 183887239.79999998,
        "adr": 5.654837591580231,
        "condi_4": true
    },
    {
        "symbol": "CLVS_US",
        "rank_value": 1.3485915492957747,
        "volume": 160155257.9775,
        "adr": 19.09544251779871,
        "condi_4": true
    },
    {
        "symbol": "WDC_US",
        "rank_value": 1.3481243301178993,
        "volume": 264583484.45949998,
        "adr": 3.6150212882616994,
        "condi_4": true
    }
]