[
    {
        "symbol": "AXSM_US",
        "rank_value": 3.242885506287227,
        "volume": 175841164.8,
        "adr": 14.13593068161816,
        "condi_4": true
    },
    {
        "symbol": "ARQL_US",
        "rank_value": 2.504358655043587,
        "volume": 153511141.9695,
        "adr": 8.324479303034838,
        "condi_4": true
    },
    {
        "symbol": "BOLD_US",
        "rank_value": 2.1937384898710865,
        "volume": 145157648.652,
        "adr": 6.489231521603722,
        "condi_4": true
    },
    {
        "symbol": "PCG_US",
        "rank_value": 1.829384124011304,
        "volume": 278688973.204515,
        "adr": 14.26559404812837,
        "condi_4": true
    },
    {
        "symbol": "NIO_US",
        "rank_value": 1.4725274725274726,
        "volume": 102286947.62,
        "adr": 7.810070326067442,
        "condi_4": true
    },
    {
        "symbol": "SAGE_US",
        "rank_value": 1.4190114068441064,
        "volume": 147396440.94,
        "adr": 9.4062646852495,
        "condi_4": true
    },
    {
        "symbol": "ARWR_US",
        "rank_value": 1.322338204592902,
        "volume": 203611794.89800003,
        "adr": 9.478012437474126,
        "condi_4": true
    }
]