[
    {
        "symbol": "FIT_US",
        "rank_value": 2.071641791044776,
        "volume": 203377032.773,
        "adr": 9.317849481173823,
        "condi_4": true
    },
    {
        "symbol": "WMGI_US",
        "rank_value": 1.4886075949367088,
        "volume": 233112826.38,
        "adr": 4.248068363141488,
        "condi_4": true
    },
    {
        "symbol": "TEVA_US",
        "rank_value": 1.445619335347432,
        "volume": 258108830.0505,
        "adr": 8.290120890623953,
        "condi_4": true
    },
    {
        "symbol": "URI_US",
        "rank_value": 1.3390128345249679,
        "volume": 216963269.6,
        "adr": 4.030541992406134,
        "condi_4": true
    },
    {
        "symbol": "X_US",
        "rank_value": 1.3333333333333333,
        "volume": 222268966.23599997,
        "adr": 6.124876439089566,
        "condi_4": true
    },
    {
        "symbol": "BIIB_US",
        "rank_value": 1.324485250670424,
        "volume": 666527000.38,
        "adr": 4.805158983560731,
        "condi_4": true
    },
    {
        "symbol": "GE_US",
        "rank_value": 1.3240418118466901,
        "volume": 708392573.16,
        "adr": 3.7990530114625054,
        "condi_4": true
    },
    {
        "symbol": "PDD_US",
        "rank_value": 1.2967101179391682,
        "volume": 232201171.84700003,
        "adr": 4.720844423997894,
        "condi_4": true
    },
    {
        "symbol": "ALGN_US",
        "rank_value": 1.2961461461461463,
        "volume": 198188938.19300002,
        "adr": 3.8011555101604255,
        "condi_4": true
    },
    {
        "symbol": "CDAY_US",
        "rank_value": 1.29394881607271,
        "volume": 114318114.9,
        "adr": 4.226797454872888,
        "condi_4": true
    },
    {
        "symbol": "SPOT_US",
        "rank_value": 1.2872845585648962,
        "volume": 249147443.08949998,
        "adr": 3.957295140934347,
        "condi_4": true
    }
]