[
    {
        "symbol": "BBBY_US",
        "rank_value": 1.356521739130435,
        "volume": 126160290.672,
        "adr": 7.143260232837245,
        "condi_4": true
    },
    {
        "symbol": "RNG_US",
        "rank_value": 1.3469132716820793,
        "volume": 213543711.03899997,
        "adr": 5.957629661578201,
        "condi_4": true
    },
    {
        "symbol": "TSG_US",
        "rank_value": 1.3301918545944127,
        "volume": 125258505.63200001,
        "adr": 5.1191523849968945,
        "condi_4": true
    },
    {
        "symbol": "ROKU_US",
        "rank_value": 1.3178017944535074,
        "volume": 2550959963.8875,
        "adr": 6.6795278330958,
        "condi_4": true
    }
]