[
    {
        "symbol": "ALLK_US",
        "rank_value": 2.8977572559366753,
        "volume": 103332330.50600001,
        "adr": 10.469088758249455,
        "condi_4": true
    },
    {
        "symbol": "PVTL_US",
        "rank_value": 1.8555417185554173,
        "volume": 115243741.57,
        "adr": 9.132555803161079,
        "condi_4": true
    },
    {
        "symbol": "CVNA_US",
        "rank_value": 1.441958041958042,
        "volume": 138841128.50800002,
        "adr": 6.493783172130296,
        "condi_4": true
    },
    {
        "symbol": "SHAK_US",
        "rank_value": 1.387361111111111,
        "volume": 111606992.1155,
        "adr": 4.870822340395509,
        "condi_4": true
    },
    {
        "symbol": "ENPH_US",
        "rank_value": 1.285006160164271,
        "volume": 140467277.732395,
        "adr": 7.192677227801725,
        "condi_4": true
    },
    {
        "symbol": "SHOP_US",
        "rank_value": 1.2621149632684623,
        "volume": 613389558.9525,
        "adr": 4.308163884989558,
        "condi_4": true
    }
]