[
    {
        "symbol": "AUPH_US",
        "rank_value": 3.7119675456389456,
        "volume": 119800013.955,
        "adr": 21.655261532552792,
        "condi_4": true
    },
    {
        "symbol": "ARQL_US",
        "rank_value": 2.6590939373750833,
        "volume": 138662780.061925,
        "adr": 9.849054104471655,
        "condi_4": true
    },
    {
        "symbol": "BOLD_US",
        "rank_value": 2.3364817001180636,
        "volume": 126288631.30349998,
        "adr": 7.735089259312611,
        "condi_4": true
    },
    {
        "symbol": "PCG_US",
        "rank_value": 1.9598334476012107,
        "volume": 244679129.72200003,
        "adr": 12.18508137357881,
        "condi_4": true
    },
    {
        "symbol": "MDCO_US",
        "rank_value": 1.708299430431245,
        "volume": 517882972.165,
        "adr": 3.952589002274154,
        "condi_4": true
    },
    {
        "symbol": "GBT_US",
        "rank_value": 1.668113739960929,
        "volume": 123666305.29499999,
        "adr": 7.109805955936288,
        "condi_4": true
    },
    {
        "symbol": "ARWR_US",
        "rank_value": 1.5688148234471506,
        "volume": 177279576.98700002,
        "adr": 9.462791039456242,
        "condi_4": true
    },
    {
        "symbol": "AMRN_US",
        "rank_value": 1.369047619047619,
        "volume": 248388234.35,
        "adr": 6.712298748839851,
        "condi_4": true
    },
    {
        "symbol": "ENPH_US",
        "rank_value": 1.3517045454545453,
        "volume": 113448049.8255,
        "adr": 7.050404517117803,
        "condi_4": true
    },
    {
        "symbol": "DKS_US",
        "rank_value": 1.3108108108108107,
        "volume": 132255784.89999999,
        "adr": 4.279696456733095,
        "condi_4": true
    }
]