[
    {
        "symbol": "RETA_US",
        "rank_value": 2.529435813573181,
        "volume": 110413885.66350001,
        "adr": 9.377795610164208,
        "condi_4": true
    },
    {
        "symbol": "SGEN_US",
        "rank_value": 1.38743600387436,
        "volume": 119423826.07499999,
        "adr": 4.373963146067306,
        "condi_4": true
    },
    {
        "symbol": "TSLA_US",
        "rank_value": 1.3692984063015203,
        "volume": 2000929528.0,
        "adr": 4.568694329325007,
        "condi_4": true
    },
    {
        "symbol": "ROKU_US",
        "rank_value": 1.3341150081566069,
        "volume": 2286384497.74,
        "adr": 6.306389729767226,
        "condi_4": true
    },
    {
        "symbol": "BIIB_US",
        "rank_value": 1.3004369992716678,
        "volume": 670912280.864,
        "adr": 4.551591628191787,
        "condi_4": true
    },
    {
        "symbol": "RNG_US",
        "rank_value": 1.2889277680579856,
        "volume": 215386356.9465,
        "adr": 6.379392599367506,
        "condi_4": true
    }
]