[
    {
        "symbol": "MDCO_US",
        "rank_value": 1.563402889245586,
        "volume": 127332515.09000002,
        "adr": 6.962951542162199,
        "condi_4": true
    },
    {
        "symbol": "PDD_US",
        "rank_value": 1.4814657008947594,
        "volume": 328873710.48300004,
        "adr": 4.964304774859141,
        "condi_4": true
    },
    {
        "symbol": "WB_US",
        "rank_value": 1.4431884057971014,
        "volume": 109568018.39099999,
        "adr": 4.563788563875848,
        "condi_4": true
    },
    {
        "symbol": "JWN_US",
        "rank_value": 1.4234306277489004,
        "volume": 228276906.34000003,
        "adr": 6.143559255350195,
        "condi_4": true
    },
    {
        "symbol": "DOCU_US",
        "rank_value": 1.4128735632183909,
        "volume": 230931503.369,
        "adr": 5.276191060267887,
        "condi_4": true
    },
    {
        "symbol": "TPR_US",
        "rank_value": 1.3757310257018927,
        "volume": 158416674.29999998,
        "adr": 4.561682787961585,
        "condi_4": true
    }
]