[
    {
        "symbol": "PDD_US",
        "rank_value": 1.6247191011235955,
        "volume": 341722725.42,
        "adr": 5.044605896529952,
        "condi_4": true
    },
    {
        "symbol": "RIG_US",
        "rank_value": 1.5026595744680853,
        "volume": 110116171.35250002,
        "adr": 7.3478970084758455,
        "condi_4": true
    },
    {
        "symbol": "NTNX_US",
        "rank_value": 1.4937993235625706,
        "volume": 130335427.0,
        "adr": 6.955237083357346,
        "condi_4": true
    },
    {
        "symbol": "DOCU_US",
        "rank_value": 1.4593090656155807,
        "volume": 227020715.484,
        "adr": 5.308688869212874,
        "condi_4": true
    },
    {
        "symbol": "WB_US",
        "rank_value": 1.4240046498111016,
        "volume": 111624212.35,
        "adr": 4.762463635523684,
        "condi_4": true
    },
    {
        "symbol": "TPR_US",
        "rank_value": 1.3800470446060553,
        "volume": 192514634.908,
        "adr": 6.282852839225539,
        "condi_4": true
    },
    {
        "symbol": "JWN_US",
        "rank_value": 1.3794482207117151,
        "volume": 225303095.25,
        "adr": 6.196589233884375,
        "condi_4": true
    },
    {
        "symbol": "TEVA_US",
        "rank_value": 1.3492586490939042,
        "volume": 182482649.21249998,
        "adr": 7.7386864540093026,
        "condi_4": true
    },
    {
        "symbol": "PVH_US",
        "rank_value": 1.3408989764129953,
        "volume": 126720082.101,
        "adr": 4.369417637742634,
        "condi_4": true
    }
]