[
    {
        "symbol": "PCG_US",
        "rank_value": 2.168711656441718,
        "volume": 211605347.80350003,
        "adr": 20.286155075640377,
        "condi_4": true
    },
    {
        "symbol": "FIT_US",
        "rank_value": 1.588095238095238,
        "volume": 198825058.51450002,
        "adr": 6.929886738287694,
        "condi_4": true
    },
    {
        "symbol": "DXCM_US",
        "rank_value": 1.506644632651656,
        "volume": 232393965.49100003,
        "adr": 4.776719117613704,
        "condi_4": true
    },
    {
        "symbol": "DXC_US",
        "rank_value": 1.4806652806652807,
        "volume": 154656861.579,
        "adr": 6.096575919591163,
        "condi_4": true
    },
    {
        "symbol": "PTON_US",
        "rank_value": 1.4638318670576733,
        "volume": 127936243.95500001,
        "adr": 8.757355593775241,
        "condi_4": true
    },
    {
        "symbol": "TSLA_US",
        "rank_value": 1.4207280684304755,
        "volume": 2592801612.1800003,
        "adr": 3.5323524617736357,
        "condi_4": true
    },
    {
        "symbol": "MDCO_US",
        "rank_value": 1.416192026037429,
        "volume": 134180310.804,
        "adr": 6.528575823166638,
        "condi_4": true
    },
    {
        "symbol": "SE_US",
        "rank_value": 1.3966228893058161,
        "volume": 157998844.17,
        "adr": 4.775876171266535,
        "condi_4": true
    },
    {
        "symbol": "CDAY_US",
        "rank_value": 1.3769433149964123,
        "volume": 139161200.5185,
        "adr": 3.6629989898479653,
        "condi_4": true
    },
    {
        "symbol": "TTD_US",
        "rank_value": 1.3463687150837989,
        "volume": 304477893.75,
        "adr": 5.317699735046677,
        "condi_4": true
    },
    {
        "symbol": "EIX_US",
        "rank_value": 1.3461611374407585,
        "volume": 208656313.02450004,
        "adr": 4.67006961968246,
        "condi_4": true
    },
    {
        "symbol": "ROKU_US",
        "rank_value": 1.3418200584895923,
        "volume": 2986606381.2,
        "adr": 7.170784441457578,
        "condi_4": true
    },
    {
        "symbol": "TEVA_US",
        "rank_value": 1.3368078175895766,
        "volume": 220576785.63300002,
        "adr": 5.919860124903886,
        "condi_4": true
    },
    {
        "symbol": "AMRN_US",
        "rank_value": 1.3143951484200447,
        "volume": 282947309.51850003,
        "adr": 8.717997771296648,
        "condi_4": true
    },
    {
        "symbol": "OKTA_US",
        "rank_value": 1.3094409174687691,
        "volume": 160357018.624,
        "adr": 4.029699104609197,
        "condi_4": true
    },
    {
        "symbol": "AMD_US",
        "rank_value": 1.2818683100875772,
        "volume": 2494192092.912,
        "adr": 4.083956650442744,
        "condi_4": true
    },
    {
        "symbol": "ZEN_US",
        "rank_value": 1.2814634146341464,
        "volume": 133368811.40850002,
        "adr": 3.557910704290057,
        "condi_4": true
    }
]