[
    {
        "symbol": "FIT_US",
        "rank_value": 2.1303030303030304,
        "volume": 183832943.9095,
        "adr": 10.80908317350473,
        "condi_4": true
    },
    {
        "symbol": "WMGI_US",
        "rank_value": 1.5384615384615383,
        "volume": 199565765.28,
        "adr": 4.88956847428621,
        "condi_4": true
    },
    {
        "symbol": "ALGN_US",
        "rank_value": 1.4556383338977312,
        "volume": 224530875.14400002,
        "adr": 4.05462517063282,
        "condi_4": true
    },
    {
        "symbol": "TIF_US",
        "rank_value": 1.4451807929310545,
        "volume": 391252845.28000003,
        "adr": 3.5222231318682296,
        "condi_4": true
    },
    {
        "symbol": "ABMD_US",
        "rank_value": 1.4104309121403689,
        "volume": 121769708.40825,
        "adr": 4.455802271721043,
        "condi_4": true
    },
    {
        "symbol": "BHC_US",
        "rank_value": 1.388888888888889,
        "volume": 110121983.4,
        "adr": 3.888110936619471,
        "condi_4": true
    },
    {
        "symbol": "TSLA_US",
        "rank_value": 1.3874863268431414,
        "volume": 2495478609.9205003,
        "adr": 4.650531535217639,
        "condi_4": true
    },
    {
        "symbol": "URI_US",
        "rank_value": 1.3483166681955783,
        "volume": 200803054.489,
        "adr": 4.13577100167819,
        "condi_4": true
    },
    {
        "symbol": "SGEN_US",
        "rank_value": 1.3400554575245776,
        "volume": 101528790.20399998,
        "adr": 3.7189615091306916,
        "condi_4": true
    },
    {
        "symbol": "SPOT_US",
        "rank_value": 1.3390163349102917,
        "volume": 245856901.86749998,
        "adr": 3.9720867387401215,
        "condi_4": true
    },
    {
        "symbol": "ROKU_US",
        "rank_value": 1.3309035104546325,
        "volume": 2255749102.358,
        "adr": 6.327844672004801,
        "condi_4": true
    },
    {
        "symbol": "BIIB_US",
        "rank_value": 1.3300254916241807,
        "volume": 705640309.577,
        "adr": 4.68073687320274,
        "condi_4": true
    },
    {
        "symbol": "TEVA_US",
        "rank_value": 1.3167701863354038,
        "volume": 189760653.04000002,
        "adr": 7.293079002425484,
        "condi_4": true
    },
    {
        "symbol": "X_US",
        "rank_value": 1.3162134944612287,
        "volume": 252272913.8155,
        "adr": 6.962499264305899,
        "condi_4": true
    },
    {
        "symbol": "FCX_US",
        "rank_value": 1.2972651605231866,
        "volume": 284409682.832,
        "adr": 4.599792091185173,
        "condi_4": true
    }
]