[
    {
        "symbol": "PVTL_US",
        "rank_value": 1.8518057285180574,
        "volume": 120676021.79199998,
        "adr": 7.549643555177421,
        "condi_4": true
    },
    {
        "symbol": "PDD_US",
        "rank_value": 1.5950526797984426,
        "volume": 327875802.776,
        "adr": 5.254728935024167,
        "condi_4": true
    },
    {
        "symbol": "MDCO_US",
        "rank_value": 1.5293739967897273,
        "volume": 116453426.49599999,
        "adr": 6.847600622125549,
        "condi_4": true
    },
    {
        "symbol": "ROKU_US",
        "rank_value": 1.4299323361823364,
        "volume": 1907817047.3950002,
        "adr": 5.540619003974512,
        "condi_4": true
    },
    {
        "symbol": "APO_US",
        "rank_value": 1.3191626409017714,
        "volume": 102279749.63200001,
        "adr": 3.884416636829302,
        "condi_4": true
    }
]