[
    {
        "symbol": "AMR_US",
        "rank_value": 419.30116472545757,
        "volume": 102386842.74,
        "adr": 20.056559007374553,
        "condi_4": true
    },
    {
        "symbol": "DOCU_US",
        "rank_value": 1.3471238938053096,
        "volume": 288211507.727,
        "adr": 5.3763271015041525,
        "condi_4": true
    },
    {
        "symbol": "MPC_US",
        "rank_value": 1.26837463250735,
        "volume": 377900760.03999996,
        "adr": 3.5938839571685977,
        "condi_4": true
    },
    {
        "symbol": "TPR_US",
        "rank_value": 1.2657601977750308,
        "volume": 154521049.6,
        "adr": 3.90893518704003,
        "condi_4": true
    },
    {
        "symbol": "RH_US",
        "rank_value": 1.2340810419681623,
        "volume": 162333634.365,
        "adr": 4.0694940677026725,
        "condi_4": true
    }
]