[
    {
        "symbol": "PCG_US",
        "rank_value": 2.2791411042944785,
        "volume": 155650234.125,
        "adr": 13.280900470865543,
        "condi_4": true
    },
    {
        "symbol": "LK_US",
        "rank_value": 1.7656820682068206,
        "volume": 251815370.38411498,
        "adr": 8.127665504294646,
        "condi_4": true
    },
    {
        "symbol": "MDCO_US",
        "rank_value": 1.7062652563059397,
        "volume": 414553052.916,
        "adr": 6.273968060519763,
        "condi_4": true
    },
    {
        "symbol": "FIT_US",
        "rank_value": 1.6404761904761904,
        "volume": 192811047.74099997,
        "adr": 4.042826033053948,
        "condi_4": true
    },
    {
        "symbol": "DXC_US",
        "rank_value": 1.5218752598752598,
        "volume": 169890727.44201502,
        "adr": 6.0489228879033075,
        "condi_4": true
    },
    {
        "symbol": "DXCM_US",
        "rank_value": 1.518912689804772,
        "volume": 245489781.19049996,
        "adr": 4.63029469951548,
        "condi_4": true
    },
    {
        "symbol": "PTON_US",
        "rank_value": 1.4437178888369921,
        "volume": 124836907.83850001,
        "adr": 8.200136786186075,
        "condi_4": true
    },
    {
        "symbol": "TNDM_US",
        "rank_value": 1.3772665236888282,
        "volume": 102570007.59200001,
        "adr": 6.764763839620391,
        "condi_4": true
    },
    {
        "symbol": "GRUB_US",
        "rank_value": 1.3591639871382637,
        "volume": 208768793.0175,
        "adr": 5.39535240018052,
        "condi_4": true
    },
    {
        "symbol": "AMTD_US",
        "rank_value": 1.3507071765322158,
        "volume": 282408673.1355,
        "adr": 3.8060563587547946,
        "condi_4": true
    },
    {
        "symbol": "SE_US",
        "rank_value": 1.3323983169705471,
        "volume": 167879685.1,
        "adr": 4.565280241509839,
        "condi_4": true
    },
    {
        "symbol": "CGC_US",
        "rank_value": 1.3079710144927537,
        "volume": 178976959.95250002,
        "adr": 9.423315961972234,
        "condi_4": true
    },
    {
        "symbol": "AMRN_US",
        "rank_value": 1.3054580274497287,
        "volume": 287475705.265,
        "adr": 8.761522657811627,
        "condi_4": true
    }
]