[
    {
        "symbol": "AUPH_US",
        "rank_value": 3.598484848484848,
        "volume": 129530451.8,
        "adr": 20.925842576611696,
        "condi_4": true
    },
    {
        "symbol": "ARQL_US",
        "rank_value": 2.686209193870753,
        "volume": 147651952.896,
        "adr": 8.880754922389734,
        "condi_4": true
    },
    {
        "symbol": "CLVS_US",
        "rank_value": 1.8977635782747606,
        "volume": 186949287.36,
        "adr": 21.391123244932906,
        "condi_4": true
    },
    {
        "symbol": "GBT_US",
        "rank_value": 1.5422204048251893,
        "volume": 125669732.86350001,
        "adr": 6.772177091416931,
        "condi_4": true
    },
    {
        "symbol": "ENPH_US",
        "rank_value": 1.4624999999999997,
        "volume": 128031165.40499999,
        "adr": 6.621952626805783,
        "condi_4": true
    },
    {
        "symbol": "CGC_US",
        "rank_value": 1.4326086956521737,
        "volume": 196411432.917,
        "adr": 8.187125862392342,
        "condi_4": true
    },
    {
        "symbol": "ARWR_US",
        "rank_value": 1.4248982215556032,
        "volume": 171653105.05,
        "adr": 9.382980388026162,
        "condi_4": true
    },
    {
        "symbol": "SRPT_US",
        "rank_value": 1.3168821801000081,
        "volume": 165703739.775,
        "adr": 5.481900085950864,
        "condi_4": true
    },
    {
        "symbol": "BLUE_US",
        "rank_value": 1.3143377205264632,
        "volume": 136002075.741,
        "adr": 7.1801446079673426,
        "condi_4": true
    }
]