[
    {
        "symbol": "MYOV_US",
        "rank_value": 3.105751391465677,
        "volume": 103743254.81699999,
        "adr": 19.466950262279138,
        "condi_4": true
    },
    {
        "symbol": "PCG_US",
        "rank_value": 2.131623931623932,
        "volume": 244503257.3305,
        "adr": 12.767627381125045,
        "condi_4": true
    },
    {
        "symbol": "MDCO_US",
        "rank_value": 1.7101301871440195,
        "volume": 509462442.9369999,
        "adr": 4.376826466288408,
        "condi_4": true
    },
    {
        "symbol": "GBT_US",
        "rank_value": 1.6773409893992932,
        "volume": 119950986.92500001,
        "adr": 7.196748613928228,
        "condi_4": true
    },
    {
        "symbol": "DXC_US",
        "rank_value": 1.4885654885654884,
        "volume": 158825502.48999998,
        "adr": 4.550745754452712,
        "condi_4": true
    },
    {
        "symbol": "PTON_US",
        "rank_value": 1.471011235955056,
        "volume": 170191856.382,
        "adr": 9.140090255111112,
        "condi_4": true
    },
    {
        "symbol": "CGC_US",
        "rank_value": 1.4528985507246377,
        "volume": 224761848.3625,
        "adr": 9.73446307147161,
        "condi_4": true
    },
    {
        "symbol": "CRSP_US",
        "rank_value": 1.42074515241754,
        "volume": 100202251.875,
        "adr": 8.547872536565615,
        "condi_4": true
    },
    {
        "symbol": "ENPH_US",
        "rank_value": 1.3636363636363635,
        "volume": 110493722.39999999,
        "adr": 6.9907564427849955,
        "condi_4": true
    },
    {
        "symbol": "RH_US",
        "rank_value": 1.3575707291436643,
        "volume": 270817065.0,
        "adr": 4.744257483905634,
        "condi_4": true
    },
    {
        "symbol": "TTD_US",
        "rank_value": 1.347498655190963,
        "volume": 271557944.325,
        "adr": 4.54149416255496,
        "condi_4": true
    },
    {
        "symbol": "SHOP_US",
        "rank_value": 1.3107641975747664,
        "volume": 612534172.1600001,
        "adr": 4.362462541149514,
        "condi_4": true
    },
    {
        "symbol": "DKS_US",
        "rank_value": 1.295945945945946,
        "volume": 130120903.25500001,
        "adr": 4.077284464890951,
        "condi_4": true
    },
    {
        "symbol": "SPLK_US",
        "rank_value": 1.2926385155640339,
        "volume": 310674923.116,
        "adr": 3.796324096732695,
        "condi_4": true
    }
]