[
    {
        "symbol": "AXSM_US",
        "rank_value": 3.4586113615870153,
        "volume": 169557434.966,
        "adr": 14.627642273923636,
        "condi_4": true
    },
    {
        "symbol": "AUPH_US",
        "rank_value": 3.3978697183098596,
        "volume": 133163917.60794,
        "adr": 20.655458546351333,
        "condi_4": true
    },
    {
        "symbol": "BOLD_US",
        "rank_value": 2.2176667909057026,
        "volume": 140634348.75,
        "adr": 6.797391021395782,
        "condi_4": true
    },
    {
        "symbol": "PCG_US",
        "rank_value": 1.8294008461396964,
        "volume": 279345796.658,
        "adr": 14.080054992782308,
        "condi_4": true
    },
    {
        "symbol": "CLVS_US",
        "rank_value": 1.6521739130434783,
        "volume": 178507221.48,
        "adr": 21.14798142298675,
        "condi_4": true
    },
    {
        "symbol": "ENPH_US",
        "rank_value": 1.4886363636363635,
        "volume": 130318262.89999999,
        "adr": 6.392491078835172,
        "condi_4": true
    },
    {
        "symbol": "GBT_US",
        "rank_value": 1.4643615993818813,
        "volume": 122328422.27550001,
        "adr": 6.691277371211446,
        "condi_4": true
    },
    {
        "symbol": "CGC_US",
        "rank_value": 1.4543478260869565,
        "volume": 181820644.722,
        "adr": 7.3688083472060795,
        "condi_4": true
    },
    {
        "symbol": "SRPT_US",
        "rank_value": 1.3155168841930804,
        "volume": 165290544.45000002,
        "adr": 5.383915607000511,
        "condi_4": true
    }
]