[
    {
        "symbol": "RNG_US",
        "rank_value": 1.4324752145297008,
        "volume": 206125437.48599997,
        "adr": 5.618764760896933,
        "condi_4": true
    },
    {
        "symbol": "TSG_US",
        "rank_value": 1.3140356782228206,
        "volume": 103913633.712,
        "adr": 5.3860219253012875,
        "condi_4": true
    },
    {
        "symbol": "CRWD_US",
        "rank_value": 1.2594458438287153,
        "volume": 166603261.5,
        "adr": 7.51399988162007,
        "condi_4": true
    },
    {
        "symbol": "OKTA_US",
        "rank_value": 1.2281678082191783,
        "volume": 334233020.21000004,
        "adr": 5.1619830908075315,
        "condi_4": true
    },
    {
        "symbol": "PCG_US",
        "rank_value": 1.2219730941704037,
        "volume": 120822265.35000001,
        "adr": 9.374149358835716,
        "condi_4": true
    },
    {
        "symbol": "WORK_US",
        "rank_value": 1.1952988235294117,
        "volume": 205059578.047995,
        "adr": 6.67780928096513,
        "condi_4": true
    },
    {
        "symbol": "ENPH_US",
        "rank_value": 1.1947602570439941,
        "volume": 121907181.29800002,
        "adr": 8.523484738472975,
        "condi_4": true
    },
    {
        "symbol": "DOCU_US",
        "rank_value": 1.1674167416741674,
        "volume": 206983917.475,
        "adr": 3.5924205328052183,
        "condi_4": true
    }
]