[
    {
        "symbol": "RETA_US",
        "rank_value": 2.720893352715739,
        "volume": 128845323.741,
        "adr": 8.817750181498374,
        "condi_4": true
    },
    {
        "symbol": "FIT_US",
        "rank_value": 2.1303030303030304,
        "volume": 178689814.8905,
        "adr": 11.11926530350502,
        "condi_4": true
    },
    {
        "symbol": "ALGN_US",
        "rank_value": 1.4604921548707528,
        "volume": 228045164.00449997,
        "adr": 4.088419734580095,
        "condi_4": true
    },
    {
        "symbol": "BBBY_US",
        "rank_value": 1.4414784394250513,
        "volume": 143543421.91799998,
        "adr": 6.6464851224242505,
        "condi_4": true
    },
    {
        "symbol": "ROKU_US",
        "rank_value": 1.3466324573182429,
        "volume": 2297912829.168785,
        "adr": 6.365727884669958,
        "condi_4": true
    },
    {
        "symbol": "SGEN_US",
        "rank_value": 1.3421981346105367,
        "volume": 104159599.46249999,
        "adr": 3.8552338189196345,
        "condi_4": true
    },
    {
        "symbol": "X_US",
        "rank_value": 1.339375629405841,
        "volume": 254772568.26,
        "adr": 6.977358722773919,
        "condi_4": true
    },
    {
        "symbol": "BIIB_US",
        "rank_value": 1.3333029861616896,
        "volume": 717003031.9199998,
        "adr": 4.674647075442695,
        "condi_4": true
    },
    {
        "symbol": "NOW_US",
        "rank_value": 1.2956842105263158,
        "volume": 659843442.4560001,
        "adr": 5.416013901012873,
        "condi_4": true
    },
    {
        "symbol": "SNAP_US",
        "rank_value": 1.2876366694701429,
        "volume": 489208574.92,
        "adr": 5.99545391317311,
        "condi_4": true
    }
]