[
    {
        "symbol": "RETA_US",
        "rank_value": 2.507086399563914,
        "volume": 108465593.70850001,
        "adr": 9.577779157880917,
        "condi_4": true
    },
    {
        "symbol": "SGEN_US",
        "rank_value": 1.3837000138370001,
        "volume": 118044170.0,
        "adr": 4.43845259902409,
        "condi_4": true
    },
    {
        "symbol": "TSG_US",
        "rank_value": 1.3423089868731068,
        "volume": 139096069.161,
        "adr": 4.696971890584467,
        "condi_4": true
    },
    {
        "symbol": "ROKU_US",
        "rank_value": 1.3198409461663947,
        "volume": 2296215129.1649995,
        "adr": 6.478283126655482,
        "condi_4": true
    },
    {
        "symbol": "BIIB_US",
        "rank_value": 1.2632010196649672,
        "volume": 639408063.0,
        "adr": 4.565436879104534,
        "condi_4": true
    }
]