[
    {
        "symbol": "RETA_US",
        "rank_value": 2.7856364131916056,
        "volume": 123285649.99249999,
        "adr": 8.955373785684229,
        "condi_4": true
    },
    {
        "symbol": "BBBY_US",
        "rank_value": 1.539130434782609,
        "volume": 151110003.264,
        "adr": 6.943192922555141,
        "condi_4": true
    },
    {
        "symbol": "ALGN_US",
        "rank_value": 1.4385824977210573,
        "volume": 223245425.75,
        "adr": 4.4055433576148495,
        "condi_4": true
    },
    {
        "symbol": "TIF_US",
        "rank_value": 1.435298221137077,
        "volume": 326443353.27000004,
        "adr": 3.5833786050949668,
        "condi_4": true
    },
    {
        "symbol": "TSLA_US",
        "rank_value": 1.4062778669520242,
        "volume": 2627850098.48,
        "adr": 4.9012788969608145,
        "condi_4": true
    },
    {
        "symbol": "BIIB_US",
        "rank_value": 1.3667607428987618,
        "volume": 734652420.6,
        "adr": 4.553507757189146,
        "condi_4": true
    },
    {
        "symbol": "PDD_US",
        "rank_value": 1.3360522022838501,
        "volume": 205226483.9625,
        "adr": 4.639244353205241,
        "condi_4": true
    },
    {
        "symbol": "SGEN_US",
        "rank_value": 1.3183766070078144,
        "volume": 104542318.33,
        "adr": 3.980466734431909,
        "condi_4": true
    },
    {
        "symbol": "TEVA_US",
        "rank_value": 1.2732919254658384,
        "volume": 177807682.74999997,
        "adr": 7.28057442336103,
        "condi_4": true
    },
    {
        "symbol": "SNAP_US",
        "rank_value": 1.2514634146341461,
        "volume": 515007685.45558494,
        "adr": 6.297546729584891,
        "condi_4": true
    }
]