[
    {
        "symbol": "RETA_US",
        "rank_value": 2.778413736713001,
        "volume": 123676564.25999999,
        "adr": 8.88074343786518,
        "condi_4": true
    },
    {
        "symbol": "PCG_US",
        "rank_value": 1.9018404907975461,
        "volume": 156372077.36,
        "adr": 18.77936371904938,
        "condi_4": true
    },
    {
        "symbol": "BBBY_US",
        "rank_value": 1.490217391304348,
        "volume": 139054317.999,
        "adr": 6.499172937769737,
        "condi_4": true
    },
    {
        "symbol": "ROKU_US",
        "rank_value": 1.4705941188237648,
        "volume": 2488665772.9440002,
        "adr": 6.317340655100745,
        "condi_4": true
    },
    {
        "symbol": "ALGN_US",
        "rank_value": 1.4373860528714675,
        "volume": 222030677.9915,
        "adr": 4.286738755943165,
        "condi_4": true
    },
    {
        "symbol": "TSLA_US",
        "rank_value": 1.402354200107009,
        "volume": 2503426610.6219997,
        "adr": 4.7738046323917205,
        "condi_4": true
    },
    {
        "symbol": "BIIB_US",
        "rank_value": 1.3571103423160962,
        "volume": 728047516.8295,
        "adr": 4.575915907744421,
        "condi_4": true
    },
    {
        "symbol": "RNG_US",
        "rank_value": 1.3494126468382903,
        "volume": 234678446.37899998,
        "adr": 5.895967756713838,
        "condi_4": true
    },
    {
        "symbol": "PDD_US",
        "rank_value": 1.3337683523654162,
        "volume": 210590405.256,
        "adr": 4.681358767871857,
        "condi_4": true
    },
    {
        "symbol": "NOW_US",
        "rank_value": 1.3013684210526315,
        "volume": 659998853.9039999,
        "adr": 5.291347250157763,
        "condi_4": true
    },
    {
        "symbol": "CNC_US",
        "rank_value": 1.2581180374496326,
        "volume": 239226878.34399998,
        "adr": 3.512710065307334,
        "condi_4": true
    },
    {
        "symbol": "TEVA_US",
        "rank_value": 1.2562111801242235,
        "volume": 174735069.0445,
        "adr": 7.187109520632662,
        "condi_4": true
    }
]