[
    {
        "symbol": "MYOV_US",
        "rank_value": 3.1436567164179103,
        "volume": 101305147.90750001,
        "adr": 19.685753875710652,
        "condi_4": true
    },
    {
        "symbol": "CLVS_US",
        "rank_value": 2.5524079320113313,
        "volume": 163855676.6465,
        "adr": 23.431170846413572,
        "condi_4": true
    },
    {
        "symbol": "BOLD_US",
        "rank_value": 2.330184966548603,
        "volume": 113999183.0465,
        "adr": 8.841262534964113,
        "condi_4": true
    },
    {
        "symbol": "MDCO_US",
        "rank_value": 1.7085028478437754,
        "volume": 485499642.742,
        "adr": 4.870192290485709,
        "condi_4": true
    },
    {
        "symbol": "ARWR_US",
        "rank_value": 1.6876930998970132,
        "volume": 166937073.2025,
        "adr": 9.659364077322262,
        "condi_4": true
    },
    {
        "symbol": "PCG_US",
        "rank_value": 1.6723842195540308,
        "volume": 167035846.575,
        "adr": 12.662427602309666,
        "condi_4": true
    },
    {
        "symbol": "LK_US",
        "rank_value": 1.5924092409240924,
        "volume": 266673600.9825,
        "adr": 9.280242212434597,
        "condi_4": true
    },
    {
        "symbol": "DXC_US",
        "rank_value": 1.509355509355509,
        "volume": 167782237.26,
        "adr": 6.014106264542485,
        "condi_4": true
    },
    {
        "symbol": "DXCM_US",
        "rank_value": 1.507878465527558,
        "volume": 240386079.78000003,
        "adr": 3.6312378065525897,
        "condi_4": true
    },
    {
        "symbol": "PTON_US",
        "rank_value": 1.4238982280781463,
        "volume": 135845818.684,
        "adr": 8.824530490662408,
        "condi_4": true
    },
    {
        "symbol": "ENPH_US",
        "rank_value": 1.3479768786127166,
        "volume": 104613790.512,
        "adr": 7.152043779939499,
        "condi_4": true
    },
    {
        "symbol": "CGC_US",
        "rank_value": 1.3442028985507246,
        "volume": 197061223.50250003,
        "adr": 9.962979927423078,
        "condi_4": true
    },
    {
        "symbol": "TTD_US",
        "rank_value": 1.3430167597765363,
        "volume": 323333492.5,
        "adr": 5.560899997371038,
        "condi_4": true
    },
    {
        "symbol": "NTNX_US",
        "rank_value": 1.3412518853695325,
        "volume": 123807330.5255,
        "adr": 6.41778142377103,
        "condi_4": true
    },
    {
        "symbol": "AMRN_US",
        "rank_value": 1.3272171253822629,
        "volume": 300812397.16499996,
        "adr": 8.425846429726125,
        "condi_4": true
    },
    {
        "symbol": "AMTD_US",
        "rank_value": 1.2966556037784018,
        "volume": 309759050.0235,
        "adr": 3.673273924627818,
        "condi_4": true
    },
    {
        "symbol": "SHOP_US",
        "rank_value": 1.2883610113438357,
        "volume": 583546501.83,
        "adr": 4.615345873045329,
        "condi_4": true
    }
]