[
    {
        "symbol": "ACAD_US",
        "rank_value": 1.5818258308792597,
        "volume": 125314509.52000001,
        "adr": 11.199051753474155,
        "condi_4": true
    },
    {
        "symbol": "DOCU_US",
        "rank_value": 1.3442477876106194,
        "volume": 289769540.802,
        "adr": 5.338579508530161,
        "condi_4": true
    },
    {
        "symbol": "MPC_US",
        "rank_value": 1.24317513649727,
        "volume": 372032495.84000003,
        "adr": 3.575329085954282,
        "condi_4": true
    },
    {
        "symbol": "TPR_US",
        "rank_value": 1.2019777503090234,
        "volume": 144277591.60099998,
        "adr": 3.9059111094723153,
        "condi_4": true
    },
    {
        "symbol": "RH_US",
        "rank_value": 1.1935600578871202,
        "volume": 161408564.73749998,
        "adr": 4.092070512310264,
        "condi_4": true
    }
]