[
    {
        "symbol": "ACAD_US",
        "rank_value": 1.7618847286495585,
        "volume": 124563261.01200001,
        "adr": 10.686731259432047,
        "condi_4": true
    },
    {
        "symbol": "WLL_US",
        "rank_value": 1.5833333333333333,
        "volume": 120762340.35000001,
        "adr": 12.183450416655738,
        "condi_4": true
    },
    {
        "symbol": "RIG_US",
        "rank_value": 1.416058394160584,
        "volume": 122737213.79700002,
        "adr": 6.958766592980803,
        "condi_4": true
    },
    {
        "symbol": "NTNX_US",
        "rank_value": 1.3869853917662682,
        "volume": 120356048.9425,
        "adr": 6.77980939452818,
        "condi_4": true
    },
    {
        "symbol": "PDD_US",
        "rank_value": 1.3107692307692307,
        "volume": 229546182.50399998,
        "adr": 4.336229758988641,
        "condi_4": true
    }
]