[
    {
        "symbol": "PCG_US",
        "rank_value": 2.1165644171779143,
        "volume": 210053162.025,
        "adr": 20.358648500666774,
        "condi_4": true
    },
    {
        "symbol": "FIT_US",
        "rank_value": 1.717223650385604,
        "volume": 199487959.22599998,
        "adr": 7.357447433534348,
        "condi_4": true
    },
    {
        "symbol": "DXC_US",
        "rank_value": 1.533887733887734,
        "volume": 155332732.2225,
        "adr": 6.091500184894061,
        "condi_4": true
    },
    {
        "symbol": "LK_US",
        "rank_value": 1.4796479647964795,
        "volume": 144473281.255,
        "adr": 6.717819834980054,
        "condi_4": true
    },
    {
        "symbol": "TEVA_US",
        "rank_value": 1.475574712643678,
        "volume": 232481785.1135,
        "adr": 6.152378649550316,
        "condi_4": true
    },
    {
        "symbol": "NOW_US",
        "rank_value": 1.4617894736842105,
        "volume": 733948919.37,
        "adr": 3.9597128458737085,
        "condi_4": true
    },
    {
        "symbol": "PTON_US",
        "rank_value": 1.4173998044965785,
        "volume": 128341005.10000001,
        "adr": 8.614032894396617,
        "condi_4": true
    },
    {
        "symbol": "SE_US",
        "rank_value": 1.4017379780386217,
        "volume": 157133188.594995,
        "adr": 4.74719759953921,
        "condi_4": true
    },
    {
        "symbol": "AMRN_US",
        "rank_value": 1.3871688477497608,
        "volume": 265049048.9295,
        "adr": 7.877584425185846,
        "condi_4": true
    },
    {
        "symbol": "CNC_US",
        "rank_value": 1.3421468926553672,
        "volume": 295043946.24850005,
        "adr": 3.553751274007011,
        "condi_4": true
    },
    {
        "symbol": "ROKU_US",
        "rank_value": 1.3211766729743677,
        "volume": 2759583214.08,
        "adr": 6.955630242600908,
        "condi_4": true
    },
    {
        "symbol": "EIX_US",
        "rank_value": 1.3054028436018956,
        "volume": 198878718.258,
        "adr": 4.535535897733345,
        "condi_4": true
    },
    {
        "symbol": "XRX_US",
        "rank_value": 1.2965447836296544,
        "volume": 106604341.105,
        "adr": 4.8609148285508885,
        "condi_4": true
    },
    {
        "symbol": "GRUB_US",
        "rank_value": 1.2881028938906753,
        "volume": 274680918.271,
        "adr": 8.984064171837591,
        "condi_4": true
    }
]