[
    {
        "symbol": "PCG_US",
        "rank_value": 2.1840490797546015,
        "volume": 204771607.62,
        "adr": 19.15855640223494,
        "condi_4": true
    },
    {
        "symbol": "FIT_US",
        "rank_value": 2.041791044776119,
        "volume": 204214241.43,
        "adr": 8.811494313223411,
        "condi_4": true
    },
    {
        "symbol": "WMGI_US",
        "rank_value": 1.4881012658227848,
        "volume": 239343362.1035,
        "adr": 4.133174986209598,
        "condi_4": true
    },
    {
        "symbol": "DXC_US",
        "rank_value": 1.4324324324324325,
        "volume": 139602739.2175,
        "adr": 6.211115679206336,
        "condi_4": true
    },
    {
        "symbol": "DXCM_US",
        "rank_value": 1.4025339117262274,
        "volume": 180595923.1505,
        "adr": 4.842011305616234,
        "condi_4": true
    },
    {
        "symbol": "TSLA_US",
        "rank_value": 1.3830042369493964,
        "volume": 2845429125.6,
        "adr": 4.7061674868426495,
        "condi_4": true
    },
    {
        "symbol": "SE_US",
        "rank_value": 1.3438091631957592,
        "volume": 136066881.951,
        "adr": 4.67821378992852,
        "condi_4": true
    },
    {
        "symbol": "X_US",
        "rank_value": 1.3148148148148149,
        "volume": 201741431.70049998,
        "adr": 5.862794056470144,
        "condi_4": true
    },
    {
        "symbol": "GE_US",
        "rank_value": 1.3100929152148664,
        "volume": 698975492.4578199,
        "adr": 3.79671814466207,
        "condi_4": true
    },
    {
        "symbol": "CDAY_US",
        "rank_value": 1.301841664673523,
        "volume": 126062767.51149999,
        "adr": 4.021534797974602,
        "condi_4": true
    },
    {
        "symbol": "URI_US",
        "rank_value": 1.2978860117502726,
        "volume": 206424930.70100003,
        "adr": 3.6763637422375206,
        "condi_4": true
    },
    {
        "symbol": "ABMD_US",
        "rank_value": 1.2897760581545314,
        "volume": 108948610.98449999,
        "adr": 4.206629465678735,
        "condi_4": true
    },
    {
        "symbol": "SPOT_US",
        "rank_value": 1.2846140381585855,
        "volume": 249785991.414,
        "adr": 3.991232891365626,
        "condi_4": true
    },
    {
        "symbol": "BIIB_US",
        "rank_value": 1.282214444797964,
        "volume": 651705149.0950001,
        "adr": 4.886804459984173,
        "condi_4": true
    },
    {
        "symbol": "PDD_US",
        "rank_value": 1.2798165137614679,
        "volume": 234752306.08499998,
        "adr": 4.758287696792474,
        "condi_4": true
    },
    {
        "symbol": "CTL_US",
        "rank_value": 1.2793487574978577,
        "volume": 205223039.725,
        "adr": 4.226427754610995,
        "condi_4": true
    }
]