[
    {
        "symbol": "FIT_US",
        "rank_value": 1.6214285714285712,
        "volume": 184503079.0515,
        "adr": 4.762702693395515,
        "condi_4": true
    },
    {
        "symbol": "GRUB_US",
        "rank_value": 1.3617363344051447,
        "volume": 294442692.58250004,
        "adr": 6.464345379489589,
        "condi_4": true
    },
    {
        "symbol": "ROKU_US",
        "rank_value": 1.360743161878548,
        "volume": 2985376016.14,
        "adr": 6.727172759269795,
        "condi_4": true
    },
    {
        "symbol": "SE_US",
        "rank_value": 1.3576881134133043,
        "volume": 164031871.8375,
        "adr": 4.668379659435562,
        "condi_4": true
    },
    {
        "symbol": "EIX_US",
        "rank_value": 1.3323222748815167,
        "volume": 166110265.888,
        "adr": 3.8017808726741986,
        "condi_4": true
    },
    {
        "symbol": "CGC_US",
        "rank_value": 1.3152173913043477,
        "volume": 174601562.52,
        "adr": 9.285166988371651,
        "condi_4": true
    },
    {
        "symbol": "SRPT_US",
        "rank_value": 1.3141348397396537,
        "volume": 112205067.97500001,
        "adr": 4.2519889856201365,
        "condi_4": true
    }
]