[
    {
        "symbol": "OSTK_US",
        "rank_value": 1.6976902173913042,
        "volume": 131233399.38449998,
        "adr": 12.575433025492622,
        "condi_4": true
    },
    {
        "symbol": "PDD_US",
        "rank_value": 1.5764345159877355,
        "volume": 340772936.34950006,
        "adr": 4.920451886906796,
        "condi_4": true
    },
    {
        "symbol": "MDCO_US",
        "rank_value": 1.5332263242375601,
        "volume": 123146217.984,
        "adr": 6.983741190307424,
        "condi_4": true
    },
    {
        "symbol": "NTNX_US",
        "rank_value": 1.52423900789177,
        "volume": 133251865.34399998,
        "adr": 7.042625783692347,
        "condi_4": true
    },
    {
        "symbol": "RIG_US",
        "rank_value": 1.523936170212766,
        "volume": 109666024.77900001,
        "adr": 7.304267494166505,
        "condi_4": true
    },
    {
        "symbol": "WB_US",
        "rank_value": 1.4577157802964256,
        "volume": 114719190.432,
        "adr": 4.791972077179141,
        "condi_4": true
    },
    {
        "symbol": "DOCU_US",
        "rank_value": 1.4491073498724785,
        "volume": 228135350.0,
        "adr": 5.166039150761237,
        "condi_4": true
    },
    {
        "symbol": "JWN_US",
        "rank_value": 1.3954418232706916,
        "volume": 224754799.43999997,
        "adr": 6.076041448594438,
        "condi_4": true
    },
    {
        "symbol": "TPR_US",
        "rank_value": 1.3573879453592008,
        "volume": 166016991.936,
        "adr": 4.826349643419503,
        "condi_4": true
    },
    {
        "symbol": "PVH_US",
        "rank_value": 1.3441625871532414,
        "volume": 121737217.05600001,
        "adr": 4.312846038029328,
        "condi_4": true
    }
]