[
    {
        "symbol": "ACAD_US",
        "rank_value": 1.7400084139671856,
        "volume": 106576452.136,
        "adr": 10.394175063123146,
        "condi_4": true
    },
    {
        "symbol": "WLL_US",
        "rank_value": 1.57,
        "volume": 107139036.936,
        "adr": 11.595557382602939,
        "condi_4": true
    },
    {
        "symbol": "RIG_US",
        "rank_value": 1.5595854922279793,
        "volume": 125165204.74499999,
        "adr": 7.325843611701144,
        "condi_4": true
    },
    {
        "symbol": "NTNX_US",
        "rank_value": 1.5112739571589628,
        "volume": 128458736.96599999,
        "adr": 6.85064005646856,
        "condi_4": true
    },
    {
        "symbol": "MDCO_US",
        "rank_value": 1.5077458109389819,
        "volume": 126755198.541,
        "adr": 7.058301229026642,
        "condi_4": true
    },
    {
        "symbol": "PDD_US",
        "rank_value": 1.4635157545605304,
        "volume": 331007828.19,
        "adr": 5.015995968080911,
        "condi_4": true
    },
    {
        "symbol": "DOCU_US",
        "rank_value": 1.4176289013376016,
        "volume": 235771922.9,
        "adr": 5.176430813180177,
        "condi_4": true
    },
    {
        "symbol": "CHK_US",
        "rank_value": 1.3565891472868217,
        "volume": 104520723.825,
        "adr": 9.888192271294916,
        "condi_4": true
    },
    {
        "symbol": "TPR_US",
        "rank_value": 1.3433637829124128,
        "volume": 150451682.5,
        "adr": 4.548032702648563,
        "condi_4": true
    }
]