[
    {
        "symbol": "RNG_US",
        "rank_value": 1.4654677997167376,
        "volume": 216066175.439595,
        "adr": 5.473290032711664,
        "condi_4": true
    },
    {
        "symbol": "TSG_US",
        "rank_value": 1.3396162908111746,
        "volume": 116710681.16499999,
        "adr": 5.5059906392519675,
        "condi_4": true
    },
    {
        "symbol": "BBBY_US",
        "rank_value": 1.29675,
        "volume": 121844546.829915,
        "adr": 7.421073736863337,
        "condi_4": true
    },
    {
        "symbol": "COUP_US",
        "rank_value": 1.2503233107015843,
        "volume": 278996478.5705,
        "adr": 4.748101984865216,
        "condi_4": true
    },
    {
        "symbol": "OKTA_US",
        "rank_value": 1.2360873287671232,
        "volume": 313103042.175,
        "adr": 4.856670147935427,
        "condi_4": true
    },
    {
        "symbol": "SHOP_US",
        "rank_value": 1.207047226203377,
        "volume": 669945811.44,
        "adr": 4.979572953168643,
        "condi_4": true
    },
    {
        "symbol": "MDB_US",
        "rank_value": 1.2011397026088506,
        "volume": 150060669.05,
        "adr": 5.44456970923437,
        "condi_4": true
    }
]