[
    {
        "symbol": "KRTX_US",
        "rank_value": 9.056891025641026,
        "volume": 102296173.868,
        "adr": 35.47559569804506,
        "condi_4": true
    },
    {
        "symbol": "PCG_US",
        "rank_value": 2.1748466257668713,
        "volume": 217352425.0315,
        "adr": 20.729143626619862,
        "condi_4": true
    },
    {
        "symbol": "FIT_US",
        "rank_value": 1.6518518518518521,
        "volume": 199900252.98150003,
        "adr": 7.153255854720397,
        "condi_4": true
    },
    {
        "symbol": "WMGI_US",
        "rank_value": 1.4941772151898736,
        "volume": 260538838.222,
        "adr": 3.505686673537012,
        "condi_4": true
    },
    {
        "symbol": "DXC_US",
        "rank_value": 1.4906444906444907,
        "volume": 155039399.7825,
        "adr": 6.144709618549071,
        "condi_4": true
    },
    {
        "symbol": "MDCO_US",
        "rank_value": 1.4359235150528886,
        "volume": 133922857.39950001,
        "adr": 6.519199591303115,
        "condi_4": true
    },
    {
        "symbol": "LK_US",
        "rank_value": 1.432893289328933,
        "volume": 151100119.1225,
        "adr": 6.979152393991939,
        "condi_4": true
    },
    {
        "symbol": "PTON_US",
        "rank_value": 1.411045943304008,
        "volume": 124398019.50550002,
        "adr": 8.704831023904402,
        "condi_4": true
    },
    {
        "symbol": "CDAY_US",
        "rank_value": 1.4094714183209758,
        "volume": 143962451.2535,
        "adr": 3.735064704623947,
        "condi_4": true
    },
    {
        "symbol": "TSLA_US",
        "rank_value": 1.4036276659358184,
        "volume": 2870000725.55,
        "adr": 3.6819428822427724,
        "condi_4": true
    },
    {
        "symbol": "ROKU_US",
        "rank_value": 1.363151556855324,
        "volume": 2961101588.368,
        "adr": 7.088694545760665,
        "condi_4": true
    },
    {
        "symbol": "TEVA_US",
        "rank_value": 1.3485342019543973,
        "volume": 229052222.325,
        "adr": 6.071760562514261,
        "condi_4": true
    },
    {
        "symbol": "CNC_US",
        "rank_value": 1.337853107344633,
        "volume": 292087622.96,
        "adr": 3.5158049464512287,
        "condi_4": true
    },
    {
        "symbol": "AMD_US",
        "rank_value": 1.332033788174139,
        "volume": 2470808278.5499997,
        "adr": 3.8907868345848806,
        "condi_4": true
    },
    {
        "symbol": "GRUB_US",
        "rank_value": 1.2945337620578776,
        "volume": 280433608.653,
        "adr": 9.018243733594744,
        "condi_4": true
    },
    {
        "symbol": "AMRN_US",
        "rank_value": 1.2882221512926908,
        "volume": 273963047.357,
        "adr": 8.45920200139114,
        "condi_4": true
    },
    {
        "symbol": "XRX_US",
        "rank_value": 1.2839423399262486,
        "volume": 107332239.80499999,
        "adr": 4.8047788524890445,
        "condi_4": true
    }
]