[
    {
        "symbol": "AUPH_US",
        "rank_value": 3.7241379310344827,
        "volume": 121876358.724,
        "adr": 21.20735721900211,
        "condi_4": true
    },
    {
        "symbol": "ARQL_US",
        "rank_value": 2.652898067954697,
        "volume": 142506971.81599998,
        "adr": 9.669723962078326,
        "condi_4": true
    },
    {
        "symbol": "BOLD_US",
        "rank_value": 2.335694608421881,
        "volume": 132453300.135,
        "adr": 7.382056358346389,
        "condi_4": true
    },
    {
        "symbol": "CLVS_US",
        "rank_value": 1.7805695142378561,
        "volume": 175821601.034,
        "adr": 22.159573213404514,
        "condi_4": true
    },
    {
        "symbol": "PCG_US",
        "rank_value": 1.6053243256801724,
        "volume": 219666989.76000002,
        "adr": 13.636442711936558,
        "condi_4": true
    },
    {
        "symbol": "LK_US",
        "rank_value": 1.5014450867052023,
        "volume": 280656473.8335,
        "adr": 8.715715192114892,
        "condi_4": true
    },
    {
        "symbol": "CGC_US",
        "rank_value": 1.4717391304347824,
        "volume": 211778170.53599998,
        "adr": 8.824854675632787,
        "condi_4": true
    },
    {
        "symbol": "ARWR_US",
        "rank_value": 1.4153029632905794,
        "volume": 168146560.0,
        "adr": 9.434205357908132,
        "condi_4": true
    },
    {
        "symbol": "SRPT_US",
        "rank_value": 1.4027560288130285,
        "volume": 173065919.62950003,
        "adr": 5.347370017568798,
        "condi_4": true
    },
    {
        "symbol": "SAGE_US",
        "rank_value": 1.3365019011406842,
        "volume": 122922421.755,
        "adr": 9.097165582052714,
        "condi_4": true
    },
    {
        "symbol": "AMTD_US",
        "rank_value": 1.3149746192893401,
        "volume": 346114961.5935,
        "adr": 3.9352913033722903,
        "condi_4": true
    }
]