[
    {
        "symbol": "RETA_US",
        "rank_value": 2.760834014717907,
        "volume": 123868540.1025,
        "adr": 9.022155042858525,
        "condi_4": true
    },
    {
        "symbol": "BBBY_US",
        "rank_value": 1.6054347826086957,
        "volume": 163436884.079,
        "adr": 7.214731641965111,
        "condi_4": true
    },
    {
        "symbol": "ROKU_US",
        "rank_value": 1.4953764861294585,
        "volume": 2589246846.1860003,
        "adr": 6.514133088368368,
        "condi_4": true
    },
    {
        "symbol": "TIF_US",
        "rank_value": 1.4765724915707474,
        "volume": 310874886.25,
        "adr": 3.505145268921872,
        "condi_4": true
    },
    {
        "symbol": "TSLA_US",
        "rank_value": 1.402621722846442,
        "volume": 2579663271.7799997,
        "adr": 5.112398749104341,
        "condi_4": true
    },
    {
        "symbol": "TSG_US",
        "rank_value": 1.3529805760214333,
        "volume": 143077216.1,
        "adr": 4.434057944577896,
        "condi_4": true
    },
    {
        "symbol": "PDD_US",
        "rank_value": 1.3181076672104404,
        "volume": 202683396.29999998,
        "adr": 4.54375421142017,
        "condi_4": true
    },
    {
        "symbol": "SGEN_US",
        "rank_value": 1.3166666666666667,
        "volume": 101140716.17,
        "adr": 3.9288701983339003,
        "condi_4": true
    },
    {
        "symbol": "RNG_US",
        "rank_value": 1.3152545197034076,
        "volume": 229399965.56700003,
        "adr": 6.496449587615172,
        "condi_4": true
    },
    {
        "symbol": "NOW_US",
        "rank_value": 1.2686315789473683,
        "volume": 647093959.264,
        "adr": 5.357710976652141,
        "condi_4": true
    },
    {
        "symbol": "AAL_US",
        "rank_value": 1.2615259077927377,
        "volume": 236930663.902,
        "adr": 3.9191459693803,
        "condi_4": true
    },
    {
        "symbol": "URI_US",
        "rank_value": 1.2571323731767727,
        "volume": 180251158.164,
        "adr": 3.957157803585387,
        "condi_4": true
    },
    {
        "symbol": "TAL_US",
        "rank_value": 1.2568011958146486,
        "volume": 120168842.824,
        "adr": 4.142854699427767,
        "condi_4": true
    }
]