[
    {
        "symbol": "PCG_US",
        "rank_value": 2.177944785276074,
        "volume": 213973240.02516,
        "adr": 20.103667416177508,
        "condi_4": true
    },
    {
        "symbol": "FIT_US",
        "rank_value": 1.773981603153745,
        "volume": 203578077.9375,
        "adr": 7.77631207528755,
        "condi_4": true
    },
    {
        "symbol": "DXC_US",
        "rank_value": 1.5384615384615383,
        "volume": 153809593.85,
        "adr": 6.13932569157154,
        "condi_4": true
    },
    {
        "symbol": "WMGI_US",
        "rank_value": 1.491139240506329,
        "volume": 251154229.53999996,
        "adr": 3.741676052427567,
        "condi_4": true
    },
    {
        "symbol": "AMRN_US",
        "rank_value": 1.4478135971911905,
        "volume": 268659950.958,
        "adr": 7.198242623659046,
        "condi_4": true
    },
    {
        "symbol": "SE_US",
        "rank_value": 1.400227186671715,
        "volume": 158924011.019,
        "adr": 4.86431597193191,
        "condi_4": true
    },
    {
        "symbol": "TSLA_US",
        "rank_value": 1.3989527540171076,
        "volume": 2870067708.2225,
        "adr": 4.6047373703924865,
        "condi_4": true
    },
    {
        "symbol": "XRX_US",
        "rank_value": 1.3373083475298126,
        "volume": 104997447.35000001,
        "adr": 4.845434469649512,
        "condi_4": true
    },
    {
        "symbol": "GE_US",
        "rank_value": 1.3263646922183507,
        "volume": 700538886.058,
        "adr": 3.632857045697735,
        "condi_4": true
    },
    {
        "symbol": "ROKU_US",
        "rank_value": 1.3211766729743677,
        "volume": 2668190184.96,
        "adr": 6.956524950126397,
        "condi_4": true
    },
    {
        "symbol": "EIX_US",
        "rank_value": 1.3175355450236967,
        "volume": 198083451.20000002,
        "adr": 4.529535914419225,
        "condi_4": true
    },
    {
        "symbol": "TTD_US",
        "rank_value": 1.2974603351955307,
        "volume": 296516399.77023,
        "adr": 5.670245216539915,
        "condi_4": true
    },
    {
        "symbol": "BIIB_US",
        "rank_value": 1.2817599200036363,
        "volume": 633387016.5,
        "adr": 5.003160829852904,
        "condi_4": true
    },
    {
        "symbol": "CRWD_US",
        "rank_value": 1.2785715887934321,
        "volume": 105993532.05,
        "adr": 7.639473598897517,
        "condi_4": true
    },
    {
        "symbol": "X_US",
        "rank_value": 1.275797373358349,
        "volume": 184768619.763,
        "adr": 5.963893886276406,
        "condi_4": true
    },
    {
        "symbol": "PDD_US",
        "rank_value": 1.27217125382263,
        "volume": 246840436.95999998,
        "adr": 4.969155809202763,
        "condi_4": true
    }
]