[
    {
        "symbol": "PCG_US",
        "rank_value": 2.2392638036809815,
        "volume": 199096444.15,
        "adr": 18.250913429080427,
        "condi_4": true
    },
    {
        "symbol": "DXCM_US",
        "rank_value": 1.5275769469117952,
        "volume": 237370648.185,
        "adr": 4.765223277201613,
        "condi_4": true
    },
    {
        "symbol": "DXC_US",
        "rank_value": 1.4902286902286903,
        "volume": 154709945.60000002,
        "adr": 5.974213850853904,
        "condi_4": true
    },
    {
        "symbol": "PTON_US",
        "rank_value": 1.4202898550724639,
        "volume": 124202174.25,
        "adr": 8.562557070024157,
        "condi_4": true
    },
    {
        "symbol": "MDCO_US",
        "rank_value": 1.394426362896664,
        "volume": 135310289.74499997,
        "adr": 6.49212944722759,
        "condi_4": true
    },
    {
        "symbol": "SE_US",
        "rank_value": 1.3697220496951479,
        "volume": 156269833.967,
        "adr": 4.68599245082213,
        "condi_4": true
    },
    {
        "symbol": "ROKU_US",
        "rank_value": 1.3693445725098914,
        "volume": 3071806904.3999996,
        "adr": 7.098485525955067,
        "condi_4": true
    },
    {
        "symbol": "TTD_US",
        "rank_value": 1.3635754189944134,
        "volume": 303997673.7,
        "adr": 5.118627704987366,
        "condi_4": true
    },
    {
        "symbol": "CDAY_US",
        "rank_value": 1.3480369515011548,
        "volume": 141619733.866,
        "adr": 3.6318957207889913,
        "condi_4": true
    },
    {
        "symbol": "AMRN_US",
        "rank_value": 1.3392914139802108,
        "volume": 289568558.373,
        "adr": 8.741396030567294,
        "condi_4": true
    },
    {
        "symbol": "TEVA_US",
        "rank_value": 1.3260025873221215,
        "volume": 220665649.0,
        "adr": 5.957705419876769,
        "condi_4": true
    },
    {
        "symbol": "CGC_US",
        "rank_value": 1.3239130434782607,
        "volume": 169283100.29399997,
        "adr": 9.002189535624483,
        "condi_4": true
    },
    {
        "symbol": "ZEN_US",
        "rank_value": 1.2829268292682927,
        "volume": 126870265.035,
        "adr": 3.5885928973500736,
        "condi_4": true
    }
]