[
    {
        "symbol": "AMR_US",
        "rank_value": 468.38602329450913,
        "volume": 119471237.655,
        "adr": 20.286683304769483,
        "condi_4": true
    },
    {
        "symbol": "ACAD_US",
        "rank_value": 1.5473285654185949,
        "volume": 119501180.79,
        "adr": 11.31967804316556,
        "condi_4": true
    },
    {
        "symbol": "DOCU_US",
        "rank_value": 1.3756805807622505,
        "volume": 284683366.792,
        "adr": 5.288018703183939,
        "condi_4": true
    },
    {
        "symbol": "CLDR_US",
        "rank_value": 1.3318181818181818,
        "volume": 100743966.45899999,
        "adr": 5.9497029983406335,
        "condi_4": true
    },
    {
        "symbol": "WLL_US",
        "rank_value": 1.3316666666666668,
        "volume": 100348118.26200001,
        "adr": 12.143963756915642,
        "condi_4": true
    }
]