[
    {
        "symbol": "ALGN_US",
        "rank_value": 1.3893535036392177,
        "volume": 216840773.928,
        "adr": 4.2083654069589915,
        "condi_4": true
    },
    {
        "symbol": "TSG_US",
        "rank_value": 1.3603482920294707,
        "volume": 143507659.251,
        "adr": 4.602674336206247,
        "condi_4": true
    },
    {
        "symbol": "NOW_US",
        "rank_value": 1.2695789473684211,
        "volume": 625289193.4729999,
        "adr": 5.291620499776717,
        "condi_4": true
    },
    {
        "symbol": "TEVA_US",
        "rank_value": 1.2437888198757763,
        "volume": 170698624.09649998,
        "adr": 7.678246275354295,
        "condi_4": true
    }
]