[
    {
        "symbol": "PVTL_US",
        "rank_value": 1.8493150684931507,
        "volume": 118343997.33749999,
        "adr": 7.923125354673255,
        "condi_4": true
    },
    {
        "symbol": "ROKU_US",
        "rank_value": 1.7522869770788363,
        "volume": 1966324034.2199998,
        "adr": 5.351524307472411,
        "condi_4": true
    },
    {
        "symbol": "PDD_US",
        "rank_value": 1.6255813953488374,
        "volume": 328802477.19,
        "adr": 5.242722728937066,
        "condi_4": true
    },
    {
        "symbol": "MDCO_US",
        "rank_value": 1.524558587479936,
        "volume": 114517231.6575,
        "adr": 6.92953687896205,
        "condi_4": true
    },
    {
        "symbol": "CVNA_US",
        "rank_value": 1.461888111888112,
        "volume": 112215188.558,
        "adr": 5.001171396315107,
        "condi_4": true
    },
    {
        "symbol": "NTNX_US",
        "rank_value": 1.3528748590755357,
        "volume": 108196404.0,
        "adr": 6.762516549085662,
        "condi_4": true
    },
    {
        "symbol": "DOCU_US",
        "rank_value": 1.2984001854857408,
        "volume": 150148087.6,
        "adr": 4.699771428027111,
        "condi_4": true
    },
    {
        "symbol": "PVH_US",
        "rank_value": 1.266726005043762,
        "volume": 117573913.6805,
        "adr": 4.791417249656416,
        "condi_4": true
    }
]