[
    {
        "symbol": "AUPH_US",
        "rank_value": 3.7079107505070996,
        "volume": 120479431.89400001,
        "adr": 21.531310915268833,
        "condi_4": true
    },
    {
        "symbol": "ARQL_US",
        "rank_value": 2.6662225183211197,
        "volume": 142411544.187,
        "adr": 9.737726049904927,
        "condi_4": true
    },
    {
        "symbol": "CLVS_US",
        "rank_value": 2.354868061874431,
        "volume": 212142553.85399997,
        "adr": 20.983097997039458,
        "condi_4": true
    },
    {
        "symbol": "BOLD_US",
        "rank_value": 2.3376623376623376,
        "volume": 128012773.68,
        "adr": 7.494568531304502,
        "condi_4": true
    },
    {
        "symbol": "PCG_US",
        "rank_value": 1.9063226367452049,
        "volume": 243724754.16,
        "adr": 12.227859512811069,
        "condi_4": true
    },
    {
        "symbol": "LK_US",
        "rank_value": 1.6263852242744063,
        "volume": 292240998.717,
        "adr": 9.618586929388995,
        "condi_4": true
    },
    {
        "symbol": "GBT_US",
        "rank_value": 1.6120780037743763,
        "volume": 123158811.65199998,
        "adr": 7.078305852223377,
        "condi_4": true
    },
    {
        "symbol": "CGC_US",
        "rank_value": 1.4927536231884058,
        "volume": 217207534.03000003,
        "adr": 8.795895960736555,
        "condi_4": true
    },
    {
        "symbol": "ARWR_US",
        "rank_value": 1.473897389738974,
        "volume": 170859789.2,
        "adr": 9.453595408937199,
        "condi_4": true
    },
    {
        "symbol": "ENPH_US",
        "rank_value": 1.4193181818181817,
        "volume": 123176619.808,
        "adr": 7.099940681335615,
        "condi_4": true
    },
    {
        "symbol": "SAGE_US",
        "rank_value": 1.3688212927756653,
        "volume": 119287616.39999999,
        "adr": 8.802437457789258,
        "condi_4": true
    },
    {
        "symbol": "AMTD_US",
        "rank_value": 1.3218274111675128,
        "volume": 343122957.996,
        "adr": 3.9353999240950177,
        "condi_4": true
    },
    {
        "symbol": "PTON_US",
        "rank_value": 1.300207039337474,
        "volume": 171163123.86,
        "adr": 9.363508196776182,
        "condi_4": true
    },
    {
        "symbol": "DKS_US",
        "rank_value": 1.2951351351351352,
        "volume": 132605901.2,
        "adr": 4.342602060192147,
        "condi_4": true
    }
]