[
    {
        "symbol": "ITCI_US",
        "rank_value": 4.258426966292134,
        "volume": 181600893.36999997,
        "adr": 19.551554530242,
        "condi_4": true
    },
    {
        "symbol": "AUPH_US",
        "rank_value": 3.5423143350604493,
        "volume": 143790959.35750002,
        "adr": 20.50107961582961,
        "condi_4": true
    },
    {
        "symbol": "ARQL_US",
        "rank_value": 2.504358655043587,
        "volume": 152269917.577,
        "adr": 7.79118893025077,
        "condi_4": true
    },
    {
        "symbol": "BOLD_US",
        "rank_value": 2.136804308797127,
        "volume": 144867287.752,
        "adr": 6.3278154925503705,
        "condi_4": true
    },
    {
        "symbol": "PCG_US",
        "rank_value": 1.8310730589789466,
        "volume": 275275554.5475,
        "adr": 14.115214641731288,
        "condi_4": true
    },
    {
        "symbol": "CLVS_US",
        "rank_value": 1.5168831168831167,
        "volume": 172217990.29599997,
        "adr": 20.122851907357564,
        "condi_4": true
    },
    {
        "symbol": "APA_US",
        "rank_value": 1.4277141298417897,
        "volume": 192107392.1705,
        "adr": 5.881996997310379,
        "condi_4": true
    },
    {
        "symbol": "SRPT_US",
        "rank_value": 1.3854241830739098,
        "volume": 192212556.48,
        "adr": 5.733170309958413,
        "condi_4": true
    },
    {
        "symbol": "ARWR_US",
        "rank_value": 1.3433820459290189,
        "volume": 194219084.5672,
        "adr": 8.610499597677457,
        "condi_4": true
    },
    {
        "symbol": "WDC_US",
        "rank_value": 1.3344051446945338,
        "volume": 264670024.42499998,
        "adr": 3.668128058450404,
        "condi_4": true
    }
]