[
    {
        "symbol": "AMR_US",
        "rank_value": 468.88519134775373,
        "volume": 123790923.019,
        "adr": 20.74340899597793,
        "condi_4": true
    },
    {
        "symbol": "ACAD_US",
        "rank_value": 1.5767774505679426,
        "volume": 120758466.74199998,
        "adr": 11.14340699592522,
        "condi_4": true
    },
    {
        "symbol": "DOCU_US",
        "rank_value": 1.4153811252268602,
        "volume": 290118927.93,
        "adr": 5.162500197307995,
        "condi_4": true
    },
    {
        "symbol": "WLL_US",
        "rank_value": 1.3983333333333334,
        "volume": 105184885.48900001,
        "adr": 12.05229112551789,
        "condi_4": true
    },
    {
        "symbol": "NTNX_US",
        "rank_value": 1.3758300132802124,
        "volume": 109370325.75,
        "adr": 5.321883229863866,
        "condi_4": true
    },
    {
        "symbol": "CLDR_US",
        "rank_value": 1.3469696969696972,
        "volume": 100062613.819,
        "adr": 5.956681980086853,
        "condi_4": true
    },
    {
        "symbol": "TPR_US",
        "rank_value": 1.2900126422250318,
        "volume": 157985924.878,
        "adr": 4.048439851403929,
        "condi_4": true
    },
    {
        "symbol": "MDCO_US",
        "rank_value": 1.2800508259212198,
        "volume": 115891127.26049998,
        "adr": 4.846513448697243,
        "condi_4": true
    },
    {
        "symbol": "PVH_US",
        "rank_value": 1.2761764705882352,
        "volume": 112000806.315,
        "adr": 4.165985163634889,
        "condi_4": true
    },
    {
        "symbol": "APA_US",
        "rank_value": 1.26245683275777,
        "volume": 125250782.15399998,
        "adr": 4.5455563674845045,
        "condi_4": true
    }
]