[
    {
        "symbol": "ACB_US",
        "rank_value": 24.015151515151512,
        "volume": 446732140.635,
        "adr": 21.13802571520229,
        "condi_4": true
    },
    {
        "symbol": "MGNX_US",
        "rank_value": 3.9431490015360984,
        "volume": 186392463.01806998,
        "adr": 28.357221510714247,
        "condi_4": true
    },
    {
        "symbol": "NVAX_US",
        "rank_value": 2.806215722120658,
        "volume": 516139108.9275,
        "adr": 20.165321153870906,
        "condi_4": true
    },
    {
        "symbol": "SRNE_US",
        "rank_value": 2.3761467889908254,
        "volume": 296018992.24799997,
        "adr": 29.56787420171654,
        "condi_4": true
    },
    {
        "symbol": "FSLY_US",
        "rank_value": 2.048780487804878,
        "volume": 171912728.4,
        "adr": 11.996514981457418,
        "condi_4": true
    },
    {
        "symbol": "MYOK_US",
        "rank_value": 1.9142828651205197,
        "volume": 108569023.0,
        "adr": 10.297779732806166,
        "condi_4": true
    },
    {
        "symbol": "DKNG_US",
        "rank_value": 1.8286778398510244,
        "volume": 254159362.416,
        "adr": 11.446926297008343,
        "condi_4": true
    },
    {
        "symbol": "CAR_US",
        "rank_value": 1.7266949152542375,
        "volume": 117810756.125,
        "adr": 15.642475819732105,
        "condi_4": true
    },
    {
        "symbol": "CODX_US",
        "rank_value": 1.695692025664528,
        "volume": 190409637.725,
        "adr": 20.311305946164747,
        "condi_4": true
    },
    {
        "symbol": "LVGO_US",
        "rank_value": 1.5702479338842976,
        "volume": 140471296.185,
        "adr": 8.802584979835792,
        "condi_4": true
    },
    {
        "symbol": "BYND_US",
        "rank_value": 1.5461233729485002,
        "volume": 1510196845.08,
        "adr": 10.467070480940821,
        "condi_4": true
    },
    {
        "symbol": "ENPH_US",
        "rank_value": 1.5369818477377406,
        "volume": 354904025.946,
        "adr": 10.435063050772332,
        "condi_4": true
    }
]