[
    {
        "symbol": "PENN_US",
        "rank_value": 3.5733333333333333,
        "volume": 147244344.93,
        "adr": 35.62303374537783,
        "condi_4": true
    },
    {
        "symbol": "ERI_US",
        "rank_value": 2.946843853820598,
        "volume": 122134767.81799999,
        "adr": 32.05135656280793,
        "condi_4": true
    },
    {
        "symbol": "CVNA_US",
        "rank_value": 2.549638989169675,
        "volume": 245332952.47500002,
        "adr": 24.36372963285698,
        "condi_4": true
    },
    {
        "symbol": "DRI_US",
        "rank_value": 2.332695984703633,
        "volume": 267255106.25,
        "adr": 19.644773693480566,
        "condi_4": true
    },
    {
        "symbol": "MGM_US",
        "rank_value": 2.3304859239673905,
        "volume": 401916905.94828504,
        "adr": 24.684020737572922,
        "condi_4": true
    },
    {
        "symbol": "NCLH_US",
        "rank_value": 2.320056899004267,
        "volume": 358619349.487,
        "adr": 29.04124155922854,
        "condi_4": true
    },
    {
        "symbol": "ARMK_US",
        "rank_value": 2.2797927461139897,
        "volume": 128418506.69999999,
        "adr": 23.017864568400583,
        "condi_4": true
    },
    {
        "symbol": "NBL_US",
        "rank_value": 2.2783882783882783,
        "volume": 102247993.102,
        "adr": 24.093785257650026,
        "condi_4": true
    },
    {
        "symbol": "CZR_US",
        "rank_value": 2.214285714285714,
        "volume": 215165672.681,
        "adr": 23.430998473528277,
        "condi_4": true
    },
    {
        "symbol": "PLNT_US",
        "rank_value": 2.204880100967606,
        "volume": 191187096.74549997,
        "adr": 18.362591669872398,
        "condi_4": true
    },
    {
        "symbol": "H_US",
        "rank_value": 2.1648626144879266,
        "volume": 105220190.39999999,
        "adr": 15.763096342104355,
        "condi_4": true
    },
    {
        "symbol": "AGNC_US",
        "rank_value": 2.16,
        "volume": 244480519.35000002,
        "adr": 17.891220287607013,
        "condi_4": true
    },
    {
        "symbol": "RCL_US",
        "rank_value": 2.135844155844156,
        "volume": 774346810.7609999,
        "adr": 25.806951641440023,
        "condi_4": true
    },
    {
        "symbol": "VTR_US",
        "rank_value": 2.1356313225927313,
        "volume": 214827673.35,
        "adr": 20.294003011304174,
        "condi_4": true
    },
    {
        "symbol": "LYV_US",
        "rank_value": 2.1170506912442395,
        "volume": 335441710.49399996,
        "adr": 18.120522503854186,
        "condi_4": true
    },
    {
        "symbol": "OHI_US",
        "rank_value": 2.100525131282821,
        "volume": 105891189.60000001,
        "adr": 17.603886777204703,
        "condi_4": true
    },
    {
        "symbol": "UAL_US",
        "rank_value": 2.064612359550562,
        "volume": 696565478.3361101,
        "adr": 22.14183942993113,
        "condi_4": true
    },
    {
        "symbol": "LYFT_US",
        "rank_value": 2.0601990152248706,
        "volume": 364753980.0,
        "adr": 17.095022112361093,
        "condi_4": true
    },
    {
        "symbol": "UBER_US",
        "rank_value": 2.051057622173596,
        "volume": 1347197116.486,
        "adr": 15.75814465109957,
        "condi_4": true
    },
    {
        "symbol": "WYNN_US",
        "rank_value": 2.0069754464285716,
        "volume": 455360755.7210001,
        "adr": 17.801646477140842,
        "condi_4": true
    },
    {
        "symbol": "OKE_US",
        "rank_value": 2.002467105263158,
        "volume": 213590557.75250003,
        "adr": 22.947382468449096,
        "condi_4": true
    },
    {
        "symbol": "Z_US",
        "rank_value": 2.000998003992016,
        "volume": 178258498.91,
        "adr": 15.10991076635726,
        "condi_4": true
    },
    {
        "symbol": "DXC_US",
        "rank_value": 1.9873417721518984,
        "volume": 104035916.55,
        "adr": 21.615668317517176,
        "condi_4": true
    }
]