[
    {
        "symbol": "OAS_US",
        "rank_value": 285.6066945606695,
        "volume": 1363084637.9585001,
        "adr": 104.97102332811848,
        "condi_4": true
    },
    {
        "symbol": "APVO_US",
        "rank_value": 7.398333333333333,
        "volume": 219139717.929,
        "adr": 50.69110419101959,
        "condi_4": true
    },
    {
        "symbol": "DPW_US",
        "rank_value": 4.229166666666667,
        "volume": 134791795.17299998,
        "adr": 34.134051408269194,
        "condi_4": true
    },
    {
        "symbol": "IDEX_US",
        "rank_value": 3.688311688311688,
        "volume": 144291606.65,
        "adr": 26.71310344554132,
        "condi_4": true
    },
    {
        "symbol": "XPEV_US",
        "rank_value": 3.4302702702702703,
        "volume": 3301778464.176,
        "adr": 21.00855554497838,
        "condi_4": true
    },
    {
        "symbol": "SOLO_US",
        "rank_value": 3.3836734693877544,
        "volume": 333846827.5085,
        "adr": 25.70023943898341,
        "condi_4": true
    },
    {
        "symbol": "AYRO_US",
        "rank_value": 3.378991935483871,
        "volume": 121734561.349935,
        "adr": 21.14800214623054,
        "condi_4": true
    },
    {
        "symbol": "JMIA_US",
        "rank_value": 3.1410256410256414,
        "volume": 613600035.3,
        "adr": 17.639090321557973,
        "condi_4": true
    },
    {
        "symbol": "SBE_US",
        "rank_value": 2.9113725490196076,
        "volume": 207472798.528,
        "adr": 15.373177725862996,
        "condi_4": true
    },
    {
        "symbol": "PLTR_US",
        "rank_value": 2.869035532994924,
        "volume": 2062017650.916,
        "adr": 15.830742230813444,
        "condi_4": true
    },
    {
        "symbol": "KXIN_US",
        "rank_value": 2.694545454545455,
        "volume": 109263674.832,
        "adr": 31.476201388381142,
        "condi_4": true
    },
    {
        "symbol": "CIIC_US",
        "rank_value": 2.434475806451613,
        "volume": 144141087.45749998,
        "adr": 12.78195464432721,
        "condi_4": true
    },
    {
        "symbol": "COTY_US",
        "rank_value": 2.407665505226481,
        "volume": 138998911.0515,
        "adr": 12.74622764434119,
        "condi_4": true
    },
    {
        "symbol": "KNDI_US",
        "rank_value": 2.396551724137931,
        "volume": 292530187.08,
        "adr": 23.111198748660634,
        "condi_4": true
    },
    {
        "symbol": "JWN_US",
        "rank_value": 2.2474747474747474,
        "volume": 372674788.575,
        "adr": 10.738256235838906,
        "condi_4": true
    },
    {
        "symbol": "BE_US",
        "rank_value": 2.234782608695652,
        "volume": 181680177.32,
        "adr": 10.69639312303976,
        "condi_4": true
    },
    {
        "symbol": "LI_US",
        "rank_value": 2.198660714285714,
        "volume": 1607402081.7099998,
        "adr": 16.683562038637923,
        "condi_4": true
    },
    {
        "symbol": "AMC_US",
        "rank_value": 2.1244019138755985,
        "volume": 121001048.71800001,
        "adr": 20.564558748801254,
        "condi_4": true
    },
    {
        "symbol": "CNK_US",
        "rank_value": 2.1237373737373737,
        "volume": 173756702.296,
        "adr": 12.357199018847066,
        "condi_4": true
    },
    {
        "symbol": "LK_US",
        "rank_value": 2.064935064935065,
        "volume": 198791688.52800003,
        "adr": 29.12297405710205,
        "condi_4": true
    },
    {
        "symbol": "RIDE_US",
        "rank_value": 2.0515703125,
        "volume": 153425861.909675,
        "adr": 14.559809409959046,
        "condi_4": true
    },
    {
        "symbol": "NIO_US",
        "rank_value": 2.0369671821953976,
        "volume": 13584862220.4,
        "adr": 13.625690871427576,
        "condi_4": true
    },
    {
        "symbol": "RIOT_US",
        "rank_value": 2.0286624203821657,
        "volume": 114533720.16450001,
        "adr": 16.710235806645034,
        "condi_4": true
    },
    {
        "symbol": "SPR_US",
        "rank_value": 2.018063787750494,
        "volume": 193297266.6625,
        "adr": 9.630499926423619,
        "condi_4": true
    },
    {
        "symbol": "FTCH_US",
        "rank_value": 1.9756277695716398,
        "volume": 393529800.2,
        "adr": 10.318865721547343,
        "condi_4": true
    },
    {
        "symbol": "SABR_US",
        "rank_value": 1.95,
        "volume": 117712026.31499998,
        "adr": 8.889196102881192,
        "condi_4": true
    },
    {
        "symbol": "OXY_US",
        "rank_value": 1.9366197183098592,
        "volume": 444660880.95,
        "adr": 9.01136892232346,
        "condi_4": true
    },
    {
        "symbol": "PLUG_US",
        "rank_value": 1.9313367421475531,
        "volume": 1051835827.4980001,
        "adr": 11.14195072866413,
        "condi_4": true
    },
    {
        "symbol": "UPWK_US",
        "rank_value": 1.914835164835165,
        "volume": 114389031.4775,
        "adr": 10.302458713476303,
        "condi_4": true
    },
    {
        "symbol": "DVN_US",
        "rank_value": 1.912031047865459,
        "volume": 155920726.89499998,
        "adr": 7.623879504562936,
        "condi_4": true
    },
    {
        "symbol": "APA_US",
        "rank_value": 1.8844862323707186,
        "volume": 171486729.3075,
        "adr": 8.635012542696096,
        "condi_4": true
    },
    {
        "symbol": "VSLR_US",
        "rank_value": 1.857451403887689,
        "volume": 111232331.2,
        "adr": 7.61046406019541,
        "condi_4": true
    },
    {
        "symbol": "FANG_US",
        "rank_value": 1.8451121455776556,
        "volume": 164563447.6,
        "adr": 8.809149701674833,
        "condi_4": true
    },
    {
        "symbol": "LYFT_US",
        "rank_value": 1.8327085285848173,
        "volume": 551295398.9095,
        "adr": 7.715728578604386,
        "condi_4": true
    },
    {
        "symbol": "M_US",
        "rank_value": 1.798668885191348,
        "volume": 382559318.87200004,
        "adr": 9.998956988555152,
        "condi_4": true
    },
    {
        "symbol": "PK_US",
        "rank_value": 1.7959183673469385,
        "volume": 105570341.668,
        "adr": 9.244127108078137,
        "condi_4": true
    },
    {
        "symbol": "WKHS_US",
        "rank_value": 1.7911434236615995,
        "volume": 433723202.02,
        "adr": 12.052234609097013,
        "condi_4": true
    },
    {
        "symbol": "CRSR_US",
        "rank_value": 1.7418490397498883,
        "volume": 100760407.80000001,
        "adr": 12.407364299073631,
        "condi_4": true
    },
    {
        "symbol": "CPRI_US",
        "rank_value": 1.7204761904761905,
        "volume": 150418603.6715,
        "adr": 6.848562223249943,
        "condi_4": true
    },
    {
        "symbol": "MRO_US",
        "rank_value": 1.7050938337801609,
        "volume": 209158850.094,
        "adr": 7.8953352098701135,
        "condi_4": true
    },
    {
        "symbol": "WORK_US",
        "rank_value": 1.6853466168534663,
        "volume": 687422608.8100001,
        "adr": 7.18219909427209,
        "condi_4": true
    },
    {
        "symbol": "EOG_US",
        "rank_value": 1.652783472133248,
        "volume": 260929099.80246997,
        "adr": 6.285100436219304,
        "condi_4": true
    },
    {
        "symbol": "PDD_US",
        "rank_value": 1.6436637390213298,
        "volume": 1398840547.7199998,
        "adr": 9.449442086750937,
        "condi_4": true
    },
    {
        "symbol": "KSS_US",
        "rank_value": 1.6375183194919396,
        "volume": 343919416.81600004,
        "adr": 7.954822900337488,
        "condi_4": true
    },
    {
        "symbol": "SU_US",
        "rank_value": 1.6307403936269915,
        "volume": 129569289.66,
        "adr": 5.907391527242867,
        "condi_4": true
    },
    {
        "symbol": "SPWR_US",
        "rank_value": 1.6270833333333332,
        "volume": 177018334.8285,
        "adr": 9.835967897027365,
        "condi_4": true
    },
    {
        "symbol": "X_US",
        "rank_value": 1.6216517857142856,
        "volume": 179004289.285,
        "adr": 7.065686309508634,
        "condi_4": true
    },
    {
        "symbol": "PBR_US",
        "rank_value": 1.6123778501628665,
        "volume": 247065045.975,
        "adr": 5.21624495915296,
        "condi_4": true
    },
    {
        "symbol": "HTZ_US",
        "rank_value": 1.6038613861386137,
        "volume": 146224317.90433,
        "adr": 22.32959405133508,
        "condi_4": true
    },
    {
        "symbol": "HAL_US",
        "rank_value": 1.6014558689717926,
        "volume": 216194270.16,
        "adr": 6.52287174796693,
        "condi_4": true
    },
    {
        "symbol": "SPCE_US",
        "rank_value": 1.601057579318449,
        "volume": 298429890.09999996,
        "adr": 9.260367044011165,
        "condi_4": true
    },
    {
        "symbol": "SLB_US",
        "rank_value": 1.6007299270072994,
        "volume": 316427555.523,
        "adr": 5.9399796737868105,
        "condi_4": true
    },
    {
        "symbol": "RDS.B_US",
        "rank_value": 1.599357503441946,
        "volume": 140122217.46,
        "adr": 3.927520115254568,
        "condi_4": true
    },
    {
        "symbol": "VLO_US",
        "rank_value": 1.597629796839729,
        "volume": 294658924.873,
        "adr": 7.129005792686294,
        "condi_4": true
    }
]