[
    {
        "symbol": "IMMU_US",
        "rank_value": 2.2486129458388375,
        "volume": 482301756.528,
        "adr": 5.291724100003892,
        "condi_4": true
    },
    {
        "symbol": "DPHC_US",
        "rank_value": 2.1329088738559494,
        "volume": 109764123.5,
        "adr": 13.006935027645717,
        "condi_4": true
    },
    {
        "symbol": "LK_US",
        "rank_value": 2.064935064935065,
        "volume": 198791688.52800003,
        "adr": 29.12297405710205,
        "condi_4": true
    },
    {
        "symbol": "SHLL_US",
        "rank_value": 2.063436123348018,
        "volume": 361950350.39000005,
        "adr": 17.221804660563155,
        "condi_4": true
    },
    {
        "symbol": "ITCI_US",
        "rank_value": 1.7584009269988412,
        "volume": 106982945.72500001,
        "adr": 8.811479203267858,
        "condi_4": true
    },
    {
        "symbol": "WKHS_US",
        "rank_value": 1.7333333333333332,
        "volume": 563143098.635,
        "adr": 12.619917574258777,
        "condi_4": true
    },
    {
        "symbol": "DKNG_US",
        "rank_value": 1.47655768044417,
        "volume": 807250584.614,
        "adr": 10.015858446979475,
        "condi_4": true
    },
    {
        "symbol": "CORT_US",
        "rank_value": 1.4524590163934425,
        "volume": 113285701.87599999,
        "adr": 9.95151281050961,
        "condi_4": true
    },
    {
        "symbol": "VXRT_US",
        "rank_value": 1.4235033259423504,
        "volume": 144712239.345,
        "adr": 19.07935909610714,
        "condi_4": true
    },
    {
        "symbol": "SPAQ_US",
        "rank_value": 1.4066390041493775,
        "volume": 141593870.865,
        "adr": 8.536614796659814,
        "condi_4": true
    },
    {
        "symbol": "UTX_US",
        "rank_value": 1.3554042306577805,
        "volume": 950956822.1374999,
        "adr": 12.586647686893482,
        "condi_4": true
    },
    {
        "symbol": "AEO_US",
        "rank_value": 1.3538748832866478,
        "volume": 103829217.65,
        "adr": 5.563981591892175,
        "condi_4": true
    },
    {
        "symbol": "PTON_US",
        "rank_value": 1.3474616479519217,
        "volume": 1780228712.64,
        "adr": 10.003736787701012,
        "condi_4": true
    },
    {
        "symbol": "FL_US",
        "rank_value": 1.3323420074349444,
        "volume": 109761213.18400002,
        "adr": 4.77056191057792,
        "condi_4": true
    },
    {
        "symbol": "UBER_US",
        "rank_value": 1.3174157303370788,
        "volume": 787585756.8320001,
        "adr": 4.608468976670554,
        "condi_4": true
    },
    {
        "symbol": "BIGC_US",
        "rank_value": 1.3172007602130102,
        "volume": 393804436.2,
        "adr": 18.950711148224777,
        "condi_4": true
    },
    {
        "symbol": "S_US",
        "rank_value": 1.3140172278778388,
        "volume": 218909290.00700003,
        "adr": 8.7828881490855,
        "condi_4": true
    }
]