[
    {
        "symbol": "JE_US",
        "rank_value": 19.81580882352941,
        "volume": 253855371.33246997,
        "adr": 37.66484938880965,
        "condi_4": true
    },
    {
        "symbol": "PLL_US",
        "rank_value": 4.106235565819862,
        "volume": 135985644.081,
        "adr": 30.625817686974678,
        "condi_4": true
    },
    {
        "symbol": "WWR_US",
        "rank_value": 3.4672131147540988,
        "volume": 153839369.83050004,
        "adr": 59.377111103599354,
        "condi_4": true
    },
    {
        "symbol": "JKS_US",
        "rank_value": 2.5521589606419566,
        "volume": 829155211.264,
        "adr": 13.31333199828264,
        "condi_4": true
    },
    {
        "symbol": "JMIA_US",
        "rank_value": 2.2572674418604652,
        "volume": 195862039.0415,
        "adr": 12.209306923094898,
        "condi_4": true
    },
    {
        "symbol": "LK_US",
        "rank_value": 2.064935064935065,
        "volume": 198791688.52800003,
        "adr": 29.12297405710205,
        "condi_4": true
    },
    {
        "symbol": "BBBY_US",
        "rank_value": 1.9588045234248788,
        "volume": 357915144.45,
        "adr": 9.059805521898534,
        "condi_4": true
    },
    {
        "symbol": "VSLR_US",
        "rank_value": 1.857451403887689,
        "volume": 111232331.2,
        "adr": 7.61046406019541,
        "condi_4": true
    },
    {
        "symbol": "DQ_US",
        "rank_value": 1.8369126284875186,
        "volume": 106097623.58250001,
        "adr": 10.90497697760231,
        "condi_4": true
    },
    {
        "symbol": "MYOK_US",
        "rank_value": 1.7766416360440964,
        "volume": 469760341.2,
        "adr": 4.194261251006903,
        "condi_4": true
    },
    {
        "symbol": "EV_US",
        "rank_value": 1.7136848008973642,
        "volume": 135224586.882,
        "adr": 4.718759617224633,
        "condi_4": true
    },
    {
        "symbol": "SPWR_US",
        "rank_value": 1.6764810662419583,
        "volume": 165128277.6,
        "adr": 10.970873371447531,
        "condi_4": true
    },
    {
        "symbol": "NIO_US",
        "rank_value": 1.6591044776119404,
        "volume": 3094343915.299,
        "adr": 7.567729653998567,
        "condi_4": true
    },
    {
        "symbol": "HTZ_US",
        "rank_value": 1.6237623762376237,
        "volume": 140028612.16399997,
        "adr": 21.818755779801503,
        "condi_4": true
    },
    {
        "symbol": "SHLL_US",
        "rank_value": 1.58837699488106,
        "volume": 326494481.8375,
        "adr": 16.75419373910849,
        "condi_4": true
    },
    {
        "symbol": "SEDG_US",
        "rank_value": 1.5814266487213997,
        "volume": 299835315.6,
        "adr": 7.589557171624395,
        "condi_4": true
    },
    {
        "symbol": "ENPH_US",
        "rank_value": 1.518891687657431,
        "volume": 299244034.69200003,
        "adr": 7.300651583499884,
        "condi_4": true
    },
    {
        "symbol": "BNTX_US",
        "rank_value": 1.4920931814317293,
        "volume": 186303718.575,
        "adr": 6.841915951168831,
        "condi_4": true
    },
    {
        "symbol": "NET_US",
        "rank_value": 1.4643237486687966,
        "volume": 320809007.75,
        "adr": 6.40298560959458,
        "condi_4": true
    },
    {
        "symbol": "TTD_US",
        "rank_value": 1.4342246723242673,
        "volume": 433108338.3,
        "adr": 4.440816269407555,
        "condi_4": true
    },
    {
        "symbol": "EXAS_US",
        "rank_value": 1.4274204946996465,
        "volume": 186252332.449,
        "adr": 6.226403423107829,
        "condi_4": true
    },
    {
        "symbol": "PAYC_US",
        "rank_value": 1.4153400323661136,
        "volume": 120014711.40550001,
        "adr": 4.011932764517034,
        "condi_4": true
    },
    {
        "symbol": "CGC_US",
        "rank_value": 1.3998553868402024,
        "volume": 116647631.93599999,
        "adr": 7.1156472323984366,
        "condi_4": true
    },
    {
        "symbol": "BEKE_US",
        "rank_value": 1.3995663315592353,
        "volume": 105022614.25,
        "adr": 7.6580976953327,
        "condi_4": true
    },
    {
        "symbol": "PLUG_US",
        "rank_value": 1.3944444444444444,
        "volume": 419367854.013,
        "adr": 9.464069036580769,
        "condi_4": true
    },
    {
        "symbol": "IVZ_US",
        "rank_value": 1.391742195367573,
        "volume": 102403881.00400001,
        "adr": 4.316891452607674,
        "condi_4": true
    },
    {
        "symbol": "CSIQ_US",
        "rank_value": 1.3843205574912891,
        "volume": 102447972.67699999,
        "adr": 8.390460969071633,
        "condi_4": true
    },
    {
        "symbol": "SPCE_US",
        "rank_value": 1.3773458445040214,
        "volume": 337477734.81,
        "adr": 8.852901655368006,
        "condi_4": true
    },
    {
        "symbol": "PTON_US",
        "rank_value": 1.3664772727272727,
        "volume": 2777164749.2875,
        "adr": 6.921898395643877,
        "condi_4": true
    },
    {
        "symbol": "FSLR_US",
        "rank_value": 1.364247311827957,
        "volume": 184774871.12,
        "adr": 5.592415455970223,
        "condi_4": true
    },
    {
        "symbol": "UTX_US",
        "rank_value": 1.3554042306577805,
        "volume": 950956822.1374999,
        "adr": 12.586647686893482,
        "condi_4": true
    },
    {
        "symbol": "ARRY_US",
        "rank_value": 1.351118760757315,
        "volume": 260131429.73749998,
        "adr": 4.640620806732332,
        "condi_4": true
    }
]