[
    {
        "symbol": "ACB_US",
        "rank_value": 23.363636363636363,
        "volume": 403821595.278,
        "adr": 21.30300954689437,
        "condi_4": true
    },
    {
        "symbol": "QLGN_US",
        "rank_value": 20.671834625323,
        "volume": 188206076.16,
        "adr": 34.38985993888557,
        "condi_4": true
    },
    {
        "symbol": "MARK_US",
        "rank_value": 6.758479979597041,
        "volume": 203046802.75,
        "adr": 43.07941317886179,
        "condi_4": true
    },
    {
        "symbol": "MGNX_US",
        "rank_value": 3.579109062980031,
        "volume": 171388387.84,
        "adr": 28.787048165628228,
        "condi_4": true
    },
    {
        "symbol": "NVAX_US",
        "rank_value": 2.7696526508226693,
        "volume": 550227958.065,
        "adr": 21.60132330632718,
        "condi_4": true
    },
    {
        "symbol": "SRNE_US",
        "rank_value": 2.2522935779816513,
        "volume": 303637990.68299997,
        "adr": 30.4492303080262,
        "condi_4": true
    },
    {
        "symbol": "NKLA_US",
        "rank_value": 2.1995365278868815,
        "volume": 197316643.09978,
        "adr": 16.721161058049884,
        "condi_4": true
    },
    {
        "symbol": "VTIQ_US",
        "rank_value": 2.1995365278868815,
        "volume": 197316783.10028,
        "adr": 16.721161058049884,
        "condi_4": true
    },
    {
        "symbol": "PENN_US",
        "rank_value": 2.1872816212438853,
        "volume": 566381047.995,
        "adr": 13.735065856456963,
        "condi_4": true
    },
    {
        "symbol": "CAR_US",
        "rank_value": 2.0974576271186445,
        "volume": 145919325.42000002,
        "adr": 15.868312230042015,
        "condi_4": true
    },
    {
        "symbol": "ERI_US",
        "rank_value": 2.0555884092253103,
        "volume": 261880828.484,
        "adr": 13.604685789374148,
        "condi_4": true
    },
    {
        "symbol": "TWLO_US",
        "rank_value": 1.8333333333333333,
        "volume": 1176136979.82,
        "adr": 8.870922176004271,
        "condi_4": true
    },
    {
        "symbol": "MYOK_US",
        "rank_value": 1.7899880335061826,
        "volume": 104575615.102,
        "adr": 10.871799329223242,
        "condi_4": true
    },
    {
        "symbol": "SAVE_US",
        "rank_value": 1.7517241379310344,
        "volume": 268754291.675,
        "adr": 14.890371563350357,
        "condi_4": true
    },
    {
        "symbol": "WIX_US",
        "rank_value": 1.7324116492146597,
        "volume": 231255190.64700004,
        "adr": 6.422840478955827,
        "condi_4": true
    },
    {
        "symbol": "NCLH_US",
        "rank_value": 1.7002164502164503,
        "volume": 1081033074.0115001,
        "adr": 15.362977112762044,
        "condi_4": true
    },
    {
        "symbol": "LB_US",
        "rank_value": 1.65071283095723,
        "volume": 165301303.9845,
        "adr": 12.23912394209572,
        "condi_4": true
    },
    {
        "symbol": "CODX_US",
        "rank_value": 1.629697525206233,
        "volume": 171214342.22900003,
        "adr": 20.654943017787588,
        "condi_4": true
    },
    {
        "symbol": "RCL_US",
        "rank_value": 1.6252785737026423,
        "volume": 941870733.6699998,
        "adr": 11.823757793966895,
        "condi_4": true
    },
    {
        "symbol": "DDOG_US",
        "rank_value": 1.6107655502392346,
        "volume": 353668933.4035,
        "adr": 8.705091093078977,
        "condi_4": true
    },
    {
        "symbol": "LK_US",
        "rank_value": 1.593984962406015,
        "volume": 136452358.294,
        "adr": 57.62421891950651,
        "condi_4": true
    },
    {
        "symbol": "TLRY_US",
        "rank_value": 1.5518796992481203,
        "volume": 138865159.416,
        "adr": 13.057427268846267,
        "condi_4": true
    },
    {
        "symbol": "UAL_US",
        "rank_value": 1.55005500550055,
        "volume": 1519354434.1269999,
        "adr": 11.997155840621133,
        "condi_4": true
    },
    {
        "symbol": "STNE_US",
        "rank_value": 1.539042537016965,
        "volume": 154317650.367,
        "adr": 10.391470452483675,
        "condi_4": true
    }
]