[
    {
        "symbol": "CODX_US",
        "rank_value": 5.956521739130435,
        "volume": 229601866.795,
        "adr": 43.98512400363541,
        "condi_4": true
    },
    {
        "symbol": "APT_US",
        "rank_value": 3.806941431670282,
        "volume": 162217910.79000002,
        "adr": 42.89283248979447,
        "condi_4": true
    },
    {
        "symbol": "FTSV_US",
        "rank_value": 2.58457217728783,
        "volume": 206778573.92499998,
        "adr": 13.93384082462983,
        "condi_4": true
    },
    {
        "symbol": "S_US",
        "rank_value": 2.136150234741784,
        "volume": 379608798.205,
        "adr": 9.431580852474486,
        "condi_4": true
    },
    {
        "symbol": "TCO_US",
        "rank_value": 1.993140243902439,
        "volume": 292580891.07,
        "adr": 4.626370817344938,
        "condi_4": true
    },
    {
        "symbol": "STMP_US",
        "rank_value": 1.918238993710692,
        "volume": 129315976.135,
        "adr": 9.66648684754794,
        "condi_4": true
    },
    {
        "symbol": "ENPH_US",
        "rank_value": 1.6506451612903226,
        "volume": 411127920.9415,
        "adr": 9.681298673371618,
        "condi_4": true
    },
    {
        "symbol": "MRNA_US",
        "rank_value": 1.5522054718034617,
        "volume": 484062072.05,
        "adr": 16.315990149355784,
        "condi_4": true
    },
    {
        "symbol": "SPCE_US",
        "rank_value": 1.4660714285714285,
        "volume": 904089354.6705,
        "adr": 20.771959039893794,
        "condi_4": true
    },
    {
        "symbol": "LK_US",
        "rank_value": 1.4317757009345793,
        "volume": 520634537.215,
        "adr": 9.277206229285095,
        "condi_4": true
    },
    {
        "symbol": "REGN_US",
        "rank_value": 1.404952380952381,
        "volume": 449905020.8,
        "adr": 4.8667324173995,
        "condi_4": true
    },
    {
        "symbol": "GSX_US",
        "rank_value": 1.3738019169329072,
        "volume": 148212047.4,
        "adr": 10.259427269071963,
        "condi_4": true
    },
    {
        "symbol": "WORK_US",
        "rank_value": 1.3366336633663367,
        "volume": 363264658.2,
        "adr": 7.788863332954565,
        "condi_4": true
    },
    {
        "symbol": "SEDG_US",
        "rank_value": 1.333264248704663,
        "volume": 186965431.17,
        "adr": 6.993958107010889,
        "condi_4": true
    },
    {
        "symbol": "DPZ_US",
        "rank_value": 1.256923874407583,
        "volume": 333161561.096,
        "adr": 4.399813188249446,
        "condi_4": true
    },
    {
        "symbol": "BILI_US",
        "rank_value": 1.2437292948414578,
        "volume": 175245178.824,
        "adr": 6.983487457622384,
        "condi_4": true
    },
    {
        "symbol": "TDOC_US",
        "rank_value": 1.2417052081238689,
        "volume": 237632197.72500002,
        "adr": 7.643047408789827,
        "condi_4": true
    },
    {
        "symbol": "ZNGA_US",
        "rank_value": 1.2375,
        "volume": 165617756.073,
        "adr": 4.848418429401091,
        "condi_4": true
    }
]