[
    {
        "symbol": "CODX_US",
        "rank_value": 4.356521739130435,
        "volume": 177672398.025,
        "adr": 45.36132934817236,
        "condi_4": true
    },
    {
        "symbol": "INO_US",
        "rank_value": 3.181485148514852,
        "volume": 447291834.765075,
        "adr": 32.949220418458495,
        "condi_4": true
    },
    {
        "symbol": "APT_US",
        "rank_value": 2.40997830802603,
        "volume": 112735314.7855,
        "adr": 46.06609607539291,
        "condi_4": true
    },
    {
        "symbol": "FTSV_US",
        "rank_value": 2.30472940029254,
        "volume": 251895982.701,
        "adr": 12.767379542669065,
        "condi_4": true
    },
    {
        "symbol": "S_US",
        "rank_value": 1.815217391304348,
        "volume": 364222155.7475,
        "adr": 9.534905013126416,
        "condi_4": true
    },
    {
        "symbol": "TCO_US",
        "rank_value": 1.5013301803133314,
        "volume": 285854525.745,
        "adr": 3.5034589912315894,
        "condi_4": true
    },
    {
        "symbol": "STMP_US",
        "rank_value": 1.4382191095547776,
        "volume": 108201901.5,
        "adr": 10.153091525943392,
        "condi_4": true
    },
    {
        "symbol": "CXO_US",
        "rank_value": 1.3973684210526314,
        "volume": 107548541.93699999,
        "adr": 7.5412286891543445,
        "condi_4": true
    },
    {
        "symbol": "MRNA_US",
        "rank_value": 1.3847012841987716,
        "volume": 483796270.91999996,
        "adr": 17.438963043054436,
        "condi_4": true
    },
    {
        "symbol": "SLB_US",
        "rank_value": 1.381099922540666,
        "volume": 305123639.965,
        "adr": 7.888541011165562,
        "condi_4": true
    },
    {
        "symbol": "ZM_US",
        "rank_value": 1.3605442176870748,
        "volume": 1008714267.4000001,
        "adr": 10.460346359810014,
        "condi_4": true
    },
    {
        "symbol": "EPD_US",
        "rank_value": 1.35014409221902,
        "volume": 170124309.86799997,
        "adr": 6.309414369949229,
        "condi_4": true
    },
    {
        "symbol": "HES_US",
        "rank_value": 1.3112318840579709,
        "volume": 146938323.14699998,
        "adr": 7.368391856828138,
        "condi_4": true
    },
    {
        "symbol": "TDOC_US",
        "rank_value": 1.2966543455596626,
        "volume": 307247097.6615,
        "adr": 8.748431148514758,
        "condi_4": true
    },
    {
        "symbol": "MRO_US",
        "rank_value": 1.2820512820512822,
        "volume": 110840053.76249999,
        "adr": 9.73365434527711,
        "condi_4": true
    },
    {
        "symbol": "REGN_US",
        "rank_value": 1.2732426913155632,
        "volume": 468859411.8,
        "adr": 4.82457130616063,
        "condi_4": true
    },
    {
        "symbol": "ENPH_US",
        "rank_value": 1.2346153846153847,
        "volume": 361224138.28199995,
        "adr": 10.613059589535357,
        "condi_4": true
    },
    {
        "symbol": "ET_US",
        "rank_value": 1.22397476340694,
        "volume": 243002025.828,
        "adr": 7.3922244611220655,
        "condi_4": true
    },
    {
        "symbol": "MTCH_US",
        "rank_value": 1.2169014084507042,
        "volume": 130014720.0,
        "adr": 5.254154296334179,
        "condi_4": true
    },
    {
        "symbol": "ETSY_US",
        "rank_value": 1.213991769547325,
        "volume": 189819469.85,
        "adr": 5.821537369008434,
        "condi_4": true
    },
    {
        "symbol": "DPZ_US",
        "rank_value": 1.2131923681421106,
        "volume": 310172551.287885,
        "adr": 4.968418519324502,
        "condi_4": true
    },
    {
        "symbol": "MPC_US",
        "rank_value": 1.2017543859649122,
        "volume": 299874312.378,
        "adr": 6.1419741432882535,
        "condi_4": true
    },
    {
        "symbol": "GSX_US",
        "rank_value": 1.1923189680445618,
        "volume": 126355479.691,
        "adr": 9.452906584310195,
        "condi_4": true
    },
    {
        "symbol": "SPCE_US",
        "rank_value": 1.1882294117647059,
        "volume": 760077867.91965,
        "adr": 22.107634108568732,
        "condi_4": true
    }
]