[
    {
        "symbol": "ACHV_US",
        "rank_value": 29.324324324324323,
        "volume": 151248449.36249998,
        "adr": 30.500298500738342,
        "condi_4": true
    },
    {
        "symbol": "KODK_US",
        "rank_value": 7.25,
        "volume": 564288527.9000001,
        "adr": 57.544708482647835,
        "condi_4": true
    },
    {
        "symbol": "JMIA_US",
        "rank_value": 3.1573896353166986,
        "volume": 229141501.3475,
        "adr": 22.51932725219168,
        "condi_4": true
    },
    {
        "symbol": "MIST_US",
        "rank_value": 2.849056603773585,
        "volume": 129508625.265,
        "adr": 20.001932063299478,
        "condi_4": true
    },
    {
        "symbol": "HTBX_US",
        "rank_value": 2.606060606060606,
        "volume": 147326813.49499997,
        "adr": 34.516837807755564,
        "condi_4": true
    },
    {
        "symbol": "OSTK_US",
        "rank_value": 2.3380803189974366,
        "volume": 412844856.7195,
        "adr": 13.059808452478293,
        "condi_4": true
    },
    {
        "symbol": "IBIO_US",
        "rank_value": 2.287958115183246,
        "volume": 192994778.613,
        "adr": 24.528238275974125,
        "condi_4": true
    },
    {
        "symbol": "KNDI_US",
        "rank_value": 2.2532981530343004,
        "volume": 112186693.381,
        "adr": 34.4819567487465,
        "condi_4": true
    },
    {
        "symbol": "BLNK_US",
        "rank_value": 2.225742574257426,
        "volume": 108098306.44200002,
        "adr": 22.14675336461056,
        "condi_4": true
    },
    {
        "symbol": "LK_US",
        "rank_value": 2.064935064935065,
        "volume": 198791688.52800003,
        "adr": 29.12297405710205,
        "condi_4": true
    },
    {
        "symbol": "ADT_US",
        "rank_value": 1.7102234258632365,
        "volume": 144224405.69550002,
        "adr": 10.880703792525527,
        "condi_4": true
    },
    {
        "symbol": "VXRT_US",
        "rank_value": 1.5116279069767442,
        "volume": 286573777.945,
        "adr": 19.97349722728623,
        "condi_4": true
    },
    {
        "symbol": "LRN_US",
        "rank_value": 1.5075055892686045,
        "volume": 106133582.52000001,
        "adr": 9.34250200690283,
        "condi_4": true
    },
    {
        "symbol": "PINS_US",
        "rank_value": 1.4783531409168083,
        "volume": 611572439.754,
        "adr": 7.508216968463932,
        "condi_4": true
    },
    {
        "symbol": "OPK_US",
        "rank_value": 1.4765840220385675,
        "volume": 131679664.30800001,
        "adr": 11.883084344527495,
        "condi_4": true
    },
    {
        "symbol": "APA_US",
        "rank_value": 1.3904347826086956,
        "volume": 152481082.92299998,
        "adr": 7.999767986126627,
        "condi_4": true
    }
]