[
    {
        "symbol": "ACB_US",
        "rank_value": 25.772727272727273,
        "volume": 480882179.67300004,
        "adr": 20.853475519635122,
        "condi_4": true
    },
    {
        "symbol": "MARK_US",
        "rank_value": 5.067385444743935,
        "volume": 121675165.946,
        "adr": 40.24226602394223,
        "condi_4": true
    },
    {
        "symbol": "MGNX_US",
        "rank_value": 3.9923195084485408,
        "volume": 188431592.1255,
        "adr": 28.570962186021465,
        "condi_4": true
    },
    {
        "symbol": "NVAX_US",
        "rank_value": 3.0621572212065815,
        "volume": 561463453.0125,
        "adr": 20.216694130775803,
        "condi_4": true
    },
    {
        "symbol": "PTLA_US",
        "rank_value": 2.7473035439137132,
        "volume": 154108542.1715,
        "adr": 4.021719298590454,
        "condi_4": true
    },
    {
        "symbol": "OSTK_US",
        "rank_value": 2.476060191518468,
        "volume": 105032238.41,
        "adr": 18.344461164996375,
        "condi_4": true
    },
    {
        "symbol": "SRNE_US",
        "rank_value": 2.339449541284403,
        "volume": 282244919.35499996,
        "adr": 29.746902455871304,
        "condi_4": true
    },
    {
        "symbol": "NKLA_US",
        "rank_value": 2.089347079037801,
        "volume": 159704522.496,
        "adr": 16.371246465368827,
        "condi_4": true
    },
    {
        "symbol": "VTIQ_US",
        "rank_value": 2.089347079037801,
        "volume": 159704522.496,
        "adr": 16.371246465368827,
        "condi_4": true
    },
    {
        "symbol": "MYOK_US",
        "rank_value": 1.900571257621517,
        "volume": 107172732.0495,
        "adr": 10.350214642554324,
        "condi_4": true
    },
    {
        "symbol": "DDOG_US",
        "rank_value": 1.8226473629782833,
        "volume": 337026096.0,
        "adr": 7.390653528589075,
        "condi_4": true
    },
    {
        "symbol": "DKNG_US",
        "rank_value": 1.7796399751707015,
        "volume": 253560715.4095,
        "adr": 12.6326862917306,
        "condi_4": true
    },
    {
        "symbol": "W_US",
        "rank_value": 1.7559875416174417,
        "volume": 655669637.475,
        "adr": 11.874422474702984,
        "condi_4": true
    },
    {
        "symbol": "CHGG_US",
        "rank_value": 1.7536986301369863,
        "volume": 316325917.403,
        "adr": 7.58874138262553,
        "condi_4": true
    },
    {
        "symbol": "ENPH_US",
        "rank_value": 1.670907079646018,
        "volume": 371371403.11800003,
        "adr": 10.352750178865033,
        "condi_4": true
    },
    {
        "symbol": "WIX_US",
        "rank_value": 1.665003272251309,
        "volume": 203943583.1365,
        "adr": 5.972161686371047,
        "condi_4": true
    },
    {
        "symbol": "CODX_US",
        "rank_value": 1.6498625114573786,
        "volume": 188831868.29999998,
        "adr": 20.245137657653057,
        "condi_4": true
    },
    {
        "symbol": "BYND_US",
        "rank_value": 1.6257928118393232,
        "volume": 1636060055.4629998,
        "adr": 10.965814280138787,
        "condi_4": true
    },
    {
        "symbol": "IMMU_US",
        "rank_value": 1.5958620689655172,
        "volume": 134455470.981,
        "adr": 6.55446464887508,
        "condi_4": true
    },
    {
        "symbol": "QDEL_US",
        "rank_value": 1.576545804869504,
        "volume": 154942563.44199997,
        "adr": 8.963513612629836,
        "condi_4": true
    },
    {
        "symbol": "SEDG_US",
        "rank_value": 1.5601142857142856,
        "volume": 134222058.27249998,
        "adr": 8.205879815989835,
        "condi_4": true
    },
    {
        "symbol": "LVGO_US",
        "rank_value": 1.5552564275137972,
        "volume": 139662467.19650003,
        "adr": 8.754758693449173,
        "condi_4": true
    },
    {
        "symbol": "MPC_US",
        "rank_value": 1.5527659574468087,
        "volume": 320644283.9515,
        "adr": 8.801425800981576,
        "condi_4": true
    },
    {
        "symbol": "PTON_US",
        "rank_value": 1.5478997613365157,
        "volume": 570549695.91984,
        "adr": 9.062892424891755,
        "condi_4": true
    }
]