[
    {
        "symbol": "UONE_US",
        "rank_value": 19.791999999999998,
        "volume": 203563394.39399996,
        "adr": 103.86165696140415,
        "condi_4": true
    },
    {
        "symbol": "GRPN_US",
        "rank_value": 18.103534482758622,
        "volume": 190519696.53233,
        "adr": 15.33964168651858,
        "condi_4": true
    },
    {
        "symbol": "XSPA_US",
        "rank_value": 10.280923694779117,
        "volume": 239735536.709845,
        "adr": 33.703109243348514,
        "condi_4": true
    },
    {
        "symbol": "IDEX_US",
        "rank_value": 8.056231413895647,
        "volume": 164789576.786,
        "adr": 34.99641495435921,
        "condi_4": true
    },
    {
        "symbol": "HTZ_US",
        "rank_value": 3.225,
        "volume": 207564036.8535,
        "adr": 60.11979811790844,
        "condi_4": true
    },
    {
        "symbol": "GNUS_US",
        "rank_value": 2.3565891472868215,
        "volume": 320777264.784,
        "adr": 56.21770179244838,
        "condi_4": true
    },
    {
        "symbol": "NIO_US",
        "rank_value": 2.289308176100629,
        "volume": 698108552.96,
        "adr": 12.257770433951576,
        "condi_4": true
    },
    {
        "symbol": "GSX_US",
        "rank_value": 2.1518847006651884,
        "volume": 350120898.1395,
        "adr": 10.566424990336621,
        "condi_4": true
    },
    {
        "symbol": "LK_US",
        "rank_value": 2.120300751879699,
        "volume": 194493917.244,
        "adr": 29.378433771516967,
        "condi_4": true
    },
    {
        "symbol": "FSLY_US",
        "rank_value": 2.0649458784346377,
        "volume": 417250098.6,
        "adr": 10.343083769917726,
        "condi_4": true
    },
    {
        "symbol": "SAVE_US",
        "rank_value": 1.8857142857142857,
        "volume": 757468410.468,
        "adr": 16.971733027240354,
        "condi_4": true
    },
    {
        "symbol": "YY_US",
        "rank_value": 1.7380397778175953,
        "volume": 118103329.7,
        "adr": 6.2824669421140955,
        "condi_4": true
    },
    {
        "symbol": "ZM_US",
        "rank_value": 1.6924778761061947,
        "volume": 2980686844.08,
        "adr": 7.849258894880284,
        "condi_4": true
    },
    {
        "symbol": "LVGO_US",
        "rank_value": 1.582879969090218,
        "volume": 237344685.33,
        "adr": 9.06028280960176,
        "condi_4": true
    },
    {
        "symbol": "ZS_US",
        "rank_value": 1.5809823857940715,
        "volume": 509922723.6,
        "adr": 8.13684909007959,
        "condi_4": true
    },
    {
        "symbol": "CAR_US",
        "rank_value": 1.5676546391752577,
        "volume": 174343690.16399997,
        "adr": 14.835546453891467,
        "condi_4": true
    },
    {
        "symbol": "OXY_US",
        "rank_value": 1.556914578812389,
        "volume": 1010457397.152,
        "adr": 11.544182786750046,
        "condi_4": true
    },
    {
        "symbol": "BBBY_US",
        "rank_value": 1.5543726235741446,
        "volume": 127639495.73900001,
        "adr": 9.775228960420579,
        "condi_4": true
    },
    {
        "symbol": "IVR_US",
        "rank_value": 1.548148148148148,
        "volume": 129275938.64899999,
        "adr": 23.153794475826082,
        "condi_4": true
    },
    {
        "symbol": "IQ_US",
        "rank_value": 1.5392156862745099,
        "volume": 269936280.6975,
        "adr": 8.16359487784364,
        "condi_4": true
    },
    {
        "symbol": "GDS_US",
        "rank_value": 1.5110194129231924,
        "volume": 127905768.564,
        "adr": 4.865430094169243,
        "condi_4": true
    }
]