[
    {
        "symbol": "CODX_US",
        "rank_value": 5.521782608695653,
        "volume": 216035952.75710002,
        "adr": 44.684167100261064,
        "condi_4": true
    },
    {
        "symbol": "APT_US",
        "rank_value": 3.7006507592190885,
        "volume": 162445695.32,
        "adr": 42.7601017453616,
        "condi_4": true
    },
    {
        "symbol": "INO_US",
        "rank_value": 2.686468646864687,
        "volume": 208465437.44400004,
        "adr": 23.00322494435878,
        "condi_4": true
    },
    {
        "symbol": "FTSV_US",
        "rank_value": 2.584792122538293,
        "volume": 219645064.79999998,
        "adr": 13.31547051585793,
        "condi_4": true
    },
    {
        "symbol": "S_US",
        "rank_value": 2.199530516431925,
        "volume": 393223049.44299996,
        "adr": 9.351283025653201,
        "condi_4": true
    },
    {
        "symbol": "STMP_US",
        "rank_value": 1.8184304074377906,
        "volume": 123362221.5,
        "adr": 9.80463612635929,
        "condi_4": true
    },
    {
        "symbol": "ENPH_US",
        "rank_value": 1.694673430564363,
        "volume": 420430722.1025,
        "adr": 9.366643555117005,
        "condi_4": true
    },
    {
        "symbol": "MRNA_US",
        "rank_value": 1.5298715801228364,
        "volume": 490031950.34999996,
        "adr": 16.388123155212565,
        "condi_4": true
    },
    {
        "symbol": "ZM_US",
        "rank_value": 1.4064516129032258,
        "volume": 692474285.9,
        "adr": 8.409871296423965,
        "condi_4": true
    },
    {
        "symbol": "SEDG_US",
        "rank_value": 1.3886432520991194,
        "volume": 195045919.40213,
        "adr": 6.9445821583209,
        "condi_4": true
    },
    {
        "symbol": "SPCE_US",
        "rank_value": 1.3644286125081426,
        "volume": 854132375.1375,
        "adr": 20.99294769055069,
        "condi_4": true
    },
    {
        "symbol": "WORK_US",
        "rank_value": 1.3530717986676537,
        "volume": 352551931.596,
        "adr": 7.494975739412046,
        "condi_4": true
    },
    {
        "symbol": "GSX_US",
        "rank_value": 1.3182096873084,
        "volume": 138118960.55,
        "adr": 9.814714092710354,
        "condi_4": true
    },
    {
        "symbol": "BILI_US",
        "rank_value": 1.293755912961211,
        "volume": 182428045.9275,
        "adr": 7.039696424139952,
        "condi_4": true
    },
    {
        "symbol": "DPZ_US",
        "rank_value": 1.2659212085308056,
        "volume": 329502312.815,
        "adr": 4.520601729249729,
        "condi_4": true
    },
    {
        "symbol": "QGEN_US",
        "rank_value": 1.258607614136205,
        "volume": 128088411.3585,
        "adr": 3.5521739422787357,
        "condi_4": true
    }
]