[
    {
        "symbol": "CODX_US",
        "rank_value": 3.3851851851851853,
        "volume": 188516395.925,
        "adr": 56.82244737721713,
        "condi_4": true
    },
    {
        "symbol": "APT_US",
        "rank_value": 2.8659574468085105,
        "volume": 153155056.3995,
        "adr": 53.652274331111414,
        "condi_4": true
    },
    {
        "symbol": "FTSV_US",
        "rank_value": 2.2261646150132757,
        "volume": 283274023.01,
        "adr": 11.151993096041979,
        "condi_4": true
    },
    {
        "symbol": "EQT_US",
        "rank_value": 2.1021377672209027,
        "volume": 121166758.91999999,
        "adr": 18.322909107861697,
        "condi_4": true
    },
    {
        "symbol": "INO_US",
        "rank_value": 1.8767507002801123,
        "volume": 392375936.42,
        "adr": 45.66771537239127,
        "condi_4": true
    },
    {
        "symbol": "CY_US",
        "rank_value": 1.4299128101945004,
        "volume": 310496098.042,
        "adr": 7.284432576867661,
        "condi_4": true
    },
    {
        "symbol": "WPM_US",
        "rank_value": 1.3580931263858094,
        "volume": 102104263.275,
        "adr": 9.506302697251034,
        "condi_4": true
    },
    {
        "symbol": "COG_US",
        "rank_value": 1.329087636716046,
        "volume": 249573986.78400004,
        "adr": 10.260589768974615,
        "condi_4": true
    },
    {
        "symbol": "GOLD_US",
        "rank_value": 1.325691699604743,
        "volume": 431102162.283,
        "adr": 8.326519529617983,
        "condi_4": true
    },
    {
        "symbol": "FNV_US",
        "rank_value": 1.325160146286751,
        "volume": 104395178.14999999,
        "adr": 8.028087677025763,
        "condi_4": true
    },
    {
        "symbol": "OXY_US",
        "rank_value": 1.3061440677966103,
        "volume": 413434085.85,
        "adr": 18.45760208887892,
        "condi_4": true
    },
    {
        "symbol": "ZM_US",
        "rank_value": 1.2883307277855387,
        "volume": 1198281975.825,
        "adr": 12.420700772979254,
        "condi_4": true
    },
    {
        "symbol": "CHD_US",
        "rank_value": 1.2594831179658192,
        "volume": 115992463.2095,
        "adr": 5.746310602860216,
        "condi_4": true
    }
]