[
    {
        "symbol": "SHIP_US",
        "rank_value": 13.266666666666667,
        "volume": 228373308.037,
        "adr": 74.41004759430095,
        "condi_4": true
    },
    {
        "symbol": "UONE_US",
        "rank_value": 10.986577181208055,
        "volume": 140729415.4675,
        "adr": 105.64929991998144,
        "condi_4": true
    },
    {
        "symbol": "WKHS_US",
        "rank_value": 5.675709459459459,
        "volume": 811280685.462955,
        "adr": 28.133061253000168,
        "condi_4": true
    },
    {
        "symbol": "VXRT_US",
        "rank_value": 3.8333333333333335,
        "volume": 293234327.225,
        "adr": 31.25330277384859,
        "condi_4": true
    },
    {
        "symbol": "SOLO_US",
        "rank_value": 3.6865671641791047,
        "volume": 140265246.277,
        "adr": 26.473120915928618,
        "condi_4": true
    },
    {
        "symbol": "AYRO_US",
        "rank_value": 2.7913043478260873,
        "volume": 106346746.596,
        "adr": 25.888345919414533,
        "condi_4": true
    },
    {
        "symbol": "NIO_US",
        "rank_value": 2.3938294010889294,
        "volume": 1854688076.3439999,
        "adr": 13.193737930390203,
        "condi_4": true
    },
    {
        "symbol": "NVAX_US",
        "rank_value": 2.327005220692928,
        "volume": 686501929.13,
        "adr": 13.928967733516352,
        "condi_4": true
    },
    {
        "symbol": "OSTK_US",
        "rank_value": 2.3244680851063833,
        "volume": 175247422.45000002,
        "adr": 12.589745502494099,
        "condi_4": true
    },
    {
        "symbol": "NVTA_US",
        "rank_value": 2.247043363994744,
        "volume": 151316858.61,
        "adr": 11.237463675642157,
        "condi_4": true
    },
    {
        "symbol": "INO_US",
        "rank_value": 2.120395327942498,
        "volume": 1300767028.0200002,
        "adr": 21.03817206902656,
        "condi_4": true
    },
    {
        "symbol": "LK_US",
        "rank_value": 2.064935064935065,
        "volume": 198791688.52800003,
        "adr": 29.12297405710205,
        "condi_4": true
    },
    {
        "symbol": "PLUG_US",
        "rank_value": 2.002127659574468,
        "volume": 297927588.3365,
        "adr": 12.110923309770394,
        "condi_4": true
    },
    {
        "symbol": "SRNE_US",
        "rank_value": 1.7597087378640777,
        "volume": 169170074.28750002,
        "adr": 12.932694744948826,
        "condi_4": true
    },
    {
        "symbol": "TSLA_US",
        "rank_value": 1.5483845278725825,
        "volume": 11294100370.927,
        "adr": 6.506917121126277,
        "condi_4": true
    },
    {
        "symbol": "CLGX_US",
        "rank_value": 1.5151785714285715,
        "volume": 125925474.32599999,
        "adr": 4.1825238038200485,
        "condi_4": true
    },
    {
        "symbol": "ETSY_US",
        "rank_value": 1.496925955626838,
        "volume": 315957717.59999996,
        "adr": 5.433743930445223,
        "condi_4": true
    },
    {
        "symbol": "BNTX_US",
        "rank_value": 1.4584317937701397,
        "volume": 124177952.028,
        "adr": 9.61563991604737,
        "condi_4": true
    },
    {
        "symbol": "SHOP_US",
        "rank_value": 1.442070027259502,
        "volume": 1885273437.0,
        "adr": 5.178399093782016,
        "condi_4": true
    }
]