[
    {
        "symbol": "JE_US",
        "rank_value": 29.137199434229135,
        "volume": 344422814.46,
        "adr": 50.71219766754296,
        "condi_4": true
    },
    {
        "symbol": "SPI_US",
        "rank_value": 7.468067573135558,
        "volume": 169965598.66250002,
        "adr": 239.3694298654066,
        "condi_4": true
    },
    {
        "symbol": "PLL_US",
        "rank_value": 5.471890971039182,
        "volume": 157476191.884,
        "adr": 29.956241562770526,
        "condi_4": true
    },
    {
        "symbol": "WWR_US",
        "rank_value": 4.975409836065574,
        "volume": 205823638.97500002,
        "adr": 58.095844956375856,
        "condi_4": true
    },
    {
        "symbol": "SUNW_US",
        "rank_value": 4.863636363636363,
        "volume": 110749008.327,
        "adr": 92.89345468205758,
        "condi_4": true
    },
    {
        "symbol": "SAVA_US",
        "rank_value": 3.007915567282322,
        "volume": 110659800.0,
        "adr": 15.683335160401057,
        "condi_4": true
    },
    {
        "symbol": "LK_US",
        "rank_value": 2.064935064935065,
        "volume": 198791688.52800003,
        "adr": 29.12297405710205,
        "condi_4": true
    },
    {
        "symbol": "LAC_US",
        "rank_value": 2.026073619631902,
        "volume": 113806854.087,
        "adr": 19.178224064525295,
        "condi_4": true
    },
    {
        "symbol": "GME_US",
        "rank_value": 1.9873617693522907,
        "volume": 206666167.885,
        "adr": 15.643897874516766,
        "condi_4": true
    },
    {
        "symbol": "VSLR_US",
        "rank_value": 1.857451403887689,
        "volume": 111232331.2,
        "adr": 7.61046406019541,
        "condi_4": true
    },
    {
        "symbol": "SPWR_US",
        "rank_value": 1.7760221295500744,
        "volume": 143372403.0075,
        "adr": 10.209824051838211,
        "condi_4": true
    },
    {
        "symbol": "QDEL_US",
        "rank_value": 1.765273311897106,
        "volume": 233672558.175,
        "adr": 7.311616085246864,
        "condi_4": true
    },
    {
        "symbol": "SEDG_US",
        "rank_value": 1.672316067119367,
        "volume": 318424455.657,
        "adr": 7.467677689365582,
        "condi_4": true
    },
    {
        "symbol": "FSLY_US",
        "rank_value": 1.6623565149948292,
        "volume": 877251419.4444,
        "adr": 8.383327887573099,
        "condi_4": true
    },
    {
        "symbol": "ENPH_US",
        "rank_value": 1.6584615384615384,
        "volume": 344440274.64,
        "adr": 7.343237613472131,
        "condi_4": true
    },
    {
        "symbol": "SRNE_US",
        "rank_value": 1.6548387096774193,
        "volume": 308439674.57699996,
        "adr": 14.001084955037491,
        "condi_4": true
    },
    {
        "symbol": "KODK_US",
        "rank_value": 1.625263157894737,
        "volume": 311700623.5375,
        "adr": 16.184841815507923,
        "condi_4": true
    },
    {
        "symbol": "NVTA_US",
        "rank_value": 1.6120218579234975,
        "volume": 148555164.555,
        "adr": 7.43325448066634,
        "condi_4": true
    },
    {
        "symbol": "SHLL_US",
        "rank_value": 1.58837699488106,
        "volume": 326494481.8375,
        "adr": 16.75419373910849,
        "condi_4": true
    },
    {
        "symbol": "PLUG_US",
        "rank_value": 1.5722222222222222,
        "volume": 469081012.92300004,
        "adr": 9.465493779519507,
        "condi_4": true
    },
    {
        "symbol": "TWLO_US",
        "rank_value": 1.567775054340286,
        "volume": 821230262.85,
        "adr": 5.624931143980505,
        "condi_4": true
    },
    {
        "symbol": "NNOX_US",
        "rank_value": 1.5677130044843048,
        "volume": 179491590.048,
        "adr": 21.32512066965728,
        "condi_4": true
    },
    {
        "symbol": "BE_US",
        "rank_value": 1.5631424375917768,
        "volume": 138126653.3015,
        "adr": 11.832755914088654,
        "condi_4": true
    },
    {
        "symbol": "EXAS_US",
        "rank_value": 1.516042402826855,
        "volume": 215059019.041,
        "adr": 6.109086574159295,
        "condi_4": true
    },
    {
        "symbol": "NKLA_US",
        "rank_value": 1.498452012383901,
        "volume": 948138565.1099999,
        "adr": 17.11565858957296,
        "condi_4": true
    },
    {
        "symbol": "NVCR_US",
        "rank_value": 1.496728401907508,
        "volume": 144969180.18800002,
        "adr": 5.154616063551343,
        "condi_4": true
    },
    {
        "symbol": "SPCE_US",
        "rank_value": 1.467828418230563,
        "volume": 303307877.025,
        "adr": 7.928489633001279,
        "condi_4": true
    },
    {
        "symbol": "BIGC_US",
        "rank_value": 1.4417378917378916,
        "volume": 168900209.49499997,
        "adr": 8.846864244465324,
        "condi_4": true
    },
    {
        "symbol": "ILMN_US",
        "rank_value": 1.4031385941374965,
        "volume": 659297352.31,
        "adr": 5.597781498420873,
        "condi_4": true
    },
    {
        "symbol": "CVNA_US",
        "rank_value": 1.391025641025641,
        "volume": 363304611.6,
        "adr": 7.694613291631591,
        "condi_4": true
    },
    {
        "symbol": "BYND_US",
        "rank_value": 1.3888888888888888,
        "volume": 840474534.3749999,
        "adr": 5.977225447061363,
        "condi_4": true
    },
    {
        "symbol": "AYX_US",
        "rank_value": 1.384734299516908,
        "volume": 216030478.272,
        "adr": 6.31198981420622,
        "condi_4": true
    },
    {
        "symbol": "SQ_US",
        "rank_value": 1.3837571542418314,
        "volume": 1527478894.7,
        "adr": 4.966780387643022,
        "condi_4": true
    },
    {
        "symbol": "GSX_US",
        "rank_value": 1.3618934911242604,
        "volume": 244468512.078,
        "adr": 6.158701690777435,
        "condi_4": true
    },
    {
        "symbol": "UTX_US",
        "rank_value": 1.3554042306577805,
        "volume": 950956822.1374999,
        "adr": 12.586647686893482,
        "condi_4": true
    },
    {
        "symbol": "VXRT_US",
        "rank_value": 1.3513513513513513,
        "volume": 143192101.5,
        "adr": 14.788905118558171,
        "condi_4": true
    }
]