[
    {
        "symbol": "JE_US",
        "rank_value": 24.236168455821634,
        "volume": 298102538.15349996,
        "adr": 42.52944467084268,
        "condi_4": true
    },
    {
        "symbol": "PLL_US",
        "rank_value": 5.169491525423728,
        "volume": 154966313.875,
        "adr": 30.87538662612843,
        "condi_4": true
    },
    {
        "symbol": "SUNW_US",
        "rank_value": 4.610564010743062,
        "volume": 108706903.90199998,
        "adr": 92.46296321807954,
        "condi_4": true
    },
    {
        "symbol": "WWR_US",
        "rank_value": 3.8770491803278695,
        "volume": 168563649.73250002,
        "adr": 60.38019462123743,
        "condi_4": true
    },
    {
        "symbol": "NNDM_US",
        "rank_value": 3.3043478260869565,
        "volume": 101364276.936,
        "adr": 26.732367313642236,
        "condi_4": true
    },
    {
        "symbol": "JMIA_US",
        "rank_value": 2.2427325581395348,
        "volume": 170477811.86400002,
        "adr": 12.260567105810804,
        "condi_4": true
    },
    {
        "symbol": "HTZ_US",
        "rank_value": 2.227722772277228,
        "volume": 174319811.32500002,
        "adr": 19.631881696955176,
        "condi_4": true
    },
    {
        "symbol": "BBBY_US",
        "rank_value": 2.0836702568351284,
        "volume": 388018617.7263,
        "adr": 9.553098964220297,
        "condi_4": true
    },
    {
        "symbol": "LK_US",
        "rank_value": 2.064935064935065,
        "volume": 198791688.52800003,
        "adr": 29.12297405710205,
        "condi_4": true
    },
    {
        "symbol": "SPWR_US",
        "rank_value": 1.85775058152937,
        "volume": 171029738.5155,
        "adr": 10.43364316547195,
        "condi_4": true
    },
    {
        "symbol": "VSLR_US",
        "rank_value": 1.857451403887689,
        "volume": 111232331.2,
        "adr": 7.61046406019541,
        "condi_4": true
    },
    {
        "symbol": "SEDG_US",
        "rank_value": 1.7346652449632416,
        "volume": 343746678.99,
        "adr": 7.357768615293514,
        "condi_4": true
    },
    {
        "symbol": "EV_US",
        "rank_value": 1.7240605720695459,
        "volume": 126593547.924,
        "adr": 4.912541450245955,
        "condi_4": true
    },
    {
        "symbol": "NIO_US",
        "rank_value": 1.6680597014925374,
        "volume": 3058790422.6660004,
        "adr": 7.873642112774659,
        "condi_4": true
    },
    {
        "symbol": "GME_US",
        "rank_value": 1.6610978520286395,
        "volume": 237336942.38399997,
        "adr": 14.65485248017886,
        "condi_4": true
    },
    {
        "symbol": "NET_US",
        "rank_value": 1.6512345679012346,
        "volume": 349953511.1875,
        "adr": 6.44781244689856,
        "condi_4": true
    },
    {
        "symbol": "PTON_US",
        "rank_value": 1.60842939481268,
        "volume": 3528315848.7075,
        "adr": 6.900752093147111,
        "condi_4": true
    },
    {
        "symbol": "AMWL_US",
        "rank_value": 1.6056083220262325,
        "volume": 118250672.175,
        "adr": 11.55726150101506,
        "condi_4": true
    },
    {
        "symbol": "SHLL_US",
        "rank_value": 1.58837699488106,
        "volume": 326494481.8375,
        "adr": 16.75419373910849,
        "condi_4": true
    },
    {
        "symbol": "SPCE_US",
        "rank_value": 1.5475871313672922,
        "volume": 346599771.457,
        "adr": 8.184740005302537,
        "condi_4": true
    },
    {
        "symbol": "PLUG_US",
        "rank_value": 1.525925925925926,
        "volume": 460091251.256,
        "adr": 9.67884074126648,
        "condi_4": true
    },
    {
        "symbol": "QDEL_US",
        "rank_value": 1.519577780398632,
        "volume": 182383125.3575,
        "adr": 6.427446588894048,
        "condi_4": true
    },
    {
        "symbol": "TWLO_US",
        "rank_value": 1.5048190580105474,
        "volume": 825752121.4,
        "adr": 5.547903625237738,
        "condi_4": true
    },
    {
        "symbol": "NNOX_US",
        "rank_value": 1.4946188340807174,
        "volume": 131679944.02199998,
        "adr": 16.914447663768172,
        "condi_4": true
    },
    {
        "symbol": "PAYC_US",
        "rank_value": 1.4457358490566037,
        "volume": 121989564.852,
        "adr": 3.934784423570803,
        "condi_4": true
    },
    {
        "symbol": "ROKU_US",
        "rank_value": 1.418687317506665,
        "volume": 1523894408.25,
        "adr": 4.973065145249755,
        "condi_4": true
    },
    {
        "symbol": "FSLR_US",
        "rank_value": 1.409106182795699,
        "volume": 187681149.26200002,
        "adr": 5.337279024365915,
        "condi_4": true
    },
    {
        "symbol": "IVZ_US",
        "rank_value": 1.4018126888217524,
        "volume": 111669628.824,
        "adr": 4.4473601318959055,
        "condi_4": true
    },
    {
        "symbol": "DDOG_US",
        "rank_value": 1.3956646318674475,
        "volume": 545575994.8939999,
        "adr": 7.108050807738531,
        "condi_4": true
    },
    {
        "symbol": "U_US",
        "rank_value": 1.3907692307692308,
        "volume": 214200594.24,
        "adr": 8.89794535683841,
        "condi_4": true
    },
    {
        "symbol": "BILL_US",
        "rank_value": 1.386757499701207,
        "volume": 111840481.584,
        "adr": 4.345670291954962,
        "condi_4": true
    },
    {
        "symbol": "BIGC_US",
        "rank_value": 1.3789173789173788,
        "volume": 152733643.92,
        "adr": 8.921080659963977,
        "condi_4": true
    },
    {
        "symbol": "CVNA_US",
        "rank_value": 1.3782051282051282,
        "volume": 356915437.0,
        "adr": 7.585445177821848,
        "condi_4": true
    },
    {
        "symbol": "BEKE_US",
        "rank_value": 1.3759116893356989,
        "volume": 105563719.16,
        "adr": 7.9599178398626735,
        "condi_4": true
    },
    {
        "symbol": "SQ_US",
        "rank_value": 1.3656451496051583,
        "volume": 1341890161.95,
        "adr": 4.495458156950494,
        "condi_4": true
    },
    {
        "symbol": "ETSY_US",
        "rank_value": 1.3617196809973418,
        "volume": 371784790.03000003,
        "adr": 5.360770490417854,
        "condi_4": true
    },
    {
        "symbol": "ARRY_US",
        "rank_value": 1.359724612736661,
        "volume": 257326903.425,
        "adr": 3.582255968852044,
        "condi_4": true
    },
    {
        "symbol": "CHWY_US",
        "rank_value": 1.3578536585365855,
        "volume": 213364557.9675,
        "adr": 5.1599008846429095,
        "condi_4": true
    },
    {
        "symbol": "AYX_US",
        "rank_value": 1.356328502415459,
        "volume": 209855304.363,
        "adr": 6.146655962798642,
        "condi_4": true
    },
    {
        "symbol": "UTX_US",
        "rank_value": 1.3554042306577805,
        "volume": 950956822.1374999,
        "adr": 12.586647686893482,
        "condi_4": true
    }
]