[
    {
        "symbol": "INPX_US",
        "rank_value": 60.333333333333336,
        "volume": 260410614.356,
        "adr": 52.65954111858135,
        "condi_4": true
    },
    {
        "symbol": "NIO_US",
        "rank_value": 1.7361702127659575,
        "volume": 493499791.704,
        "adr": 18.58520656368232,
        "condi_4": true
    },
    {
        "symbol": "BYND_US",
        "rank_value": 1.6831683168316833,
        "volume": 1619389748.925,
        "adr": 10.237484093134475,
        "condi_4": true
    },
    {
        "symbol": "SPCE_US",
        "rank_value": 1.670152091254753,
        "volume": 161966558.845,
        "adr": 9.986608451938617,
        "condi_4": true
    },
    {
        "symbol": "SDC_US",
        "rank_value": 1.66541822721598,
        "volume": 197799753.118,
        "adr": 12.213315082045394,
        "condi_4": true
    },
    {
        "symbol": "PCG_US",
        "rank_value": 1.408,
        "volume": 155971521.728,
        "adr": 6.527088081666754,
        "condi_4": true
    },
    {
        "symbol": "TSLA_US",
        "rank_value": 1.392757660167131,
        "volume": 7426655852.0,
        "adr": 5.280400570699961,
        "condi_4": true
    },
    {
        "symbol": "AYX_US",
        "rank_value": 1.383120888157895,
        "volume": 144489450.69000003,
        "adr": 4.4787766474031265,
        "condi_4": true
    },
    {
        "symbol": "BBBY_US",
        "rank_value": 1.2736,
        "volume": 130575270.064,
        "adr": 6.488074741932315,
        "condi_4": true
    },
    {
        "symbol": "TEAM_US",
        "rank_value": 1.2587594082533091,
        "volume": 217259727.0,
        "adr": 3.974110070964043,
        "condi_4": true
    },
    {
        "symbol": "GRUB_US",
        "rank_value": 1.2577365163572058,
        "volume": 178854242.26999998,
        "adr": 5.379694817837022,
        "condi_4": true
    },
    {
        "symbol": "TWLO_US",
        "rank_value": 1.2568281098465695,
        "volume": 293195224.66,
        "adr": 3.663806606398534,
        "condi_4": true
    },
    {
        "symbol": "UBER_US",
        "rank_value": 1.256401384083045,
        "volume": 837726756.853,
        "adr": 4.090660812725289,
        "condi_4": true
    }
]