[
    {
        "symbol": "ACB_US",
        "rank_value": 22.530303030303028,
        "volume": 380845657.0645,
        "adr": 18.320447308965782,
        "condi_4": true
    },
    {
        "symbol": "MARK_US",
        "rank_value": 4.986301369863014,
        "volume": 115514489.181,
        "adr": 40.066080809052494,
        "condi_4": true
    },
    {
        "symbol": "MGNX_US",
        "rank_value": 4.18,
        "volume": 181355255.66399997,
        "adr": 28.93653741592137,
        "condi_4": true
    },
    {
        "symbol": "NVAX_US",
        "rank_value": 3.172455819622182,
        "volume": 578111970.485,
        "adr": 20.15971602800355,
        "condi_4": true
    },
    {
        "symbol": "PTLA_US",
        "rank_value": 2.8757281553398064,
        "volume": 148969343.4456,
        "adr": 5.014502692682177,
        "condi_4": true
    },
    {
        "symbol": "OSTK_US",
        "rank_value": 2.4623803009575926,
        "volume": 105639739.2,
        "adr": 19.74009083444963,
        "condi_4": true
    },
    {
        "symbol": "SRNE_US",
        "rank_value": 2.3990825688073394,
        "volume": 257608909.81100005,
        "adr": 28.242518953434683,
        "condi_4": true
    },
    {
        "symbol": "FSLY_US",
        "rank_value": 1.975609756097561,
        "volume": 133279325.77499999,
        "adr": 11.241704570661227,
        "condi_4": true
    },
    {
        "symbol": "MYOK_US",
        "rank_value": 1.8964755826542823,
        "volume": 105389567.10000001,
        "adr": 10.325714446387169,
        "condi_4": true
    },
    {
        "symbol": "W_US",
        "rank_value": 1.8403409090909089,
        "volume": 658202858.25,
        "adr": 12.070164071976874,
        "condi_4": true
    },
    {
        "symbol": "DDOG_US",
        "rank_value": 1.8379653906659672,
        "volume": 327787217.955,
        "adr": 7.494699313890352,
        "condi_4": true
    },
    {
        "symbol": "TWLO_US",
        "rank_value": 1.8231251867343892,
        "volume": 967862612.745,
        "adr": 8.0815112389224,
        "condi_4": true
    },
    {
        "symbol": "INO_US",
        "rank_value": 1.820434375869131,
        "volume": 645435609.12,
        "adr": 17.299710595730964,
        "condi_4": true
    },
    {
        "symbol": "DKNG_US",
        "rank_value": 1.819987585350714,
        "volume": 247334281.268,
        "adr": 13.27061641129088,
        "condi_4": true
    },
    {
        "symbol": "QDEL_US",
        "rank_value": 1.773663133097762,
        "volume": 164792918.01,
        "adr": 9.262310257202344,
        "condi_4": true
    },
    {
        "symbol": "CHGG_US",
        "rank_value": 1.7463498425422272,
        "volume": 297184997.2,
        "adr": 7.460698017701151,
        "condi_4": true
    },
    {
        "symbol": "CODX_US",
        "rank_value": 1.7057745187901008,
        "volume": 197464857.155,
        "adr": 19.828196038309787,
        "condi_4": true
    },
    {
        "symbol": "IMMU_US",
        "rank_value": 1.6752395360564802,
        "volume": 164477867.4,
        "adr": 8.94906217169369,
        "condi_4": true
    },
    {
        "symbol": "LVGO_US",
        "rank_value": 1.6730245231607628,
        "volume": 156170629.84,
        "adr": 9.1344027797303,
        "condi_4": true
    },
    {
        "symbol": "HAL_US",
        "rank_value": 1.671641791044776,
        "volume": 315870380.56,
        "adr": 9.658522541146253,
        "condi_4": true
    },
    {
        "symbol": "WIX_US",
        "rank_value": 1.568062827225131,
        "volume": 171245867.344,
        "adr": 6.0462281346262525,
        "condi_4": true
    },
    {
        "symbol": "MRNA_US",
        "rank_value": 1.562514497796335,
        "volume": 1320670509.8639998,
        "adr": 12.919053478409692,
        "condi_4": true
    },
    {
        "symbol": "TREX_US",
        "rank_value": 1.5548302872062663,
        "volume": 100381457.94,
        "adr": 6.587707753796468,
        "condi_4": true
    },
    {
        "symbol": "APA_US",
        "rank_value": 1.5253333333333332,
        "volume": 258819110.83599997,
        "adr": 13.794739671530753,
        "condi_4": true
    }
]