[
    {
        "symbol": "MGNX_US",
        "rank_value": 5.14,
        "volume": 185501190.35500002,
        "adr": 29.80876911635997,
        "condi_4": true
    },
    {
        "symbol": "W_US",
        "rank_value": 2.2093023255813953,
        "volume": 712356454.8100001,
        "adr": 12.209675282285737,
        "condi_4": true
    },
    {
        "symbol": "NKLA_US",
        "rank_value": 1.9567137809187278,
        "volume": 124334174.14999999,
        "adr": 14.086158015440287,
        "condi_4": true
    },
    {
        "symbol": "VTIQ_US",
        "rank_value": 1.9567137809187278,
        "volume": 124334174.14999999,
        "adr": 14.086158015440287,
        "condi_4": true
    },
    {
        "symbol": "CHGG_US",
        "rank_value": 1.9083882049813912,
        "volume": 307127167.54499996,
        "adr": 7.1123665098596245,
        "condi_4": true
    },
    {
        "symbol": "TWLO_US",
        "rank_value": 1.8816850911263818,
        "volume": 977890428.51,
        "adr": 8.227708849499905,
        "condi_4": true
    },
    {
        "symbol": "INO_US",
        "rank_value": 1.8601398601398602,
        "volume": 607637072.735,
        "adr": 18.40531289591314,
        "condi_4": true
    },
    {
        "symbol": "BYND_US",
        "rank_value": 1.8374485596707817,
        "volume": 1576184385.7649999,
        "adr": 12.081189108012591,
        "condi_4": true
    },
    {
        "symbol": "CODX_US",
        "rank_value": 1.773684210526316,
        "volume": 182904251.9875,
        "adr": 20.07654103326484,
        "condi_4": true
    },
    {
        "symbol": "DDOG_US",
        "rank_value": 1.7658626114315676,
        "volume": 309603171.5175,
        "adr": 7.7079296074747505,
        "condi_4": true
    },
    {
        "symbol": "LVGO_US",
        "rank_value": 1.6569606211869106,
        "volume": 156950030.3125,
        "adr": 9.21008614035852,
        "condi_4": true
    },
    {
        "symbol": "HAL_US",
        "rank_value": 1.5053598774885144,
        "volume": 281608454.953,
        "adr": 10.282106959473204,
        "condi_4": true
    },
    {
        "symbol": "DVN_US",
        "rank_value": 1.488139825218477,
        "volume": 104852425.844,
        "adr": 9.925585627110989,
        "condi_4": true
    }
]