[
    {
        "symbol": "NVUS_US",
        "rank_value": 46.94291509707331,
        "volume": 166423355.73,
        "adr": 16.64237665319943,
        "condi_4": true
    },
    {
        "symbol": "JE_US",
        "rank_value": 30.504479019330503,
        "volume": 362663770.51,
        "adr": 50.99577407093767,
        "condi_4": true
    },
    {
        "symbol": "MRNS_US",
        "rank_value": 7.673575129533679,
        "volume": 151947121.131,
        "adr": 13.163572074709107,
        "condi_4": true
    },
    {
        "symbol": "SPI_US",
        "rank_value": 7.262051915945611,
        "volume": 164980691.325,
        "adr": 239.71351591671365,
        "condi_4": true
    },
    {
        "symbol": "WWR_US",
        "rank_value": 6.147540983606557,
        "volume": 251201020.125,
        "adr": 56.89567226658687,
        "condi_4": true
    },
    {
        "symbol": "PLL_US",
        "rank_value": 5.792163543441227,
        "volume": 164568221.2,
        "adr": 29.664903189687042,
        "condi_4": true
    },
    {
        "symbol": "SUNW_US",
        "rank_value": 5.316666666666666,
        "volume": 109700208.35949999,
        "adr": 92.35263881548104,
        "condi_4": true
    },
    {
        "symbol": "SAVA_US",
        "rank_value": 3.662420382165605,
        "volume": 119333746.825,
        "adr": 16.394916152969884,
        "condi_4": true
    },
    {
        "symbol": "JKS_US",
        "rank_value": 2.846855496879501,
        "volume": 457478979.235,
        "adr": 10.98567634063199,
        "condi_4": true
    },
    {
        "symbol": "LK_US",
        "rank_value": 2.064935064935065,
        "volume": 198791688.52800003,
        "adr": 29.12297405710205,
        "condi_4": true
    },
    {
        "symbol": "GME_US",
        "rank_value": 2.0272742759795572,
        "volume": 193531152.55854002,
        "adr": 15.503149738757083,
        "condi_4": true
    },
    {
        "symbol": "LAC_US",
        "rank_value": 1.9907975460122702,
        "volume": 112271428.98400001,
        "adr": 19.394425354724998,
        "condi_4": true
    },
    {
        "symbol": "VSLR_US",
        "rank_value": 1.857451403887689,
        "volume": 111232331.2,
        "adr": 7.61046406019541,
        "condi_4": true
    },
    {
        "symbol": "BBBY_US",
        "rank_value": 1.8513659793814432,
        "volume": 302101888.06108505,
        "adr": 8.549862980990053,
        "condi_4": true
    },
    {
        "symbol": "QDEL_US",
        "rank_value": 1.7609756097560976,
        "volume": 231240765.6375,
        "adr": 7.287969072787193,
        "condi_4": true
    },
    {
        "symbol": "SPWR_US",
        "rank_value": 1.7079150862339951,
        "volume": 134078253.92500001,
        "adr": 9.958113742803043,
        "condi_4": true
    },
    {
        "symbol": "FSLY_US",
        "rank_value": 1.7053354890864996,
        "volume": 828904727.6819999,
        "adr": 8.258799290551465,
        "condi_4": true
    },
    {
        "symbol": "SEDG_US",
        "rank_value": 1.6667601997867445,
        "volume": 311312727.0,
        "adr": 7.420647337994746,
        "condi_4": true
    },
    {
        "symbol": "BE_US",
        "rank_value": 1.6533834586466163,
        "volume": 140973229.21949998,
        "adr": 11.831453656572034,
        "condi_4": true
    },
    {
        "symbol": "PLUG_US",
        "rank_value": 1.6435185185185184,
        "volume": 485654648.1875,
        "adr": 9.579990341791289,
        "condi_4": true
    },
    {
        "symbol": "NVTA_US",
        "rank_value": 1.6244954701655734,
        "volume": 148464440.30799,
        "adr": 7.91169479838596,
        "condi_4": true
    },
    {
        "symbol": "ENPH_US",
        "rank_value": 1.6241433021806853,
        "volume": 333677591.5945,
        "adr": 7.286554525061373,
        "condi_4": true
    },
    {
        "symbol": "KODK_US",
        "rank_value": 1.6168421052631579,
        "volume": 311214376.8,
        "adr": 16.33141176602524,
        "condi_4": true
    },
    {
        "symbol": "NNOX_US",
        "rank_value": 1.6143497757847534,
        "volume": 211249488.6,
        "adr": 23.777570653927715,
        "condi_4": true
    },
    {
        "symbol": "SHLL_US",
        "rank_value": 1.58837699488106,
        "volume": 326494481.8375,
        "adr": 16.75419373910849,
        "condi_4": true
    },
    {
        "symbol": "NVCR_US",
        "rank_value": 1.524114285714286,
        "volume": 146386858.18400002,
        "adr": 5.484612969679459,
        "condi_4": true
    },
    {
        "symbol": "BNTX_US",
        "rank_value": 1.5099472878762115,
        "volume": 177025255.32,
        "adr": 6.156357936846768,
        "condi_4": true
    },
    {
        "symbol": "EXAS_US",
        "rank_value": 1.4992226148409893,
        "volume": 214376363.9695,
        "adr": 6.096288239295733,
        "condi_4": true
    },
    {
        "symbol": "NKLA_US",
        "rank_value": 1.490402476780186,
        "volume": 988131082.6609999,
        "adr": 17.520061511878836,
        "condi_4": true
    },
    {
        "symbol": "VXRT_US",
        "rank_value": 1.4879832810867293,
        "volume": 136415952.568,
        "adr": 15.044556714302871,
        "condi_4": true
    },
    {
        "symbol": "ROKU_US",
        "rank_value": 1.4534792294587866,
        "volume": 1930318552.6345003,
        "adr": 5.592001302214222,
        "condi_4": true
    },
    {
        "symbol": "BYND_US",
        "rank_value": 1.4533786334465837,
        "volume": 860463276.7499999,
        "adr": 6.057018315598173,
        "condi_4": true
    },
    {
        "symbol": "GSX_US",
        "rank_value": 1.4415179128698041,
        "volume": 280008859.72,
        "adr": 6.638232824364176,
        "condi_4": true
    },
    {
        "symbol": "DDOG_US",
        "rank_value": 1.4342958911080015,
        "volume": 632367913.65,
        "adr": 6.859580523007014,
        "condi_4": true
    },
    {
        "symbol": "AYX_US",
        "rank_value": 1.429951690821256,
        "volume": 216067286.8,
        "adr": 6.261724601861185,
        "condi_4": true
    },
    {
        "symbol": "ETSY_US",
        "rank_value": 1.4145002888503755,
        "volume": 499086288.0225,
        "adr": 5.362899658690701,
        "condi_4": true
    },
    {
        "symbol": "PAYC_US",
        "rank_value": 1.3929751281564455,
        "volume": 126240025.57199998,
        "adr": 4.090761646873942,
        "condi_4": true
    },
    {
        "symbol": "SPCE_US",
        "rank_value": 1.3847184986595173,
        "volume": 282720428.133,
        "adr": 7.671398367531679,
        "condi_4": true
    },
    {
        "symbol": "SQ_US",
        "rank_value": 1.3841054670043202,
        "volume": 1586997844.5770001,
        "adr": 5.211202377885216,
        "condi_4": true
    },
    {
        "symbol": "UTX_US",
        "rank_value": 1.3554042306577805,
        "volume": 950956822.1374999,
        "adr": 12.586647686893482,
        "condi_4": true
    }
]