[
    {
        "symbol": "CODX_US",
        "rank_value": 6.247578457962031,
        "volume": 210035401.89000002,
        "adr": 43.09217182050242,
        "condi_4": true
    },
    {
        "symbol": "APT_US",
        "rank_value": 4.45119305856833,
        "volume": 162446673.366,
        "adr": 36.51612783855154,
        "condi_4": true
    },
    {
        "symbol": "S_US",
        "rank_value": 2.1948356807511735,
        "volume": 379008961.8975,
        "adr": 9.342718659527272,
        "condi_4": true
    },
    {
        "symbol": "TCO_US",
        "rank_value": 1.9839939024390245,
        "volume": 283029000.34400004,
        "adr": 5.27678394747686,
        "condi_4": true
    },
    {
        "symbol": "STMP_US",
        "rank_value": 1.9293136450642605,
        "volume": 127934933.24150002,
        "adr": 9.27463065997709,
        "condi_4": true
    },
    {
        "symbol": "ENPH_US",
        "rank_value": 1.596774193548387,
        "volume": 391041565.2,
        "adr": 9.56480608466208,
        "condi_4": true
    },
    {
        "symbol": "SPCE_US",
        "rank_value": 1.5229191797346202,
        "volume": 892839447.0250001,
        "adr": 20.13723331989108,
        "condi_4": true
    },
    {
        "symbol": "LK_US",
        "rank_value": 1.4863551401869157,
        "volume": 720202944.5239999,
        "adr": 11.232038067434047,
        "condi_4": true
    },
    {
        "symbol": "ZM_US",
        "rank_value": 1.4842795556990998,
        "volume": 645699573.365,
        "adr": 8.194047011725747,
        "condi_4": true
    },
    {
        "symbol": "MRNA_US",
        "rank_value": 1.3958682300390843,
        "volume": 382413121.25,
        "adr": 15.314092628990593,
        "condi_4": true
    },
    {
        "symbol": "REGN_US",
        "rank_value": 1.3829180952380953,
        "volume": 424671522.2915,
        "adr": 4.660872331956201,
        "condi_4": true
    },
    {
        "symbol": "SEDG_US",
        "rank_value": 1.295440414507772,
        "volume": 177717485.0115,
        "adr": 6.801143390158271,
        "condi_4": true
    },
    {
        "symbol": "GSX_US",
        "rank_value": 1.2952076677316293,
        "volume": 141135812.083,
        "adr": 10.17363717692714,
        "condi_4": true
    },
    {
        "symbol": "TDOC_US",
        "rank_value": 1.2695757331452182,
        "volume": 225195681.279,
        "adr": 7.4296539407658235,
        "condi_4": true
    },
    {
        "symbol": "DPZ_US",
        "rank_value": 1.2568868483412323,
        "volume": 334186794.414,
        "adr": 4.327575698305552,
        "condi_4": true
    },
    {
        "symbol": "BILI_US",
        "rank_value": 1.2463907603464868,
        "volume": 171509346.75,
        "adr": 6.966409881376534,
        "condi_4": true
    },
    {
        "symbol": "Z_US",
        "rank_value": 1.229991204925242,
        "volume": 184946903.664,
        "adr": 5.853563453666011,
        "condi_4": true
    },
    {
        "symbol": "W_US",
        "rank_value": 1.2116027475672584,
        "volume": 146911034.180595,
        "adr": 7.034859564123508,
        "condi_4": true
    }
]