[
    {
        "symbol": "APRN_US",
        "rank_value": 6.019900497512438,
        "volume": 101931851.39499998,
        "adr": 51.74070890165299,
        "condi_4": true
    },
    {
        "symbol": "PENN_US",
        "rank_value": 2.5866933333333337,
        "volume": 119643331.35369001,
        "adr": 37.676653438237786,
        "condi_4": true
    },
    {
        "symbol": "W_US",
        "rank_value": 2.327188940092166,
        "volume": 230478411.97500002,
        "adr": 22.261305873798488,
        "condi_4": true
    },
    {
        "symbol": "NBL_US",
        "rank_value": 2.2747252747252746,
        "volume": 109239342.7545,
        "adr": 26.156301538767778,
        "condi_4": true
    },
    {
        "symbol": "FANG_US",
        "rank_value": 2.1587697594501716,
        "volume": 205108444.56806502,
        "adr": 22.912281876826146,
        "condi_4": true
    },
    {
        "symbol": "CVNA_US",
        "rank_value": 2.0812274368231045,
        "volume": 207052827.52199998,
        "adr": 26.00903439593094,
        "condi_4": true
    },
    {
        "symbol": "APT_US",
        "rank_value": 2.0588235294117645,
        "volume": 109752535.46249999,
        "adr": 30.378505399791166,
        "condi_4": true
    },
    {
        "symbol": "CNQ_US",
        "rank_value": 1.9910581222056631,
        "volume": 125347007.628,
        "adr": 20.236671551211316,
        "condi_4": true
    },
    {
        "symbol": "CZR_US",
        "rank_value": 1.950310559006211,
        "volume": 166436113.53800002,
        "adr": 25.119551500645354,
        "condi_4": true
    },
    {
        "symbol": "PE_US",
        "rank_value": 1.844387755102041,
        "volume": 105806710.554,
        "adr": 22.989670146143148,
        "condi_4": true
    },
    {
        "symbol": "ZS_US",
        "rank_value": 1.8114285714285714,
        "volume": 213417216.31,
        "adr": 10.554371264546237,
        "condi_4": true
    },
    {
        "symbol": "RDS.B_US",
        "rank_value": 1.7978113600833767,
        "volume": 435686822.475,
        "adr": 12.272654456057698,
        "condi_4": true
    },
    {
        "symbol": "DVN_US",
        "rank_value": 1.7829787234042553,
        "volume": 126428839.18700002,
        "adr": 20.7122409547009,
        "condi_4": true
    },
    {
        "symbol": "MGM_US",
        "rank_value": 1.7779359671869968,
        "volume": 349018006.677,
        "adr": 26.13153980547589,
        "condi_4": true
    },
    {
        "symbol": "HAL_US",
        "rank_value": 1.776470588235294,
        "volume": 302810546.48249996,
        "adr": 21.501576653652,
        "condi_4": true
    },
    {
        "symbol": "OKE_US",
        "rank_value": 1.761513157894737,
        "volume": 211947655.94100004,
        "adr": 26.529424569000604,
        "condi_4": true
    },
    {
        "symbol": "DRI_US",
        "rank_value": 1.7235181644359465,
        "volume": 233884626.466,
        "adr": 21.883483701649276,
        "condi_4": true
    },
    {
        "symbol": "RDS.A_US",
        "rank_value": 1.7167725241119738,
        "volume": 449755960.5955,
        "adr": 11.831093831006578,
        "condi_4": true
    },
    {
        "symbol": "HIG_US",
        "rank_value": 1.6990546218487397,
        "volume": 133039125.905,
        "adr": 14.387858917808138,
        "condi_4": true
    },
    {
        "symbol": "SU_US",
        "rank_value": 1.6949505465903176,
        "volume": 225563812.69400004,
        "adr": 16.960839504787174,
        "condi_4": true
    }
]