[
    {
        "symbol": "OVV_US",
        "rank_value": 4.572972972972973,
        "volume": 237187133.532,
        "adr": 10.96177089911552,
        "condi_4": true
    },
    {
        "symbol": "SPCE_US",
        "rank_value": 1.755703422053232,
        "volume": 206476736.7395,
        "adr": 10.74048645372474,
        "condi_4": true
    },
    {
        "symbol": "PCG_US",
        "rank_value": 1.693,
        "volume": 218937154.1895,
        "adr": 7.840178074253679,
        "condi_4": true
    },
    {
        "symbol": "GSX_US",
        "rank_value": 1.646218487394958,
        "volume": 115941371.763,
        "adr": 9.265198963530242,
        "condi_4": true
    },
    {
        "symbol": "TSLA_US",
        "rank_value": 1.6375328722017193,
        "volume": 12996683914.5,
        "adr": 9.08332532209759,
        "condi_4": true
    },
    {
        "symbol": "SDC_US",
        "rank_value": 1.554585152838428,
        "volume": 185860792.568,
        "adr": 10.519843841636266,
        "condi_4": true
    },
    {
        "symbol": "BYND_US",
        "rank_value": 1.498390989541432,
        "volume": 1586901360.3,
        "adr": 11.151471676835856,
        "condi_4": true
    },
    {
        "symbol": "LB_US",
        "rank_value": 1.4023391812865496,
        "volume": 199691050.801,
        "adr": 4.64210660907538,
        "condi_4": true
    },
    {
        "symbol": "TEVA_US",
        "rank_value": 1.3827723901882485,
        "volume": 211047762.20399997,
        "adr": 5.2938723185143255,
        "condi_4": true
    },
    {
        "symbol": "NIO_US",
        "rank_value": 1.3678929765886285,
        "volume": 383858659.3655,
        "adr": 12.398944046642901,
        "condi_4": true
    },
    {
        "symbol": "LK_US",
        "rank_value": 1.3188785046728972,
        "volume": 804378095.892,
        "adr": 12.222743289222615,
        "condi_4": true
    },
    {
        "symbol": "TDOC_US",
        "rank_value": 1.3066490638502162,
        "volume": 129989538.88200001,
        "adr": 4.414285145853869,
        "condi_4": true
    },
    {
        "symbol": "AYX_US",
        "rank_value": 1.2830188679245282,
        "volume": 152630481.2,
        "adr": 4.6086406060283025,
        "condi_4": true
    },
    {
        "symbol": "TAL_US",
        "rank_value": 1.263145809414466,
        "volume": 252753539.33499998,
        "adr": 5.17746287977785,
        "condi_4": true
    },
    {
        "symbol": "TNDM_US",
        "rank_value": 1.2605042016806722,
        "volume": 107444613.75,
        "adr": 4.554527832070376,
        "condi_4": true
    },
    {
        "symbol": "BIIB_US",
        "rank_value": 1.2593893643260212,
        "volume": 534412257.85,
        "adr": 4.4526324096431535,
        "condi_4": true
    },
    {
        "symbol": "ZM_US",
        "rank_value": 1.255297679112008,
        "volume": 234255344.82,
        "adr": 4.902851975511635,
        "condi_4": true
    },
    {
        "symbol": "BBBY_US",
        "rank_value": 1.2496,
        "volume": 117718288.402,
        "adr": 5.156938705798342,
        "condi_4": true
    },
    {
        "symbol": "ALB_US",
        "rank_value": 1.249102140497055,
        "volume": 166672989.89249998,
        "adr": 3.5528662920395693,
        "condi_4": true
    },
    {
        "symbol": "ZS_US",
        "rank_value": 1.2488172043010752,
        "volume": 111998598.582,
        "adr": 4.613531158665274,
        "condi_4": true
    },
    {
        "symbol": "UBER_US",
        "rank_value": 1.2471332908163266,
        "volume": 985164127.9431751,
        "adr": 4.61214489568138,
        "condi_4": true
    }
]