[
    {
        "symbol": "ARVN_US",
        "rank_value": 3.159266523622099,
        "volume": 144722790.0,
        "adr": 14.60600119069635,
        "condi_4": true
    },
    {
        "symbol": "BLNK_US",
        "rank_value": 2.557901907356948,
        "volume": 585614871.9975,
        "adr": 20.337278741938313,
        "condi_4": true
    },
    {
        "symbol": "JMIA_US",
        "rank_value": 2.1201413427561837,
        "volume": 759280559.1,
        "adr": 18.47738953393725,
        "condi_4": true
    },
    {
        "symbol": "LK_US",
        "rank_value": 2.064935064935065,
        "volume": 198791688.52800003,
        "adr": 29.12297405710205,
        "condi_4": true
    },
    {
        "symbol": "FCEL_US",
        "rank_value": 2.0522657952069716,
        "volume": 757545501.415325,
        "adr": 22.650349603453314,
        "condi_4": true
    },
    {
        "symbol": "CIIC_US",
        "rank_value": 1.993103448275862,
        "volume": 200326875.61999997,
        "adr": 21.520645170068107,
        "condi_4": true
    },
    {
        "symbol": "FATE_US",
        "rank_value": 1.957544224765869,
        "volume": 127555128.13100001,
        "adr": 8.490794300322646,
        "condi_4": true
    },
    {
        "symbol": "VSLR_US",
        "rank_value": 1.857451403887689,
        "volume": 111232331.2,
        "adr": 7.61046406019541,
        "condi_4": true
    },
    {
        "symbol": "RIG_US",
        "rank_value": 1.8467741935483872,
        "volume": 121595979.49,
        "adr": 15.81356679687178,
        "condi_4": true
    },
    {
        "symbol": "RAD_US",
        "rank_value": 1.8311195445920305,
        "volume": 126845661.165,
        "adr": 10.175840767914002,
        "condi_4": true
    },
    {
        "symbol": "DQ_US",
        "rank_value": 1.6612641815235007,
        "volume": 128747525.55,
        "adr": 10.611655712912317,
        "condi_4": true
    },
    {
        "symbol": "X_US",
        "rank_value": 1.6097893097305516,
        "volume": 272125794.31,
        "adr": 9.066999446748113,
        "condi_4": true
    },
    {
        "symbol": "APPS_US",
        "rank_value": 1.6094839609483962,
        "volume": 207791418.175,
        "adr": 8.867064645664202,
        "condi_4": true
    },
    {
        "symbol": "WORK_US",
        "rank_value": 1.6071969696969697,
        "volume": 1533607029.8975,
        "adr": 5.491088884815221,
        "condi_4": true
    },
    {
        "symbol": "HTZ_US",
        "rank_value": 1.6038613861386137,
        "volume": 146224317.90433,
        "adr": 22.32959405133508,
        "condi_4": true
    },
    {
        "symbol": "SHLL_US",
        "rank_value": 1.58837699488106,
        "volume": 326494481.8375,
        "adr": 16.75419373910849,
        "condi_4": true
    },
    {
        "symbol": "SKLZ_US",
        "rank_value": 1.5812101910828025,
        "volume": 101470220.367,
        "adr": 13.767206502225093,
        "condi_4": true
    },
    {
        "symbol": "CLF_US",
        "rank_value": 1.5808656036446471,
        "volume": 188010714.83400002,
        "adr": 7.707378864886905,
        "condi_4": true
    },
    {
        "symbol": "MRNA_US",
        "rank_value": 1.5452513966480448,
        "volume": 4177553335.02,
        "adr": 12.629707749292262,
        "condi_4": true
    },
    {
        "symbol": "ETSY_US",
        "rank_value": 1.4922287968441814,
        "volume": 520597371.644,
        "adr": 5.351340835609486,
        "condi_4": true
    },
    {
        "symbol": "BE_US",
        "rank_value": 1.491891891891892,
        "volume": 178727564.64000002,
        "adr": 12.986749540447873,
        "condi_4": true
    },
    {
        "symbol": "JWN_US",
        "rank_value": 1.4817408704352177,
        "volume": 270541205.523,
        "adr": 7.525001004499865,
        "condi_4": true
    },
    {
        "symbol": "BILL_US",
        "rank_value": 1.4756042860702714,
        "volume": 186368096.346,
        "adr": 4.868828482791354,
        "condi_4": true
    }
]