[
    {
        "symbol": "MGEN_US",
        "rank_value": 33.644067796610166,
        "volume": 266759657.54800004,
        "adr": 30.816900373762724,
        "condi_4": true
    },
    {
        "symbol": "APVO_US",
        "rank_value": 6.716666666666666,
        "volume": 195233998.82999998,
        "adr": 48.24904796120504,
        "condi_4": true
    },
    {
        "symbol": "FPRX_US",
        "rank_value": 4.739336492890995,
        "volume": 113704411.0,
        "adr": 32.93781774517994,
        "condi_4": true
    },
    {
        "symbol": "SRRK_US",
        "rank_value": 2.907588279489106,
        "volume": 217326072.96,
        "adr": 20.549195629267313,
        "condi_4": true
    },
    {
        "symbol": "SOLO_US",
        "rank_value": 2.563265306122449,
        "volume": 122669231.70199999,
        "adr": 16.967981633274597,
        "condi_4": true
    },
    {
        "symbol": "XPEV_US",
        "rank_value": 2.514054054054054,
        "volume": 1574067528.9639997,
        "adr": 15.638700536898176,
        "condi_4": true
    },
    {
        "symbol": "LK_US",
        "rank_value": 2.064935064935065,
        "volume": 198791688.52800003,
        "adr": 29.12297405710205,
        "condi_4": true
    },
    {
        "symbol": "LI_US",
        "rank_value": 2.0558035714285716,
        "volume": 1023984538.2540002,
        "adr": 14.493731138595024,
        "condi_4": true
    },
    {
        "symbol": "NIO_US",
        "rank_value": 1.8695993715632364,
        "volume": 9506611129.119999,
        "adr": 11.770297732791079,
        "condi_4": true
    },
    {
        "symbol": "VSLR_US",
        "rank_value": 1.857451403887689,
        "volume": 111232331.2,
        "adr": 7.61046406019541,
        "condi_4": true
    },
    {
        "symbol": "CNK_US",
        "rank_value": 1.82687338501292,
        "volume": 147788953.97,
        "adr": 12.251702563149669,
        "condi_4": true
    },
    {
        "symbol": "ACB_US",
        "rank_value": 1.8221024258760108,
        "volume": 404395608.99399996,
        "adr": 22.616169096568406,
        "condi_4": true
    },
    {
        "symbol": "PLUG_US",
        "rank_value": 1.7494521548575603,
        "volume": 772472850.615,
        "adr": 10.800550642811446,
        "condi_4": true
    },
    {
        "symbol": "GRWG_US",
        "rank_value": 1.667929292929293,
        "volume": 129674393.01,
        "adr": 13.94597952742831,
        "condi_4": true
    },
    {
        "symbol": "PDD_US",
        "rank_value": 1.6597590361445782,
        "volume": 1082219147.688,
        "adr": 8.928710753396762,
        "condi_4": true
    },
    {
        "symbol": "FTCH_US",
        "rank_value": 1.6384180790960452,
        "volume": 258896237.775,
        "adr": 10.510930421588593,
        "condi_4": true
    },
    {
        "symbol": "HTZ_US",
        "rank_value": 1.6038613861386137,
        "volume": 146224317.90433,
        "adr": 22.32959405133508,
        "condi_4": true
    },
    {
        "symbol": "SHLL_US",
        "rank_value": 1.58837699488106,
        "volume": 326494481.8375,
        "adr": 16.75419373910849,
        "condi_4": true
    },
    {
        "symbol": "APPS_US",
        "rank_value": 1.4382422802850354,
        "volume": 133720862.77199998,
        "adr": 10.662978894205931,
        "condi_4": true
    }
]