[
    {
        "symbol": "SPCE_US",
        "rank_value": 2.1921341070277243,
        "volume": 926286435.8,
        "adr": 15.122253267044773,
        "condi_4": true
    },
    {
        "symbol": "TCO_US",
        "rank_value": 2.0232469512195124,
        "volume": 224623999.70550004,
        "adr": 6.061688357938744,
        "condi_4": true
    },
    {
        "symbol": "ENPH_US",
        "rank_value": 1.977573904179409,
        "volume": 404931930.06,
        "adr": 8.251421642501322,
        "condi_4": true
    },
    {
        "symbol": "TSLA_US",
        "rank_value": 1.7568101065929727,
        "volume": 14164678098.5,
        "adr": 10.110190816856,
        "condi_4": true
    },
    {
        "symbol": "LK_US",
        "rank_value": 1.5121495327102805,
        "volume": 846821884.6225001,
        "adr": 11.116627171932713,
        "condi_4": true
    },
    {
        "symbol": "ZM_US",
        "rank_value": 1.4873327640193565,
        "volume": 358827899.09999996,
        "adr": 5.738678728925661,
        "condi_4": true
    },
    {
        "symbol": "GSX_US",
        "rank_value": 1.4750173490631504,
        "volume": 136833258.237,
        "adr": 10.85935282978976,
        "condi_4": true
    },
    {
        "symbol": "CVNA_US",
        "rank_value": 1.4179687500000002,
        "volume": 141043424.94000003,
        "adr": 5.784416432330364,
        "condi_4": true
    },
    {
        "symbol": "TEVA_US",
        "rank_value": 1.387840670859539,
        "volume": 293775021.068,
        "adr": 5.850425974876705,
        "condi_4": true
    },
    {
        "symbol": "WORK_US",
        "rank_value": 1.3823232323232324,
        "volume": 335848961.8365,
        "adr": 6.411152364379236,
        "condi_4": true
    },
    {
        "symbol": "BILI_US",
        "rank_value": 1.3592375366568914,
        "volume": 152194630.104,
        "adr": 6.383198444485094,
        "condi_4": true
    },
    {
        "symbol": "TNDM_US",
        "rank_value": 1.3533948283683654,
        "volume": 132607321.47500001,
        "adr": 4.873417828782811,
        "condi_4": true
    },
    {
        "symbol": "TAL_US",
        "rank_value": 1.3423650975889783,
        "volume": 222735917.605,
        "adr": 4.792343368680951,
        "condi_4": true
    },
    {
        "symbol": "NVDA_US",
        "rank_value": 1.3219652930284633,
        "volume": 2660990101.3999996,
        "adr": 4.21505925814627,
        "condi_4": true
    },
    {
        "symbol": "NLOK_US",
        "rank_value": 1.300375469336671,
        "volume": 186163831.791,
        "adr": 3.907026743657238,
        "condi_4": true
    },
    {
        "symbol": "RNG_US",
        "rank_value": 1.2803169439051267,
        "volume": 203082697.5975,
        "adr": 3.690995490998672,
        "condi_4": true
    },
    {
        "symbol": "ZNGA_US",
        "rank_value": 1.2768035714285715,
        "volume": 184566798.29772,
        "adr": 4.336087910634179,
        "condi_4": true
    }
]