[
    {
        "symbol": "INPX_US",
        "rank_value": 53.917050691244235,
        "volume": 246241965.93749997,
        "adr": 52.24322222209415,
        "condi_4": true
    },
    {
        "symbol": "OVV_US",
        "rank_value": 4.662162162162162,
        "volume": 312326852.625,
        "adr": 10.940695675114775,
        "condi_4": true
    },
    {
        "symbol": "NIO_US",
        "rank_value": 1.7617021276595743,
        "volume": 502894179.7739999,
        "adr": 18.617330777308318,
        "condi_4": true
    },
    {
        "symbol": "SPCE_US",
        "rank_value": 1.6891634980988592,
        "volume": 167093117.209,
        "adr": 9.733815693849234,
        "condi_4": true
    },
    {
        "symbol": "SDC_US",
        "rank_value": 1.6254681647940075,
        "volume": 194626964.301,
        "adr": 12.22212063129211,
        "condi_4": true
    },
    {
        "symbol": "BYND_US",
        "rank_value": 1.5912598156367361,
        "volume": 1577445487.86,
        "adr": 10.634881635131954,
        "condi_4": true
    },
    {
        "symbol": "BBBY_US",
        "rank_value": 1.284,
        "volume": 131399457.705,
        "adr": 6.539402130735028,
        "condi_4": true
    },
    {
        "symbol": "GRUB_US",
        "rank_value": 1.2645888594164456,
        "volume": 178338899.41950002,
        "adr": 5.0385236484649765,
        "condi_4": true
    }
]