[
    {
        "symbol": "TLRY_US",
        "rank_value": 2.757201646090535,
        "volume": 103366291.825,
        "adr": 34.877353289033344,
        "condi_4": true
    },
    {
        "symbol": "CVNA_US",
        "rank_value": 2.4481046931407944,
        "volume": 245822531.32500002,
        "adr": 25.753102997849652,
        "condi_4": true
    },
    {
        "symbol": "W_US",
        "rank_value": 2.4193548387096775,
        "volume": 228307461.375,
        "adr": 21.121190068685337,
        "condi_4": true
    },
    {
        "symbol": "ERI_US",
        "rank_value": 2.292358803986711,
        "volume": 103235884.56,
        "adr": 34.68142984463687,
        "condi_4": true
    },
    {
        "symbol": "WEN_US",
        "rank_value": 2.1700879765395893,
        "volume": 100859168.02000001,
        "adr": 17.60704398691775,
        "condi_4": true
    },
    {
        "symbol": "USFD_US",
        "rank_value": 2.128605769230769,
        "volume": 100821228.00750001,
        "adr": 21.3730512283985,
        "condi_4": true
    },
    {
        "symbol": "LYV_US",
        "rank_value": 2.055299539170507,
        "volume": 340809633.36,
        "adr": 17.791567459240774,
        "condi_4": true
    },
    {
        "symbol": "PLNT_US",
        "rank_value": 2.0488010096760623,
        "volume": 176432371.31,
        "adr": 19.04741060320645,
        "condi_4": true
    },
    {
        "symbol": "CZR_US",
        "rank_value": 2.040372670807453,
        "volume": 190108554.5385,
        "adr": 24.549642423203764,
        "condi_4": true
    },
    {
        "symbol": "ARMK_US",
        "rank_value": 2.0207253886010363,
        "volume": 112255130.32499999,
        "adr": 24.011184750477387,
        "condi_4": true
    },
    {
        "symbol": "DRI_US",
        "rank_value": 1.994263862332696,
        "volume": 251525728.86,
        "adr": 20.8777021052164,
        "condi_4": true
    },
    {
        "symbol": "UBER_US",
        "rank_value": 1.983953318745441,
        "volume": 1290574441.2,
        "adr": 15.742886686346136,
        "condi_4": true
    },
    {
        "symbol": "INO_US",
        "rank_value": 1.968668407310705,
        "volume": 423997193.23,
        "adr": 40.41641880660376,
        "condi_4": true
    },
    {
        "symbol": "MGM_US",
        "rank_value": 1.9491364553143167,
        "volume": 363038722.98101,
        "adr": 25.43352429135737,
        "condi_4": true
    },
    {
        "symbol": "VTR_US",
        "rank_value": 1.934807043836643,
        "volume": 195309357.157,
        "adr": 21.60490759303628,
        "condi_4": true
    },
    {
        "symbol": "WELL_US",
        "rank_value": 1.8862793572311496,
        "volume": 271578439.335,
        "adr": 17.320900760033876,
        "condi_4": true
    },
    {
        "symbol": "HIG_US",
        "rank_value": 1.8508403361344539,
        "volume": 139572442.62,
        "adr": 14.202330113060157,
        "condi_4": true
    }
]