[
    {
        "symbol": "SHIP_US",
        "rank_value": 11.133333333333333,
        "volume": 154872481.45949998,
        "adr": 73.84681550884575,
        "condi_4": true
    },
    {
        "symbol": "VXRT_US",
        "rank_value": 6.731914893617021,
        "volume": 858638922.568,
        "adr": 38.52568028084515,
        "condi_4": true
    },
    {
        "symbol": "WIMI_US",
        "rank_value": 5.22189349112426,
        "volume": 195098233.895,
        "adr": 40.923907258924544,
        "condi_4": true
    },
    {
        "symbol": "ALT_US",
        "rank_value": 3.866279069767442,
        "volume": 211155983.01,
        "adr": 36.01320145434694,
        "condi_4": true
    },
    {
        "symbol": "WKHS_US",
        "rank_value": 3.8431372549019605,
        "volume": 835245383.056,
        "adr": 27.093417450171042,
        "condi_4": true
    },
    {
        "symbol": "SHLL_US",
        "rank_value": 2.2593320235756384,
        "volume": 212656041.54999998,
        "adr": 19.352177177731058,
        "condi_4": true
    },
    {
        "symbol": "OSTK_US",
        "rank_value": 2.0990783410138247,
        "volume": 212042715.645,
        "adr": 13.164822332865157,
        "condi_4": true
    },
    {
        "symbol": "LK_US",
        "rank_value": 2.064935064935065,
        "volume": 198791688.52800003,
        "adr": 29.12297405710205,
        "condi_4": true
    },
    {
        "symbol": "NVTA_US",
        "rank_value": 1.9857735625370478,
        "volume": 148810004.95000002,
        "adr": 10.715820971766332,
        "condi_4": true
    },
    {
        "symbol": "NIO_US",
        "rank_value": 1.9707692307692308,
        "volume": 2300823439.257,
        "adr": 13.949303314191397,
        "condi_4": true
    },
    {
        "symbol": "INO_US",
        "rank_value": 1.8552036199095023,
        "volume": 1443397472.4,
        "adr": 22.127855425106667,
        "condi_4": true
    },
    {
        "symbol": "PLUG_US",
        "rank_value": 1.7921568627450983,
        "volume": 308996701.60300004,
        "adr": 11.522315645269776,
        "condi_4": true
    },
    {
        "symbol": "LVGO_US",
        "rank_value": 1.650485436893204,
        "volume": 456151140.0,
        "adr": 9.62880831038646,
        "condi_4": true
    },
    {
        "symbol": "TSLA_US",
        "rank_value": 1.5878354585712,
        "volume": 13103051766.306,
        "adr": 7.712785978774717,
        "condi_4": true
    },
    {
        "symbol": "BNTX_US",
        "rank_value": 1.563452841719291,
        "volume": 199622326.21792498,
        "adr": 11.698381676901404,
        "condi_4": true
    },
    {
        "symbol": "GSX_US",
        "rank_value": 1.5217303005686436,
        "volume": 348411323.55950004,
        "adr": 9.365975387225213,
        "condi_4": true
    },
    {
        "symbol": "ENPH_US",
        "rank_value": 1.511240412589262,
        "volume": 305035910.29899997,
        "adr": 7.174024375240129,
        "condi_4": true
    },
    {
        "symbol": "FSLY_US",
        "rank_value": 1.494757281553398,
        "volume": 1023488456.0250001,
        "adr": 11.13992808663189,
        "condi_4": true
    },
    {
        "symbol": "CAR_US",
        "rank_value": 1.4885572139303482,
        "volume": 127065547.04800002,
        "adr": 10.671340551865494,
        "condi_4": true
    },
    {
        "symbol": "SRNE_US",
        "rank_value": 1.4859002169197395,
        "volume": 171566741.26,
        "adr": 13.86298922273368,
        "condi_4": true
    },
    {
        "symbol": "MRNA_US",
        "rank_value": 1.4728622443768735,
        "volume": 1576736845.59,
        "adr": 9.49896499826317,
        "condi_4": true
    },
    {
        "symbol": "CRSP_US",
        "rank_value": 1.4543848377770638,
        "volume": 106123667.335,
        "adr": 7.645577995831343,
        "condi_4": true
    },
    {
        "symbol": "SPOT_US",
        "rank_value": 1.4429998673291837,
        "volume": 1104757930.5600002,
        "adr": 6.824107294589266,
        "condi_4": true
    },
    {
        "symbol": "FTCH_US",
        "rank_value": 1.3986486486486485,
        "volume": 103073155.64999999,
        "adr": 8.591905505110153,
        "condi_4": true
    },
    {
        "symbol": "ROKU_US",
        "rank_value": 1.391728624535316,
        "volume": 1576536567.475,
        "adr": 7.214227804430773,
        "condi_4": true
    },
    {
        "symbol": "HBI_US",
        "rank_value": 1.3898635477582846,
        "volume": 117030574.389,
        "adr": 5.838246102101885,
        "condi_4": true
    },
    {
        "symbol": "CLGX_US",
        "rank_value": 1.378317218679284,
        "volume": 133166436.25,
        "adr": 3.5802310562094153,
        "condi_4": true
    },
    {
        "symbol": "UTX_US",
        "rank_value": 1.3554042306577805,
        "volume": 950956822.1374999,
        "adr": 12.586647686893482,
        "condi_4": true
    }
]