[
    {
        "symbol": "ITCI_US",
        "rank_value": 3.791982665222102,
        "volume": 178071071.5,
        "adr": 19.877950364286477,
        "condi_4": true
    },
    {
        "symbol": "AUPH_US",
        "rank_value": 3.3616,
        "volume": 143942934.63000003,
        "adr": 20.07750430368016,
        "condi_4": true
    },
    {
        "symbol": "AXSM_US",
        "rank_value": 2.8839665459880663,
        "volume": 179967141.4,
        "adr": 13.841514090709461,
        "condi_4": true
    },
    {
        "symbol": "RAD_US",
        "rank_value": 2.6475300400534043,
        "volume": 192006545.95949998,
        "adr": 11.785960492217962,
        "condi_4": true
    },
    {
        "symbol": "ARQL_US",
        "rank_value": 2.278409090909091,
        "volume": 152316998.89000002,
        "adr": 7.304280521188922,
        "condi_4": true
    },
    {
        "symbol": "BOLD_US",
        "rank_value": 2.127844950213371,
        "volume": 149602132.64925,
        "adr": 6.134134783709455,
        "condi_4": true
    },
    {
        "symbol": "PCG_US",
        "rank_value": 1.7558234812126887,
        "volume": 262146597.825,
        "adr": 14.016708715536264,
        "condi_4": true
    },
    {
        "symbol": "APA_US",
        "rank_value": 1.424986361156574,
        "volume": 191839285.544,
        "adr": 5.816694358287,
        "condi_4": true
    },
    {
        "symbol": "SAGE_US",
        "rank_value": 1.3933460076045627,
        "volume": 148466928.0045,
        "adr": 9.72988877244445,
        "condi_4": true
    },
    {
        "symbol": "WPX_US",
        "rank_value": 1.3797338792221086,
        "volume": 104550960.88000001,
        "adr": 4.377878671600843,
        "condi_4": true
    },
    {
        "symbol": "SRPT_US",
        "rank_value": 1.329656736418926,
        "volume": 180224828.0,
        "adr": 5.699335237090586,
        "condi_4": true
    },
    {
        "symbol": "WDC_US",
        "rank_value": 1.327545551982851,
        "volume": 259184456.828,
        "adr": 3.609013006987438,
        "condi_4": true
    }
]