[
    {
        "symbol": "INPX_US",
        "rank_value": 100.0,
        "volume": 378879903.91,
        "adr": 68.94228150191175,
        "condi_4": true
    },
    {
        "symbol": "AXSM_US",
        "rank_value": 1.9456496112005959,
        "volume": 154248819.67499998,
        "adr": 12.845858582399995,
        "condi_4": true
    },
    {
        "symbol": "LK_US",
        "rank_value": 1.616,
        "volume": 592350922.62,
        "adr": 9.082676836442328,
        "condi_4": true
    },
    {
        "symbol": "RAD_US",
        "rank_value": 1.5500667556742322,
        "volume": 174210324.399,
        "adr": 17.058514770451684,
        "condi_4": true
    },
    {
        "symbol": "APA_US",
        "rank_value": 1.5335570469798658,
        "volume": 230851380.39249998,
        "adr": 5.579118134478955,
        "condi_4": true
    },
    {
        "symbol": "WDC_US",
        "rank_value": 1.3993939393939394,
        "volume": 309879961.503,
        "adr": 3.5018412935432064,
        "condi_4": true
    },
    {
        "symbol": "WW_US",
        "rank_value": 1.3112391930835734,
        "volume": 104802986.925,
        "adr": 6.433605210871174,
        "condi_4": true
    },
    {
        "symbol": "ENPH_US",
        "rank_value": 1.3073995771670193,
        "volume": 145640398.176,
        "adr": 5.561503562028358,
        "condi_4": true
    }
]