[
    {
        "symbol": "WLL_US",
        "rank_value": 46.0,
        "volume": 108238204.125,
        "adr": 19.128193717772433,
        "condi_4": true
    },
    {
        "symbol": "GOGO_US",
        "rank_value": 2.816846846846847,
        "volume": 128654267.05605,
        "adr": 16.475939929441054,
        "condi_4": true
    },
    {
        "symbol": "SHLL_US",
        "rank_value": 2.4014155712841254,
        "volume": 367691021.0,
        "adr": 17.301116233195877,
        "condi_4": true
    },
    {
        "symbol": "LK_US",
        "rank_value": 2.064935064935065,
        "volume": 198791688.52800003,
        "adr": 29.12297405710205,
        "condi_4": true
    },
    {
        "symbol": "MNTA_US",
        "rank_value": 1.8972677595628415,
        "volume": 335972066.724,
        "adr": 4.740190421865398,
        "condi_4": true
    },
    {
        "symbol": "ZM_US",
        "rank_value": 1.659718309859155,
        "volume": 3333880442.685,
        "adr": 9.39684671489971,
        "condi_4": true
    },
    {
        "symbol": "WKHS_US",
        "rank_value": 1.628865979381443,
        "volume": 496843850.535,
        "adr": 12.086553938439693,
        "condi_4": true
    },
    {
        "symbol": "GRWG_US",
        "rank_value": 1.6257309941520466,
        "volume": 160906213.74,
        "adr": 16.39300177015666,
        "condi_4": true
    },
    {
        "symbol": "CORT_US",
        "rank_value": 1.4540983606557376,
        "volume": 109729074.94299999,
        "adr": 9.477252997631979,
        "condi_4": true
    },
    {
        "symbol": "NIO_US",
        "rank_value": 1.4314194577352473,
        "volume": 2263952243.94,
        "adr": 11.29530175115654,
        "condi_4": true
    },
    {
        "symbol": "CZR_US",
        "rank_value": 1.3624252311038607,
        "volume": 176328501.146,
        "adr": 6.441175470562555,
        "condi_4": true
    },
    {
        "symbol": "UTX_US",
        "rank_value": 1.3554042306577805,
        "volume": 950956822.1374999,
        "adr": 12.586647686893482,
        "condi_4": true
    },
    {
        "symbol": "PTON_US",
        "rank_value": 1.3502454991816695,
        "volume": 1296287977.875,
        "adr": 9.5241735346703,
        "condi_4": true
    },
    {
        "symbol": "RUN_US",
        "rank_value": 1.3183529411764705,
        "volume": 173177498.7865,
        "adr": 8.338824680203881,
        "condi_4": true
    },
    {
        "symbol": "S_US",
        "rank_value": 1.3140172278778388,
        "volume": 218909290.00700003,
        "adr": 8.7828881490855,
        "condi_4": true
    },
    {
        "symbol": "RH_US",
        "rank_value": 1.3082191780821917,
        "volume": 192815340.4,
        "adr": 5.864309191088957,
        "condi_4": true
    },
    {
        "symbol": "PLAN_US",
        "rank_value": 1.304998848191661,
        "volume": 158523522.2175,
        "adr": 6.4177785798725795,
        "condi_4": true
    },
    {
        "symbol": "DKNG_US",
        "rank_value": 1.2930075430663017,
        "volume": 592923120.726,
        "adr": 9.504219398933644,
        "condi_4": true
    },
    {
        "symbol": "BIGC_US",
        "rank_value": 1.2859956469651068,
        "volume": 376714886.838,
        "adr": 18.735096876648207,
        "condi_4": true
    },
    {
        "symbol": "CRWD_US",
        "rank_value": 1.2857142857142858,
        "volume": 721708882.092,
        "adr": 7.721733289919563,
        "condi_4": true
    },
    {
        "symbol": "PENN_US",
        "rank_value": 1.2803819444444444,
        "volume": 343238488.5,
        "adr": 7.538478409134086,
        "condi_4": true
    },
    {
        "symbol": "RTN_US",
        "rank_value": 1.2718446601941749,
        "volume": 503104524.04999995,
        "adr": 11.81115037072653,
        "condi_4": true
    },
    {
        "symbol": "DKS_US",
        "rank_value": 1.2663361874718342,
        "volume": 154540350.46,
        "adr": 5.222187482990215,
        "condi_4": true
    },
    {
        "symbol": "CRM_US",
        "rank_value": 1.2624947938359017,
        "volume": 2617363149.25,
        "adr": 5.821425869442498,
        "condi_4": true
    }
]