[
    {
        "symbol": "ITCI_US",
        "rank_value": 3.634533898305085,
        "volume": 177917280.67900002,
        "adr": 20.12883415670812,
        "condi_4": true
    },
    {
        "symbol": "AUPH_US",
        "rank_value": 2.834965034965035,
        "volume": 137495713.32099998,
        "adr": 19.54732772085148,
        "condi_4": true
    },
    {
        "symbol": "AXSM_US",
        "rank_value": 2.7555318581711545,
        "volume": 192000812.48,
        "adr": 13.947950721159529,
        "condi_4": true
    },
    {
        "symbol": "ARQL_US",
        "rank_value": 2.268181818181818,
        "volume": 153013911.89400002,
        "adr": 6.48235444028209,
        "condi_4": true
    },
    {
        "symbol": "RAD_US",
        "rank_value": 2.062750333778371,
        "volume": 177463977.72,
        "adr": 13.447119519477969,
        "condi_4": true
    },
    {
        "symbol": "NIO_US",
        "rank_value": 1.9100000000000001,
        "volume": 257766098.7424,
        "adr": 12.411193241353535,
        "condi_4": true
    },
    {
        "symbol": "PCG_US",
        "rank_value": 1.8076620792294444,
        "volume": 271015367.458,
        "adr": 12.890739990603128,
        "condi_4": true
    },
    {
        "symbol": "RIG_US",
        "rank_value": 1.4549266247379458,
        "volume": 104482040.407,
        "adr": 5.62007671555933,
        "condi_4": true
    },
    {
        "symbol": "WPX_US",
        "rank_value": 1.4083930399181168,
        "volume": 108571364.608,
        "adr": 4.394285916886687,
        "condi_4": true
    },
    {
        "symbol": "APA_US",
        "rank_value": 1.3960720130932898,
        "volume": 167327220.2625,
        "adr": 4.984327534600097,
        "condi_4": true
    },
    {
        "symbol": "SAGE_US",
        "rank_value": 1.3724334600760455,
        "volume": 147945417.1765,
        "adr": 9.696837810993376,
        "condi_4": true
    },
    {
        "symbol": "SRPT_US",
        "rank_value": 1.3297598185754045,
        "volume": 178618495.5,
        "adr": 5.6329970435834875,
        "condi_4": true
    }
]