[
    {
        "symbol": "UONE_US",
        "rank_value": 16.424,
        "volume": 175300308.5905,
        "adr": 110.4961098699559,
        "condi_4": true
    },
    {
        "symbol": "GRPN_US",
        "rank_value": 14.942622950819672,
        "volume": 137573226.4045,
        "adr": 15.517080802322392,
        "condi_4": true
    },
    {
        "symbol": "IDEX_US",
        "rank_value": 5.35279805352798,
        "volume": 162983047.095,
        "adr": 47.068170088709934,
        "condi_4": true
    },
    {
        "symbol": "XSPA_US",
        "rank_value": 5.30379746835443,
        "volume": 165276566.43750003,
        "adr": 34.76711108403801,
        "condi_4": true
    },
    {
        "symbol": "VXRT_US",
        "rank_value": 4.309523809523809,
        "volume": 268088196.15500003,
        "adr": 27.11637435040748,
        "condi_4": true
    },
    {
        "symbol": "SHLL_US",
        "rank_value": 2.691924227318046,
        "volume": 189773944.2,
        "adr": 12.248575412069185,
        "condi_4": true
    },
    {
        "symbol": "INO_US",
        "rank_value": 2.404312668463612,
        "volume": 1248424057.68,
        "adr": 18.545641954652137,
        "condi_4": true
    },
    {
        "symbol": "NKLA_US",
        "rank_value": 2.3127136021872863,
        "volume": 1208773480.1085,
        "adr": 25.160290817401474,
        "condi_4": true
    },
    {
        "symbol": "LK_US",
        "rank_value": 2.064935064935065,
        "volume": 198791688.52800003,
        "adr": 29.12297405710205,
        "condi_4": true
    },
    {
        "symbol": "NVAX_US",
        "rank_value": 2.0246913580246915,
        "volume": 545936697.1999999,
        "adr": 13.24774133291784,
        "condi_4": true
    },
    {
        "symbol": "FSLY_US",
        "rank_value": 2.018058161350844,
        "volume": 779228240.3325,
        "adr": 10.895192123260578,
        "condi_4": true
    },
    {
        "symbol": "PLUG_US",
        "rank_value": 1.9902439024390246,
        "volume": 211308556.22399998,
        "adr": 11.953051336762876,
        "condi_4": true
    },
    {
        "symbol": "HTZ_US",
        "rank_value": 1.894736842105263,
        "volume": 219067660.872,
        "adr": 59.45031445887206,
        "condi_4": true
    },
    {
        "symbol": "QDEL_US",
        "rank_value": 1.520912547528517,
        "volume": 267200617.59999996,
        "adr": 7.247656971074168,
        "condi_4": true
    },
    {
        "symbol": "CLGX_US",
        "rank_value": 1.5004464285714287,
        "volume": 112444947.161,
        "adr": 4.109436098771657,
        "condi_4": true
    },
    {
        "symbol": "BBBY_US",
        "rank_value": 1.4714881780250346,
        "volume": 139726910.863,
        "adr": 10.548282501491135,
        "condi_4": true
    },
    {
        "symbol": "YY_US",
        "rank_value": 1.4609053497942386,
        "volume": 113350235.3125,
        "adr": 6.056199028293063,
        "condi_4": true
    },
    {
        "symbol": "SPOT_US",
        "rank_value": 1.4529378531073447,
        "volume": 893258714.1825,
        "adr": 6.485349319454792,
        "condi_4": true
    },
    {
        "symbol": "IQ_US",
        "rank_value": 1.4376937383756976,
        "volume": 265586984.80650002,
        "adr": 8.246860135512923,
        "condi_4": true
    },
    {
        "symbol": "OXY_US",
        "rank_value": 1.4267113829157625,
        "volume": 863362798.0719999,
        "adr": 11.554644272010384,
        "condi_4": true
    },
    {
        "symbol": "GPS_US",
        "rank_value": 1.4157303370786516,
        "volume": 285707979.9,
        "adr": 12.018318004171435,
        "condi_4": true
    }
]