[
    {
        "symbol": "VXRT_US",
        "rank_value": 4.858823529411765,
        "volume": 635532109.2645,
        "adr": 31.47791110078646,
        "condi_4": true
    },
    {
        "symbol": "HTBX_US",
        "rank_value": 3.757142857142857,
        "volume": 161847357.6275,
        "adr": 31.00688736876751,
        "condi_4": true
    },
    {
        "symbol": "BOXL_US",
        "rank_value": 3.721227621483376,
        "volume": 107764222.308,
        "adr": 29.956242497710516,
        "condi_4": true
    },
    {
        "symbol": "IBIO_US",
        "rank_value": 3.7103448275862068,
        "volume": 275709967.473,
        "adr": 26.664947481263333,
        "condi_4": true
    },
    {
        "symbol": "ALT_US",
        "rank_value": 3.25,
        "volume": 216708053.9,
        "adr": 36.5286757682598,
        "condi_4": true
    },
    {
        "symbol": "WIMI_US",
        "rank_value": 3.0294117647058827,
        "volume": 118436097.575,
        "adr": 44.717696102437586,
        "condi_4": true
    },
    {
        "symbol": "CZR_US",
        "rank_value": 2.9946666666666664,
        "volume": 578101981.6769999,
        "adr": 14.880724977044736,
        "condi_4": true
    },
    {
        "symbol": "MIST_US",
        "rank_value": 2.641509433962264,
        "volume": 114051730.80000001,
        "adr": 18.75558022867616,
        "condi_4": true
    },
    {
        "symbol": "RUN_US",
        "rank_value": 2.233009550683742,
        "volume": 213044792.94142002,
        "adr": 9.312048290334985,
        "condi_4": true
    },
    {
        "symbol": "WKHS_US",
        "rank_value": 2.1815561959654177,
        "volume": 690032632.394,
        "adr": 21.563766370857728,
        "condi_4": true
    },
    {
        "symbol": "BE_US",
        "rank_value": 2.180285343709468,
        "volume": 105202251.61599998,
        "adr": 15.870827271993404,
        "condi_4": true
    },
    {
        "symbol": "OSTK_US",
        "rank_value": 2.124143490528013,
        "volume": 248590653.54000002,
        "adr": 12.927007170112548,
        "condi_4": true
    },
    {
        "symbol": "OPK_US",
        "rank_value": 2.1035856573705183,
        "volume": 124870723.032,
        "adr": 12.37798095660092,
        "condi_4": true
    },
    {
        "symbol": "LK_US",
        "rank_value": 2.064935064935065,
        "volume": 198791688.52800003,
        "adr": 29.12297405710205,
        "condi_4": true
    },
    {
        "symbol": "NVAX_US",
        "rank_value": 1.9099264281925323,
        "volume": 906551385.625,
        "adr": 15.098293457545697,
        "condi_4": true
    },
    {
        "symbol": "NIO_US",
        "rank_value": 1.8492307692307692,
        "volume": 2374380719.8719997,
        "adr": 15.63795414862148,
        "condi_4": true
    },
    {
        "symbol": "SPCE_US",
        "rank_value": 1.6552901023890785,
        "volume": 572460159.125,
        "adr": 11.137352145225154,
        "condi_4": true
    },
    {
        "symbol": "BNTX_US",
        "rank_value": 1.618410309958869,
        "volume": 374524510.62,
        "adr": 13.712179502327992,
        "condi_4": true
    },
    {
        "symbol": "LVGO_US",
        "rank_value": 1.5611979166666665,
        "volume": 480273477.70049995,
        "adr": 10.044807925213895,
        "condi_4": true
    },
    {
        "symbol": "AG_US",
        "rank_value": 1.5239179954441915,
        "volume": 104553994.66200002,
        "adr": 7.033262809830387,
        "condi_4": true
    },
    {
        "symbol": "GSX_US",
        "rank_value": 1.5020287716709702,
        "volume": 359527524.208,
        "adr": 9.711616244332966,
        "condi_4": true
    },
    {
        "symbol": "TSLA_US",
        "rank_value": 1.4960251827348878,
        "volume": 13711961602.9,
        "adr": 9.551293634226354,
        "condi_4": true
    },
    {
        "symbol": "SRNE_US",
        "rank_value": 1.477045908183633,
        "volume": 185895522.1,
        "adr": 13.890245657542488,
        "condi_4": true
    },
    {
        "symbol": "CAR_US",
        "rank_value": 1.4577114427860696,
        "volume": 104307296.8,
        "adr": 9.1196209506613,
        "condi_4": true
    },
    {
        "symbol": "HCA_US",
        "rank_value": 1.3760552570990026,
        "volume": 248615121.71649998,
        "adr": 4.503831291509863,
        "condi_4": true
    },
    {
        "symbol": "ENPH_US",
        "rank_value": 1.37125748502994,
        "volume": 190264901.671,
        "adr": 7.003442972333529,
        "condi_4": true
    },
    {
        "symbol": "HBI_US",
        "rank_value": 1.3693957115009747,
        "volume": 109479770.72500001,
        "adr": 5.251199322657052,
        "condi_4": true
    },
    {
        "symbol": "BBBY_US",
        "rank_value": 1.3640054127198917,
        "volume": 148280261.472,
        "adr": 10.434554465450452,
        "condi_4": true
    },
    {
        "symbol": "DKNG_US",
        "rank_value": 1.3631082062454611,
        "volume": 407957700.585,
        "adr": 9.166959437755251,
        "condi_4": true
    }
]