[
    {
        "symbol": "HTZ_US",
        "rank_value": 5.574999999999999,
        "volume": 297001053.5585,
        "adr": 70.68754487181454,
        "condi_4": true
    },
    {
        "symbol": "GNUS_US",
        "rank_value": 5.122920653614014,
        "volume": 319754484.648,
        "adr": 56.31086015756301,
        "condi_4": true
    },
    {
        "symbol": "NKLA_US",
        "rank_value": 3.066831683168317,
        "volume": 816162341.0325,
        "adr": 28.107158656565545,
        "condi_4": true
    },
    {
        "symbol": "LK_US",
        "rank_value": 2.669172932330827,
        "volume": 332125101.9625,
        "adr": 38.8889113876282,
        "condi_4": true
    },
    {
        "symbol": "CAR_US",
        "rank_value": 2.5635593220338984,
        "volume": 211256224.41000003,
        "adr": 16.37083114948792,
        "condi_4": true
    },
    {
        "symbol": "ACB_US",
        "rank_value": 2.5056603773584905,
        "volume": 308749281.71199995,
        "adr": 20.60373323827629,
        "condi_4": true
    },
    {
        "symbol": "SAVE_US",
        "rank_value": 2.4,
        "volume": 660801898.4399999,
        "adr": 16.864681310309848,
        "condi_4": true
    },
    {
        "symbol": "NCLH_US",
        "rank_value": 1.9491341991341993,
        "volume": 1405213122.49,
        "adr": 15.233285573686084,
        "condi_4": true
    },
    {
        "symbol": "UAL_US",
        "rank_value": 1.9471947194719472,
        "volume": 2626179185.58,
        "adr": 13.215482965242842,
        "condi_4": true
    },
    {
        "symbol": "IVR_US",
        "rank_value": 1.9208333333333336,
        "volume": 127975289.3345,
        "adr": 19.527356403516038,
        "condi_4": true
    },
    {
        "symbol": "SRNE_US",
        "rank_value": 1.85546875,
        "volume": 348029158.84999996,
        "adr": 31.964401129835764,
        "condi_4": true
    },
    {
        "symbol": "PK_US",
        "rank_value": 1.8545176110260335,
        "volume": 124146840.2755,
        "adr": 11.869956932367408,
        "condi_4": true
    },
    {
        "symbol": "NIO_US",
        "rank_value": 1.852201257861635,
        "volume": 433427998.385,
        "adr": 11.14857545035106,
        "condi_4": true
    },
    {
        "symbol": "AAL_US",
        "rank_value": 1.8303030303030303,
        "volume": 1665743273.9099998,
        "adr": 13.108789186731151,
        "condi_4": true
    },
    {
        "symbol": "RCL_US",
        "rank_value": 1.8299904489016237,
        "volume": 1312034352.9359999,
        "adr": 11.916277872548564,
        "condi_4": true
    },
    {
        "symbol": "PLAY_US",
        "rank_value": 1.7971530249110321,
        "volume": 156348234.0675,
        "adr": 16.86864915037818,
        "condi_4": true
    },
    {
        "symbol": "PENN_US",
        "rank_value": 1.7943037974683544,
        "volume": 544960551.24,
        "adr": 12.127283186646153,
        "condi_4": true
    },
    {
        "symbol": "ERI_US",
        "rank_value": 1.75,
        "volume": 251995013.55,
        "adr": 12.154731440624179,
        "condi_4": true
    },
    {
        "symbol": "SPR_US",
        "rank_value": 1.748403575989783,
        "volume": 172685961.18,
        "adr": 13.40923760051429,
        "condi_4": true
    },
    {
        "symbol": "STNE_US",
        "rank_value": 1.6959876013399184,
        "volume": 177958350.297,
        "adr": 9.57419479736994,
        "condi_4": true
    },
    {
        "symbol": "RH_US",
        "rank_value": 1.6760583730674758,
        "volume": 290763396.0,
        "adr": 7.84896100765291,
        "condi_4": true
    },
    {
        "symbol": "CCL_US",
        "rank_value": 1.6554545454545455,
        "volume": 1065216463.9335,
        "adr": 12.442872538757399,
        "condi_4": true
    },
    {
        "symbol": "DAL_US",
        "rank_value": 1.6304968589377498,
        "volume": 1908856632.9875,
        "adr": 10.060578215324135,
        "condi_4": true
    },
    {
        "symbol": "GPS_US",
        "rank_value": 1.6082631981637336,
        "volume": 174489358.475,
        "adr": 12.374703405829845,
        "condi_4": true
    },
    {
        "symbol": "JBLU_US",
        "rank_value": 1.5858310626702998,
        "volume": 261950400.03599998,
        "adr": 11.019501970628554,
        "condi_4": true
    },
    {
        "symbol": "ALK_US",
        "rank_value": 1.5818725951261223,
        "volume": 159594316.3,
        "adr": 10.11237508306586,
        "condi_4": true
    },
    {
        "symbol": "DKNG_US",
        "rank_value": 1.5812765957446806,
        "volume": 472438869.83199996,
        "adr": 11.188758085036564,
        "condi_4": true
    },
    {
        "symbol": "MGM_US",
        "rank_value": 1.5802888700084963,
        "volume": 607738216.29,
        "adr": 10.42408128379222,
        "condi_4": true
    },
    {
        "symbol": "THO_US",
        "rank_value": 1.5774869935361817,
        "volume": 107303408.439,
        "adr": 6.886463422575018,
        "condi_4": true
    },
    {
        "symbol": "LB_US",
        "rank_value": 1.5752741774675973,
        "volume": 156598584.24,
        "adr": 10.204994769893627,
        "condi_4": true
    }
]