[
    {
        "symbol": "ITCI_US",
        "rank_value": 3.50635593220339,
        "volume": 170652713.41,
        "adr": 20.117300138658933,
        "condi_4": true
    },
    {
        "symbol": "AUPH_US",
        "rank_value": 2.9130434782608696,
        "volume": 137175013.755,
        "adr": 19.795592185947154,
        "condi_4": true
    },
    {
        "symbol": "AXSM_US",
        "rank_value": 2.852485737571312,
        "volume": 192844123.5,
        "adr": 13.969934780814386,
        "condi_4": true
    },
    {
        "symbol": "ARQL_US",
        "rank_value": 2.2715909090909085,
        "volume": 152993043.211,
        "adr": 7.0030837631674725,
        "condi_4": true
    },
    {
        "symbol": "BOLD_US",
        "rank_value": 2.1230440967283073,
        "volume": 150764645.715,
        "adr": 6.050640635839555,
        "condi_4": true
    },
    {
        "symbol": "RAD_US",
        "rank_value": 2.085460614152203,
        "volume": 168259525.853775,
        "adr": 13.103023011826863,
        "condi_4": true
    },
    {
        "symbol": "PCG_US",
        "rank_value": 1.8043176535509438,
        "volume": 271787669.38049996,
        "adr": 13.048438540246954,
        "condi_4": true
    },
    {
        "symbol": "WPX_US",
        "rank_value": 1.3930399181166837,
        "volume": 108299836.32249999,
        "adr": 4.357865080027601,
        "condi_4": true
    },
    {
        "symbol": "APA_US",
        "rank_value": 1.3911620294599019,
        "volume": 189963952.125,
        "adr": 5.747933159503371,
        "condi_4": true
    },
    {
        "symbol": "SAGE_US",
        "rank_value": 1.3610266159695819,
        "volume": 146376221.458,
        "adr": 9.77056955064799,
        "condi_4": true
    },
    {
        "symbol": "WDC_US",
        "rank_value": 1.3344051446945338,
        "volume": 264005655.07500002,
        "adr": 3.694115272530474,
        "condi_4": true
    },
    {
        "symbol": "SRPT_US",
        "rank_value": 1.3275950932893514,
        "volume": 181178796.95099998,
        "adr": 5.687980660779801,
        "condi_4": true
    }
]