[
    {
        "symbol": "INPX_US",
        "rank_value": 67.16666666666667,
        "volume": 308809590.9015,
        "adr": 54.84531560274293,
        "condi_4": true
    },
    {
        "symbol": "NIO_US",
        "rank_value": 2.076595744680851,
        "volume": 568424429.104,
        "adr": 18.13894827740914,
        "condi_4": true
    },
    {
        "symbol": "SPCE_US",
        "rank_value": 1.8558823529411765,
        "volume": 152822311.1925,
        "adr": 9.080393372158957,
        "condi_4": true
    },
    {
        "symbol": "SDC_US",
        "rank_value": 1.711610486891386,
        "volume": 195681644.085,
        "adr": 11.516303166580943,
        "condi_4": true
    },
    {
        "symbol": "BYND_US",
        "rank_value": 1.612564015022192,
        "volume": 1416083379.984,
        "adr": 9.29067369673906,
        "condi_4": true
    },
    {
        "symbol": "TSLA_US",
        "rank_value": 1.42586553718905,
        "volume": 7421482047.25,
        "adr": 5.0682167972490255,
        "condi_4": true
    },
    {
        "symbol": "LK_US",
        "rank_value": 1.4051314539119417,
        "volume": 645204943.65,
        "adr": 9.48270482653195,
        "condi_4": true
    },
    {
        "symbol": "APA_US",
        "rank_value": 1.351073345259392,
        "volume": 187957118.955,
        "adr": 4.684232671195998,
        "condi_4": true
    },
    {
        "symbol": "CGC_US",
        "rank_value": 1.3235930735930737,
        "volume": 228996478.02300003,
        "adr": 7.368169612857134,
        "condi_4": true
    },
    {
        "symbol": "CRWD_US",
        "rank_value": 1.310708377518558,
        "volume": 391599182.22334,
        "adr": 4.782275851651918,
        "condi_4": true
    },
    {
        "symbol": "CRON_US",
        "rank_value": 1.3025078369905958,
        "volume": 101409287.1315,
        "adr": 8.885627038549138,
        "condi_4": true
    },
    {
        "symbol": "ZS_US",
        "rank_value": 1.300372725279544,
        "volume": 113669240.094,
        "adr": 4.755094697484363,
        "condi_4": true
    },
    {
        "symbol": "ENPH_US",
        "rank_value": 1.3002020202020201,
        "volume": 134783614.649,
        "adr": 5.24017327362678,
        "condi_4": true
    }
]