[
    {
        "symbol": "ITCI_US",
        "rank_value": 3.5084745762711864,
        "volume": 174872194.056,
        "adr": 20.348670365088072,
        "condi_4": true
    },
    {
        "symbol": "AXSM_US",
        "rank_value": 2.611082474226804,
        "volume": 177847658.53800002,
        "adr": 13.256986541310066,
        "condi_4": true
    },
    {
        "symbol": "ARQL_US",
        "rank_value": 2.2704545454545455,
        "volume": 155877845.12100002,
        "adr": 6.292529541773684,
        "condi_4": true
    },
    {
        "symbol": "RAD_US",
        "rank_value": 1.925233644859813,
        "volume": 179419960.286,
        "adr": 14.48971554641063,
        "condi_4": true
    },
    {
        "symbol": "NIO_US",
        "rank_value": 1.7725118483412325,
        "volume": 251355717.888,
        "adr": 12.603560123471102,
        "condi_4": true
    },
    {
        "symbol": "PCG_US",
        "rank_value": 1.4638069705093835,
        "volume": 269831036.74799997,
        "adr": 12.193228533646705,
        "condi_4": true
    },
    {
        "symbol": "RIG_US",
        "rank_value": 1.4528301886792454,
        "volume": 105215898.942,
        "adr": 5.5565013617082215,
        "condi_4": true
    },
    {
        "symbol": "WPX_US",
        "rank_value": 1.4032753326509726,
        "volume": 104941558.02600001,
        "adr": 4.3759619546775985,
        "condi_4": true
    },
    {
        "symbol": "SAGE_US",
        "rank_value": 1.3906844106463878,
        "volume": 150151738.85250002,
        "adr": 9.67264855620642,
        "condi_4": true
    },
    {
        "symbol": "APA_US",
        "rank_value": 1.3835242771412986,
        "volume": 151441480.192,
        "adr": 4.741153957549926,
        "condi_4": true
    },
    {
        "symbol": "LK_US",
        "rank_value": 1.3379237288135593,
        "volume": 334542682.8315,
        "adr": 7.489484539324409,
        "condi_4": true
    },
    {
        "symbol": "SRPT_US",
        "rank_value": 1.330687557983713,
        "volume": 173621151.0345,
        "adr": 5.602457193022614,
        "condi_4": true
    }
]