[
    {
        "symbol": "JE_US",
        "rank_value": 25.242290748898682,
        "volume": 294948284.49600005,
        "adr": 44.660840502733535,
        "condi_4": true
    },
    {
        "symbol": "SPI_US",
        "rank_value": 8.941079522043674,
        "volume": 230024565.246,
        "adr": 243.92752773306583,
        "condi_4": true
    },
    {
        "symbol": "PLL_US",
        "rank_value": 5.638841567291312,
        "volume": 166956807.13,
        "adr": 30.257848439946635,
        "condi_4": true
    },
    {
        "symbol": "WWR_US",
        "rank_value": 4.770491803278689,
        "volume": 205336216.75800002,
        "adr": 59.53560943192784,
        "condi_4": true
    },
    {
        "symbol": "SUNW_US",
        "rank_value": 4.71501044464339,
        "volume": 111088147.478,
        "adr": 92.73347603859239,
        "condi_4": true
    },
    {
        "symbol": "BBBY_US",
        "rank_value": 2.0836785418392707,
        "volume": 386155237.75,
        "adr": 9.492061917737814,
        "condi_4": true
    },
    {
        "symbol": "LK_US",
        "rank_value": 2.064935064935065,
        "volume": 198791688.52800003,
        "adr": 29.12297405710205,
        "condi_4": true
    },
    {
        "symbol": "VSLR_US",
        "rank_value": 1.857451403887689,
        "volume": 111232331.2,
        "adr": 7.61046406019541,
        "condi_4": true
    },
    {
        "symbol": "MYOK_US",
        "rank_value": 1.8003406049793205,
        "volume": 449096698.20000005,
        "adr": 5.088174281696278,
        "condi_4": true
    },
    {
        "symbol": "SPWR_US",
        "rank_value": 1.7760221295500744,
        "volume": 151035125.955,
        "adr": 9.900692698410074,
        "condi_4": true
    },
    {
        "symbol": "EV_US",
        "rank_value": 1.7369601794727987,
        "volume": 121816713.563,
        "adr": 5.0254926855644255,
        "condi_4": true
    },
    {
        "symbol": "ENPH_US",
        "rank_value": 1.6993695217591882,
        "volume": 311703815.3125,
        "adr": 7.013200912299622,
        "condi_4": true
    },
    {
        "symbol": "NET_US",
        "rank_value": 1.6942749200813718,
        "volume": 347595318.455,
        "adr": 6.676050866019745,
        "condi_4": true
    },
    {
        "symbol": "NIO_US",
        "rank_value": 1.6907462686567165,
        "volume": 3046302853.368,
        "adr": 7.974265114148471,
        "condi_4": true
    },
    {
        "symbol": "SEDG_US",
        "rank_value": 1.6892081486054211,
        "volume": 331006012.75,
        "adr": 7.450155674816195,
        "condi_4": true
    },
    {
        "symbol": "PTON_US",
        "rank_value": 1.6537336216766314,
        "volume": 3592720098.5,
        "adr": 7.2110990526715435,
        "condi_4": true
    },
    {
        "symbol": "QDEL_US",
        "rank_value": 1.6306117258044004,
        "volume": 194017335.6205,
        "adr": 6.773830143434045,
        "condi_4": true
    },
    {
        "symbol": "GME_US",
        "rank_value": 1.6153846153846152,
        "volume": 225655473.12,
        "adr": 14.956129401276996,
        "condi_4": true
    },
    {
        "symbol": "SHLL_US",
        "rank_value": 1.58837699488106,
        "volume": 326494481.8375,
        "adr": 16.75419373910849,
        "condi_4": true
    },
    {
        "symbol": "NNOX_US",
        "rank_value": 1.5721973094170405,
        "volume": 147997338.78700003,
        "adr": 18.289077994918436,
        "condi_4": true
    },
    {
        "symbol": "PLUG_US",
        "rank_value": 1.5157407407407408,
        "volume": 464569734.4125,
        "adr": 9.872390365441985,
        "condi_4": true
    },
    {
        "symbol": "TWLO_US",
        "rank_value": 1.5053877815289276,
        "volume": 814065224.716,
        "adr": 5.794853199900274,
        "condi_4": true
    },
    {
        "symbol": "TTD_US",
        "rank_value": 1.4610645071479584,
        "volume": 432872414.825,
        "adr": 4.699751963402754,
        "condi_4": true
    },
    {
        "symbol": "BIGC_US",
        "rank_value": 1.4608262108262107,
        "volume": 163570649.5325,
        "adr": 8.768565716783483,
        "condi_4": true
    },
    {
        "symbol": "EXAS_US",
        "rank_value": 1.4275618374558303,
        "volume": 192739244.35000002,
        "adr": 6.1933884790160265,
        "condi_4": true
    },
    {
        "symbol": "IVZ_US",
        "rank_value": 1.4199395770392749,
        "volume": 115889961.42,
        "adr": 4.6572458295581765,
        "condi_4": true
    },
    {
        "symbol": "ETSY_US",
        "rank_value": 1.4190256113999615,
        "volume": 379447864.05,
        "adr": 5.523263600015849,
        "condi_4": true
    },
    {
        "symbol": "BILL_US",
        "rank_value": 1.4147637164182563,
        "volume": 124365050.495,
        "adr": 4.405197359562818,
        "condi_4": true
    },
    {
        "symbol": "CVNA_US",
        "rank_value": 1.4103846153846153,
        "volume": 365191187.18100005,
        "adr": 7.773849968070534,
        "condi_4": true
    },
    {
        "symbol": "ROKU_US",
        "rank_value": 1.4091659261140028,
        "volume": 1819086093.0,
        "adr": 5.730876300796117,
        "condi_4": true
    },
    {
        "symbol": "BEKE_US",
        "rank_value": 1.4048886260595308,
        "volume": 107974641.541,
        "adr": 7.989296139329238,
        "condi_4": true
    },
    {
        "symbol": "DDOG_US",
        "rank_value": 1.39977575682073,
        "volume": 559691766.8479999,
        "adr": 7.4814325713696395,
        "condi_4": true
    },
    {
        "symbol": "APPS_US",
        "rank_value": 1.3689801699716713,
        "volume": 122170919.616,
        "adr": 7.089324833572586,
        "condi_4": true
    },
    {
        "symbol": "UTX_US",
        "rank_value": 1.3554042306577805,
        "volume": 950956822.1374999,
        "adr": 12.586647686893482,
        "condi_4": true
    },
    {
        "symbol": "AYX_US",
        "rank_value": 1.3498550724637681,
        "volume": 209334066.3555,
        "adr": 6.287380436966505,
        "condi_4": true
    }
]