[
    {
        "symbol": "CODX_US",
        "rank_value": 3.8925925925925924,
        "volume": 224254203.7455,
        "adr": 59.681373733177566,
        "condi_4": true
    },
    {
        "symbol": "APT_US",
        "rank_value": 2.5,
        "volume": 136412475.70000002,
        "adr": 54.94268227261845,
        "condi_4": true
    },
    {
        "symbol": "FTSV_US",
        "rank_value": 2.1062456787278174,
        "volume": 287184954.9985,
        "adr": 10.129025785987512,
        "condi_4": true
    },
    {
        "symbol": "EQT_US",
        "rank_value": 1.9216152019002375,
        "volume": 115766911.40200001,
        "adr": 20.19602614894471,
        "condi_4": true
    },
    {
        "symbol": "RAD_US",
        "rank_value": 1.840909090909091,
        "volume": 117351068.9085,
        "adr": 19.655002720575453,
        "condi_4": true
    },
    {
        "symbol": "INO_US",
        "rank_value": 1.8207282913165266,
        "volume": 390926314.34999996,
        "adr": 46.20401602251793,
        "condi_4": true
    },
    {
        "symbol": "OKE_US",
        "rank_value": 1.644736842105263,
        "volume": 150549305.0,
        "adr": 19.69453188747965,
        "condi_4": true
    },
    {
        "symbol": "MRNA_US",
        "rank_value": 1.5912897822445562,
        "volume": 738860694.525,
        "adr": 26.203345240175246,
        "condi_4": true
    }
]