[
    {
        "symbol": "ACB_US",
        "rank_value": 21.21212121212121,
        "volume": 357291389.0,
        "adr": 21.939470414146257,
        "condi_4": true
    },
    {
        "symbol": "QLGN_US",
        "rank_value": 18.444444444444443,
        "volume": 160831644.0745,
        "adr": 33.18689703036299,
        "condi_4": true
    },
    {
        "symbol": "MARK_US",
        "rank_value": 5.936739659367396,
        "volume": 183705729.74,
        "adr": 41.36133770340828,
        "condi_4": true
    },
    {
        "symbol": "MGNX_US",
        "rank_value": 3.302611367127496,
        "volume": 163485478.625,
        "adr": 30.029872274030023,
        "condi_4": true
    },
    {
        "symbol": "SRNE_US",
        "rank_value": 2.288990825688073,
        "volume": 313367950.116,
        "adr": 29.750456871943086,
        "condi_4": true
    },
    {
        "symbol": "PENN_US",
        "rank_value": 2.2816212438853944,
        "volume": 604534643.645,
        "adr": 13.054601565710545,
        "condi_4": true
    },
    {
        "symbol": "TWLO_US",
        "rank_value": 1.8679245283018868,
        "volume": 1213730674.2,
        "adr": 8.592489720625807,
        "condi_4": true
    },
    {
        "symbol": "MYOK_US",
        "rank_value": 1.8345062396717762,
        "volume": 108968405.706,
        "adr": 10.557430301105919,
        "condi_4": true
    },
    {
        "symbol": "WIX_US",
        "rank_value": 1.8076734293193717,
        "volume": 239595903.8035,
        "adr": 6.508298616490782,
        "condi_4": true
    },
    {
        "symbol": "RH_US",
        "rank_value": 1.7001006893346757,
        "volume": 214878987.22500002,
        "adr": 7.3543699974754295,
        "condi_4": true
    },
    {
        "symbol": "LB_US",
        "rank_value": 1.6843177189409366,
        "volume": 162059376.50399998,
        "adr": 12.09997898971611,
        "condi_4": true
    },
    {
        "symbol": "CODX_US",
        "rank_value": 1.627864344637947,
        "volume": 155243453.592,
        "adr": 19.25880534827551,
        "condi_4": true
    },
    {
        "symbol": "DDOG_US",
        "rank_value": 1.6159250585480092,
        "volume": 401698976.7,
        "adr": 8.531910679418653,
        "condi_4": true
    },
    {
        "symbol": "LVGO_US",
        "rank_value": 1.5603838976272995,
        "volume": 160384865.892,
        "adr": 10.05469863503734,
        "condi_4": true
    },
    {
        "symbol": "STNE_US",
        "rank_value": 1.5547370434492602,
        "volume": 165397129.08499998,
        "adr": 10.47505338112642,
        "condi_4": true
    }
]