[
    {
        "symbol": "INPX_US",
        "rank_value": 47.04225352112676,
        "volume": 228558412.583,
        "adr": 51.7874582442879,
        "condi_4": true
    },
    {
        "symbol": "OVV_US",
        "rank_value": 4.3432432432432435,
        "volume": 286040946.7885,
        "adr": 11.289957365024538,
        "condi_4": true
    },
    {
        "symbol": "SPCE_US",
        "rank_value": 1.6501901140684412,
        "volume": 164876179.01999998,
        "adr": 9.758246168142781,
        "condi_4": true
    },
    {
        "symbol": "BYND_US",
        "rank_value": 1.5718661659269377,
        "volume": 1609412205.9258,
        "adr": 10.962342174009088,
        "condi_4": true
    },
    {
        "symbol": "PCG_US",
        "rank_value": 1.5,
        "volume": 169341747.75,
        "adr": 6.702646970352966,
        "condi_4": true
    },
    {
        "symbol": "BBBY_US",
        "rank_value": 1.296,
        "volume": 131665600.44,
        "adr": 6.441116759598264,
        "condi_4": true
    },
    {
        "symbol": "TWLO_US",
        "rank_value": 1.2848036737096011,
        "volume": 310799483.8,
        "adr": 3.6312248862628405,
        "condi_4": true
    },
    {
        "symbol": "UBER_US",
        "rank_value": 1.2813148788927338,
        "volume": 868740696.789,
        "adr": 4.0454650181867,
        "condi_4": true
    },
    {
        "symbol": "CGC_US",
        "rank_value": 1.2586580086580088,
        "volume": 232647108.47800004,
        "adr": 8.129473566068768,
        "condi_4": true
    },
    {
        "symbol": "GRUB_US",
        "rank_value": 1.2471264367816093,
        "volume": 173818366.449,
        "adr": 5.068036822850086,
        "condi_4": true
    }
]