[
    {
        "symbol": "SRRK_US",
        "rank_value": 3.3684210526315788,
        "volume": 238987786.23999998,
        "adr": 18.81565746051055,
        "condi_4": true
    },
    {
        "symbol": "LK_US",
        "rank_value": 2.064935064935065,
        "volume": 198791688.52800003,
        "adr": 29.12297405710205,
        "condi_4": true
    },
    {
        "symbol": "VSLR_US",
        "rank_value": 1.857451403887689,
        "volume": 111232331.2,
        "adr": 7.61046406019541,
        "condi_4": true
    },
    {
        "symbol": "CIT_US",
        "rank_value": 1.6365087812666312,
        "volume": 105411321.3375,
        "adr": 6.497493251762232,
        "condi_4": true
    },
    {
        "symbol": "HTZ_US",
        "rank_value": 1.6038613861386137,
        "volume": 146224317.90433,
        "adr": 22.32959405133508,
        "condi_4": true
    },
    {
        "symbol": "SHLL_US",
        "rank_value": 1.58837699488106,
        "volume": 326494481.8375,
        "adr": 16.75419373910849,
        "condi_4": true
    },
    {
        "symbol": "VIPS_US",
        "rank_value": 1.4237743451981195,
        "volume": 182091742.78,
        "adr": 6.34461412550662,
        "condi_4": true
    },
    {
        "symbol": "TPR_US",
        "rank_value": 1.4035820895522388,
        "volume": 137558150.235,
        "adr": 5.144357219274021,
        "condi_4": true
    },
    {
        "symbol": "CGC_US",
        "rank_value": 1.3719298245614036,
        "volume": 157704923.4,
        "adr": 8.230605295821025,
        "condi_4": true
    },
    {
        "symbol": "UTX_US",
        "rank_value": 1.3554042306577805,
        "volume": 950956822.1374999,
        "adr": 12.586647686893482,
        "condi_4": true
    },
    {
        "symbol": "S_US",
        "rank_value": 1.3140172278778388,
        "volume": 218909290.00700003,
        "adr": 8.7828881490855,
        "condi_4": true
    },
    {
        "symbol": "JKS_US",
        "rank_value": 1.3025780189959295,
        "volume": 817018306.56,
        "adr": 13.98022864771753,
        "condi_4": true
    },
    {
        "symbol": "GE_US",
        "rank_value": 1.288052373158756,
        "volume": 886221124.162,
        "adr": 5.279607531436414,
        "condi_4": true
    },
    {
        "symbol": "RTN_US",
        "rank_value": 1.2718446601941749,
        "volume": 503104524.04999995,
        "adr": 11.81115037072653,
        "condi_4": true
    },
    {
        "symbol": "ANET_US",
        "rank_value": 1.2697778886947841,
        "volume": 169049003.52,
        "adr": 4.228067767797716,
        "condi_4": true
    }
]