[
    {
        "symbol": "TLRY_US",
        "rank_value": 3.6296296296296293,
        "volume": 120544680.627,
        "adr": 32.53604515414501,
        "condi_4": true
    },
    {
        "symbol": "PENN_US",
        "rank_value": 3.1386666666666665,
        "volume": 132711954.69399999,
        "adr": 36.12667010901425,
        "condi_4": true
    },
    {
        "symbol": "ERI_US",
        "rank_value": 2.5182724252491697,
        "volume": 104370319.212,
        "adr": 32.512486289447274,
        "condi_4": true
    },
    {
        "symbol": "VTR_US",
        "rank_value": 2.2390408392656425,
        "volume": 225426340.33200002,
        "adr": 20.787378615336614,
        "condi_4": true
    },
    {
        "symbol": "CVNA_US",
        "rank_value": 2.2066787003610107,
        "volume": 209799701.805,
        "adr": 24.616632712354324,
        "condi_4": true
    },
    {
        "symbol": "ARMK_US",
        "rank_value": 2.1917098445595853,
        "volume": 123104885.24249999,
        "adr": 23.55455712814947,
        "condi_4": true
    },
    {
        "symbol": "W_US",
        "rank_value": 2.133179723502304,
        "volume": 200151740.93850002,
        "adr": 20.550043313927134,
        "condi_4": true
    },
    {
        "symbol": "CZR_US",
        "rank_value": 2.124223602484472,
        "volume": 198469323.378,
        "adr": 23.60495507534108,
        "condi_4": true
    },
    {
        "symbol": "LYV_US",
        "rank_value": 2.119815668202765,
        "volume": 342365253.40000004,
        "adr": 18.04537115148095,
        "condi_4": true
    },
    {
        "symbol": "AGNC_US",
        "rank_value": 2.112,
        "volume": 235480390.2,
        "adr": 18.191178770031648,
        "condi_4": true
    },
    {
        "symbol": "PLNT_US",
        "rank_value": 2.103491796381994,
        "volume": 181066502.5,
        "adr": 18.697858215106166,
        "condi_4": true
    },
    {
        "symbol": "FTSV_US",
        "rank_value": 2.101111111111111,
        "volume": 304560039.78749996,
        "adr": 4.355380412460486,
        "condi_4": true
    },
    {
        "symbol": "OHI_US",
        "rank_value": 2.100525131282821,
        "volume": 102367468.0,
        "adr": 17.855139127433173,
        "condi_4": true
    },
    {
        "symbol": "DRI_US",
        "rank_value": 2.0841338432122374,
        "volume": 247500214.12800002,
        "adr": 20.04018583095575,
        "condi_4": true
    },
    {
        "symbol": "WELL_US",
        "rank_value": 2.0477956324680675,
        "volume": 297078832.61,
        "adr": 17.002614966739937,
        "condi_4": true
    },
    {
        "symbol": "MGM_US",
        "rank_value": 2.025389400179658,
        "volume": 360614471.23999995,
        "adr": 25.016677641338635,
        "condi_4": true
    },
    {
        "symbol": "UBER_US",
        "rank_value": 1.9701021152443472,
        "volume": 1278422693.710825,
        "adr": 15.768946224874814,
        "condi_4": true
    },
    {
        "symbol": "SYY_US",
        "rank_value": 1.9415384615384614,
        "volume": 424316717.29599994,
        "adr": 15.999810877041787,
        "condi_4": true
    },
    {
        "symbol": "Z_US",
        "rank_value": 1.8912175648702594,
        "volume": 167068422.61999997,
        "adr": 15.001901600913236,
        "condi_4": true
    },
    {
        "symbol": "WORK_US",
        "rank_value": 1.880794701986755,
        "volume": 530624843.14000005,
        "adr": 17.480801036197423,
        "condi_4": true
    },
    {
        "symbol": "LYFT_US",
        "rank_value": 1.8775211685448814,
        "volume": 333680547.295725,
        "adr": 17.07248063983218,
        "condi_4": true
    },
    {
        "symbol": "HIG_US",
        "rank_value": 1.8461134453781514,
        "volume": 139638429.57,
        "adr": 14.207750617833725,
        "condi_4": true
    }
]