[
    {
        "symbol": "CHK_US",
        "rank_value": 109.08396946564885,
        "volume": 1213866791.5364997,
        "adr": 18.31990096748104,
        "condi_4": true
    },
    {
        "symbol": "MFA_US",
        "rank_value": 6.101344364012409,
        "volume": 132883767.396,
        "adr": 96.32892099243739,
        "condi_4": true
    },
    {
        "symbol": "PENN_US",
        "rank_value": 3.6906666666666665,
        "volume": 172082922.848,
        "adr": 26.317600857390055,
        "condi_4": true
    },
    {
        "symbol": "ERI_US",
        "rank_value": 2.7724252491694354,
        "volume": 120498652.26600002,
        "adr": 27.161830613400273,
        "condi_4": true
    },
    {
        "symbol": "TLRY_US",
        "rank_value": 2.674897119341564,
        "volume": 119865448.625,
        "adr": 26.713891339145924,
        "condi_4": true
    },
    {
        "symbol": "WEN_US",
        "rank_value": 2.661290322580645,
        "volume": 120055244.1,
        "adr": 11.712305265183254,
        "condi_4": true
    },
    {
        "symbol": "CZR_US",
        "rank_value": 2.5155279503105588,
        "volume": 144693779.355,
        "adr": 14.716124597058688,
        "condi_4": true
    },
    {
        "symbol": "DRI_US",
        "rank_value": 2.439770554493308,
        "volume": 289303907.2,
        "adr": 15.172737728893914,
        "condi_4": true
    },
    {
        "symbol": "EQT_US",
        "rank_value": 2.380106571936057,
        "volume": 117710884.28999999,
        "adr": 15.386625210134564,
        "condi_4": true
    },
    {
        "symbol": "MGM_US",
        "rank_value": 2.3796206843951797,
        "volume": 466434463.71599996,
        "adr": 18.722927332495367,
        "condi_4": true
    },
    {
        "symbol": "PLNT_US",
        "rank_value": 2.3748422381152716,
        "volume": 174094938.62,
        "adr": 13.74576974042736,
        "condi_4": true
    },
    {
        "symbol": "VTR_US",
        "rank_value": 2.3229674035219183,
        "volume": 169193808.79999998,
        "adr": 14.604792397460242,
        "condi_4": true
    },
    {
        "symbol": "IMMU_US",
        "rank_value": 2.3159090909090905,
        "volume": 129361314.282,
        "adr": 20.8859027183101,
        "condi_4": true
    },
    {
        "symbol": "WYNN_US",
        "rank_value": 2.2036830357142856,
        "volume": 571116736.421,
        "adr": 14.632797421339516,
        "condi_4": true
    },
    {
        "symbol": "TSLA_US",
        "rank_value": 2.144104305155345,
        "volume": 9740553124.614,
        "adr": 10.612282966527786,
        "condi_4": true
    },
    {
        "symbol": "WMB_US",
        "rank_value": 2.1236623067776454,
        "volume": 316935675.703,
        "adr": 10.172295249433816,
        "condi_4": true
    },
    {
        "symbol": "SPCE_US",
        "rank_value": 2.0684326710816774,
        "volume": 280953485.05799997,
        "adr": 17.61558458121282,
        "condi_4": true
    },
    {
        "symbol": "ROKU_US",
        "rank_value": 2.067016221530395,
        "volume": 1430819804.115,
        "adr": 10.648868887821838,
        "condi_4": true
    }
]