[
    {
        "symbol": "TTNP_US",
        "rank_value": 26.337448559670783,
        "volume": 158895965.28,
        "adr": 17.29556008232336,
        "condi_4": true
    },
    {
        "symbol": "CRIS_US",
        "rank_value": 6.9724770642201825,
        "volume": 186581168.5,
        "adr": 43.2207542635981,
        "condi_4": true
    },
    {
        "symbol": "MARA_US",
        "rank_value": 3.3956834532374103,
        "volume": 323113427.784,
        "adr": 23.896569744134545,
        "condi_4": true
    },
    {
        "symbol": "VERU_US",
        "rank_value": 3.158159778425236,
        "volume": 149699408.26999998,
        "adr": 20.75282592171648,
        "condi_4": true
    },
    {
        "symbol": "ARVN_US",
        "rank_value": 3.035528584780234,
        "volume": 142337811.951,
        "adr": 14.446873033517104,
        "condi_4": true
    },
    {
        "symbol": "BLNK_US",
        "rank_value": 2.7048634294385434,
        "volume": 604681500.8840351,
        "adr": 21.411687202286767,
        "condi_4": true
    },
    {
        "symbol": "CIIC_US",
        "rank_value": 2.618834080717489,
        "volume": 213159297.74,
        "adr": 21.642437484919917,
        "condi_4": true
    },
    {
        "symbol": "EDIT_US",
        "rank_value": 2.3245517746066597,
        "volume": 139034810.9945,
        "adr": 10.489658276111058,
        "condi_4": true
    },
    {
        "symbol": "MP_US",
        "rank_value": 2.166681111207408,
        "volume": 126924170.75,
        "adr": 13.81561535671687,
        "condi_4": true
    },
    {
        "symbol": "RIG_US",
        "rank_value": 2.165217391304348,
        "volume": 134773937.955,
        "adr": 15.578040481082311,
        "condi_4": true
    },
    {
        "symbol": "TGTX_US",
        "rank_value": 2.0686612965093976,
        "volume": 152156470.6175,
        "adr": 10.027046495287495,
        "condi_4": true
    },
    {
        "symbol": "LK_US",
        "rank_value": 2.064935064935065,
        "volume": 198791688.52800003,
        "adr": 29.12297405710205,
        "condi_4": true
    },
    {
        "symbol": "SFIX_US",
        "rank_value": 2.0457838307736886,
        "volume": 305302166.97999996,
        "adr": 9.31232028880804,
        "condi_4": true
    },
    {
        "symbol": "RIOT_US",
        "rank_value": 1.9900990099009903,
        "volume": 258752196.8625,
        "adr": 18.146835212735347,
        "condi_4": true
    },
    {
        "symbol": "ARCT_US",
        "rank_value": 1.9411534701857285,
        "volume": 120354428.1095,
        "adr": 14.287747118943738,
        "condi_4": true
    },
    {
        "symbol": "FATE_US",
        "rank_value": 1.9411030176899065,
        "volume": 123827289.94950001,
        "adr": 8.75289242232653,
        "condi_4": true
    },
    {
        "symbol": "VSLR_US",
        "rank_value": 1.857451403887689,
        "volume": 111232331.2,
        "adr": 7.61046406019541,
        "condi_4": true
    },
    {
        "symbol": "RDFN_US",
        "rank_value": 1.84139071814238,
        "volume": 112401246.03500001,
        "adr": 5.53011718430465,
        "condi_4": true
    },
    {
        "symbol": "SNDL_US",
        "rank_value": 1.8249999999999997,
        "volume": 204464301.56819996,
        "adr": 33.42787021936755,
        "condi_4": true
    },
    {
        "symbol": "RAD_US",
        "rank_value": 1.7884250474383305,
        "volume": 121845173.80750002,
        "adr": 9.899146246094158,
        "condi_4": true
    },
    {
        "symbol": "SKLZ_US",
        "rank_value": 1.7078025477707006,
        "volume": 103796940.39,
        "adr": 13.49706450241075,
        "condi_4": true
    },
    {
        "symbol": "WORK_US",
        "rank_value": 1.6352851128970531,
        "volume": 1563474092.9854999,
        "adr": 5.805154792462108,
        "condi_4": true
    },
    {
        "symbol": "MRNA_US",
        "rank_value": 1.6227504244482174,
        "volume": 4281077196.6975,
        "adr": 12.48064808124678,
        "condi_4": true
    },
    {
        "symbol": "X_US",
        "rank_value": 1.6051259571531167,
        "volume": 267501284.11400002,
        "adr": 8.635658643563303,
        "condi_4": true
    },
    {
        "symbol": "HTZ_US",
        "rank_value": 1.6038613861386137,
        "volume": 146224317.90433,
        "adr": 22.32959405133508,
        "condi_4": true
    },
    {
        "symbol": "SHLL_US",
        "rank_value": 1.58837699488106,
        "volume": 326494481.8375,
        "adr": 16.75419373910849,
        "condi_4": true
    },
    {
        "symbol": "DQ_US",
        "rank_value": 1.5802269043760129,
        "volume": 120459341.925,
        "adr": 10.294680734298112,
        "condi_4": true
    },
    {
        "symbol": "CHWY_US",
        "rank_value": 1.5694227769110765,
        "volume": 444343057.4,
        "adr": 6.398109792171636,
        "condi_4": true
    },
    {
        "symbol": "MDB_US",
        "rank_value": 1.5681468865534,
        "volume": 319284007.375,
        "adr": 5.817115883658519,
        "condi_4": true
    },
    {
        "symbol": "CLF_US",
        "rank_value": 1.5523917995444194,
        "volume": 187419426.766,
        "adr": 7.524219142664679,
        "condi_4": true
    },
    {
        "symbol": "ETSY_US",
        "rank_value": 1.5327987169206094,
        "volume": 535396099.29199994,
        "adr": 5.454253735857328,
        "condi_4": true
    },
    {
        "symbol": "JWN_US",
        "rank_value": 1.511255627813907,
        "volume": 281683056.3705,
        "adr": 7.481570350360078,
        "condi_4": true
    },
    {
        "symbol": "OXY_US",
        "rank_value": 1.4872611464968153,
        "volume": 589659210.652,
        "adr": 8.319799136751826,
        "condi_4": true
    },
    {
        "symbol": "PLTR_US",
        "rank_value": 1.4868871151653364,
        "volume": 2309390218.776,
        "adr": 14.777411388783456,
        "condi_4": true
    },
    {
        "symbol": "NVAX_US",
        "rank_value": 1.4774585377248306,
        "volume": 543429420.875,
        "adr": 11.813977573111845,
        "condi_4": true
    },
    {
        "symbol": "ROKU_US",
        "rank_value": 1.4716630669546436,
        "volume": 1337619752.4165,
        "adr": 5.26606825868472,
        "condi_4": true
    }
]