[
    {
        "symbol": "OVV_US",
        "rank_value": 4.443243243243243,
        "volume": 173604836.55600002,
        "adr": 10.833186070043732,
        "condi_4": true
    },
    {
        "symbol": "TCO_US",
        "rank_value": 2.0232469512195124,
        "volume": 197429093.1615,
        "adr": 6.746357644643863,
        "condi_4": true
    },
    {
        "symbol": "PCG_US",
        "rank_value": 1.6881188118811883,
        "volume": 214208746.5925,
        "adr": 7.532489653941132,
        "condi_4": true
    },
    {
        "symbol": "SDC_US",
        "rank_value": 1.6086486486486486,
        "volume": 166291728.67200002,
        "adr": 8.677209983336564,
        "condi_4": true
    },
    {
        "symbol": "TSLA_US",
        "rank_value": 1.5566457595893106,
        "volume": 12135773217.6,
        "adr": 9.186821198411565,
        "condi_4": true
    },
    {
        "symbol": "PENN_US",
        "rank_value": 1.5132924335378324,
        "volume": 109651818.05,
        "adr": 6.0904400827308525,
        "condi_4": true
    },
    {
        "symbol": "LK_US",
        "rank_value": 1.422429906542056,
        "volume": 806729169.1925,
        "adr": 11.296168021837483,
        "condi_4": true
    },
    {
        "symbol": "GSX_US",
        "rank_value": 1.3447889428464699,
        "volume": 114875875.8,
        "adr": 9.95228660184846,
        "condi_4": true
    },
    {
        "symbol": "BILI_US",
        "rank_value": 1.3435972629521016,
        "volume": 142214636.89949998,
        "adr": 5.993126426279316,
        "condi_4": true
    },
    {
        "symbol": "TAL_US",
        "rank_value": 1.3396096440872562,
        "volume": 276614676.16,
        "adr": 5.429965968841244,
        "condi_4": true
    },
    {
        "symbol": "IQ_US",
        "rank_value": 1.318762278978389,
        "volume": 200041764.5925,
        "adr": 4.824757705265559,
        "condi_4": true
    },
    {
        "symbol": "NLOK_US",
        "rank_value": 1.288485607008761,
        "volume": 220778877.576,
        "adr": 3.932240962293987,
        "condi_4": true
    },
    {
        "symbol": "WORK_US",
        "rank_value": 1.2828282828282827,
        "volume": 279712892.44,
        "adr": 5.887928802851605,
        "condi_4": true
    },
    {
        "symbol": "LB_US",
        "rank_value": 1.2821576763485476,
        "volume": 192094360.164,
        "adr": 4.195869471494729,
        "condi_4": true
    },
    {
        "symbol": "ZM_US",
        "rank_value": 1.2467976088812978,
        "volume": 232141191.35999998,
        "adr": 5.016910305249533,
        "condi_4": true
    },
    {
        "symbol": "TDOC_US",
        "rank_value": 1.2465690759377859,
        "volume": 111894059.0,
        "adr": 4.0243112167902995,
        "condi_4": true
    }
]