[
    {
        "symbol": "APVO_US",
        "rank_value": 6.7250000000000005,
        "volume": 196038949.77,
        "adr": 48.47313964240523,
        "condi_4": true
    },
    {
        "symbol": "FPRX_US",
        "rank_value": 4.95260663507109,
        "volume": 119201575.185,
        "adr": 32.83174166693436,
        "condi_4": true
    },
    {
        "symbol": "CBAT_US",
        "rank_value": 3.741666666666667,
        "volume": 110996464.738,
        "adr": 22.707461705485656,
        "condi_4": true
    },
    {
        "symbol": "SRRK_US",
        "rank_value": 2.9661908339594287,
        "volume": 222224273.88,
        "adr": 20.551276821426654,
        "condi_4": true
    },
    {
        "symbol": "SOLO_US",
        "rank_value": 2.63265306122449,
        "volume": 134860862.805,
        "adr": 17.425732468360565,
        "condi_4": true
    },
    {
        "symbol": "XPEV_US",
        "rank_value": 2.3545945945945945,
        "volume": 1519513781.94,
        "adr": 16.125899332078887,
        "condi_4": true
    },
    {
        "symbol": "FCEL_US",
        "rank_value": 2.0656565656565657,
        "volume": 109118223.9115,
        "adr": 11.31756903118173,
        "condi_4": true
    },
    {
        "symbol": "LK_US",
        "rank_value": 2.064935064935065,
        "volume": 198791688.52800003,
        "adr": 29.12297405710205,
        "condi_4": true
    },
    {
        "symbol": "LI_US",
        "rank_value": 1.9893973214285712,
        "volume": 1052890736.3,
        "adr": 14.791075851729207,
        "condi_4": true
    },
    {
        "symbol": "ACB_US",
        "rank_value": 1.9326145552560647,
        "volume": 436690476.87299997,
        "adr": 22.63327654652865,
        "condi_4": true
    },
    {
        "symbol": "PLTR_US",
        "rank_value": 1.9173913043478263,
        "volume": 741074383.098,
        "adr": 12.127081014985963,
        "condi_4": true
    },
    {
        "symbol": "CNK_US",
        "rank_value": 1.8710493046776233,
        "volume": 154125580.14000002,
        "adr": 12.354354324961413,
        "condi_4": true
    },
    {
        "symbol": "VSLR_US",
        "rank_value": 1.857451403887689,
        "volume": 111232331.2,
        "adr": 7.61046406019541,
        "condi_4": true
    },
    {
        "symbol": "LYFT_US",
        "rank_value": 1.8397375820056232,
        "volume": 582726363.037,
        "adr": 8.183441053826135,
        "condi_4": true
    },
    {
        "symbol": "NIO_US",
        "rank_value": 1.8106834249803614,
        "volume": 9733220293.625,
        "adr": 12.319200541140107,
        "condi_4": true
    },
    {
        "symbol": "FTCH_US",
        "rank_value": 1.7137476459510357,
        "volume": 283062898.3,
        "adr": 10.700943974902643,
        "condi_4": true
    },
    {
        "symbol": "PLUG_US",
        "rank_value": 1.6596055514974433,
        "volume": 803649023.856,
        "adr": 11.06706433605722,
        "condi_4": true
    },
    {
        "symbol": "HTZ_US",
        "rank_value": 1.6038613861386137,
        "volume": 146224317.90433,
        "adr": 22.32959405133508,
        "condi_4": true
    },
    {
        "symbol": "SHLL_US",
        "rank_value": 1.58837699488106,
        "volume": 326494481.8375,
        "adr": 16.75419373910849,
        "condi_4": true
    },
    {
        "symbol": "PDD_US",
        "rank_value": 1.5615615615615615,
        "volume": 1065869850.5,
        "adr": 8.893908475020584,
        "condi_4": true
    },
    {
        "symbol": "VLO_US",
        "rank_value": 1.5279345372460498,
        "volume": 291842188.515,
        "adr": 7.329157792535712,
        "condi_4": true
    },
    {
        "symbol": "MPC_US",
        "rank_value": 1.517743742995891,
        "volume": 305211426.423,
        "adr": 6.6386739214822965,
        "condi_4": true
    },
    {
        "symbol": "SLG_US",
        "rank_value": 1.489004200642451,
        "volume": 111627124.47399999,
        "adr": 7.946088096319337,
        "condi_4": true
    },
    {
        "symbol": "UBER_US",
        "rank_value": 1.486018237082067,
        "volume": 1195207867.8645,
        "adr": 5.911848907119954,
        "condi_4": true
    },
    {
        "symbol": "CCL_US",
        "rank_value": 1.476465730800991,
        "volume": 1045831362.666,
        "adr": 10.48130043915747,
        "condi_4": true
    },
    {
        "symbol": "SLB_US",
        "rank_value": 1.4649635036496351,
        "volume": 310718789.7345,
        "adr": 6.070391459155711,
        "condi_4": true
    },
    {
        "symbol": "RCL_US",
        "rank_value": 1.461133839859731,
        "volume": 538153477.5,
        "adr": 7.4710339223560185,
        "condi_4": true
    },
    {
        "symbol": "MRO_US",
        "rank_value": 1.4611260053619304,
        "volume": 177842815.685,
        "adr": 7.607022918273154,
        "condi_4": true
    },
    {
        "symbol": "APPS_US",
        "rank_value": 1.4608076009501185,
        "volume": 135481934.83499998,
        "adr": 10.606941489428268,
        "condi_4": true
    }
]