[
    {
        "symbol": "WLL_US",
        "rank_value": 49.66688888888889,
        "volume": 140572802.30327,
        "adr": 20.254951868420612,
        "condi_4": true
    },
    {
        "symbol": "MCRB_US",
        "rank_value": 5.562790697674419,
        "volume": 162062667.98800004,
        "adr": 41.29772085549981,
        "condi_4": true
    },
    {
        "symbol": "AIMT_US",
        "rank_value": 2.8934010152284264,
        "volume": 127109520.63000001,
        "adr": 4.240379199036504,
        "condi_4": true
    },
    {
        "symbol": "SHLL_US",
        "rank_value": 2.7224830464267082,
        "volume": 377141831.2935,
        "adr": 16.52189942207649,
        "condi_4": true
    },
    {
        "symbol": "GEVO_US",
        "rank_value": 2.1698113207547167,
        "volume": 108552190.40749998,
        "adr": 33.184487318831614,
        "condi_4": true
    },
    {
        "symbol": "LK_US",
        "rank_value": 2.064935064935065,
        "volume": 198791688.52800003,
        "adr": 29.12297405710205,
        "condi_4": true
    },
    {
        "symbol": "MNTA_US",
        "rank_value": 1.941921072226359,
        "volume": 319477837.968,
        "adr": 6.655485930126348,
        "condi_4": true
    },
    {
        "symbol": "EAT_US",
        "rank_value": 1.7380261248185778,
        "volume": 108230263.155,
        "adr": 6.80509835016454,
        "condi_4": true
    },
    {
        "symbol": "GRWG_US",
        "rank_value": 1.6976190476190476,
        "volume": 171873654.547,
        "adr": 17.665475355118797,
        "condi_4": true
    },
    {
        "symbol": "BIGC_US",
        "rank_value": 1.6541846213675053,
        "volume": 433737225.34449995,
        "adr": 18.38828262231558,
        "condi_4": true
    },
    {
        "symbol": "CORT_US",
        "rank_value": 1.6385245901639345,
        "volume": 115162215.08749999,
        "adr": 8.291197066614476,
        "condi_4": true
    },
    {
        "symbol": "ZM_US",
        "rank_value": 1.608695652173913,
        "volume": 2916911280.0,
        "adr": 8.951694640073594,
        "condi_4": true
    },
    {
        "symbol": "CNK_US",
        "rank_value": 1.543876567020251,
        "volume": 122852840.66600001,
        "adr": 9.778444036917033,
        "condi_4": true
    },
    {
        "symbol": "RCL_US",
        "rank_value": 1.4816494845360824,
        "volume": 629814117.158,
        "adr": 6.491151762155711,
        "condi_4": true
    },
    {
        "symbol": "PLAY_US",
        "rank_value": 1.4765624999999998,
        "volume": 104756765.39999999,
        "adr": 9.277657723514722,
        "condi_4": true
    },
    {
        "symbol": "PENN_US",
        "rank_value": 1.460192529883415,
        "volume": 347050454.8615,
        "adr": 7.4215871332276695,
        "condi_4": true
    },
    {
        "symbol": "CCL_US",
        "rank_value": 1.435249042145594,
        "volume": 665467714.8080001,
        "adr": 6.9841914029297625,
        "condi_4": true
    },
    {
        "symbol": "MGM_US",
        "rank_value": 1.4284848484848485,
        "volume": 402959629.5455,
        "adr": 6.550822847690152,
        "condi_4": true
    },
    {
        "symbol": "NCLH_US",
        "rank_value": 1.4169207317073171,
        "volume": 573153466.3855,
        "adr": 7.744587566276295,
        "condi_4": true
    },
    {
        "symbol": "CZR_US",
        "rank_value": 1.4142857142857144,
        "volume": 199032760.57500002,
        "adr": 6.417187640975319,
        "condi_4": true
    },
    {
        "symbol": "NIO_US",
        "rank_value": 1.4106858054226477,
        "volume": 2300218870.697,
        "adr": 11.855777715181892,
        "condi_4": true
    },
    {
        "symbol": "RKT_US",
        "rank_value": 1.4074285714285715,
        "volume": 641730839.739,
        "adr": 13.595513144950377,
        "condi_4": true
    },
    {
        "symbol": "PLAN_US",
        "rank_value": 1.4049626596000964,
        "volume": 175463368.66799998,
        "adr": 6.347766636836449,
        "condi_4": true
    },
    {
        "symbol": "PTON_US",
        "rank_value": 1.372013093289689,
        "volume": 624632335.5699999,
        "adr": 7.093726388414567,
        "condi_4": true
    },
    {
        "symbol": "UTX_US",
        "rank_value": 1.3554042306577805,
        "volume": 950956822.1374999,
        "adr": 12.586647686893482,
        "condi_4": true
    },
    {
        "symbol": "PLUG_US",
        "rank_value": 1.3385538116591928,
        "volume": 362493950.31584,
        "adr": 10.215416338549389,
        "condi_4": true
    },
    {
        "symbol": "JD_US",
        "rank_value": 1.3347245409015025,
        "volume": 1047607351.9275,
        "adr": 4.828309930971808,
        "condi_4": true
    },
    {
        "symbol": "CRWD_US",
        "rank_value": 1.3280496947627718,
        "volume": 708544208.8000001,
        "adr": 7.354339435476875,
        "condi_4": true
    },
    {
        "symbol": "CRM_US",
        "rank_value": 1.324535781347799,
        "volume": 2563576573.549,
        "adr": 5.410469259386685,
        "condi_4": true
    },
    {
        "symbol": "S_US",
        "rank_value": 1.3140172278778388,
        "volume": 218909290.00700003,
        "adr": 8.7828881490855,
        "condi_4": true
    },
    {
        "symbol": "GPS_US",
        "rank_value": 1.3028953229398663,
        "volume": 188491071.6,
        "adr": 6.05319787266847,
        "condi_4": true
    },
    {
        "symbol": "RTN_US",
        "rank_value": 1.2718446601941749,
        "volume": 503104524.04999995,
        "adr": 11.81115037072653,
        "condi_4": true
    }
]