[
    {
        "symbol": "XSPA_US",
        "rank_value": 14.342841908824314,
        "volume": 372123997.096,
        "adr": 40.548069428016035,
        "condi_4": true
    },
    {
        "symbol": "HTZ_US",
        "rank_value": 4.59975,
        "volume": 284316622.389825,
        "adr": 75.39297187870666,
        "condi_4": true
    },
    {
        "symbol": "GNUS_US",
        "rank_value": 3.9090909090909087,
        "volume": 389680667.945,
        "adr": 54.40968676954754,
        "condi_4": true
    },
    {
        "symbol": "NKLA_US",
        "rank_value": 3.3613861386138617,
        "volume": 905412920.0550001,
        "adr": 27.657712647428887,
        "condi_4": true
    },
    {
        "symbol": "ACB_US",
        "rank_value": 2.490566037735849,
        "volume": 238993925.27999997,
        "adr": 16.125668635591573,
        "condi_4": true
    },
    {
        "symbol": "IVR_US",
        "rank_value": 2.1083333333333334,
        "volume": 148235913.1,
        "adr": 20.950916377302242,
        "condi_4": true
    },
    {
        "symbol": "AAL_US",
        "rank_value": 2.0812121212121215,
        "volume": 2038631953.8405004,
        "adr": 13.583548393688115,
        "condi_4": true
    },
    {
        "symbol": "SPR_US",
        "rank_value": 1.8480204342273308,
        "volume": 182901435.233,
        "adr": 13.39081126458379,
        "condi_4": true
    },
    {
        "symbol": "PK_US",
        "rank_value": 1.83206106870229,
        "volume": 124907905.80000001,
        "adr": 12.489199728673261,
        "condi_4": true
    },
    {
        "symbol": "STNE_US",
        "rank_value": 1.8146773062341524,
        "volume": 186301228.95,
        "adr": 9.504247724259617,
        "condi_4": true
    },
    {
        "symbol": "AA_US",
        "rank_value": 1.8040752351097178,
        "volume": 106920691.28699999,
        "adr": 9.585079238397087,
        "condi_4": true
    },
    {
        "symbol": "JBLU_US",
        "rank_value": 1.6798365122615804,
        "volume": 281566932.4395,
        "adr": 11.129708467475963,
        "condi_4": true
    },
    {
        "symbol": "ALK_US",
        "rank_value": 1.6673792218896963,
        "volume": 176758280.39999998,
        "adr": 10.237685853464296,
        "condi_4": true
    },
    {
        "symbol": "AEO_US",
        "rank_value": 1.6666666666666665,
        "volume": 101193204.0,
        "adr": 9.329895442185476,
        "condi_4": true
    }
]