[
    {
        "symbol": "SAVA_US",
        "rank_value": 3.715827338129497,
        "volume": 175068230.754,
        "adr": 21.29446833482913,
        "condi_4": true
    },
    {
        "symbol": "GOGO_US",
        "rank_value": 2.7442528735632186,
        "volume": 142181803.85000002,
        "adr": 17.67442750708408,
        "condi_4": true
    },
    {
        "symbol": "IMMU_US",
        "rank_value": 2.249669749009247,
        "volume": 620398791.5125,
        "adr": 4.635283494178166,
        "condi_4": true
    },
    {
        "symbol": "DPHC_US",
        "rank_value": 2.1128787878787882,
        "volume": 124027723.87449999,
        "adr": 14.235532623615255,
        "condi_4": true
    },
    {
        "symbol": "LK_US",
        "rank_value": 2.064935064935065,
        "volume": 198791688.52800003,
        "adr": 29.12297405710205,
        "condi_4": true
    },
    {
        "symbol": "VXRT_US",
        "rank_value": 1.9223946784922394,
        "volume": 269264088.1275,
        "adr": 21.873446617706716,
        "condi_4": true
    },
    {
        "symbol": "INO_US",
        "rank_value": 1.9202619589977221,
        "volume": 418520525.53913,
        "adr": 16.446602582416546,
        "condi_4": true
    },
    {
        "symbol": "SHLL_US",
        "rank_value": 1.798148148148148,
        "volume": 318976597.48999995,
        "adr": 15.650960794031521,
        "condi_4": true
    },
    {
        "symbol": "KODK_US",
        "rank_value": 1.7893772893772892,
        "volume": 375401357.427,
        "adr": 22.797667118347498,
        "condi_4": true
    },
    {
        "symbol": "WKHS_US",
        "rank_value": 1.6773778920308484,
        "volume": 680925684.87,
        "adr": 13.956656476494068,
        "condi_4": true
    },
    {
        "symbol": "ITCI_US",
        "rank_value": 1.646002317497103,
        "volume": 106868800.374,
        "adr": 9.51879336191379,
        "condi_4": true
    },
    {
        "symbol": "DKNG_US",
        "rank_value": 1.560385064177363,
        "volume": 1266647842.9320002,
        "adr": 10.950972719756358,
        "condi_4": true
    },
    {
        "symbol": "APPS_US",
        "rank_value": 1.5441747572815532,
        "volume": 176131532.61249998,
        "adr": 12.775365285302499,
        "condi_4": true
    },
    {
        "symbol": "FLDM_US",
        "rank_value": 1.5276752767527675,
        "volume": 108521435.80799998,
        "adr": 22.070139161185075,
        "condi_4": true
    },
    {
        "symbol": "QDEL_US",
        "rank_value": 1.4782995111835282,
        "volume": 320051264.7,
        "adr": 10.839936553393525,
        "condi_4": true
    },
    {
        "symbol": "CORT_US",
        "rank_value": 1.460655737704918,
        "volume": 117878015.178,
        "adr": 10.265912147712486,
        "condi_4": true
    },
    {
        "symbol": "GSX_US",
        "rank_value": 1.448076127430699,
        "volume": 364538580.0,
        "adr": 7.791836562328935,
        "condi_4": true
    },
    {
        "symbol": "NNOX_US",
        "rank_value": 1.4149592693162183,
        "volume": 132629509.42,
        "adr": 26.47641450567635,
        "condi_4": true
    },
    {
        "symbol": "PTON_US",
        "rank_value": 1.4054219635472507,
        "volume": 2655469828.4880004,
        "adr": 10.927698098806227,
        "condi_4": true
    },
    {
        "symbol": "NIO_US",
        "rank_value": 1.391881918819188,
        "volume": 2386248377.212,
        "adr": 11.441489568327846,
        "condi_4": true
    },
    {
        "symbol": "NVCR_US",
        "rank_value": 1.3698540049980272,
        "volume": 116202576.48750001,
        "adr": 5.06297899168946,
        "condi_4": true
    },
    {
        "symbol": "UTX_US",
        "rank_value": 1.3554042306577805,
        "volume": 950956822.1374999,
        "adr": 12.586647686893482,
        "condi_4": true
    },
    {
        "symbol": "NVAX_US",
        "rank_value": 1.3187935592405673,
        "volume": 533588086.88750005,
        "adr": 12.710176081777401,
        "condi_4": true
    },
    {
        "symbol": "S_US",
        "rank_value": 1.3140172278778388,
        "volume": 218909290.00700003,
        "adr": 8.7828881490855,
        "condi_4": true
    },
    {
        "symbol": "BEKE_US",
        "rank_value": 1.3095,
        "volume": 171147781.73700002,
        "adr": 9.533332450166965,
        "condi_4": true
    },
    {
        "symbol": "AEO_US",
        "rank_value": 1.3053221288515406,
        "volume": 101514306.294,
        "adr": 5.4559466766771925,
        "condi_4": true
    },
    {
        "symbol": "NKLA_US",
        "rank_value": 1.3011152416356877,
        "volume": 1036204849.3999999,
        "adr": 17.241822788949456,
        "condi_4": true
    },
    {
        "symbol": "SPAQ_US",
        "rank_value": 1.297854785478548,
        "volume": 137308496.8255,
        "adr": 9.067520334040546,
        "condi_4": true
    },
    {
        "symbol": "FSLY_US",
        "rank_value": 1.2872951393752627,
        "volume": 670504986.9850001,
        "adr": 9.583730759675024,
        "condi_4": true
    },
    {
        "symbol": "W_US",
        "rank_value": 1.28276155976987,
        "volume": 586162343.1999999,
        "adr": 7.9684462760943875,
        "condi_4": true
    }
]