[
    {
        "symbol": "AI_US",
        "rank_value": 62.7906976744186,
        "volume": 873669053.6999999,
        "adr": 13.128568624867377,
        "condi_4": true
    },
    {
        "symbol": "CRIS_US",
        "rank_value": 7.486238532110091,
        "volume": 203621923.536,
        "adr": 44.077641578851214,
        "condi_4": true
    },
    {
        "symbol": "OCGN_US",
        "rank_value": 6.535714285714286,
        "volume": 183697939.2165,
        "adr": 40.24136207096516,
        "condi_4": true
    },
    {
        "symbol": "QS_US",
        "rank_value": 5.7385,
        "volume": 2027571907.3945,
        "adr": 28.87566135231412,
        "condi_4": true
    },
    {
        "symbol": "HEXO_US",
        "rank_value": 5.636338457277386,
        "volume": 135431509.664,
        "adr": 16.135911856668006,
        "condi_4": true
    },
    {
        "symbol": "MVIS_US",
        "rank_value": 3.1084905660377355,
        "volume": 148007204.806,
        "adr": 20.450687546432356,
        "condi_4": true
    },
    {
        "symbol": "VERU_US",
        "rank_value": 2.979591836734694,
        "volume": 154360208.78399998,
        "adr": 21.36343369577254,
        "condi_4": true
    },
    {
        "symbol": "EDIT_US",
        "rank_value": 2.9267402733964247,
        "volume": 244370573.54028,
        "adr": 14.100246671761818,
        "condi_4": true
    },
    {
        "symbol": "MARA_US",
        "rank_value": 2.853164556962025,
        "volume": 388608465.41650003,
        "adr": 22.94035372460128,
        "condi_4": true
    },
    {
        "symbol": "LAZR_US",
        "rank_value": 2.62992125984252,
        "volume": 790300402.5799999,
        "adr": 25.76776195143402,
        "condi_4": true
    },
    {
        "symbol": "XL_US",
        "rank_value": 2.543402777777778,
        "volume": 326277394.425,
        "adr": 19.381732491800175,
        "condi_4": true
    },
    {
        "symbol": "RIOT_US",
        "rank_value": 2.292682926829268,
        "volume": 353043122.6,
        "adr": 20.424083192870345,
        "condi_4": true
    },
    {
        "symbol": "LK_US",
        "rank_value": 2.064935064935065,
        "volume": 198791688.52800003,
        "adr": 29.12297405710205,
        "condi_4": true
    },
    {
        "symbol": "TGTX_US",
        "rank_value": 2.05216724204066,
        "volume": 153688516.42499998,
        "adr": 9.992261462654861,
        "condi_4": true
    },
    {
        "symbol": "LMND_US",
        "rank_value": 1.9996790242336702,
        "volume": 394674817.39,
        "adr": 13.442405379565582,
        "condi_4": true
    },
    {
        "symbol": "SFIX_US",
        "rank_value": 1.982857142857143,
        "volume": 305526896.59,
        "adr": 9.212944393640843,
        "condi_4": true
    },
    {
        "symbol": "MGNI_US",
        "rank_value": 1.9651589242053789,
        "volume": 179862350.3525,
        "adr": 11.982945006762824,
        "condi_4": true
    },
    {
        "symbol": "NNDM_US",
        "rank_value": 1.961123110151188,
        "volume": 289392539.0,
        "adr": 16.68277499481958,
        "condi_4": true
    },
    {
        "symbol": "MP_US",
        "rank_value": 1.9297297297297298,
        "volume": 147877212.94500002,
        "adr": 13.055371314752096,
        "condi_4": true
    },
    {
        "symbol": "PACB_US",
        "rank_value": 1.9189765458422174,
        "volume": 123269883.75,
        "adr": 11.726095546209425,
        "condi_4": true
    },
    {
        "symbol": "FCEL_US",
        "rank_value": 1.918711656441718,
        "volume": 838008115.596,
        "adr": 16.82127318954305,
        "condi_4": true
    },
    {
        "symbol": "SBE_US",
        "rank_value": 1.8802931596091206,
        "volume": 268216982.006,
        "adr": 14.550033895470428,
        "condi_4": true
    },
    {
        "symbol": "CIIC_US",
        "rank_value": 1.8651026392961876,
        "volume": 145355511.99,
        "adr": 17.548954924265047,
        "condi_4": true
    },
    {
        "symbol": "VSLR_US",
        "rank_value": 1.857451403887689,
        "volume": 111232331.2,
        "adr": 7.61046406019541,
        "condi_4": true
    },
    {
        "symbol": "FUBO_US",
        "rank_value": 1.8373545610788522,
        "volume": 451955003.16999996,
        "adr": 15.7299365567523,
        "condi_4": true
    },
    {
        "symbol": "FATE_US",
        "rank_value": 1.832750046048996,
        "volume": 133091667.64999999,
        "adr": 8.751955879236228,
        "condi_4": true
    },
    {
        "symbol": "JMIA_US",
        "rank_value": 1.7814920505503467,
        "volume": 690323409.095,
        "adr": 15.92384955821824,
        "condi_4": true
    },
    {
        "symbol": "SNDL_US",
        "rank_value": 1.7732383808095955,
        "volume": 225361370.14768502,
        "adr": 28.395326337495597,
        "condi_4": true
    },
    {
        "symbol": "THCB_US",
        "rank_value": 1.7490508484062648,
        "volume": 115137330.0,
        "adr": 16.237393545068144,
        "condi_4": true
    },
    {
        "symbol": "RDFN_US",
        "rank_value": 1.7456632402014725,
        "volume": 126921331.40749998,
        "adr": 5.940863045274414,
        "condi_4": true
    },
    {
        "symbol": "VLDR_US",
        "rank_value": 1.7385642857142858,
        "volume": 259814407.84962,
        "adr": 15.237431468832208,
        "condi_4": true
    },
    {
        "symbol": "FEYE_US",
        "rank_value": 1.6834763867642295,
        "volume": 336778395.69429,
        "adr": 8.340834317820512,
        "condi_4": true
    },
    {
        "symbol": "GME_US",
        "rank_value": 1.668863261943987,
        "volume": 241739733.81100002,
        "adr": 12.73448329067084,
        "condi_4": true
    },
    {
        "symbol": "TWST_US",
        "rank_value": 1.6672426059558898,
        "volume": 100834567.8,
        "adr": 8.852862186744769,
        "condi_4": true
    },
    {
        "symbol": "RAD_US",
        "rank_value": 1.6527390900649954,
        "volume": 115091206.17999999,
        "adr": 10.375841410348707,
        "condi_4": true
    },
    {
        "symbol": "ARCT_US",
        "rank_value": 1.6411682424687208,
        "volume": 128056095.37500001,
        "adr": 15.783013673833901,
        "condi_4": true
    },
    {
        "symbol": "APPS_US",
        "rank_value": 1.6064586754241927,
        "volume": 200853854.57000002,
        "adr": 8.2865043123733,
        "condi_4": true
    },
    {
        "symbol": "HTZ_US",
        "rank_value": 1.6038613861386137,
        "volume": 146224317.90433,
        "adr": 22.32959405133508,
        "condi_4": true
    },
    {
        "symbol": "CRWD_US",
        "rank_value": 1.6030815972222223,
        "volume": 1056925581.3255,
        "adr": 6.60879041071234,
        "condi_4": true
    },
    {
        "symbol": "PLUG_US",
        "rank_value": 1.5932584269662922,
        "volume": 1060718527.4175,
        "adr": 9.694397898584217,
        "condi_4": true
    },
    {
        "symbol": "SHLL_US",
        "rank_value": 1.58837699488106,
        "volume": 326494481.8375,
        "adr": 16.75419373910849,
        "condi_4": true
    },
    {
        "symbol": "PTON_US",
        "rank_value": 1.57081132981277,
        "volume": 1747077185.24,
        "adr": 6.453851201339922,
        "condi_4": true
    },
    {
        "symbol": "CHWY_US",
        "rank_value": 1.5590834206979183,
        "volume": 487242688.93499994,
        "adr": 7.058618233422154,
        "condi_4": true
    },
    {
        "symbol": "CRSP_US",
        "rank_value": 1.5581052437563356,
        "volume": 257114698.76950002,
        "adr": 8.599855197707097,
        "condi_4": true
    },
    {
        "symbol": "SKLZ_US",
        "rank_value": 1.5262738853503186,
        "volume": 106321124.6235,
        "adr": 14.34340248482211,
        "condi_4": true
    },
    {
        "symbol": "SPWR_US",
        "rank_value": 1.4947683109118086,
        "volume": 166063153.5,
        "adr": 9.389633852837287,
        "condi_4": true
    },
    {
        "symbol": "NVCR_US",
        "rank_value": 1.488659972299169,
        "volume": 186474439.91450003,
        "adr": 6.39373610184415,
        "condi_4": true
    },
    {
        "symbol": "DQ_US",
        "rank_value": 1.4856834143706104,
        "volume": 120941496.49999999,
        "adr": 11.085470874569413,
        "condi_4": true
    },
    {
        "symbol": "ENPH_US",
        "rank_value": 1.4831552999178308,
        "volume": 387291837.575,
        "adr": 7.271066896595801,
        "condi_4": true
    },
    {
        "symbol": "ZS_US",
        "rank_value": 1.4802235442581575,
        "volume": 532710730.643,
        "adr": 5.871483816786016,
        "condi_4": true
    },
    {
        "symbol": "MSTR_US",
        "rank_value": 1.470257632300706,
        "volume": 166998442.2,
        "adr": 9.366856832668269,
        "condi_4": true
    },
    {
        "symbol": "MDB_US",
        "rank_value": 1.4698252427184466,
        "volume": 343147605.168,
        "adr": 6.105135326914768,
        "condi_4": true
    }
]