[
    {
        "symbol": "CODX_US",
        "rank_value": 4.37037037037037,
        "volume": 237705275.23000002,
        "adr": 52.8681141633784,
        "condi_4": true
    },
    {
        "symbol": "APT_US",
        "rank_value": 2.7114967462039044,
        "volume": 140536934.375,
        "adr": 51.20057934468114,
        "condi_4": true
    },
    {
        "symbol": "INO_US",
        "rank_value": 2.390625,
        "volume": 445835562.14250004,
        "adr": 42.64991448517974,
        "condi_4": true
    },
    {
        "symbol": "FTSV_US",
        "rank_value": 2.234275962944905,
        "volume": 269545770.6825,
        "adr": 11.80352340646731,
        "condi_4": true
    },
    {
        "symbol": "CY_US",
        "rank_value": 1.5090543259557343,
        "volume": 309864594.375,
        "adr": 6.668021299204674,
        "condi_4": true
    },
    {
        "symbol": "ABEV_US",
        "rank_value": 1.3793103448275863,
        "volume": 130133023.01999998,
        "adr": 7.0045365466291365,
        "condi_4": true
    },
    {
        "symbol": "STMP_US",
        "rank_value": 1.301861540333374,
        "volume": 106746789.85000001,
        "adr": 10.905906313943614,
        "condi_4": true
    },
    {
        "symbol": "OXY_US",
        "rank_value": 1.2976694915254239,
        "volume": 359718877.7875,
        "adr": 16.203382917252117,
        "condi_4": true
    },
    {
        "symbol": "VIPS_US",
        "rank_value": 1.2749349522983522,
        "volume": 118549952.955,
        "adr": 7.710707887205603,
        "condi_4": true
    },
    {
        "symbol": "GH_US",
        "rank_value": 1.2598,
        "volume": 106662081.92300001,
        "adr": 11.741815994728944,
        "condi_4": true
    },
    {
        "symbol": "COG_US",
        "rank_value": 1.2367898841663203,
        "volume": 211406887.55999997,
        "adr": 8.468635897023692,
        "condi_4": true
    },
    {
        "symbol": "ZM_US",
        "rank_value": 1.234974572353213,
        "volume": 1056506247.775,
        "adr": 11.441788778998152,
        "condi_4": true
    },
    {
        "symbol": "MRNA_US",
        "rank_value": 1.227247347850363,
        "volume": 431940417.29300004,
        "adr": 18.86860991061465,
        "condi_4": true
    }
]