[
    {
        "symbol": "ATNM_US",
        "rank_value": 29.09090909090909,
        "volume": 262457388.0,
        "adr": 20.72855369401627,
        "condi_4": true
    },
    {
        "symbol": "ACHV_US",
        "rank_value": 25.0,
        "volume": 120490783.975,
        "adr": 31.343700297256817,
        "condi_4": true
    },
    {
        "symbol": "CPE_US",
        "rank_value": 12.10843373493976,
        "volume": 154913723.04000002,
        "adr": 13.038048201726182,
        "condi_4": true
    },
    {
        "symbol": "MCRB_US",
        "rank_value": 6.493188010899182,
        "volume": 134817856.8265,
        "adr": 39.54192364364424,
        "condi_4": true
    },
    {
        "symbol": "KODK_US",
        "rank_value": 4.86,
        "volume": 449540594.44200003,
        "adr": 64.33023854719437,
        "condi_4": true
    },
    {
        "symbol": "MARA_US",
        "rank_value": 4.0227272727272725,
        "volume": 135897394.884,
        "adr": 31.593750828365998,
        "condi_4": true
    },
    {
        "symbol": "CZR_US",
        "rank_value": 3.081260364842454,
        "volume": 324356056.16199994,
        "adr": 18.012643502778893,
        "condi_4": true
    },
    {
        "symbol": "MIST_US",
        "rank_value": 2.767295597484277,
        "volume": 127073825.56,
        "adr": 21.362844179620623,
        "condi_4": true
    },
    {
        "symbol": "OSTK_US",
        "rank_value": 2.3065939771547246,
        "volume": 509042178.79249996,
        "adr": 13.076769053981385,
        "condi_4": true
    },
    {
        "symbol": "KNDI_US",
        "rank_value": 2.2981530343007917,
        "volume": 128215171.76,
        "adr": 34.66133939274489,
        "condi_4": true
    },
    {
        "symbol": "LK_US",
        "rank_value": 2.064935064935065,
        "volume": 198791688.52800003,
        "adr": 29.12297405710205,
        "condi_4": true
    },
    {
        "symbol": "SRNE_US",
        "rank_value": 2.028523489932886,
        "volume": 744287854.5765,
        "adr": 21.11057176757938,
        "condi_4": true
    },
    {
        "symbol": "JMIA_US",
        "rank_value": 1.9149560117302054,
        "volume": 203076379.233,
        "adr": 23.542574735557388,
        "condi_4": true
    },
    {
        "symbol": "LB_US",
        "rank_value": 1.6600496277915633,
        "volume": 169383807.61200002,
        "adr": 6.316210809061706,
        "condi_4": true
    },
    {
        "symbol": "RUN_US",
        "rank_value": 1.5892541534110993,
        "volume": 232492901.032,
        "adr": 8.748783762921008,
        "condi_4": true
    },
    {
        "symbol": "AMD_US",
        "rank_value": 1.588212782242633,
        "volume": 6663614255.299999,
        "adr": 7.110378810177642,
        "condi_4": true
    },
    {
        "symbol": "EBS_US",
        "rank_value": 1.5329084588644264,
        "volume": 162471560.01549998,
        "adr": 7.631649665262996,
        "condi_4": true
    },
    {
        "symbol": "CVNA_US",
        "rank_value": 1.5301465289454719,
        "volume": 326163211.91999996,
        "adr": 7.233190768828224,
        "condi_4": true
    },
    {
        "symbol": "PINS_US",
        "rank_value": 1.5063667232597624,
        "volume": 643905988.4985,
        "adr": 7.2764741335686445,
        "condi_4": true
    },
    {
        "symbol": "PLUG_US",
        "rank_value": 1.502121640735502,
        "volume": 250700489.442,
        "adr": 10.667101707428749,
        "condi_4": true
    },
    {
        "symbol": "W_US",
        "rank_value": 1.4820213799805635,
        "volume": 590336329.75,
        "adr": 7.238068248743179,
        "condi_4": true
    },
    {
        "symbol": "NKLA_US",
        "rank_value": 1.4706896551724138,
        "volume": 903344906.6025001,
        "adr": 13.39499330518683,
        "condi_4": true
    },
    {
        "symbol": "MGM_US",
        "rank_value": 1.4409586413559137,
        "volume": 493693953.988025,
        "adr": 7.480614917468498,
        "condi_4": true
    },
    {
        "symbol": "GSX_US",
        "rank_value": 1.3966197183098592,
        "volume": 356746722.24799997,
        "adr": 11.167679827048849,
        "condi_4": true
    }
]