[
    {
        "symbol": "MFA_US",
        "rank_value": 6.308169596690796,
        "volume": 131374095.7305,
        "adr": 106.4944648688508,
        "condi_4": true
    },
    {
        "symbol": "ERI_US",
        "rank_value": 2.9169601328903654,
        "volume": 138470254.59449,
        "adr": 32.89076524430461,
        "condi_4": true
    },
    {
        "symbol": "NBL_US",
        "rank_value": 2.659340659340659,
        "volume": 111299096.76599999,
        "adr": 21.555663959471772,
        "condi_4": true
    },
    {
        "symbol": "NVAX_US",
        "rank_value": 2.6587887740029545,
        "volume": 127466440.2,
        "adr": 18.469255711167353,
        "condi_4": true
    },
    {
        "symbol": "OKE_US",
        "rank_value": 2.5246710526315788,
        "volume": 262124012.515,
        "adr": 20.784748487097726,
        "condi_4": true
    },
    {
        "symbol": "WEN_US",
        "rank_value": 2.4926686217008798,
        "volume": 125985665.5,
        "adr": 17.2041031796206,
        "condi_4": true
    },
    {
        "symbol": "VTR_US",
        "rank_value": 2.486324466092169,
        "volume": 225920206.155,
        "adr": 19.479496483917025,
        "condi_4": true
    },
    {
        "symbol": "IMMU_US",
        "rank_value": 2.380681818181818,
        "volume": 136459806.86999997,
        "adr": 22.048893991015326,
        "condi_4": true
    },
    {
        "symbol": "DRI_US",
        "rank_value": 2.332695984703633,
        "volume": 329808221.15000004,
        "adr": 20.684674176313923,
        "condi_4": true
    },
    {
        "symbol": "PLNT_US",
        "rank_value": 2.332351703828355,
        "volume": 205020923.184,
        "adr": 17.764975445557063,
        "condi_4": true
    },
    {
        "symbol": "ARMK_US",
        "rank_value": 2.3233160621761657,
        "volume": 123484401.817,
        "adr": 23.10873720964699,
        "condi_4": true
    },
    {
        "symbol": "KGC_US",
        "rank_value": 2.268382352941176,
        "volume": 154211840.0925,
        "adr": 14.39892469355546,
        "condi_4": true
    },
    {
        "symbol": "WELL_US",
        "rank_value": 2.195714874330449,
        "volume": 286298236.19449997,
        "adr": 15.60994584589368,
        "condi_4": true
    },
    {
        "symbol": "FANG_US",
        "rank_value": 2.1759450171821304,
        "volume": 173236630.784,
        "adr": 18.185163014293735,
        "condi_4": true
    },
    {
        "symbol": "HIG_US",
        "rank_value": 2.165966386554622,
        "volume": 176247798.33800003,
        "adr": 12.772165230956212,
        "condi_4": true
    },
    {
        "symbol": "USFD_US",
        "rank_value": 2.1634615384615383,
        "volume": 102994572.60000001,
        "adr": 20.505742065580755,
        "condi_4": true
    },
    {
        "symbol": "APA_US",
        "rank_value": 2.1315789473684212,
        "volume": 229978347.66,
        "adr": 23.435759156489855,
        "condi_4": true
    },
    {
        "symbol": "LYFT_US",
        "rank_value": 2.101402995529368,
        "volume": 318322603.17,
        "adr": 15.849681329263209,
        "condi_4": true
    }
]