[
    {
        "symbol": "JE_US",
        "rank_value": 28.05280528052805,
        "volume": 329239664.53,
        "adr": 50.096299075143506,
        "condi_4": true
    },
    {
        "symbol": "SPI_US",
        "rank_value": 7.725587144622992,
        "volume": 176312452.875,
        "adr": 239.40187566782188,
        "condi_4": true
    },
    {
        "symbol": "PLL_US",
        "rank_value": 5.899488926746168,
        "volume": 173725110.799,
        "adr": 30.285018837151977,
        "condi_4": true
    },
    {
        "symbol": "WWR_US",
        "rank_value": 5.040983606557377,
        "volume": 211665613.335,
        "adr": 58.66497122304117,
        "condi_4": true
    },
    {
        "symbol": "SUNW_US",
        "rank_value": 4.62548492987168,
        "volume": 107226539.22000001,
        "adr": 92.97978970566312,
        "condi_4": true
    },
    {
        "symbol": "LK_US",
        "rank_value": 2.064935064935065,
        "volume": 198791688.52800003,
        "adr": 29.12297405710205,
        "condi_4": true
    },
    {
        "symbol": "LAC_US",
        "rank_value": 1.9938650306748467,
        "volume": 110630527.8,
        "adr": 18.95057209257476,
        "condi_4": true
    },
    {
        "symbol": "BBBY_US",
        "rank_value": 1.988400994200497,
        "volume": 356506550.4,
        "adr": 9.1644696973866,
        "condi_4": true
    },
    {
        "symbol": "GME_US",
        "rank_value": 1.862378459237098,
        "volume": 199208226.96,
        "adr": 14.51157284592619,
        "condi_4": true
    },
    {
        "symbol": "VSLR_US",
        "rank_value": 1.857451403887689,
        "volume": 111232331.2,
        "adr": 7.61046406019541,
        "condi_4": true
    },
    {
        "symbol": "SPWR_US",
        "rank_value": 1.7665919235524634,
        "volume": 143875607.47800002,
        "adr": 9.991892797951895,
        "condi_4": true
    },
    {
        "symbol": "QDEL_US",
        "rank_value": 1.7199542159481116,
        "volume": 228735820.82400003,
        "adr": 7.308273359180761,
        "condi_4": true
    },
    {
        "symbol": "EV_US",
        "rank_value": 1.7164890633763321,
        "volume": 104474938.8195,
        "adr": 5.090066446546038,
        "condi_4": true
    },
    {
        "symbol": "SEDG_US",
        "rank_value": 1.6920141422077557,
        "volume": 327955976.77500004,
        "adr": 7.548264415209904,
        "condi_4": true
    },
    {
        "symbol": "NET_US",
        "rank_value": 1.6855536181342634,
        "volume": 322035425.76554996,
        "adr": 6.325012507307415,
        "condi_4": true
    },
    {
        "symbol": "SAVA_US",
        "rank_value": 1.6758832565284179,
        "volume": 103755453.931,
        "adr": 15.25088596357913,
        "condi_4": true
    },
    {
        "symbol": "PTON_US",
        "rank_value": 1.6548785141839462,
        "volume": 3647625967.455,
        "adr": 7.213187261577225,
        "condi_4": true
    },
    {
        "symbol": "PLUG_US",
        "rank_value": 1.6074074074074072,
        "volume": 481001725.20399994,
        "adr": 9.407816216969067,
        "condi_4": true
    },
    {
        "symbol": "KODK_US",
        "rank_value": 1.5966315789473684,
        "volume": 223620628.572,
        "adr": 13.249459624806569,
        "condi_4": true
    },
    {
        "symbol": "SHLL_US",
        "rank_value": 1.58837699488106,
        "volume": 326494481.8375,
        "adr": 16.75419373910849,
        "condi_4": true
    },
    {
        "symbol": "TTD_US",
        "rank_value": 1.5615353887496821,
        "volume": 448629782.25000006,
        "adr": 4.736274559697629,
        "condi_4": true
    },
    {
        "symbol": "SRNE_US",
        "rank_value": 1.511177347242921,
        "volume": 294538889.385,
        "adr": 12.66693507298342,
        "condi_4": true
    },
    {
        "symbol": "FVRR_US",
        "rank_value": 1.494858722889484,
        "volume": 131717615.5,
        "adr": 6.86073427369025,
        "condi_4": true
    },
    {
        "symbol": "NKLA_US",
        "rank_value": 1.4866873065015482,
        "volume": 897955481.0870001,
        "adr": 16.501557021385473,
        "condi_4": true
    },
    {
        "symbol": "BNTX_US",
        "rank_value": 1.4858017343989116,
        "volume": 178594898.488,
        "adr": 6.555522126480895,
        "condi_4": true
    },
    {
        "symbol": "ROKU_US",
        "rank_value": 1.4704202107401296,
        "volume": 1973329867.775,
        "adr": 5.853635447417638,
        "condi_4": true
    },
    {
        "symbol": "EXAS_US",
        "rank_value": 1.4628975265017667,
        "volume": 203782624.875,
        "adr": 6.275283480069227,
        "condi_4": true
    },
    {
        "symbol": "BIGC_US",
        "rank_value": 1.4608262108262107,
        "volume": 174782369.2475,
        "adr": 8.865344977957523,
        "condi_4": true
    },
    {
        "symbol": "TWLO_US",
        "rank_value": 1.460805623641493,
        "volume": 782952796.8015001,
        "adr": 5.849131263976504,
        "condi_4": true
    },
    {
        "symbol": "BILL_US",
        "rank_value": 1.4506021217798768,
        "volume": 156243983.35,
        "adr": 4.456893641460136,
        "condi_4": true
    },
    {
        "symbol": "SPCE_US",
        "rank_value": 1.4356568364611262,
        "volume": 298470253.41,
        "adr": 7.984525694682576,
        "condi_4": true
    },
    {
        "symbol": "NVTA_US",
        "rank_value": 1.4307919059699648,
        "volume": 136534999.17,
        "adr": 7.573616955744944,
        "condi_4": true
    },
    {
        "symbol": "BE_US",
        "rank_value": 1.4306049822064058,
        "volume": 132157643.71500002,
        "adr": 12.06829247864829,
        "condi_4": true
    },
    {
        "symbol": "ETSY_US",
        "rank_value": 1.4254766031195842,
        "volume": 503708086.9800001,
        "adr": 5.470916791056468,
        "condi_4": true
    },
    {
        "symbol": "TXG_US",
        "rank_value": 1.3993413640696768,
        "volume": 106356873.9095,
        "adr": 3.773587141907564,
        "condi_4": true
    },
    {
        "symbol": "PAYC_US",
        "rank_value": 1.3962264150943395,
        "volume": 128242851.0,
        "adr": 4.069733617673199,
        "condi_4": true
    },
    {
        "symbol": "FSLR_US",
        "rank_value": 1.3815524193548387,
        "volume": 218697242.8425,
        "adr": 5.375246799533673,
        "condi_4": true
    },
    {
        "symbol": "CVNA_US",
        "rank_value": 1.3666666666666667,
        "volume": 351927417.14,
        "adr": 7.702727333271997,
        "condi_4": true
    },
    {
        "symbol": "AYX_US",
        "rank_value": 1.356038647342995,
        "volume": 210829040.20499998,
        "adr": 6.316190707333713,
        "condi_4": true
    },
    {
        "symbol": "TT_US",
        "rank_value": 1.355543987506507,
        "volume": 101135427.96,
        "adr": 3.8113141191912447,
        "condi_4": true
    },
    {
        "symbol": "UTX_US",
        "rank_value": 1.3554042306577805,
        "volume": 950956822.1374999,
        "adr": 12.586647686893482,
        "condi_4": true
    },
    {
        "symbol": "CHGG_US",
        "rank_value": 1.3516129032258064,
        "volume": 123861335.82,
        "adr": 4.457854110586923,
        "condi_4": true
    },
    {
        "symbol": "SQ_US",
        "rank_value": 1.3515177859885532,
        "volume": 1458594061.9250002,
        "adr": 4.8875391813700375,
        "condi_4": true
    },
    {
        "symbol": "DDOG_US",
        "rank_value": 1.3473277687803664,
        "volume": 592041986.865,
        "adr": 7.311768054157075,
        "condi_4": true
    },
    {
        "symbol": "BYND_US",
        "rank_value": 1.3452355498538948,
        "volume": 802034244.4375,
        "adr": 5.7116473394061895,
        "condi_4": true
    }
]