[
    {
        "symbol": "OAS_US",
        "rank_value": 328.2845188284519,
        "volume": 1354595617.5885,
        "adr": 101.86694870281711,
        "condi_4": true
    },
    {
        "symbol": "TTNP_US",
        "rank_value": 39.223333333333336,
        "volume": 276389624.469105,
        "adr": 26.15431905872272,
        "condi_4": true
    },
    {
        "symbol": "GTEC_US",
        "rank_value": 4.335025380710659,
        "volume": 117412843.73699999,
        "adr": 42.60556794151753,
        "condi_4": true
    },
    {
        "symbol": "LAZR_US",
        "rank_value": 4.096933728981207,
        "volume": 569677698.972,
        "adr": 18.01458058615186,
        "condi_4": true
    },
    {
        "symbol": "CIIC_US",
        "rank_value": 3.4020119750821523,
        "volume": 295864847.4375,
        "adr": 21.163476521234426,
        "condi_4": true
    },
    {
        "symbol": "ARCT_US",
        "rank_value": 3.071776155717761,
        "volume": 114339105.35000001,
        "adr": 15.482134177073604,
        "condi_4": true
    },
    {
        "symbol": "JMIA_US",
        "rank_value": 3.042735042735043,
        "volume": 700654628.88,
        "adr": 19.99979699916232,
        "condi_4": true
    },
    {
        "symbol": "RIOT_US",
        "rank_value": 2.9812499999999997,
        "volume": 239826647.18699998,
        "adr": 21.00302805947363,
        "condi_4": true
    },
    {
        "symbol": "DPW_US",
        "rank_value": 2.8692810457516336,
        "volume": 102623329.314,
        "adr": 35.964007037612355,
        "condi_4": true
    },
    {
        "symbol": "AYRO_US",
        "rank_value": 2.6329588014981273,
        "volume": 109570221.83900002,
        "adr": 24.5071540699209,
        "condi_4": true
    },
    {
        "symbol": "IDEX_US",
        "rank_value": 2.5764705882352943,
        "volume": 144772478.2455,
        "adr": 32.18112344093764,
        "condi_4": true
    },
    {
        "symbol": "PLTR_US",
        "rank_value": 2.4978165938864634,
        "volume": 2729658690.33,
        "adr": 17.9846098150485,
        "condi_4": true
    },
    {
        "symbol": "SOLO_US",
        "rank_value": 2.430817610062893,
        "volume": 320555415.99350005,
        "adr": 26.41002815335205,
        "condi_4": true
    },
    {
        "symbol": "MARA_US",
        "rank_value": 2.383495145631068,
        "volume": 132904793.75100002,
        "adr": 22.09597561765728,
        "condi_4": true
    },
    {
        "symbol": "SNDL_US",
        "rank_value": 2.3082129963898916,
        "volume": 240469271.432775,
        "adr": 40.91468296229457,
        "condi_4": true
    },
    {
        "symbol": "COTY_US",
        "rank_value": 2.2312499999999997,
        "volume": 132670725.117,
        "adr": 11.44308103236915,
        "condi_4": true
    },
    {
        "symbol": "NNDM_US",
        "rank_value": 2.2187499999999996,
        "volume": 190771979.58999997,
        "adr": 19.7915669177537,
        "condi_4": true
    },
    {
        "symbol": "VXRT_US",
        "rank_value": 2.18,
        "volume": 105528820.88,
        "adr": 14.422168158195724,
        "condi_4": true
    },
    {
        "symbol": "LK_US",
        "rank_value": 2.064935064935065,
        "volume": 198791688.52800003,
        "adr": 29.12297405710205,
        "condi_4": true
    },
    {
        "symbol": "FUBO_US",
        "rank_value": 2.0328901329601123,
        "volume": 172125851.52,
        "adr": 16.48566043187072,
        "condi_4": true
    },
    {
        "symbol": "APPN_US",
        "rank_value": 1.9363762102351314,
        "volume": 280144572.40000004,
        "adr": 12.959715273921258,
        "condi_4": true
    },
    {
        "symbol": "SPR_US",
        "rank_value": 1.9249999999999998,
        "volume": 224438862.648,
        "adr": 9.194469820002782,
        "condi_4": true
    },
    {
        "symbol": "CBAT_US",
        "rank_value": 1.9225806451612903,
        "volume": 109489734.368,
        "adr": 31.9994619315221,
        "condi_4": true
    },
    {
        "symbol": "KSS_US",
        "rank_value": 1.9032749536563163,
        "volume": 419181585.6675,
        "adr": 7.4507514276221265,
        "condi_4": true
    },
    {
        "symbol": "FANG_US",
        "rank_value": 1.8803418803418805,
        "volume": 182477826.3,
        "adr": 7.311716464548512,
        "condi_4": true
    },
    {
        "symbol": "VSLR_US",
        "rank_value": 1.857451403887689,
        "volume": 111232331.2,
        "adr": 7.61046406019541,
        "condi_4": true
    },
    {
        "symbol": "GRWG_US",
        "rank_value": 1.8432550518842163,
        "volume": 152004492.0,
        "adr": 12.31954234119732,
        "condi_4": true
    },
    {
        "symbol": "M_US",
        "rank_value": 1.8401898734177216,
        "volume": 433960787.25600004,
        "adr": 8.783261077190318,
        "condi_4": true
    },
    {
        "symbol": "SPCE_US",
        "rank_value": 1.8176374523679912,
        "volume": 428495203.9305,
        "adr": 10.428859044533922,
        "condi_4": true
    },
    {
        "symbol": "BB_US",
        "rank_value": 1.7957894736842104,
        "volume": 305062038.281,
        "adr": 9.990947762660474,
        "condi_4": true
    },
    {
        "symbol": "WORK_US",
        "rank_value": 1.7849730178497303,
        "volume": 1426329115.65,
        "adr": 7.121273297596953,
        "condi_4": true
    },
    {
        "symbol": "SABR_US",
        "rank_value": 1.748557142857143,
        "volume": 122926836.507575,
        "adr": 6.82250534807185,
        "condi_4": true
    },
    {
        "symbol": "APA_US",
        "rank_value": 1.7352941176470589,
        "volume": 156468545.0125,
        "adr": 8.13157196382468,
        "condi_4": true
    },
    {
        "symbol": "KODK_US",
        "rank_value": 1.7131537242472268,
        "volume": 145085904.22750002,
        "adr": 14.018012451426687,
        "condi_4": true
    },
    {
        "symbol": "AA_US",
        "rank_value": 1.6920289855072463,
        "volume": 114153767.205,
        "adr": 5.735684286360465,
        "condi_4": true
    },
    {
        "symbol": "SNOW_US",
        "rank_value": 1.680580485259588,
        "volume": 1226138660.0083501,
        "adr": 8.911096555415465,
        "condi_4": true
    },
    {
        "symbol": "LYFT_US",
        "rank_value": 1.6791979949874687,
        "volume": 445814722.36,
        "adr": 6.076546218556023,
        "condi_4": true
    },
    {
        "symbol": "FSR_US",
        "rank_value": 1.6702127659574468,
        "volume": 270855916.20449996,
        "adr": 13.029759894224258,
        "condi_4": true
    },
    {
        "symbol": "DVN_US",
        "rank_value": 1.6538860103626942,
        "volume": 151891318.404,
        "adr": 6.803257059997736,
        "condi_4": true
    },
    {
        "symbol": "LMND_US",
        "rank_value": 1.6504079782411605,
        "volume": 194897776.46400002,
        "adr": 11.291010533205137,
        "condi_4": true
    },
    {
        "symbol": "APHA_US",
        "rank_value": 1.6388349514563105,
        "volume": 102118116.05399999,
        "adr": 8.987926873986352,
        "condi_4": true
    },
    {
        "symbol": "ACB_US",
        "rank_value": 1.6375,
        "volume": 571439894.6,
        "adr": 19.167116118717644,
        "condi_4": true
    },
    {
        "symbol": "TSLA_US",
        "rank_value": 1.6316941565805227,
        "volume": 19693931068.89,
        "adr": 6.92982248810412,
        "condi_4": true
    },
    {
        "symbol": "HTZ_US",
        "rank_value": 1.6038613861386137,
        "volume": 146224317.90433,
        "adr": 22.32959405133508,
        "condi_4": true
    },
    {
        "symbol": "NVAX_US",
        "rank_value": 1.596134286792364,
        "volume": 528431694.71250004,
        "adr": 12.126533425490527,
        "condi_4": true
    },
    {
        "symbol": "XPEV_US",
        "rank_value": 1.5923253525746146,
        "volume": 2384717706.015,
        "adr": 19.643778931371926,
        "condi_4": true
    }
]