[
    {
        "symbol": "CODX_US",
        "rank_value": 3.243243243243243,
        "volume": 201276756.48,
        "adr": 59.45518989461589,
        "condi_4": true
    },
    {
        "symbol": "FTSV_US",
        "rank_value": 2.10766092475068,
        "volume": 298972604.65099996,
        "adr": 9.385489469657294,
        "condi_4": true
    },
    {
        "symbol": "APT_US",
        "rank_value": 1.9828571428571429,
        "volume": 117656058.15,
        "adr": 55.11895678242236,
        "condi_4": true
    },
    {
        "symbol": "INO_US",
        "rank_value": 1.9047619047619049,
        "volume": 414313124.41999996,
        "adr": 47.372159589270744,
        "condi_4": true
    },
    {
        "symbol": "VTR_US",
        "rank_value": 1.8696140876732856,
        "volume": 175054620.3875,
        "adr": 18.93273693066513,
        "condi_4": true
    },
    {
        "symbol": "WELL_US",
        "rank_value": 1.7919241862381543,
        "volume": 237658226.4875,
        "adr": 15.542490057760139,
        "condi_4": true
    },
    {
        "symbol": "UBER_US",
        "rank_value": 1.6768781911013857,
        "volume": 1110842416.156,
        "adr": 15.120688640930213,
        "condi_4": true
    },
    {
        "symbol": "MGM_US",
        "rank_value": 1.6423450449992372,
        "volume": 231134176.57799998,
        "adr": 21.08443140754648,
        "condi_4": true
    },
    {
        "symbol": "CCL_US",
        "rank_value": 1.6329113924050633,
        "volume": 466939479.81,
        "adr": 21.89626941371352,
        "condi_4": true
    },
    {
        "symbol": "CVNA_US",
        "rank_value": 1.6173330324909747,
        "volume": 138631662.582015,
        "adr": 21.667347661438207,
        "condi_4": true
    },
    {
        "symbol": "APTV_US",
        "rank_value": 1.6170431211498975,
        "volume": 132042289.05,
        "adr": 13.526091272548557,
        "condi_4": true
    },
    {
        "symbol": "HIG_US",
        "rank_value": 1.612920168067227,
        "volume": 112965460.535,
        "adr": 12.627462845675419,
        "condi_4": true
    },
    {
        "symbol": "OKE_US",
        "rank_value": 1.611842105263158,
        "volume": 162849836.94000003,
        "adr": 21.604715266750006,
        "condi_4": true
    },
    {
        "symbol": "DRI_US",
        "rank_value": 1.6053537284894837,
        "volume": 156214179.25599998,
        "adr": 16.937228522557145,
        "condi_4": true
    },
    {
        "symbol": "LYFT_US",
        "rank_value": 1.5939073047789751,
        "volume": 284505337.9355,
        "adr": 15.94058562955376,
        "condi_4": true
    },
    {
        "symbol": "NVAX_US",
        "rank_value": 1.583456425406204,
        "volume": 124495547.768,
        "adr": 31.03281861119114,
        "condi_4": true
    },
    {
        "symbol": "UAL_US",
        "rank_value": 1.5589887640449438,
        "volume": 440056129.76250005,
        "adr": 20.453682143210592,
        "condi_4": true
    },
    {
        "symbol": "MAR_US",
        "rank_value": 1.5570570119109493,
        "volume": 591433982.25,
        "adr": 15.399369275849683,
        "condi_4": true
    },
    {
        "symbol": "HLT_US",
        "rank_value": 1.5415349887133185,
        "volume": 516991835.15000004,
        "adr": 12.601521184062324,
        "condi_4": true
    }
]