[
    {
        "symbol": "SPI_US",
        "rank_value": 11.55440414507772,
        "volume": 202330728.755,
        "adr": 229.18092243637486,
        "condi_4": true
    },
    {
        "symbol": "MRNS_US",
        "rank_value": 6.531791907514451,
        "volume": 126799689.95,
        "adr": 17.784250241265088,
        "condi_4": true
    },
    {
        "symbol": "SAVA_US",
        "rank_value": 3.6690647482014387,
        "volume": 176399225.33999997,
        "adr": 22.491202158578428,
        "condi_4": true
    },
    {
        "symbol": "GOGO_US",
        "rank_value": 2.413978494623656,
        "volume": 124385088.42700002,
        "adr": 15.967936527703186,
        "condi_4": true
    },
    {
        "symbol": "IMMU_US",
        "rank_value": 2.2536327608982827,
        "volume": 647842730.875,
        "adr": 4.151606701973298,
        "condi_4": true
    },
    {
        "symbol": "LK_US",
        "rank_value": 2.064935064935065,
        "volume": 198791688.52800003,
        "adr": 29.12297405710205,
        "condi_4": true
    },
    {
        "symbol": "GME_US",
        "rank_value": 1.9175257731958766,
        "volume": 121343583.03,
        "adr": 15.687188284596099,
        "condi_4": true
    },
    {
        "symbol": "INO_US",
        "rank_value": 1.7995444191343966,
        "volume": 404214056.77,
        "adr": 16.641388556960447,
        "condi_4": true
    },
    {
        "symbol": "ZM_US",
        "rank_value": 1.709509550230394,
        "volume": 5440809583.775,
        "adr": 10.249704294517903,
        "condi_4": true
    },
    {
        "symbol": "KCAC_US",
        "rank_value": 1.6775510204081632,
        "volume": 142013648.712,
        "adr": 14.662941483485836,
        "condi_4": true
    },
    {
        "symbol": "QS_US",
        "rank_value": 1.6775510204081632,
        "volume": 142013648.712,
        "adr": 14.662941483485836,
        "condi_4": true
    },
    {
        "symbol": "KODK_US",
        "rank_value": 1.63003663003663,
        "volume": 346185876.995,
        "adr": 23.53857095223102,
        "condi_4": true
    },
    {
        "symbol": "DPHC_US",
        "rank_value": 1.5997092733258276,
        "volume": 107984118.35,
        "adr": 16.03313678136702,
        "condi_4": true
    },
    {
        "symbol": "SRNE_US",
        "rank_value": 1.5857885615251301,
        "volume": 270078511.83750004,
        "adr": 14.628119763806335,
        "condi_4": true
    },
    {
        "symbol": "VXRT_US",
        "rank_value": 1.5521064301552108,
        "volume": 224038571.04999998,
        "adr": 23.064212667944073,
        "condi_4": true
    },
    {
        "symbol": "ITCI_US",
        "rank_value": 1.5182502896871377,
        "volume": 100240727.34975,
        "adr": 9.69924792210084,
        "condi_4": true
    },
    {
        "symbol": "DKNG_US",
        "rank_value": 1.5097185958804757,
        "volume": 1215276188.892,
        "adr": 10.885144681768733,
        "condi_4": true
    },
    {
        "symbol": "NVTA_US",
        "rank_value": 1.4897260273972603,
        "volume": 110544470.7,
        "adr": 9.868830447459453,
        "condi_4": true
    },
    {
        "symbol": "APPS_US",
        "rank_value": 1.4854368932038835,
        "volume": 167324989.14000002,
        "adr": 12.669585040169506,
        "condi_4": true
    },
    {
        "symbol": "RUN_US",
        "rank_value": 1.4292419619807557,
        "volume": 214083685.305,
        "adr": 8.628078647566939,
        "condi_4": true
    },
    {
        "symbol": "WKHS_US",
        "rank_value": 1.4245810055865922,
        "volume": 626162876.0775,
        "adr": 14.650008110520618,
        "condi_4": true
    },
    {
        "symbol": "QDEL_US",
        "rank_value": 1.4217153014368242,
        "volume": 309593155.18600005,
        "adr": 10.906409129195849,
        "condi_4": true
    },
    {
        "symbol": "PTON_US",
        "rank_value": 1.3861234492265277,
        "volume": 2964429457.3,
        "adr": 11.511562082771931,
        "condi_4": true
    },
    {
        "symbol": "GSX_US",
        "rank_value": 1.3833953937387946,
        "volume": 338645737.458,
        "adr": 7.493419088313091,
        "condi_4": true
    },
    {
        "symbol": "NVCR_US",
        "rank_value": 1.3810338024464026,
        "volume": 121137728.24999999,
        "adr": 5.17494056661445,
        "condi_4": true
    },
    {
        "symbol": "CORT_US",
        "rank_value": 1.375,
        "volume": 111538929.2875,
        "adr": 10.434819316137967,
        "condi_4": true
    },
    {
        "symbol": "UTX_US",
        "rank_value": 1.3554042306577805,
        "volume": 950956822.1374999,
        "adr": 12.586647686893482,
        "condi_4": true
    },
    {
        "symbol": "CVNA_US",
        "rank_value": 1.3397435897435896,
        "volume": 367002422.05,
        "adr": 8.092586502605226,
        "condi_4": true
    },
    {
        "symbol": "NVAX_US",
        "rank_value": 1.3211968276856525,
        "volume": 473148076.89000005,
        "adr": 12.028667355849688,
        "condi_4": true
    },
    {
        "symbol": "S_US",
        "rank_value": 1.3140172278778388,
        "volume": 218909290.00700003,
        "adr": 8.7828881490855,
        "condi_4": true
    },
    {
        "symbol": "AEO_US",
        "rank_value": 1.2934131736526946,
        "volume": 101665973.448,
        "adr": 5.266466973465844,
        "condi_4": true
    },
    {
        "symbol": "SHLL_US",
        "rank_value": 1.279735019572418,
        "volume": 253552203.5,
        "adr": 16.62956399330582,
        "condi_4": true
    },
    {
        "symbol": "TSLA_US",
        "rank_value": 1.2784090909090908,
        "volume": 23685499569.375,
        "adr": 12.780868158863633,
        "condi_4": true
    },
    {
        "symbol": "RTN_US",
        "rank_value": 1.2718446601941749,
        "volume": 503104524.04999995,
        "adr": 11.81115037072653,
        "condi_4": true
    },
    {
        "symbol": "BBBY_US",
        "rank_value": 1.2669683257918551,
        "volume": 101529179.5,
        "adr": 7.034799581890239,
        "condi_4": true
    },
    {
        "symbol": "PLAN_US",
        "rank_value": 1.263034188034188,
        "volume": 114942099.2825,
        "adr": 5.133575430898274,
        "condi_4": true
    },
    {
        "symbol": "IQ_US",
        "rank_value": 1.2592592592592593,
        "volume": 118993307.44,
        "adr": 5.211882037926729,
        "condi_4": true
    },
    {
        "symbol": "PENN_US",
        "rank_value": 1.2566267425878657,
        "volume": 566993046.4,
        "adr": 9.383619427739776,
        "condi_4": true
    },
    {
        "symbol": "Z_US",
        "rank_value": 1.251896813353566,
        "volume": 263667209.85,
        "adr": 5.702034483171592,
        "condi_4": true
    },
    {
        "symbol": "SGEN_US",
        "rank_value": 1.249216628368498,
        "volume": 156276811.07999998,
        "adr": 4.074211504125169,
        "condi_4": true
    },
    {
        "symbol": "FSLY_US",
        "rank_value": 1.2434514637904468,
        "volume": 590793923.7255,
        "adr": 9.345219820423845,
        "condi_4": true
    },
    {
        "symbol": "FVRR_US",
        "rank_value": 1.241150740666401,
        "volume": 120699987.2,
        "adr": 8.558637988505735,
        "condi_4": true
    },
    {
        "symbol": "NIO_US",
        "rank_value": 1.2411444141689372,
        "volume": 1845954406.108,
        "adr": 10.056359952865312,
        "condi_4": true
    },
    {
        "symbol": "ROKU_US",
        "rank_value": 1.2409159467982995,
        "volume": 1779412556.6,
        "adr": 7.477564912739099,
        "condi_4": true
    },
    {
        "symbol": "CRWD_US",
        "rank_value": 1.2370370370370372,
        "volume": 925148093.4810001,
        "adr": 8.04480365463136,
        "condi_4": true
    },
    {
        "symbol": "BYND_US",
        "rank_value": 1.2357519701368727,
        "volume": 662553760.2032,
        "adr": 7.5260820663866745,
        "condi_4": true
    }
]