[
    {
        "symbol": "SRRK_US",
        "rank_value": 3.327067669172932,
        "volume": 225215724.82500002,
        "adr": 17.857704595250468,
        "condi_4": true
    },
    {
        "symbol": "JMIA_US",
        "rank_value": 2.1701846965699207,
        "volume": 287752950.87,
        "adr": 13.863683472926724,
        "condi_4": true
    },
    {
        "symbol": "LK_US",
        "rank_value": 2.064935064935065,
        "volume": 198791688.52800003,
        "adr": 29.12297405710205,
        "condi_4": true
    },
    {
        "symbol": "VSLR_US",
        "rank_value": 1.857451403887689,
        "volume": 111232331.2,
        "adr": 7.61046406019541,
        "condi_4": true
    },
    {
        "symbol": "HTZ_US",
        "rank_value": 1.6038613861386137,
        "volume": 146224317.90433,
        "adr": 22.32959405133508,
        "condi_4": true
    },
    {
        "symbol": "SHLL_US",
        "rank_value": 1.58837699488106,
        "volume": 326494481.8375,
        "adr": 16.75419373910849,
        "condi_4": true
    },
    {
        "symbol": "SNAP_US",
        "rank_value": 1.581888246628131,
        "volume": 2313919197.3374996,
        "adr": 7.2543843250489015,
        "condi_4": true
    },
    {
        "symbol": "JKS_US",
        "rank_value": 1.4975369458128078,
        "volume": 891106633.28,
        "adr": 14.355839789441394,
        "condi_4": true
    },
    {
        "symbol": "PINS_US",
        "rank_value": 1.4187050359712228,
        "volume": 1351767279.78,
        "adr": 7.827582626859275,
        "condi_4": true
    },
    {
        "symbol": "HOG_US",
        "rank_value": 1.3948781495249898,
        "volume": 132342919.54950002,
        "adr": 5.427914747469442,
        "condi_4": true
    },
    {
        "symbol": "X_US",
        "rank_value": 1.3717059639389737,
        "volume": 105726177.39450002,
        "adr": 6.380430056977238,
        "condi_4": true
    },
    {
        "symbol": "UTX_US",
        "rank_value": 1.3554042306577805,
        "volume": 950956822.1374999,
        "adr": 12.586647686893482,
        "condi_4": true
    },
    {
        "symbol": "MRTX_US",
        "rank_value": 1.3336007405121877,
        "volume": 108744985.2025,
        "adr": 6.06411638803801,
        "condi_4": true
    },
    {
        "symbol": "PDD_US",
        "rank_value": 1.3305193876091,
        "volume": 438885130.8255,
        "adr": 5.135666834898744,
        "condi_4": true
    },
    {
        "symbol": "FSLR_US",
        "rank_value": 1.319934003299835,
        "volume": 291228234.0,
        "adr": 7.284772182127908,
        "condi_4": true
    },
    {
        "symbol": "S_US",
        "rank_value": 1.3140172278778388,
        "volume": 218909290.00700003,
        "adr": 8.7828881490855,
        "condi_4": true
    },
    {
        "symbol": "NET_US",
        "rank_value": 1.305012531328321,
        "volume": 300956773.879,
        "adr": 6.648398335580952,
        "condi_4": true
    },
    {
        "symbol": "UAA_US",
        "rank_value": 1.2797969991173874,
        "volume": 105745496.97425999,
        "adr": 5.3962049368859955,
        "condi_4": true
    },
    {
        "symbol": "RTN_US",
        "rank_value": 1.2718446601941749,
        "volume": 503104524.04999995,
        "adr": 11.81115037072653,
        "condi_4": true
    },
    {
        "symbol": "ARRY_US",
        "rank_value": 1.266092943201377,
        "volume": 218283422.55600002,
        "adr": 8.332173558223065,
        "condi_4": true
    },
    {
        "symbol": "IPHI_US",
        "rank_value": 1.2646788990825688,
        "volume": 150659028.8925,
        "adr": 5.780381625193032,
        "condi_4": true
    }
]