[
    {
        "symbol": "OVV_US",
        "rank_value": 4.413513513513513,
        "volume": 188704177.649,
        "adr": 10.703347469002477,
        "condi_4": true
    },
    {
        "symbol": "TCO_US",
        "rank_value": 2.0274390243902443,
        "volume": 171660293.70000002,
        "adr": 6.826953381962131,
        "condi_4": true
    },
    {
        "symbol": "S_US",
        "rank_value": 1.9859154929577467,
        "volume": 212269859.57700002,
        "adr": 8.814280819051934,
        "condi_4": true
    },
    {
        "symbol": "PCG_US",
        "rank_value": 1.7732673267326733,
        "volume": 235096158.56849998,
        "adr": 7.532590947605944,
        "condi_4": true
    },
    {
        "symbol": "TSLA_US",
        "rank_value": 1.625501372176483,
        "volume": 12930634409.0,
        "adr": 9.089284961150268,
        "condi_4": true
    },
    {
        "symbol": "SDC_US",
        "rank_value": 1.623362445414847,
        "volume": 184951149.9485,
        "adr": 9.507719711530838,
        "condi_4": true
    },
    {
        "symbol": "GSX_US",
        "rank_value": 1.4658555729984302,
        "volume": 116082989.505,
        "adr": 9.747078766205819,
        "condi_4": true
    },
    {
        "symbol": "TEVA_US",
        "rank_value": 1.4033086138049058,
        "volume": 229205975.445,
        "adr": 5.3020699283200745,
        "condi_4": true
    },
    {
        "symbol": "LB_US",
        "rank_value": 1.3206024744486284,
        "volume": 190116275.29,
        "adr": 4.246689216070254,
        "condi_4": true
    },
    {
        "symbol": "WORK_US",
        "rank_value": 1.3116161616161615,
        "volume": 286720285.2325,
        "adr": 5.883244471714466,
        "condi_4": true
    },
    {
        "symbol": "BYND_US",
        "rank_value": 1.2952908587257619,
        "volume": 1471669250.24,
        "adr": 9.780337058628819,
        "condi_4": true
    },
    {
        "symbol": "ZM_US",
        "rank_value": 1.2631653857102192,
        "volume": 236776977.0,
        "adr": 5.013929148311114,
        "condi_4": true
    },
    {
        "symbol": "BIIB_US",
        "rank_value": 1.2455622407414328,
        "volume": 558550706.01,
        "adr": 4.6500822396878805,
        "condi_4": true
    }
]