[
    {
        "symbol": "SHIP_US",
        "rank_value": 10.533333333333335,
        "volume": 157732114.476,
        "adr": 73.74669981039249,
        "condi_4": true
    },
    {
        "symbol": "ODP_US",
        "rank_value": 9.971084337349398,
        "volume": 124705596.32300001,
        "adr": 45.40036725973042,
        "condi_4": true
    },
    {
        "symbol": "UONE_US",
        "rank_value": 9.272727272727272,
        "volume": 109390118.586,
        "adr": 88.51810119835655,
        "condi_4": true
    },
    {
        "symbol": "WIMI_US",
        "rank_value": 4.940828402366864,
        "volume": 176613467.725,
        "adr": 38.15257951521098,
        "condi_4": true
    },
    {
        "symbol": "WKHS_US",
        "rank_value": 4.665153234960274,
        "volume": 862378579.9200001,
        "adr": 27.477384617689538,
        "condi_4": true
    },
    {
        "symbol": "ALT_US",
        "rank_value": 4.186046511627907,
        "volume": 217368681.12,
        "adr": 34.29384290066753,
        "condi_4": true
    },
    {
        "symbol": "NVAX_US",
        "rank_value": 2.5045871559633026,
        "volume": 775245842.2800001,
        "adr": 14.579903176415998,
        "condi_4": true
    },
    {
        "symbol": "SOLO_US",
        "rank_value": 2.5,
        "volume": 110481256.80999999,
        "adr": 24.42720359870578,
        "condi_4": true
    },
    {
        "symbol": "NIO_US",
        "rank_value": 2.470486111111111,
        "volume": 2515704360.745,
        "adr": 13.856712867043797,
        "condi_4": true
    },
    {
        "symbol": "SHLL_US",
        "rank_value": 2.3634558093346576,
        "volume": 217785922.20000002,
        "adr": 18.71471876256301,
        "condi_4": true
    },
    {
        "symbol": "OSTK_US",
        "rank_value": 2.2920212765957446,
        "volume": 193717000.48450002,
        "adr": 12.745315018113645,
        "condi_4": true
    },
    {
        "symbol": "NVTA_US",
        "rank_value": 2.1649145860709593,
        "volume": 146257235.9075,
        "adr": 10.711511084498282,
        "condi_4": true
    },
    {
        "symbol": "LK_US",
        "rank_value": 2.064935064935065,
        "volume": 198791688.52800003,
        "adr": 29.12297405710205,
        "condi_4": true
    },
    {
        "symbol": "INO_US",
        "rank_value": 2.056709265175719,
        "volume": 1501225301.275,
        "adr": 21.77292837518685,
        "condi_4": true
    },
    {
        "symbol": "GSX_US",
        "rank_value": 2.041491663484791,
        "volume": 419889586.2,
        "adr": 9.939563373752925,
        "condi_4": true
    },
    {
        "symbol": "FSLY_US",
        "rank_value": 1.821808510638298,
        "volume": 1066277508.87,
        "adr": 11.174604840114588,
        "condi_4": true
    },
    {
        "symbol": "SRNE_US",
        "rank_value": 1.8167053364269143,
        "volume": 183770353.3005,
        "adr": 12.32681007751939,
        "condi_4": true
    },
    {
        "symbol": "PLUG_US",
        "rank_value": 1.8136645962732918,
        "volume": 290697352.23,
        "adr": 11.36773487663525,
        "condi_4": true
    },
    {
        "symbol": "LVGO_US",
        "rank_value": 1.7994528979312703,
        "volume": 466034796.2625,
        "adr": 9.727172631534575,
        "condi_4": true
    },
    {
        "symbol": "TSLA_US",
        "rank_value": 1.7470019299204604,
        "volume": 13688154415.557001,
        "adr": 7.377381299231267,
        "condi_4": true
    },
    {
        "symbol": "CRSP_US",
        "rank_value": 1.5744827586206895,
        "volume": 106945258.37399998,
        "adr": 7.7840010212563815,
        "condi_4": true
    },
    {
        "symbol": "QDEL_US",
        "rank_value": 1.514533881032266,
        "volume": 272149767.22499996,
        "adr": 6.233924107994748,
        "condi_4": true
    },
    {
        "symbol": "CLGX_US",
        "rank_value": 1.4968750000000002,
        "volume": 130673944.19100001,
        "adr": 3.5629020288683533,
        "condi_4": true
    },
    {
        "symbol": "SPOT_US",
        "rank_value": 1.4891525423728813,
        "volume": 1099636979.925,
        "adr": 6.874629776894103,
        "condi_4": true
    },
    {
        "symbol": "ENPH_US",
        "rank_value": 1.4855858238561226,
        "volume": 446351680.842,
        "adr": 9.239510155800135,
        "condi_4": true
    },
    {
        "symbol": "SQ_US",
        "rank_value": 1.4769175282519835,
        "volume": 1803550635.0224998,
        "adr": 6.8434450056874985,
        "condi_4": true
    },
    {
        "symbol": "FTCH_US",
        "rank_value": 1.4766483516483515,
        "volume": 103393397.875,
        "adr": 8.771725347515202,
        "condi_4": true
    },
    {
        "symbol": "ROKU_US",
        "rank_value": 1.4548778141235328,
        "volume": 1677334455.3730001,
        "adr": 7.620294282679363,
        "condi_4": true
    },
    {
        "symbol": "SPAQ_US",
        "rank_value": 1.4235637779941577,
        "volume": 127895901.81399998,
        "adr": 10.174992655858395,
        "condi_4": true
    },
    {
        "symbol": "FCX_US",
        "rank_value": 1.4059304703476483,
        "volume": 309978266.8125,
        "adr": 5.782756483322848,
        "condi_4": true
    },
    {
        "symbol": "COUP_US",
        "rank_value": 1.375903225061754,
        "volume": 344431722.7,
        "adr": 4.851591488456419,
        "condi_4": true
    },
    {
        "symbol": "PTON_US",
        "rank_value": 1.3656879929886063,
        "volume": 504060011.111,
        "adr": 6.775230191153803,
        "condi_4": true
    },
    {
        "symbol": "IQ_US",
        "rank_value": 1.3647058823529412,
        "volume": 255778612.64,
        "adr": 7.469515052209941,
        "condi_4": true
    },
    {
        "symbol": "IMMU_US",
        "rank_value": 1.3640939597315436,
        "volume": 144624933.8175,
        "adr": 5.800239654753847,
        "condi_4": true
    },
    {
        "symbol": "TME_US",
        "rank_value": 1.3625,
        "volume": 267959955.435,
        "adr": 6.068907737805285,
        "condi_4": true
    },
    {
        "symbol": "SHOP_US",
        "rank_value": 1.3586080226574877,
        "volume": 1847090018.85,
        "adr": 5.546398743200287,
        "condi_4": true
    }
]