[
    {
        "symbol": "APRN_US",
        "rank_value": 5.829268292682927,
        "volume": 101833817.88,
        "adr": 48.95786242556248,
        "condi_4": true
    },
    {
        "symbol": "W_US",
        "rank_value": 3.5728110599078344,
        "volume": 398402604.68799996,
        "adr": 23.63318161301393,
        "condi_4": true
    },
    {
        "symbol": "NBL_US",
        "rank_value": 2.78021978021978,
        "volume": 122401888.28999999,
        "adr": 22.713786961819558,
        "condi_4": true
    },
    {
        "symbol": "CVNA_US",
        "rank_value": 2.63898916967509,
        "volume": 266427026.136,
        "adr": 26.238517057988588,
        "condi_4": true
    },
    {
        "symbol": "MGM_US",
        "rank_value": 2.635548550024576,
        "volume": 544226170.4025,
        "adr": 26.14902200004192,
        "condi_4": true
    },
    {
        "symbol": "WEN_US",
        "rank_value": 2.3841642228739004,
        "volume": 121135547.16900001,
        "adr": 18.86140081708747,
        "condi_4": true
    },
    {
        "symbol": "CZR_US",
        "rank_value": 2.3043478260869565,
        "volume": 184136734.901,
        "adr": 25.50797942358516,
        "condi_4": true
    },
    {
        "symbol": "H_US",
        "rank_value": 2.1648626144879266,
        "volume": 114418249.4,
        "adr": 18.14818954602908,
        "condi_4": true
    },
    {
        "symbol": "USFD_US",
        "rank_value": 2.1634615384615383,
        "volume": 110468384.10000001,
        "adr": 23.409265460594696,
        "condi_4": true
    },
    {
        "symbol": "IMMU_US",
        "rank_value": 2.102272727272727,
        "volume": 120186780.875,
        "adr": 24.01505795311758,
        "condi_4": true
    },
    {
        "symbol": "DVN_US",
        "rank_value": 2.068063829787234,
        "volume": 137522876.05304,
        "adr": 19.575691191823896,
        "condi_4": true
    },
    {
        "symbol": "RCL_US",
        "rank_value": 2.06025974025974,
        "volume": 994891429.716,
        "adr": 27.935510771424887,
        "condi_4": true
    },
    {
        "symbol": "CNQ_US",
        "rank_value": 2.046199701937407,
        "volume": 124680658.14400001,
        "adr": 17.498753374840902,
        "condi_4": true
    },
    {
        "symbol": "LYFT_US",
        "rank_value": 2.043030690097997,
        "volume": 333023952.8875,
        "adr": 17.415211188939097,
        "condi_4": true
    },
    {
        "symbol": "UBER_US",
        "rank_value": 1.9948942377826404,
        "volume": 1287408966.9975002,
        "adr": 16.392346150657254,
        "condi_4": true
    },
    {
        "symbol": "Z_US",
        "rank_value": 1.9555888223552893,
        "volume": 191798615.05699998,
        "adr": 16.35806603280432,
        "condi_4": true
    }
]