[
    {
        "symbol": "JE_US",
        "rank_value": 24.09240924092409,
        "volume": 277677290.646,
        "adr": 49.06637932963955,
        "condi_4": true
    },
    {
        "symbol": "LK_US",
        "rank_value": 2.064935064935065,
        "volume": 198791688.52800003,
        "adr": 29.12297405710205,
        "condi_4": true
    },
    {
        "symbol": "SRNE_US",
        "rank_value": 1.88734835355286,
        "volume": 338770061.091,
        "adr": 14.521803273987777,
        "condi_4": true
    },
    {
        "symbol": "VSLR_US",
        "rank_value": 1.857451403887689,
        "volume": 111232331.2,
        "adr": 7.61046406019541,
        "condi_4": true
    },
    {
        "symbol": "BBBY_US",
        "rank_value": 1.853393665158371,
        "volume": 273673920.512,
        "adr": 8.904384150025413,
        "condi_4": true
    },
    {
        "symbol": "RUN_US",
        "rank_value": 1.8188218727998122,
        "volume": 358213052.25,
        "adr": 7.762035334899209,
        "condi_4": true
    },
    {
        "symbol": "APPS_US",
        "rank_value": 1.7427184466019416,
        "volume": 160710185.915,
        "adr": 9.977778198019305,
        "condi_4": true
    },
    {
        "symbol": "DKNG_US",
        "rank_value": 1.7406440382941688,
        "volume": 1539813234.0,
        "adr": 9.892089940043004,
        "condi_4": true
    },
    {
        "symbol": "IPOB_US",
        "rank_value": 1.705936073059361,
        "volume": 107227509.476,
        "adr": 12.470638391295651,
        "condi_4": true
    },
    {
        "symbol": "SHLL_US",
        "rank_value": 1.58837699488106,
        "volume": 326494481.8375,
        "adr": 16.75419373910849,
        "condi_4": true
    },
    {
        "symbol": "EXAS_US",
        "rank_value": 1.5109540636042404,
        "volume": 224104678.95000002,
        "adr": 5.8548741220509015,
        "condi_4": true
    },
    {
        "symbol": "VXRT_US",
        "rank_value": 1.5052045091348851,
        "volume": 211393448.8775,
        "adr": 19.510238161929962,
        "condi_4": true
    },
    {
        "symbol": "FVRR_US",
        "rank_value": 1.5039256240418655,
        "volume": 119660472.03,
        "adr": 7.30504886966219,
        "condi_4": true
    },
    {
        "symbol": "DPHC_US",
        "rank_value": 1.4990328820116054,
        "volume": 104280693.07499999,
        "adr": 15.093197078456955,
        "condi_4": true
    },
    {
        "symbol": "NKLA_US",
        "rank_value": 1.4835975232198144,
        "volume": 1382669113.4671202,
        "adr": 23.984130297842256,
        "condi_4": true
    },
    {
        "symbol": "WKHS_US",
        "rank_value": 1.450595238095238,
        "volume": 677838803.2715,
        "adr": 14.0341296623405,
        "condi_4": true
    },
    {
        "symbol": "CVNA_US",
        "rank_value": 1.442371794871795,
        "volume": 412000791.5825,
        "adr": 7.75777924421357,
        "condi_4": true
    },
    {
        "symbol": "DDOG_US",
        "rank_value": 1.4217316132464424,
        "volume": 554562831.65,
        "adr": 6.761058082367222,
        "condi_4": true
    },
    {
        "symbol": "ZM_US",
        "rank_value": 1.4126779918715826,
        "volume": 4567864926.6225,
        "adr": 7.429115404967912,
        "condi_4": true
    },
    {
        "symbol": "BEKE_US",
        "rank_value": 1.3972985561248255,
        "volume": 135866937.0,
        "adr": 8.909296467691918,
        "condi_4": true
    },
    {
        "symbol": "NIO_US",
        "rank_value": 1.3760409993593852,
        "volume": 1658219031.8460002,
        "adr": 7.592158393247694,
        "condi_4": true
    },
    {
        "symbol": "TSLA_US",
        "rank_value": 1.3707142857142858,
        "volume": 23349241555.662,
        "adr": 9.681313433754045,
        "condi_4": true
    },
    {
        "symbol": "PENN_US",
        "rank_value": 1.370189490134792,
        "volume": 775331172.21,
        "adr": 9.41330704594363,
        "condi_4": true
    },
    {
        "symbol": "PINS_US",
        "rank_value": 1.3615199457250755,
        "volume": 655653444.0450001,
        "adr": 6.121350743588638,
        "condi_4": true
    },
    {
        "symbol": "UTX_US",
        "rank_value": 1.3554042306577805,
        "volume": 950956822.1374999,
        "adr": 12.586647686893482,
        "condi_4": true
    },
    {
        "symbol": "INO_US",
        "rank_value": 1.355353075170843,
        "volume": 335519820.51,
        "adr": 19.820552050446018,
        "condi_4": true
    },
    {
        "symbol": "ROKU_US",
        "rank_value": 1.3525069823114775,
        "volume": 1740250572.2415,
        "adr": 6.242828687669411,
        "condi_4": true
    },
    {
        "symbol": "FSLY_US",
        "rank_value": 1.3416444880235328,
        "volume": 472131222.611,
        "adr": 7.62403251720829,
        "condi_4": true
    }
]