[
    {
        "symbol": "ACHV_US",
        "rank_value": 30.750000000000004,
        "volume": 157375389.699,
        "adr": 30.919890531098872,
        "condi_4": true
    },
    {
        "symbol": "KODK_US",
        "rank_value": 7.215,
        "volume": 516809058.948,
        "adr": 55.970278481767544,
        "condi_4": true
    },
    {
        "symbol": "ALT_US",
        "rank_value": 2.8794023479188904,
        "volume": 219400255.169,
        "adr": 35.98013079001947,
        "condi_4": true
    },
    {
        "symbol": "CZR_US",
        "rank_value": 2.870222222222222,
        "volume": 490995798.64,
        "adr": 16.989372966231308,
        "condi_4": true
    },
    {
        "symbol": "HTBX_US",
        "rank_value": 2.6017262638717633,
        "volume": 145059348.29299998,
        "adr": 34.888773001274906,
        "condi_4": true
    },
    {
        "symbol": "IBIO_US",
        "rank_value": 2.3947368421052633,
        "volume": 202894956.58249998,
        "adr": 25.021315180719018,
        "condi_4": true
    },
    {
        "symbol": "KNDI_US",
        "rank_value": 2.20844327176781,
        "volume": 104577534.56699999,
        "adr": 34.42726128198097,
        "condi_4": true
    },
    {
        "symbol": "LK_US",
        "rank_value": 2.064935064935065,
        "volume": 198791688.52800003,
        "adr": 29.12297405710205,
        "condi_4": true
    },
    {
        "symbol": "SRNE_US",
        "rank_value": 1.7416107382550337,
        "volume": 272584703.106,
        "adr": 13.309514818508394,
        "condi_4": true
    },
    {
        "symbol": "LB_US",
        "rank_value": 1.6432906271072152,
        "volume": 147736088.1625,
        "adr": 6.700030748120822,
        "condi_4": true
    },
    {
        "symbol": "LRN_US",
        "rank_value": 1.6079370509750257,
        "volume": 104755202.7,
        "adr": 9.431361211989575,
        "condi_4": true
    },
    {
        "symbol": "OPK_US",
        "rank_value": 1.6054216867469882,
        "volume": 130559501.28,
        "adr": 11.913133605611236,
        "condi_4": true
    },
    {
        "symbol": "VXRT_US",
        "rank_value": 1.5116279069767442,
        "volume": 310361854.985,
        "adr": 22.27960967532825,
        "condi_4": true
    },
    {
        "symbol": "BBBY_US",
        "rank_value": 1.4939106901217862,
        "volume": 155497109.97599998,
        "adr": 9.670871463066955,
        "condi_4": true
    },
    {
        "symbol": "AMD_US",
        "rank_value": 1.4912354853335588,
        "volume": 5470221406.648001,
        "adr": 6.495839969375927,
        "condi_4": true
    },
    {
        "symbol": "AG_US",
        "rank_value": 1.4156692056583242,
        "volume": 116324157.243,
        "adr": 7.108868234054855,
        "condi_4": true
    },
    {
        "symbol": "MRNA_US",
        "rank_value": 1.3947396241155212,
        "volume": 2340297414.672,
        "adr": 11.553749596199726,
        "condi_4": true
    },
    {
        "symbol": "GFI_US",
        "rank_value": 1.3941684665226783,
        "volume": 125635799.66849999,
        "adr": 5.15179067789151,
        "condi_4": true
    },
    {
        "symbol": "APA_US",
        "rank_value": 1.391304347826087,
        "volume": 154053280.8,
        "adr": 8.095821198408327,
        "condi_4": true
    },
    {
        "symbol": "SPCE_US",
        "rank_value": 1.3850467289719626,
        "volume": 529928960.2425,
        "adr": 11.402957618849241,
        "condi_4": true
    },
    {
        "symbol": "TSM_US",
        "rank_value": 1.374738311235171,
        "volume": 1126044703.12,
        "adr": 4.646686925080901,
        "condi_4": true
    }
]