[
    {
        "symbol": "ACB_US",
        "rank_value": 21.21212121212121,
        "volume": 343818497.40000004,
        "adr": 21.901468217448716,
        "condi_4": true
    },
    {
        "symbol": "GNUS_US",
        "rank_value": 20.32258064516129,
        "volume": 526672988.72999996,
        "adr": 59.17229612277597,
        "condi_4": true
    },
    {
        "symbol": "MARK_US",
        "rank_value": 4.757943769755449,
        "volume": 190163895.207,
        "adr": 34.639916668545354,
        "condi_4": true
    },
    {
        "symbol": "NVAX_US",
        "rank_value": 2.628841607565011,
        "volume": 584068648.0799999,
        "adr": 22.822808552740014,
        "condi_4": true
    },
    {
        "symbol": "NKLA_US",
        "rank_value": 2.5854961832061067,
        "volume": 317786755.11899996,
        "adr": 20.08188938994504,
        "condi_4": true
    },
    {
        "symbol": "FSLY_US",
        "rank_value": 2.1267605633802815,
        "volume": 232934475.57099998,
        "adr": 11.868506883269747,
        "condi_4": true
    },
    {
        "symbol": "DKNG_US",
        "rank_value": 1.9778313253012048,
        "volume": 537371944.632,
        "adr": 12.330908145708763,
        "condi_4": true
    },
    {
        "symbol": "RCL_US",
        "rank_value": 1.8497293855460044,
        "volume": 1077960903.495,
        "adr": 10.185781469224064,
        "condi_4": true
    },
    {
        "symbol": "RH_US",
        "rank_value": 1.8234359196647885,
        "volume": 296787808.58,
        "adr": 7.670778744766293,
        "condi_4": true
    },
    {
        "symbol": "STNE_US",
        "rank_value": 1.8087918663220417,
        "volume": 200150699.33600003,
        "adr": 10.76937099253026,
        "condi_4": true
    },
    {
        "symbol": "LB_US",
        "rank_value": 1.7666999002991026,
        "volume": 172496882.526,
        "adr": 10.296823114949172,
        "condi_4": true
    },
    {
        "symbol": "GPS_US",
        "rank_value": 1.7551644988523336,
        "volume": 158958952.3555,
        "adr": 11.197761310112764,
        "condi_4": true
    },
    {
        "symbol": "WIX_US",
        "rank_value": 1.7418869716637644,
        "volume": 227611413.7775,
        "adr": 6.2794304785664945,
        "condi_4": true
    },
    {
        "symbol": "OSTK_US",
        "rank_value": 1.7241379310344827,
        "volume": 104265491.62499999,
        "adr": 12.95182251581699,
        "condi_4": true
    },
    {
        "symbol": "TWLO_US",
        "rank_value": 1.7035730039700046,
        "volume": 1157036141.03,
        "adr": 6.9612860664196585,
        "condi_4": true
    },
    {
        "symbol": "SRNE_US",
        "rank_value": 1.6738197424892702,
        "volume": 256215016.39499998,
        "adr": 30.83932864901491,
        "condi_4": true
    }
]