[
    {
        "symbol": "GNUS_US",
        "rank_value": 8.684210526315791,
        "volume": 445088871.31500006,
        "adr": 53.33077444841798,
        "condi_4": true
    },
    {
        "symbol": "HTZ_US",
        "rank_value": 5.5,
        "volume": 280753946.44000006,
        "adr": 68.71879487181451,
        "condi_4": true
    },
    {
        "symbol": "XSPA_US",
        "rank_value": 4.558784324180219,
        "volume": 118109231.5455,
        "adr": 35.21043713558705,
        "condi_4": true
    },
    {
        "symbol": "NKLA_US",
        "rank_value": 3.4639409426462238,
        "volume": 864343824.9,
        "adr": 28.671838822235117,
        "condi_4": true
    },
    {
        "symbol": "LK_US",
        "rank_value": 2.8947368421052633,
        "volume": 402706055.29,
        "adr": 69.27770498396897,
        "condi_4": true
    },
    {
        "symbol": "CAR_US",
        "rank_value": 2.7521186440677967,
        "volume": 228898127.97,
        "adr": 16.37139245278927,
        "condi_4": true
    },
    {
        "symbol": "ACB_US",
        "rank_value": 2.6622641509433964,
        "volume": 328451147.835,
        "adr": 20.944444170536514,
        "condi_4": true
    },
    {
        "symbol": "MARK_US",
        "rank_value": 2.504854368932039,
        "volume": 103145054.643,
        "adr": 27.012261003937432,
        "condi_4": true
    },
    {
        "symbol": "SAVE_US",
        "rank_value": 2.503448275862069,
        "volume": 667014805.05,
        "adr": 17.001846724610516,
        "condi_4": true
    },
    {
        "symbol": "NVAX_US",
        "rank_value": 2.3473684210526318,
        "volume": 410432904.90000004,
        "adr": 16.589851398009547,
        "condi_4": true
    },
    {
        "symbol": "NCLH_US",
        "rank_value": 2.1114718614718617,
        "volume": 1463386791.4385,
        "adr": 15.16528029291484,
        "condi_4": true
    },
    {
        "symbol": "IVR_US",
        "rank_value": 2.1083333333333334,
        "volume": 136082838.74899998,
        "adr": 18.992917628005813,
        "condi_4": true
    },
    {
        "symbol": "UAL_US",
        "rank_value": 2.067106710671067,
        "volume": 2708448535.2070003,
        "adr": 13.181084677279786,
        "condi_4": true
    },
    {
        "symbol": "PLAY_US",
        "rank_value": 1.977473309608541,
        "volume": 165663783.877485,
        "adr": 16.4999353356591,
        "condi_4": true
    },
    {
        "symbol": "NIO_US",
        "rank_value": 1.959119496855346,
        "volume": 430081287.958,
        "adr": 11.013060614237101,
        "condi_4": true
    },
    {
        "symbol": "AAL_US",
        "rank_value": 1.9515151515151516,
        "volume": 1733206876.1000001,
        "adr": 12.999297814921707,
        "condi_4": true
    },
    {
        "symbol": "ERI_US",
        "rank_value": 1.9473684210526316,
        "volume": 282658645.45,
        "adr": 12.179914021048543,
        "condi_4": true
    },
    {
        "symbol": "PENN_US",
        "rank_value": 1.9367088607594938,
        "volume": 597982748.9399999,
        "adr": 12.226042693739881,
        "condi_4": true
    },
    {
        "symbol": "RCL_US",
        "rank_value": 1.9184972938554599,
        "volume": 1357673359.132,
        "adr": 12.017267920762809,
        "condi_4": true
    },
    {
        "symbol": "SPR_US",
        "rank_value": 1.8786717752234994,
        "volume": 183632443.86800003,
        "adr": 13.350260203503716,
        "condi_4": true
    },
    {
        "symbol": "AA_US",
        "rank_value": 1.865203761755486,
        "volume": 107871162.84,
        "adr": 9.325997119915419,
        "condi_4": true
    },
    {
        "symbol": "PK_US",
        "rank_value": 1.8376722817764164,
        "volume": 124820537.39999999,
        "adr": 11.751752491326073,
        "condi_4": true
    },
    {
        "symbol": "STNE_US",
        "rank_value": 1.8269386393843832,
        "volume": 196937276.4375,
        "adr": 10.151158071418443,
        "condi_4": true
    },
    {
        "symbol": "SRNE_US",
        "rank_value": 1.80078125,
        "volume": 332545369.08900005,
        "adr": 31.675152933398664,
        "condi_4": true
    },
    {
        "symbol": "CCL_US",
        "rank_value": 1.7763636363636364,
        "volume": 1123884602.96,
        "adr": 12.315729448489643,
        "condi_4": true
    },
    {
        "symbol": "RH_US",
        "rank_value": 1.762028608582575,
        "volume": 307190732.94000006,
        "adr": 8.091823474192793,
        "condi_4": true
    },
    {
        "symbol": "THO_US",
        "rank_value": 1.7340375216774395,
        "volume": 117122730.51099998,
        "adr": 7.0069696180594665,
        "condi_4": true
    },
    {
        "symbol": "BA_US",
        "rank_value": 1.7227149003424356,
        "volume": 7788153172.859999,
        "adr": 8.542675131656319,
        "condi_4": true
    },
    {
        "symbol": "LB_US",
        "rank_value": 1.7168494516450648,
        "volume": 172346963.22899997,
        "adr": 10.172134857656335,
        "condi_4": true
    }
]