[
    {
        "symbol": "JE_US",
        "rank_value": 22.630834512022627,
        "volume": 262159950.71999997,
        "adr": 49.33686939845825,
        "condi_4": true
    },
    {
        "symbol": "MRNS_US",
        "rank_value": 6.976878612716764,
        "volume": 131416705.565,
        "adr": 17.709247626030987,
        "condi_4": true
    },
    {
        "symbol": "SPI_US",
        "rank_value": 5.9170984455958555,
        "volume": 120270356.6725,
        "adr": 236.06091049951416,
        "condi_4": true
    },
    {
        "symbol": "SAVA_US",
        "rank_value": 3.776978417266187,
        "volume": 194966589.3,
        "adr": 24.512885427781562,
        "condi_4": true
    },
    {
        "symbol": "LK_US",
        "rank_value": 2.064935064935065,
        "volume": 198791688.52800003,
        "adr": 29.12297405710205,
        "condi_4": true
    },
    {
        "symbol": "DKNG_US",
        "rank_value": 1.819553234696838,
        "volume": 1546413180.928,
        "adr": 10.020087427099567,
        "condi_4": true
    },
    {
        "symbol": "VSLR_US",
        "rank_value": 1.8142548596112311,
        "volume": 105076322.4,
        "adr": 8.56559402345618,
        "condi_4": true
    },
    {
        "symbol": "SRNE_US",
        "rank_value": 1.7972270363951472,
        "volume": 332263736.34749997,
        "adr": 15.260548574936394,
        "condi_4": true
    },
    {
        "symbol": "RUN_US",
        "rank_value": 1.787139169209106,
        "volume": 353250201.795,
        "adr": 8.677992819172475,
        "condi_4": true
    },
    {
        "symbol": "IPOB_US",
        "rank_value": 1.6971375807940905,
        "volume": 105065593.081,
        "adr": 12.626546839283304,
        "condi_4": true
    },
    {
        "symbol": "QDEL_US",
        "rank_value": 1.6875348967057509,
        "volume": 212948430.4455,
        "adr": 7.278766199346753,
        "condi_4": true
    },
    {
        "symbol": "APPS_US",
        "rank_value": 1.6310679611650485,
        "volume": 156508171.68,
        "adr": 10.683217946734324,
        "condi_4": true
    },
    {
        "symbol": "SHLL_US",
        "rank_value": 1.58837699488106,
        "volume": 326494481.8375,
        "adr": 16.75419373910849,
        "condi_4": true
    },
    {
        "symbol": "KODK_US",
        "rank_value": 1.5842490842490844,
        "volume": 278862457.56,
        "adr": 18.492274282667843,
        "condi_4": true
    },
    {
        "symbol": "VXRT_US",
        "rank_value": 1.5121951219512197,
        "volume": 208088130.261,
        "adr": 20.07941703608378,
        "condi_4": true
    },
    {
        "symbol": "EXAS_US",
        "rank_value": 1.4840989399293287,
        "volume": 221014752.0,
        "adr": 5.949429206907064,
        "condi_4": true
    },
    {
        "symbol": "NKLA_US",
        "rank_value": 1.481733746130031,
        "volume": 1346502743.7995,
        "adr": 24.084333683769408,
        "condi_4": true
    },
    {
        "symbol": "DPHC_US",
        "rank_value": 1.4764667956157318,
        "volume": 103866346.07,
        "adr": 15.297013452486086,
        "condi_4": true
    },
    {
        "symbol": "NVCR_US",
        "rank_value": 1.4757332631855846,
        "volume": 132226196.52000001,
        "adr": 5.6294545582392,
        "condi_4": true
    },
    {
        "symbol": "NVTA_US",
        "rank_value": 1.4537671232876714,
        "volume": 112297255.47000001,
        "adr": 8.449046109794045,
        "condi_4": true
    },
    {
        "symbol": "CVNA_US",
        "rank_value": 1.4276923076923076,
        "volume": 420852101.76,
        "adr": 8.156388530300628,
        "condi_4": true
    },
    {
        "symbol": "PENN_US",
        "rank_value": 1.404571205313538,
        "volume": 786866837.8050001,
        "adr": 9.526559044276883,
        "condi_4": true
    },
    {
        "symbol": "ZM_US",
        "rank_value": 1.4040525130844128,
        "volume": 4632304811.12,
        "adr": 7.767403944999396,
        "condi_4": true
    },
    {
        "symbol": "SEDG_US",
        "rank_value": 1.4006397665413324,
        "volume": 210115412.08,
        "adr": 7.170144329052031,
        "condi_4": true
    },
    {
        "symbol": "WKHS_US",
        "rank_value": 1.3910714285714285,
        "volume": 665516330.871,
        "adr": 14.606701254200583,
        "condi_4": true
    },
    {
        "symbol": "BEKE_US",
        "rank_value": 1.3889147647880764,
        "volume": 136441260.9,
        "adr": 9.16280254902131,
        "condi_4": true
    },
    {
        "symbol": "BYND_US",
        "rank_value": 1.3723766072169226,
        "volume": 772160974.112,
        "adr": 7.4334680972586,
        "condi_4": true
    },
    {
        "symbol": "DDOG_US",
        "rank_value": 1.364543157334752,
        "volume": 531372951.35999995,
        "adr": 6.859241209153444,
        "condi_4": true
    },
    {
        "symbol": "TTD_US",
        "rank_value": 1.3560815607176953,
        "volume": 388530975.29999995,
        "adr": 5.830822853668205,
        "condi_4": true
    },
    {
        "symbol": "UTX_US",
        "rank_value": 1.3554042306577805,
        "volume": 950956822.1374999,
        "adr": 12.586647686893482,
        "condi_4": true
    },
    {
        "symbol": "PINS_US",
        "rank_value": 1.3534654477526402,
        "volume": 643749439.938,
        "adr": 6.4014686790685005,
        "condi_4": true
    },
    {
        "symbol": "NIO_US",
        "rank_value": 1.3516976297245358,
        "volume": 1733972801.325,
        "adr": 8.514963222761086,
        "condi_4": true
    },
    {
        "symbol": "Z_US",
        "rank_value": 1.3480020232675771,
        "volume": 280942338.56,
        "adr": 5.543682358476887,
        "condi_4": true
    },
    {
        "symbol": "INO_US",
        "rank_value": 1.343963553530752,
        "volume": 334841192.55,
        "adr": 20.24261861361465,
        "condi_4": true
    },
    {
        "symbol": "TSLA_US",
        "rank_value": 1.335064935064935,
        "volume": 23697715528.879997,
        "adr": 10.223174594608352,
        "condi_4": true
    },
    {
        "symbol": "FSLY_US",
        "rank_value": 1.33001820983331,
        "volume": 499352347.32750005,
        "adr": 8.251811568035428,
        "condi_4": true
    },
    {
        "symbol": "SGEN_US",
        "rank_value": 1.3272056263491399,
        "volume": 175316167.2,
        "adr": 4.05690327404038,
        "condi_4": true
    },
    {
        "symbol": "ROKU_US",
        "rank_value": 1.3249767256284082,
        "volume": 1719811650.425,
        "adr": 6.6328362681981945,
        "condi_4": true
    },
    {
        "symbol": "PLUG_US",
        "rank_value": 1.3200757575757576,
        "volume": 291117032.712,
        "adr": 8.463130616983383,
        "condi_4": true
    },
    {
        "symbol": "S_US",
        "rank_value": 1.3140172278778388,
        "volume": 218909290.00700003,
        "adr": 8.7828881490855,
        "condi_4": true
    }
]