[
    {
        "symbol": "S_US",
        "rank_value": 2.276995305164319,
        "volume": 369657107.94,
        "adr": 9.181770096728359,
        "condi_4": true
    },
    {
        "symbol": "SPCE_US",
        "rank_value": 2.0541650548033528,
        "volume": 980398323.358885,
        "adr": 15.493542224019684,
        "condi_4": true
    },
    {
        "symbol": "STMP_US",
        "rank_value": 2.0270713699753897,
        "volume": 127079020.425,
        "adr": 8.799591606727919,
        "condi_4": true
    },
    {
        "symbol": "TCO_US",
        "rank_value": 2.026295731707317,
        "volume": 241419735.51800004,
        "adr": 5.583835639979418,
        "condi_4": true
    },
    {
        "symbol": "ENPH_US",
        "rank_value": 1.7584097859327217,
        "volume": 384663276.9,
        "adr": 8.828159897466858,
        "condi_4": true
    },
    {
        "symbol": "ZM_US",
        "rank_value": 1.5485340165101051,
        "volume": 494641160.96,
        "adr": 6.595344770377243,
        "condi_4": true
    },
    {
        "symbol": "GSX_US",
        "rank_value": 1.5208188757807077,
        "volume": 151768392.183,
        "adr": 10.50454225612718,
        "condi_4": true
    },
    {
        "symbol": "TSLA_US",
        "rank_value": 1.4680363390031828,
        "volume": 12526993674.300001,
        "adr": 10.379947222708896,
        "condi_4": true
    },
    {
        "symbol": "LK_US",
        "rank_value": 1.428785046728972,
        "volume": 722359180.9979999,
        "adr": 10.542155505667438,
        "condi_4": true
    },
    {
        "symbol": "SEDG_US",
        "rank_value": 1.3875,
        "volume": 170628327.54,
        "adr": 6.198154368925257,
        "condi_4": true
    },
    {
        "symbol": "DPZ_US",
        "rank_value": 1.3699644549763035,
        "volume": 324456015.5,
        "adr": 3.923839702364651,
        "condi_4": true
    },
    {
        "symbol": "WORK_US",
        "rank_value": 1.3560606060606062,
        "volume": 347588158.46250004,
        "adr": 6.947255404633812,
        "condi_4": true
    },
    {
        "symbol": "CVNA_US",
        "rank_value": 1.3541666666666667,
        "volume": 140494988.4,
        "adr": 5.980285068061142,
        "condi_4": true
    },
    {
        "symbol": "PENN_US",
        "rank_value": 1.323517382413088,
        "volume": 115143945.806,
        "adr": 7.0362279338610945,
        "condi_4": true
    },
    {
        "symbol": "BILI_US",
        "rank_value": 1.316715542521994,
        "volume": 158101150.824,
        "adr": 6.2636484889050825,
        "condi_4": true
    },
    {
        "symbol": "TAL_US",
        "rank_value": 1.3099885189437428,
        "volume": 197006737.26999998,
        "adr": 4.49132644226089,
        "condi_4": true
    },
    {
        "symbol": "PCG_US",
        "rank_value": 1.292466765140325,
        "volume": 187278337.75,
        "adr": 7.049694313276711,
        "condi_4": true
    },
    {
        "symbol": "Z_US",
        "rank_value": 1.2711081794195251,
        "volume": 169588048.5675,
        "adr": 4.996811329397577,
        "condi_4": true
    },
    {
        "symbol": "WWE_US",
        "rank_value": 1.2628865979381445,
        "volume": 171515123.85,
        "adr": 7.526718222007456,
        "condi_4": true
    },
    {
        "symbol": "ZNGA_US",
        "rank_value": 1.2482142857142857,
        "volume": 173762225.9745,
        "adr": 4.25698393363958,
        "condi_4": true
    },
    {
        "symbol": "DXCM_US",
        "rank_value": 1.2482081817179402,
        "volume": 207101225.35,
        "adr": 4.848116169107297,
        "condi_4": true
    },
    {
        "symbol": "DBX_US",
        "rank_value": 1.238725195429946,
        "volume": 156071599.75,
        "adr": 5.368655804035383,
        "condi_4": true
    },
    {
        "symbol": "RNG_US",
        "rank_value": 1.2331426772314635,
        "volume": 207452042.75,
        "adr": 3.94369821665721,
        "condi_4": true
    },
    {
        "symbol": "BIIB_US",
        "rank_value": 1.2175342875294295,
        "volume": 472060791.27,
        "adr": 4.715885421559762,
        "condi_4": true
    }
]