[
    {
        "symbol": "VXRT_US",
        "rank_value": 5.435294117647059,
        "volume": 797149897.9289999,
        "adr": 38.066372639248016,
        "condi_4": true
    },
    {
        "symbol": "IBIO_US",
        "rank_value": 4.199928571428572,
        "volume": 300313797.197635,
        "adr": 27.191759075466273,
        "condi_4": true
    },
    {
        "symbol": "BOXL_US",
        "rank_value": 4.052631578947368,
        "volume": 113826467.06199999,
        "adr": 30.046833473550528,
        "condi_4": true
    },
    {
        "symbol": "HTBX_US",
        "rank_value": 3.885714285714286,
        "volume": 165604986.872,
        "adr": 30.684973399312575,
        "condi_4": true
    },
    {
        "symbol": "WIMI_US",
        "rank_value": 3.5323529411764705,
        "volume": 137249691.51,
        "adr": 44.332523938235326,
        "condi_4": true
    },
    {
        "symbol": "ALT_US",
        "rank_value": 3.385876418663304,
        "volume": 225161076.69000003,
        "adr": 38.71759903558654,
        "condi_4": true
    },
    {
        "symbol": "CZR_US",
        "rank_value": 3.2355555555555555,
        "volume": 638850923.62,
        "adr": 14.585727783310375,
        "condi_4": true
    },
    {
        "symbol": "WKHS_US",
        "rank_value": 2.5819672131147544,
        "volume": 772677367.0875001,
        "adr": 22.95934552574539,
        "condi_4": true
    },
    {
        "symbol": "BE_US",
        "rank_value": 2.265888456549935,
        "volume": 108671154.05949998,
        "adr": 15.471549467467671,
        "condi_4": true
    },
    {
        "symbol": "OPK_US",
        "rank_value": 2.2350597609561755,
        "volume": 129816614.8455,
        "adr": 12.25791909369438,
        "condi_4": true
    },
    {
        "symbol": "NVAX_US",
        "rank_value": 2.2071713147410357,
        "volume": 984822164.9749999,
        "adr": 15.058497617782685,
        "condi_4": true
    },
    {
        "symbol": "VBIV_US",
        "rank_value": 2.1821862348178134,
        "volume": 101687109.36999999,
        "adr": 22.204660598727965,
        "condi_4": true
    },
    {
        "symbol": "OSTK_US",
        "rank_value": 2.124546553808948,
        "volume": 244922710.3155,
        "adr": 12.753687193666918,
        "condi_4": true
    },
    {
        "symbol": "LK_US",
        "rank_value": 2.064935064935065,
        "volume": 198791688.52800003,
        "adr": 29.12297405710205,
        "condi_4": true
    },
    {
        "symbol": "SOLO_US",
        "rank_value": 2.017485380116959,
        "volume": 103845747.11359501,
        "adr": 24.243629562383905,
        "condi_4": true
    },
    {
        "symbol": "NIO_US",
        "rank_value": 1.8584615384615384,
        "volume": 2359061525.8120003,
        "adr": 15.514627620276622,
        "condi_4": true
    },
    {
        "symbol": "BNTX_US",
        "rank_value": 1.7643633540372672,
        "volume": 389071961.64,
        "adr": 13.480170858095653,
        "condi_4": true
    },
    {
        "symbol": "SPCE_US",
        "rank_value": 1.7453924914675767,
        "volume": 596328809.123,
        "adr": 11.248733218656803,
        "condi_4": true
    },
    {
        "symbol": "LVGO_US",
        "rank_value": 1.6297743055555556,
        "volume": 499551099.975,
        "adr": 9.88327967672018,
        "condi_4": true
    },
    {
        "symbol": "INO_US",
        "rank_value": 1.6171052631578946,
        "volume": 1173771314.7549999,
        "adr": 20.60953915885433,
        "condi_4": true
    },
    {
        "symbol": "SRNE_US",
        "rank_value": 1.6016511867905057,
        "volume": 214966937.22399998,
        "adr": 14.257427788126687,
        "condi_4": true
    },
    {
        "symbol": "TSLA_US",
        "rank_value": 1.58404737768767,
        "volume": 14196058665.453,
        "adr": 9.462449215820312,
        "condi_4": true
    },
    {
        "symbol": "PLUG_US",
        "rank_value": 1.5348837209302326,
        "volume": 249511180.347,
        "adr": 10.03750742834779,
        "condi_4": true
    },
    {
        "symbol": "GSX_US",
        "rank_value": 1.515492438214681,
        "volume": 363047746.2975,
        "adr": 9.694557633084088,
        "condi_4": true
    },
    {
        "symbol": "FTCH_US",
        "rank_value": 1.4527027027027026,
        "volume": 105472324.25,
        "adr": 8.240055459552798,
        "condi_4": true
    },
    {
        "symbol": "CAR_US",
        "rank_value": 1.4522388059701492,
        "volume": 105828031.20750001,
        "adr": 9.33915932961995,
        "condi_4": true
    },
    {
        "symbol": "ENPH_US",
        "rank_value": 1.4210041455550437,
        "volume": 205206364.10000002,
        "adr": 6.9155297795293835,
        "condi_4": true
    },
    {
        "symbol": "SEDG_US",
        "rank_value": 1.3860366381004796,
        "volume": 157593687.45299998,
        "adr": 5.656604315256386,
        "condi_4": true
    },
    {
        "symbol": "HBI_US",
        "rank_value": 1.3830409356725146,
        "volume": 110283836.4045,
        "adr": 5.312027831066191,
        "condi_4": true
    }
]