[
    {
        "symbol": "QLGN_US",
        "rank_value": 17.18213058419244,
        "volume": 150881854.2,
        "adr": 34.13309089673757,
        "condi_4": true
    },
    {
        "symbol": "MARK_US",
        "rank_value": 4.721649484536083,
        "volume": 165083168.113,
        "adr": 38.368895376100866,
        "condi_4": true
    },
    {
        "symbol": "MGNX_US",
        "rank_value": 3.3732718894009217,
        "volume": 167009946.048,
        "adr": 29.894940507962218,
        "condi_4": true
    },
    {
        "symbol": "NVAX_US",
        "rank_value": 3.004265691651432,
        "volume": 610568534.89,
        "adr": 21.77812366742371,
        "condi_4": true
    },
    {
        "symbol": "CAR_US",
        "rank_value": 2.5582627118644066,
        "volume": 184807035.7875,
        "adr": 15.848597987839486,
        "condi_4": true
    },
    {
        "symbol": "NKLA_US",
        "rank_value": 2.5216025137470544,
        "volume": 264873291.24,
        "adr": 18.63631035188771,
        "condi_4": true
    },
    {
        "symbol": "FSLY_US",
        "rank_value": 2.3341463414634145,
        "volume": 233840244.0825,
        "adr": 12.98120845785158,
        "condi_4": true
    },
    {
        "symbol": "PENN_US",
        "rank_value": 2.2082389937106917,
        "volume": 599040833.73516,
        "adr": 13.03107679436344,
        "condi_4": true
    },
    {
        "symbol": "DKNG_US",
        "rank_value": 2.180834548124135,
        "volume": 504362790.11999995,
        "adr": 12.24445891410988,
        "condi_4": true
    },
    {
        "symbol": "SRNE_US",
        "rank_value": 2.165137614678899,
        "volume": 299589240.65999997,
        "adr": 29.774118736268985,
        "condi_4": true
    },
    {
        "symbol": "ERI_US",
        "rank_value": 2.120047309284447,
        "volume": 270194012.9175,
        "adr": 12.702345358291689,
        "condi_4": true
    },
    {
        "symbol": "TWLO_US",
        "rank_value": 1.900943396226415,
        "volume": 1234718482.7250001,
        "adr": 8.399098253216453,
        "condi_4": true
    },
    {
        "symbol": "MYOK_US",
        "rank_value": 1.8516012308393643,
        "volume": 109967698.69800001,
        "adr": 10.443658556912139,
        "condi_4": true
    },
    {
        "symbol": "LB_US",
        "rank_value": 1.7107942973523422,
        "volume": 164613724.8,
        "adr": 11.154614577147392,
        "condi_4": true
    },
    {
        "symbol": "DDOG_US",
        "rank_value": 1.662295081967213,
        "volume": 420823619.03400004,
        "adr": 8.62571933881755,
        "condi_4": true
    },
    {
        "symbol": "UAL_US",
        "rank_value": 1.6556655665566558,
        "volume": 1644819182.055,
        "adr": 10.821170857363427,
        "condi_4": true
    },
    {
        "symbol": "ZS_US",
        "rank_value": 1.6297709923664123,
        "volume": 412550928.475,
        "adr": 7.165134080101532,
        "condi_4": true
    },
    {
        "symbol": "CODX_US",
        "rank_value": 1.5994500458295142,
        "volume": 140985329.325,
        "adr": 18.39193645108996,
        "condi_4": true
    },
    {
        "symbol": "STNE_US",
        "rank_value": 1.5993682961161002,
        "volume": 170219517.204,
        "adr": 10.081737520345357,
        "condi_4": true
    }
]