[
    {
        "symbol": "OVV_US",
        "rank_value": 4.562162162162162,
        "volume": 226666192.11599997,
        "adr": 10.810465747810373,
        "condi_4": true
    },
    {
        "symbol": "SPCE_US",
        "rank_value": 1.700909090909091,
        "volume": 210056679.79800004,
        "adr": 10.59980197515178,
        "condi_4": true
    },
    {
        "symbol": "TSLA_US",
        "rank_value": 1.6076803656906293,
        "volume": 12727063215.861002,
        "adr": 9.127167292530846,
        "condi_4": true
    },
    {
        "symbol": "SDC_US",
        "rank_value": 1.5949781659388644,
        "volume": 186385341.5235,
        "adr": 10.140603642483281,
        "condi_4": true
    },
    {
        "symbol": "TEVA_US",
        "rank_value": 1.3953223046206502,
        "volume": 213160866.7245,
        "adr": 5.302814457395266,
        "condi_4": true
    },
    {
        "symbol": "LB_US",
        "rank_value": 1.3766081871345028,
        "volume": 183347300.93899998,
        "adr": 4.1381213604434475,
        "condi_4": true
    },
    {
        "symbol": "PINS_US",
        "rank_value": 1.3205263157894738,
        "volume": 420902847.417,
        "adr": 6.202031716291967,
        "condi_4": true
    },
    {
        "symbol": "LK_US",
        "rank_value": 1.3158878504672897,
        "volume": 771870473.44,
        "adr": 11.701181384829074,
        "condi_4": true
    },
    {
        "symbol": "ENPH_US",
        "rank_value": 1.3065843621399178,
        "volume": 177647900.355,
        "adr": 5.764010706501899,
        "condi_4": true
    },
    {
        "symbol": "BIIB_US",
        "rank_value": 1.266116073096902,
        "volume": 551895916.88,
        "adr": 4.511187524055904,
        "condi_4": true
    },
    {
        "symbol": "ZM_US",
        "rank_value": 1.265705311250714,
        "volume": 237939011.28000003,
        "adr": 4.9354405242169275,
        "condi_4": true
    },
    {
        "symbol": "NIO_US",
        "rank_value": 1.2640264026402641,
        "volume": 364631168.71500003,
        "adr": 12.67864888517125,
        "condi_4": true
    },
    {
        "symbol": "TDOC_US",
        "rank_value": 1.2601190476190476,
        "volume": 126424911.3,
        "adr": 4.4683659224848515,
        "condi_4": true
    },
    {
        "symbol": "UBER_US",
        "rank_value": 1.2531017369727047,
        "volume": 1176565408.4599998,
        "adr": 4.694837269515673,
        "condi_4": true
    },
    {
        "symbol": "SHAK_US",
        "rank_value": 1.2519019442096364,
        "volume": 160471474.26000002,
        "adr": 4.491067890724776,
        "condi_4": true
    },
    {
        "symbol": "ZS_US",
        "rank_value": 1.2414736842105263,
        "volume": 104932963.51200001,
        "adr": 4.4333530346479355,
        "condi_4": true
    },
    {
        "symbol": "AYX_US",
        "rank_value": 1.2389038634321652,
        "volume": 149373727.40199998,
        "adr": 4.576208673295734,
        "condi_4": true
    }
]