[
    {
        "symbol": "GOGO_US",
        "rank_value": 2.8928571428571432,
        "volume": 144783443.034,
        "adr": 17.81770925036583,
        "condi_4": true
    },
    {
        "symbol": "IMMU_US",
        "rank_value": 2.2538969616908853,
        "volume": 604481796.4005,
        "adr": 4.829422803895023,
        "condi_4": true
    },
    {
        "symbol": "GME_US",
        "rank_value": 2.1197339246119737,
        "volume": 105206663.79400001,
        "adr": 15.066002845101378,
        "condi_4": true
    },
    {
        "symbol": "LK_US",
        "rank_value": 2.064935064935065,
        "volume": 198791688.52800003,
        "adr": 29.12297405710205,
        "condi_4": true
    },
    {
        "symbol": "INO_US",
        "rank_value": 2.0159453302961277,
        "volume": 433718514.92999995,
        "adr": 16.71976569615703,
        "condi_4": true
    },
    {
        "symbol": "SHLL_US",
        "rank_value": 1.9700551615445234,
        "volume": 387912692.5,
        "adr": 17.32308544967891,
        "condi_4": true
    },
    {
        "symbol": "KODK_US",
        "rank_value": 1.8699633699633702,
        "volume": 388417700.658,
        "adr": 22.877433557958927,
        "condi_4": true
    },
    {
        "symbol": "WKHS_US",
        "rank_value": 1.8483290488431876,
        "volume": 725266031.794,
        "adr": 13.494569270640788,
        "condi_4": true
    },
    {
        "symbol": "ITCI_US",
        "rank_value": 1.743337195828505,
        "volume": 112279584.7605,
        "adr": 9.424896648298775,
        "condi_4": true
    },
    {
        "symbol": "SRNE_US",
        "rank_value": 1.6377816291161178,
        "volume": 305624822.895,
        "adr": 17.34218590542813,
        "condi_4": true
    },
    {
        "symbol": "APPS_US",
        "rank_value": 1.587378640776699,
        "volume": 193077135.285,
        "adr": 13.75782038363711,
        "condi_4": true
    },
    {
        "symbol": "FLDM_US",
        "rank_value": 1.5036900369003692,
        "volume": 106525994.3225,
        "adr": 22.30478455674918,
        "condi_4": true
    },
    {
        "symbol": "DKNG_US",
        "rank_value": 1.499416569428238,
        "volume": 1187375715.29,
        "adr": 10.879082226312708,
        "condi_4": true
    },
    {
        "symbol": "CORT_US",
        "rank_value": 1.474590163934426,
        "volume": 118800654.74899998,
        "adr": 10.12808832212806,
        "condi_4": true
    },
    {
        "symbol": "GSX_US",
        "rank_value": 1.4342849262170734,
        "volume": 369871262.8,
        "adr": 7.933415023658386,
        "condi_4": true
    },
    {
        "symbol": "RUN_US",
        "rank_value": 1.4135179535320346,
        "volume": 209155881.5195,
        "adr": 8.247480906625459,
        "condi_4": true
    },
    {
        "symbol": "NVCR_US",
        "rank_value": 1.3941865053268447,
        "volume": 117512548.69999999,
        "adr": 4.86139713159226,
        "condi_4": true
    },
    {
        "symbol": "TSLA_US",
        "rank_value": 1.3735064935064936,
        "volume": 21768575956.192,
        "adr": 11.668293587604994,
        "condi_4": true
    },
    {
        "symbol": "PENN_US",
        "rank_value": 1.362654623993717,
        "volume": 544777383.08,
        "adr": 8.683976019091233,
        "condi_4": true
    },
    {
        "symbol": "NIO_US",
        "rank_value": 1.359940872135994,
        "volume": 2361449991.48,
        "adr": 11.446827803509208,
        "condi_4": true
    },
    {
        "symbol": "UTX_US",
        "rank_value": 1.3554042306577805,
        "volume": 950956822.1374999,
        "adr": 12.586647686893482,
        "condi_4": true
    },
    {
        "symbol": "SPAQ_US",
        "rank_value": 1.354785478547855,
        "volume": 146826685.17700002,
        "adr": 9.327760053385248,
        "condi_4": true
    },
    {
        "symbol": "BEKE_US",
        "rank_value": 1.33425,
        "volume": 183053885.751,
        "adr": 9.474492587431715,
        "condi_4": true
    },
    {
        "symbol": "NVAX_US",
        "rank_value": 1.3248017303532804,
        "volume": 561660361.7624999,
        "adr": 13.277554877204834,
        "condi_4": true
    },
    {
        "symbol": "S_US",
        "rank_value": 1.3140172278778388,
        "volume": 218909290.00700003,
        "adr": 8.7828881490855,
        "condi_4": true
    },
    {
        "symbol": "AEO_US",
        "rank_value": 1.2987861811391221,
        "volume": 104351601.48400001,
        "adr": 5.544588585053423,
        "condi_4": true
    }
]