[
    {
        "symbol": "TCO_US",
        "rank_value": 2.026676829268293,
        "volume": 218064124.675,
        "adr": 6.25349572699001,
        "condi_4": true
    },
    {
        "symbol": "WORK_US",
        "rank_value": 1.3888888888888888,
        "volume": 329392912.75,
        "adr": 6.265017371920711,
        "condi_4": true
    },
    {
        "symbol": "BILI_US",
        "rank_value": 1.3587487781036167,
        "volume": 151667507.85,
        "adr": 6.382895414182066,
        "condi_4": true
    },
    {
        "symbol": "DXCM_US",
        "rank_value": 1.2864924467967802,
        "volume": 178557862.272,
        "adr": 3.9715863256158723,
        "condi_4": true
    },
    {
        "symbol": "BIIB_US",
        "rank_value": 1.2751971299375913,
        "volume": 503529122.531,
        "adr": 4.622252656972448,
        "condi_4": true
    }
]