[
    {
        "symbol": "ITCI_US",
        "rank_value": 3.0974842767295603,
        "volume": 158665348.9125,
        "adr": 20.228764828982236,
        "condi_4": true
    },
    {
        "symbol": "AXSM_US",
        "rank_value": 2.41025641025641,
        "volume": 165445578.9,
        "adr": 12.78518570364291,
        "condi_4": true
    },
    {
        "symbol": "RAD_US",
        "rank_value": 1.7730307076101468,
        "volume": 174603076.16,
        "adr": 15.28989627490529,
        "condi_4": true
    },
    {
        "symbol": "NIO_US",
        "rank_value": 1.7677725118483414,
        "volume": 266984812.794,
        "adr": 13.519646155263466,
        "condi_4": true
    },
    {
        "symbol": "RIG_US",
        "rank_value": 1.4484848484848485,
        "volume": 107435538.12,
        "adr": 5.1044780497710995,
        "condi_4": true
    },
    {
        "symbol": "WPX_US",
        "rank_value": 1.437468608739327,
        "volume": 113368082.2335,
        "adr": 4.260898452256812,
        "condi_4": true
    },
    {
        "symbol": "APA_US",
        "rank_value": 1.3857064920894708,
        "volume": 142942216.01999998,
        "adr": 4.914297130556955,
        "condi_4": true
    },
    {
        "symbol": "TSLA_US",
        "rank_value": 1.3812070282658517,
        "volume": 3712018450.4,
        "adr": 3.6845292272118524,
        "condi_4": true
    },
    {
        "symbol": "WDC_US",
        "rank_value": 1.3439881456392888,
        "volume": 268553820.92350006,
        "adr": 3.7439832223384872,
        "condi_4": true
    },
    {
        "symbol": "PCG_US",
        "rank_value": 1.3392630241423125,
        "volume": 224508816.74499997,
        "adr": 10.480264099086401,
        "condi_4": true
    }
]