[
    {
        "symbol": "UONE_US",
        "rank_value": 30.603513513513512,
        "volume": 249594813.48763505,
        "adr": 96.78554014929072,
        "condi_4": true
    },
    {
        "symbol": "GRPN_US",
        "rank_value": 18.879310344827587,
        "volume": 205532165.76,
        "adr": 14.71506538288656,
        "condi_4": true
    },
    {
        "symbol": "XSPA_US",
        "rank_value": 11.930326890956813,
        "volume": 335718305.5,
        "adr": 40.11434854001721,
        "condi_4": true
    },
    {
        "symbol": "HTZ_US",
        "rank_value": 3.925,
        "volume": 259056819.452,
        "adr": 77.88190200501232,
        "condi_4": true
    },
    {
        "symbol": "LK_US",
        "rank_value": 2.8947368421052633,
        "volume": 308451720.115,
        "adr": 31.667245128616717,
        "condi_4": true
    },
    {
        "symbol": "NKLA_US",
        "rank_value": 2.8665207877461705,
        "volume": 997477429.7750001,
        "adr": 26.85767884128245,
        "condi_4": true
    },
    {
        "symbol": "GNUS_US",
        "rank_value": 2.3253968253968256,
        "volume": 292591315.689,
        "adr": 54.58900318060298,
        "condi_4": true
    },
    {
        "symbol": "SAVE_US",
        "rank_value": 1.9735449735449735,
        "volume": 786977448.03,
        "adr": 17.878345419649676,
        "condi_4": true
    },
    {
        "symbol": "CAR_US",
        "rank_value": 1.804577778728807,
        "volume": 194730372.04500002,
        "adr": 15.544842395099344,
        "condi_4": true
    },
    {
        "symbol": "BBBY_US",
        "rank_value": 1.7231833910034602,
        "volume": 128305640.30400002,
        "adr": 10.511302441861359,
        "condi_4": true
    },
    {
        "symbol": "AAL_US",
        "rank_value": 1.6523560209424082,
        "volume": 1969460601.576,
        "adr": 14.304778391726035,
        "condi_4": true
    },
    {
        "symbol": "STNE_US",
        "rank_value": 1.6171477079796266,
        "volume": 180574675.68,
        "adr": 9.414955568487793,
        "condi_4": true
    },
    {
        "symbol": "IVR_US",
        "rank_value": 1.596296296296296,
        "volume": 129604330.82399999,
        "adr": 22.06729080200638,
        "condi_4": true
    },
    {
        "symbol": "IQ_US",
        "rank_value": 1.588235294117647,
        "volume": 286155813.42,
        "adr": 8.243203144299404,
        "condi_4": true
    },
    {
        "symbol": "SE_US",
        "rank_value": 1.5611678832116789,
        "volume": 486146363.31399995,
        "adr": 6.126578625992218,
        "condi_4": true
    },
    {
        "symbol": "OXY_US",
        "rank_value": 1.5553363582560664,
        "volume": 999865815.8175,
        "adr": 11.489626828348797,
        "condi_4": true
    },
    {
        "symbol": "ZS_US",
        "rank_value": 1.553343835027925,
        "volume": 485315432.688,
        "adr": 8.070502081272956,
        "condi_4": true
    }
]