[
    {
        "symbol": "NVUS_US",
        "rank_value": 50.21923414206372,
        "volume": 184394869.314,
        "adr": 27.426230597557865,
        "condi_4": true
    },
    {
        "symbol": "SPI_US",
        "rank_value": 7.782383419689119,
        "volume": 170143321.688,
        "adr": 238.06758331396588,
        "condi_4": true
    },
    {
        "symbol": "SAVA_US",
        "rank_value": 4.035971223021583,
        "volume": 209722084.07700002,
        "adr": 24.407981095200082,
        "condi_4": true
    },
    {
        "symbol": "JKS_US",
        "rank_value": 2.502639915522703,
        "volume": 182296228.79999998,
        "adr": 8.809763826542438,
        "condi_4": true
    },
    {
        "symbol": "LAC_US",
        "rank_value": 2.1365030674846626,
        "volume": 108470864.3795,
        "adr": 18.811035849834944,
        "condi_4": true
    },
    {
        "symbol": "MYOK_US",
        "rank_value": 2.0650345729770136,
        "volume": 323648842.4,
        "adr": 7.038659584628593,
        "condi_4": true
    },
    {
        "symbol": "LK_US",
        "rank_value": 2.064935064935065,
        "volume": 198791688.52800003,
        "adr": 29.12297405710205,
        "condi_4": true
    },
    {
        "symbol": "SGMS_US",
        "rank_value": 1.9211986681465039,
        "volume": 108040719.85499999,
        "adr": 10.539875073012395,
        "condi_4": true
    },
    {
        "symbol": "VSLR_US",
        "rank_value": 1.857451403887689,
        "volume": 111232331.2,
        "adr": 7.61046406019541,
        "condi_4": true
    },
    {
        "symbol": "SRNE_US",
        "rank_value": 1.8457538994800695,
        "volume": 328050288.6,
        "adr": 14.171904027799286,
        "condi_4": true
    },
    {
        "symbol": "RUN_US",
        "rank_value": 1.8399436751936167,
        "volume": 369883626.56000006,
        "adr": 7.217602209915741,
        "condi_4": true
    },
    {
        "symbol": "BBBY_US",
        "rank_value": 1.8,
        "volume": 275882939.2215,
        "adr": 9.069003303518741,
        "condi_4": true
    },
    {
        "symbol": "QDEL_US",
        "rank_value": 1.7343662758235623,
        "volume": 215767903.05,
        "adr": 7.003633508999263,
        "condi_4": true
    },
    {
        "symbol": "APPS_US",
        "rank_value": 1.7111650485436891,
        "volume": 156936970.91250002,
        "adr": 9.445519672805291,
        "condi_4": true
    },
    {
        "symbol": "ENPH_US",
        "rank_value": 1.6763252087949547,
        "volume": 290282768.965,
        "adr": 6.9387830971453734,
        "condi_4": true
    },
    {
        "symbol": "SPWR_US",
        "rank_value": 1.613613026257885,
        "volume": 101774197.91000001,
        "adr": 9.147922210688897,
        "condi_4": true
    },
    {
        "symbol": "KODK_US",
        "rank_value": 1.6098901098901097,
        "volume": 283350542.514,
        "adr": 18.11137256099531,
        "condi_4": true
    },
    {
        "symbol": "DKNG_US",
        "rank_value": 1.6002320858717725,
        "volume": 1463061037.872,
        "adr": 10.140356957060014,
        "condi_4": true
    },
    {
        "symbol": "SHLL_US",
        "rank_value": 1.58837699488106,
        "volume": 326494481.8375,
        "adr": 16.75419373910849,
        "condi_4": true
    },
    {
        "symbol": "NNOX_US",
        "rank_value": 1.5865470852017938,
        "volume": 226043278.17100003,
        "adr": 26.993150976343962,
        "condi_4": true
    },
    {
        "symbol": "IPOB_US",
        "rank_value": 1.534653465346535,
        "volume": 101627146.47250001,
        "adr": 13.114580267703069,
        "condi_4": true
    },
    {
        "symbol": "SEDG_US",
        "rank_value": 1.5264605196700152,
        "volume": 228853428.8,
        "adr": 6.881339277204157,
        "condi_4": true
    },
    {
        "symbol": "FVRR_US",
        "rank_value": 1.4835629947028075,
        "volume": 116116152.3,
        "adr": 7.195270729930181,
        "condi_4": true
    },
    {
        "symbol": "EXAS_US",
        "rank_value": 1.4752367491166076,
        "volume": 219498657.80085,
        "adr": 5.9082649850447755,
        "condi_4": true
    },
    {
        "symbol": "ITCI_US",
        "rank_value": 1.4622857142857142,
        "volume": 102827206.866,
        "adr": 9.990636163365462,
        "condi_4": true
    },
    {
        "symbol": "NKLA_US",
        "rank_value": 1.4575851393188854,
        "volume": 1240071366.9959998,
        "adr": 21.449523824921044,
        "condi_4": true
    },
    {
        "symbol": "VXRT_US",
        "rank_value": 1.4490562778041722,
        "volume": 197658305.185,
        "adr": 17.826281971241855,
        "condi_4": true
    },
    {
        "symbol": "WKHS_US",
        "rank_value": 1.420238095238095,
        "volume": 612084101.7360001,
        "adr": 12.977098006917597,
        "condi_4": true
    },
    {
        "symbol": "SPCE_US",
        "rank_value": 1.4091426033472185,
        "volume": 296727166.69200003,
        "adr": 8.134741898926933,
        "condi_4": true
    },
    {
        "symbol": "AYX_US",
        "rank_value": 1.4009661835748792,
        "volume": 199031567.5,
        "adr": 6.232475615397659,
        "condi_4": true
    },
    {
        "symbol": "ZM_US",
        "rank_value": 1.3967427852986756,
        "volume": 4473142792.625,
        "adr": 7.1765998965356514,
        "condi_4": true
    },
    {
        "symbol": "SGEN_US",
        "rank_value": 1.3891790265301858,
        "volume": 182062812.22500002,
        "adr": 4.04638148229568,
        "condi_4": true
    },
    {
        "symbol": "DDOG_US",
        "rank_value": 1.38209868333555,
        "volume": 542427524.4480001,
        "adr": 6.709299379989231,
        "condi_4": true
    },
    {
        "symbol": "CVNA_US",
        "rank_value": 1.3717948717948718,
        "volume": 385105476.2,
        "adr": 8.01839871856551,
        "condi_4": true
    },
    {
        "symbol": "ROKU_US",
        "rank_value": 1.3594227955845193,
        "volume": 1699275311.8,
        "adr": 5.863776434115864,
        "condi_4": true
    },
    {
        "symbol": "UTX_US",
        "rank_value": 1.3554042306577805,
        "volume": 950956822.1374999,
        "adr": 12.586647686893482,
        "condi_4": true
    },
    {
        "symbol": "TSLA_US",
        "rank_value": 1.3416233766233767,
        "volume": 21868564066.245003,
        "adr": 8.548866179001635,
        "condi_4": true
    },
    {
        "symbol": "NIO_US",
        "rank_value": 1.33888532991672,
        "volume": 1597543368.5749998,
        "adr": 7.444100141537291,
        "condi_4": true
    },
    {
        "symbol": "PINS_US",
        "rank_value": 1.330541107369556,
        "volume": 643145227.215,
        "adr": 5.8147453441727,
        "condi_4": true
    },
    {
        "symbol": "Z_US",
        "rank_value": 1.3262518968133536,
        "volume": 275358097.968,
        "adr": 5.2580372943934695,
        "condi_4": true
    },
    {
        "symbol": "PENN_US",
        "rank_value": 1.3236960343817152,
        "volume": 754898388.86,
        "adr": 9.236188160282754,
        "condi_4": true
    }
]