[
    {
        "symbol": "SHIP_US",
        "rank_value": 11.333333333333334,
        "volume": 163157983.905,
        "adr": 73.87050933420194,
        "condi_4": true
    },
    {
        "symbol": "VXRT_US",
        "rank_value": 7.095238095238095,
        "volume": 769480909.345,
        "adr": 37.458045554956065,
        "condi_4": true
    },
    {
        "symbol": "EQ_US",
        "rank_value": 6.837944664031621,
        "volume": 113444002.64,
        "adr": 50.75673459473342,
        "condi_4": true
    },
    {
        "symbol": "WIMI_US",
        "rank_value": 5.014792899408284,
        "volume": 184217155.3125,
        "adr": 39.74434204153323,
        "condi_4": true
    },
    {
        "symbol": "WKHS_US",
        "rank_value": 4.5,
        "volume": 856990460.34,
        "adr": 27.2623525664075,
        "condi_4": true
    },
    {
        "symbol": "ALT_US",
        "rank_value": 3.76453488372093,
        "volume": 203620259.98999998,
        "adr": 35.77733445448579,
        "condi_4": true
    },
    {
        "symbol": "NVAX_US",
        "rank_value": 2.4744444444444444,
        "volume": 790758243.8974999,
        "adr": 14.483951470171807,
        "condi_4": true
    },
    {
        "symbol": "NIO_US",
        "rank_value": 2.3055555555555554,
        "volume": 2337513834.24,
        "adr": 13.724756794800141,
        "condi_4": true
    },
    {
        "symbol": "SHLL_US",
        "rank_value": 2.284729064039409,
        "volume": 213670964.81100002,
        "adr": 19.14238555844343,
        "condi_4": true
    },
    {
        "symbol": "SOLO_US",
        "rank_value": 2.2422981366459624,
        "volume": 104431779.30093999,
        "adr": 23.996551049332805,
        "condi_4": true
    },
    {
        "symbol": "LK_US",
        "rank_value": 2.064935064935065,
        "volume": 198791688.52800003,
        "adr": 29.12297405710205,
        "condi_4": true
    },
    {
        "symbol": "INO_US",
        "rank_value": 1.866923076923077,
        "volume": 1424006165.364,
        "adr": 21.997879389318054,
        "condi_4": true
    },
    {
        "symbol": "GSX_US",
        "rank_value": 1.844545891398366,
        "volume": 387493055.0955,
        "adr": 9.519648354396292,
        "condi_4": true
    },
    {
        "symbol": "FSLY_US",
        "rank_value": 1.8175975177304966,
        "volume": 1088783003.1245,
        "adr": 11.360721890617542,
        "condi_4": true
    },
    {
        "symbol": "TSLA_US",
        "rank_value": 1.68561261030109,
        "volume": 13181888298.9,
        "adr": 7.552360881883935,
        "condi_4": true
    },
    {
        "symbol": "BNTX_US",
        "rank_value": 1.6307724166494098,
        "volume": 197826571.6875,
        "adr": 11.207291092175398,
        "condi_4": true
    },
    {
        "symbol": "CLGX_US",
        "rank_value": 1.4902135231316727,
        "volume": 133670952.95,
        "adr": 3.617577689900764,
        "condi_4": true
    },
    {
        "symbol": "ROKU_US",
        "rank_value": 1.4796998268231674,
        "volume": 1655060925.03,
        "adr": 7.2110841063418585,
        "condi_4": true
    },
    {
        "symbol": "FTCH_US",
        "rank_value": 1.4697802197802197,
        "volume": 103060784.3,
        "adr": 8.608134655603594,
        "condi_4": true
    },
    {
        "symbol": "SPOT_US",
        "rank_value": 1.4581920903954804,
        "volume": 1083177587.41,
        "adr": 6.9118843840860755,
        "condi_4": true
    },
    {
        "symbol": "SQ_US",
        "rank_value": 1.4516710747775907,
        "volume": 1755470418.9750001,
        "adr": 6.936033373986628,
        "condi_4": true
    },
    {
        "symbol": "SRNE_US",
        "rank_value": 1.4403470715835138,
        "volume": 163458628.312,
        "adr": 13.276681076471242,
        "condi_4": true
    },
    {
        "symbol": "MRNA_US",
        "rank_value": 1.4230501149441763,
        "volume": 1476786110.25,
        "adr": 9.380130703095846,
        "condi_4": true
    },
    {
        "symbol": "SPAQ_US",
        "rank_value": 1.3938902379796017,
        "volume": 132014593.758415,
        "adr": 10.716349869960107,
        "condi_4": true
    },
    {
        "symbol": "FCX_US",
        "rank_value": 1.390593047034765,
        "volume": 306566767.76,
        "adr": 5.718577087897225,
        "condi_4": true
    }
]