[
    {
        "symbol": "INO_US",
        "rank_value": 2.690625,
        "volume": 462919505.937,
        "adr": 39.09683335637517,
        "condi_4": true
    },
    {
        "symbol": "FTSV_US",
        "rank_value": 2.3076548025353483,
        "volume": 261864035.17200002,
        "adr": 11.968569779618088,
        "condi_4": true
    },
    {
        "symbol": "NVAX_US",
        "rank_value": 1.6297626582278482,
        "volume": 102203944.786675,
        "adr": 22.640370005899825,
        "condi_4": true
    },
    {
        "symbol": "STMP_US",
        "rank_value": 1.4726113056528265,
        "volume": 116048171.02499999,
        "adr": 10.707007732570029,
        "condi_4": true
    },
    {
        "symbol": "VIPS_US",
        "rank_value": 1.3963573287077191,
        "volume": 127398935.33500001,
        "adr": 7.505519895366497,
        "condi_4": true
    },
    {
        "symbol": "SLB_US",
        "rank_value": 1.3687064291247097,
        "volume": 350457577.46400005,
        "adr": 8.74132375199752,
        "condi_4": true
    },
    {
        "symbol": "CXO_US",
        "rank_value": 1.36812865497076,
        "volume": 125526834.03449999,
        "adr": 8.641489282400915,
        "condi_4": true
    },
    {
        "symbol": "MRNA_US",
        "rank_value": 1.332216638749302,
        "volume": 478878327.909,
        "adr": 18.4897287038265,
        "condi_4": true
    },
    {
        "symbol": "HES_US",
        "rank_value": 1.3278985507246375,
        "volume": 170347642.375,
        "adr": 8.799344455627844,
        "condi_4": true
    },
    {
        "symbol": "TDOC_US",
        "rank_value": 1.2942843646669817,
        "volume": 362110008.75,
        "adr": 10.629737762335335,
        "condi_4": true
    },
    {
        "symbol": "MRO_US",
        "rank_value": 1.2941176470588236,
        "volume": 143313195.3825,
        "adr": 12.18416409312264,
        "condi_4": true
    },
    {
        "symbol": "ZM_US",
        "rank_value": 1.2713823393435044,
        "volume": 1038915086.0,
        "adr": 11.108144709251677,
        "condi_4": true
    },
    {
        "symbol": "COG_US",
        "rank_value": 1.2514036949866936,
        "volume": 199905311.0505,
        "adr": 7.878862281733778,
        "condi_4": true
    },
    {
        "symbol": "REGN_US",
        "rank_value": 1.2499667562032926,
        "volume": 473121716.5,
        "adr": 5.17974852699552,
        "condi_4": true
    },
    {
        "symbol": "EPD_US",
        "rank_value": 1.2406340057636887,
        "volume": 187211652.096,
        "adr": 7.874566524219917,
        "condi_4": true
    },
    {
        "symbol": "WMB_US",
        "rank_value": 1.2353834472285496,
        "volume": 277238537.6565,
        "adr": 7.052939090206634,
        "condi_4": true
    },
    {
        "symbol": "OKE_US",
        "rank_value": 1.2294812869336835,
        "volume": 167690657.06750003,
        "adr": 9.011953277863661,
        "condi_4": true
    },
    {
        "symbol": "GSX_US",
        "rank_value": 1.2216358839050132,
        "volume": 122065066.50750001,
        "adr": 9.101866998529173,
        "condi_4": true
    },
    {
        "symbol": "DPZ_US",
        "rank_value": 1.2159070141452542,
        "volume": 313435196.041,
        "adr": 5.3142083863698675,
        "condi_4": true
    },
    {
        "symbol": "MTCH_US",
        "rank_value": 1.192488262910798,
        "volume": 130683393.7,
        "adr": 5.506392062281096,
        "condi_4": true
    }
]