[
    {
        "symbol": "KODK_US",
        "rank_value": 7.585,
        "volume": 608392611.831,
        "adr": 58.01743919581224,
        "condi_4": true
    },
    {
        "symbol": "JMIA_US",
        "rank_value": 3.3243761996161227,
        "volume": 239965615.764,
        "adr": 21.240718053678332,
        "condi_4": true
    },
    {
        "symbol": "MIST_US",
        "rank_value": 2.9559748427672954,
        "volume": 134541788.28,
        "adr": 20.129599210441484,
        "condi_4": true
    },
    {
        "symbol": "ALT_US",
        "rank_value": 2.8013124013622397,
        "volume": 197443801.665,
        "adr": 31.794637351138853,
        "condi_4": true
    },
    {
        "symbol": "WIMI_US",
        "rank_value": 2.5935672514619883,
        "volume": 123872391.948,
        "adr": 50.416085209402574,
        "condi_4": true
    },
    {
        "symbol": "BLNK_US",
        "rank_value": 2.4653465346534653,
        "volume": 116537540.8725,
        "adr": 22.12438588363139,
        "condi_4": true
    },
    {
        "symbol": "KNDI_US",
        "rank_value": 2.316622691292876,
        "volume": 117095076.259,
        "adr": 34.19463969708012,
        "condi_4": true
    },
    {
        "symbol": "SRNE_US",
        "rank_value": 2.2869127516778525,
        "volume": 547021372.1295,
        "adr": 15.52948353910082,
        "condi_4": true
    },
    {
        "symbol": "IBIO_US",
        "rank_value": 2.263959390862944,
        "volume": 196522385.569,
        "adr": 24.143195379519188,
        "condi_4": true
    },
    {
        "symbol": "NVAX_US",
        "rank_value": 2.1592898224556136,
        "volume": 1024120964.79,
        "adr": 15.247426886139515,
        "condi_4": true
    },
    {
        "symbol": "LK_US",
        "rank_value": 2.064935064935065,
        "volume": 198791688.52800003,
        "adr": 29.12297405710205,
        "condi_4": true
    },
    {
        "symbol": "LVGO_US",
        "rank_value": 1.670290771175727,
        "volume": 700884471.3840001,
        "adr": 10.836016757550704,
        "condi_4": true
    },
    {
        "symbol": "AMD_US",
        "rank_value": 1.639139619742654,
        "volume": 6623203285.252501,
        "adr": 6.979474315578349,
        "condi_4": true
    },
    {
        "symbol": "ADT_US",
        "rank_value": 1.6046039268788084,
        "volume": 140717106.405,
        "adr": 11.62554589383693,
        "condi_4": true
    },
    {
        "symbol": "AG_US",
        "rank_value": 1.498367791077258,
        "volume": 127070207.19,
        "adr": 7.1931579264415735,
        "condi_4": true
    }
]