[
    {
        "symbol": "KODK_US",
        "rank_value": 10.595,
        "volume": 712786468.4785,
        "adr": 52.04279849146922,
        "condi_4": true
    },
    {
        "symbol": "ALT_US",
        "rank_value": 3.1139534883720934,
        "volume": 216594670.331,
        "adr": 36.11754831069136,
        "condi_4": true
    },
    {
        "symbol": "CZR_US",
        "rank_value": 2.7386666666666666,
        "volume": 493272451.91249996,
        "adr": 16.760106681460375,
        "condi_4": true
    },
    {
        "symbol": "MIST_US",
        "rank_value": 2.735849056603773,
        "volume": 123483190.30499999,
        "adr": 19.70396490119073,
        "condi_4": true
    },
    {
        "symbol": "OSTK_US",
        "rank_value": 2.711093384500954,
        "volume": 403958798.2575,
        "adr": 14.088691184850543,
        "condi_4": true
    },
    {
        "symbol": "HTBX_US",
        "rank_value": 2.7003699136868065,
        "volume": 148878274.368,
        "adr": 33.76751875351465,
        "condi_4": true
    },
    {
        "symbol": "BLNK_US",
        "rank_value": 2.6152019002375297,
        "volume": 123466000.7235,
        "adr": 23.418876495453887,
        "condi_4": true
    },
    {
        "symbol": "IBIO_US",
        "rank_value": 2.4486486486486485,
        "volume": 201834789.8625,
        "adr": 25.026160771822028,
        "condi_4": true
    },
    {
        "symbol": "LK_US",
        "rank_value": 2.064935064935065,
        "volume": 198791688.52800003,
        "adr": 29.12297405710205,
        "condi_4": true
    },
    {
        "symbol": "NVAX_US",
        "rank_value": 1.89920424403183,
        "volume": 874892013.5199999,
        "adr": 13.323097750446223,
        "condi_4": true
    },
    {
        "symbol": "RUN_US",
        "rank_value": 1.8812083973374296,
        "volume": 245228692.929,
        "adr": 9.90708485567955,
        "condi_4": true
    },
    {
        "symbol": "LRN_US",
        "rank_value": 1.6809063893016343,
        "volume": 100681268.1,
        "adr": 9.466169374730526,
        "condi_4": true
    },
    {
        "symbol": "LB_US",
        "rank_value": 1.6544715447154472,
        "volume": 148423193.457,
        "adr": 6.768336759049776,
        "condi_4": true
    },
    {
        "symbol": "VXRT_US",
        "rank_value": 1.5531561461794021,
        "volume": 323052305.8125,
        "adr": 22.828588424664776,
        "condi_4": true
    },
    {
        "symbol": "NIO_US",
        "rank_value": 1.552219321148825,
        "volume": 2288530999.537,
        "adr": 15.212689775360166,
        "condi_4": true
    },
    {
        "symbol": "OPK_US",
        "rank_value": 1.5512048192771086,
        "volume": 125961630.60750002,
        "adr": 11.928028858350048,
        "condi_4": true
    },
    {
        "symbol": "AMD_US",
        "rank_value": 1.5003875968992249,
        "volume": 5436446610.441,
        "adr": 6.5109170305445385,
        "condi_4": true
    },
    {
        "symbol": "BBBY_US",
        "rank_value": 1.4600811907983762,
        "volume": 153582302.23049998,
        "adr": 9.726810909652773,
        "condi_4": true
    },
    {
        "symbol": "GFI_US",
        "rank_value": 1.4407894736842106,
        "volume": 127514337.093,
        "adr": 5.119774166161406,
        "condi_4": true
    },
    {
        "symbol": "AG_US",
        "rank_value": 1.4374319912948859,
        "volume": 117886092.84,
        "adr": 7.10184475987643,
        "condi_4": true
    },
    {
        "symbol": "SPCE_US",
        "rank_value": 1.412358133669609,
        "volume": 525646474.0799999,
        "adr": 10.885888623962426,
        "condi_4": true
    },
    {
        "symbol": "TSM_US",
        "rank_value": 1.3912429378531073,
        "volume": 1135096971.32,
        "adr": 4.674836275730265,
        "condi_4": true
    },
    {
        "symbol": "HCA_US",
        "rank_value": 1.375699310194992,
        "volume": 243838272.48400003,
        "adr": 4.406028563895603,
        "condi_4": true
    },
    {
        "symbol": "UTX_US",
        "rank_value": 1.3554042306577805,
        "volume": 950956822.1374999,
        "adr": 12.586647686893482,
        "condi_4": true
    },
    {
        "symbol": "IAC_US",
        "rank_value": 1.3389282103134477,
        "volume": 192513023.62499997,
        "adr": 4.820163984970494,
        "condi_4": true
    }
]