[
    {
        "symbol": "WLL_US",
        "rank_value": 46.355555555555554,
        "volume": 105913548.11799999,
        "adr": 18.998220314960722,
        "condi_4": true
    },
    {
        "symbol": "GOGO_US",
        "rank_value": 2.840840840840841,
        "volume": 130669422.88400002,
        "adr": 16.5763035610653,
        "condi_4": true
    },
    {
        "symbol": "SHLL_US",
        "rank_value": 2.2146352796198,
        "volume": 335273425.37,
        "adr": 17.114250730032985,
        "condi_4": true
    },
    {
        "symbol": "LK_US",
        "rank_value": 2.064935064935065,
        "volume": 198791688.52800003,
        "adr": 29.12297405710205,
        "condi_4": true
    },
    {
        "symbol": "MNTA_US",
        "rank_value": 1.8523131672597863,
        "volume": 339299222.4525,
        "adr": 4.485024028673501,
        "condi_4": true
    },
    {
        "symbol": "ITCI_US",
        "rank_value": 1.773464658169177,
        "volume": 105072600.7435,
        "adr": 8.866855322971578,
        "condi_4": true
    },
    {
        "symbol": "CORT_US",
        "rank_value": 1.4754098360655739,
        "volume": 113788410.3,
        "adr": 9.849186406924604,
        "condi_4": true
    },
    {
        "symbol": "UTX_US",
        "rank_value": 1.3554042306577805,
        "volume": 950956822.1374999,
        "adr": 12.586647686893482,
        "condi_4": true
    },
    {
        "symbol": "PTON_US",
        "rank_value": 1.3381342062193127,
        "volume": 1464135669.5839999,
        "adr": 9.752210807469153,
        "condi_4": true
    },
    {
        "symbol": "S_US",
        "rank_value": 1.3140172278778388,
        "volume": 218909290.00700003,
        "adr": 8.7828881490855,
        "condi_4": true
    },
    {
        "symbol": "PENN_US",
        "rank_value": 1.314,
        "volume": 394532198.91,
        "adr": 7.878368475879283,
        "condi_4": true
    },
    {
        "symbol": "RH_US",
        "rank_value": 1.3099315068493151,
        "volume": 202396604.62499997,
        "adr": 6.074177994480889,
        "condi_4": true
    },
    {
        "symbol": "CRWD_US",
        "rank_value": 1.3092857142857144,
        "volume": 746134922.8515,
        "adr": 7.6222884517154865,
        "condi_4": true
    },
    {
        "symbol": "RKT_US",
        "rank_value": 1.300382304751502,
        "volume": 558165061.8874999,
        "adr": 12.38688125670533,
        "condi_4": true
    }
]