[
    {
        "symbol": "GRPN_US",
        "rank_value": 16.448275862068964,
        "volume": 146709922.644,
        "adr": 15.34934723129895,
        "condi_4": true
    },
    {
        "symbol": "UONE_US",
        "rank_value": 14.559999999999999,
        "volume": 153994631.7,
        "adr": 108.58113568751185,
        "condi_4": true
    },
    {
        "symbol": "IDEX_US",
        "rank_value": 5.59610705596107,
        "volume": 161436176.8875,
        "adr": 45.93060395114379,
        "condi_4": true
    },
    {
        "symbol": "VXRT_US",
        "rank_value": 3.5666666666666664,
        "volume": 189630531.72,
        "adr": 25.09936134761248,
        "condi_4": true
    },
    {
        "symbol": "INO_US",
        "rank_value": 2.8948787061994605,
        "volume": 1378263804.768,
        "adr": 16.58490358323128,
        "condi_4": true
    },
    {
        "symbol": "NKLA_US",
        "rank_value": 2.445223164883807,
        "volume": 1203763775.8370001,
        "adr": 25.8354753597138,
        "condi_4": true
    },
    {
        "symbol": "NVAX_US",
        "rank_value": 2.0765432098765433,
        "volume": 555560584.2249999,
        "adr": 13.355528429737173,
        "condi_4": true
    },
    {
        "symbol": "LK_US",
        "rank_value": 2.064935064935065,
        "volume": 198791688.52800003,
        "adr": 29.12297405710205,
        "condi_4": true
    },
    {
        "symbol": "FSLY_US",
        "rank_value": 1.9888059701492538,
        "volume": 689792518.0575,
        "adr": 10.78408547584344,
        "condi_4": true
    },
    {
        "symbol": "HTZ_US",
        "rank_value": 1.907894736842105,
        "volume": 222628102.91499996,
        "adr": 59.00900896668044,
        "condi_4": true
    },
    {
        "symbol": "NVTA_US",
        "rank_value": 1.8758212877792377,
        "volume": 117666114.1775,
        "adr": 10.66408697284562,
        "condi_4": true
    },
    {
        "symbol": "SRNE_US",
        "rank_value": 1.5931758530183728,
        "volume": 160725308.0765,
        "adr": 14.450632995740564,
        "condi_4": true
    },
    {
        "symbol": "ZM_US",
        "rank_value": 1.5099939430648093,
        "volume": 2802481580.925,
        "adr": 6.493289812912817,
        "condi_4": true
    },
    {
        "symbol": "YY_US",
        "rank_value": 1.5013518080432577,
        "volume": 111710980.61,
        "adr": 6.2016459386494915,
        "condi_4": true
    },
    {
        "symbol": "SPOT_US",
        "rank_value": 1.4979661016949153,
        "volume": 899668368.2789999,
        "adr": 6.433841299193199,
        "condi_4": true
    },
    {
        "symbol": "GDS_US",
        "rank_value": 1.468377635197067,
        "volume": 116090411.85,
        "adr": 4.806216066278557,
        "condi_4": true
    },
    {
        "symbol": "SONO_US",
        "rank_value": 1.4341705877152484,
        "volume": 102298373.34,
        "adr": 10.839611843064013,
        "condi_4": true
    },
    {
        "symbol": "QDEL_US",
        "rank_value": 1.4326453014665943,
        "volume": 248157775.2,
        "adr": 7.261938714782046,
        "condi_4": true
    },
    {
        "symbol": "GPS_US",
        "rank_value": 1.424190800681431,
        "volume": 283461576.783,
        "adr": 12.161484249359367,
        "condi_4": true
    },
    {
        "symbol": "OXY_US",
        "rank_value": 1.4164529492996647,
        "volume": 869396609.425,
        "adr": 11.668348162036901,
        "condi_4": true
    }
]