[
    {
        "symbol": "SRNE_US",
        "rank_value": 3.252293577981651,
        "volume": 311922082.68,
        "adr": 26.09763929321762,
        "condi_4": true
    },
    {
        "symbol": "PTLA_US",
        "rank_value": 2.8802588996763756,
        "volume": 146168133.62,
        "adr": 5.273347929611072,
        "condi_4": true
    },
    {
        "symbol": "MYOK_US",
        "rank_value": 1.9607598723573993,
        "volume": 108987747.869,
        "adr": 10.233617768441894,
        "condi_4": true
    },
    {
        "symbol": "NKLA_US",
        "rank_value": 1.952296819787986,
        "volume": 130093222.41500002,
        "adr": 14.795573296591048,
        "condi_4": true
    },
    {
        "symbol": "VTIQ_US",
        "rank_value": 1.952296819787986,
        "volume": 130093222.41500002,
        "adr": 14.795573296591048,
        "condi_4": true
    },
    {
        "symbol": "W_US",
        "rank_value": 1.8863361547762998,
        "volume": 638038853.4,
        "adr": 12.169321287818313,
        "condi_4": true
    },
    {
        "symbol": "FSLY_US",
        "rank_value": 1.8682926829268292,
        "volume": 125958876.05,
        "adr": 11.214945311401948,
        "condi_4": true
    },
    {
        "symbol": "TWLO_US",
        "rank_value": 1.8175480529827708,
        "volume": 960122033.6250001,
        "adr": 8.313669322655803,
        "condi_4": true
    },
    {
        "symbol": "DDOG_US",
        "rank_value": 1.7768746722600943,
        "volume": 313972635.996,
        "adr": 7.667629869929704,
        "condi_4": true
    },
    {
        "symbol": "CHGG_US",
        "rank_value": 1.7678213569997137,
        "volume": 295790518.23749995,
        "adr": 7.444407206981629,
        "condi_4": true
    },
    {
        "symbol": "BYND_US",
        "rank_value": 1.754316069057105,
        "volume": 1571932853.54,
        "adr": 11.885459230895545,
        "condi_4": true
    },
    {
        "symbol": "QDEL_US",
        "rank_value": 1.7278680800942285,
        "volume": 158933031.917,
        "adr": 9.372980624631522,
        "condi_4": true
    },
    {
        "symbol": "IMMU_US",
        "rank_value": 1.7105395864851238,
        "volume": 169962648.896,
        "adr": 8.973859717088795,
        "condi_4": true
    },
    {
        "symbol": "CODX_US",
        "rank_value": 1.6645279560036663,
        "volume": 191169747.052,
        "adr": 20.176159167659,
        "condi_4": true
    },
    {
        "symbol": "LVGO_US",
        "rank_value": 1.6250693288962839,
        "volume": 152878835.61,
        "adr": 9.4358082112032,
        "condi_4": true
    },
    {
        "symbol": "WIX_US",
        "rank_value": 1.5747836835599507,
        "volume": 164919720.42,
        "adr": 6.25687815997793,
        "condi_4": true
    }
]