[
    {
        "symbol": "CHK_US",
        "rank_value": 132.824427480916,
        "volume": 868372664.13,
        "adr": 32.41924718380047,
        "condi_4": true
    },
    {
        "symbol": "IMMU_US",
        "rank_value": 3.454545454545454,
        "volume": 240655336.07999998,
        "adr": 19.499369920285446,
        "condi_4": true
    },
    {
        "symbol": "APA_US",
        "rank_value": 3.2797927461139897,
        "volume": 425147173.03200006,
        "adr": 19.346949933136216,
        "condi_4": true
    },
    {
        "symbol": "W_US",
        "rank_value": 2.6867311072056235,
        "volume": 488667939.965,
        "adr": 13.239327484402752,
        "condi_4": true
    },
    {
        "symbol": "CLR_US",
        "rank_value": 2.3478260869565215,
        "volume": 119030921.55,
        "adr": 15.943257864640902,
        "condi_4": true
    },
    {
        "symbol": "ERI_US",
        "rank_value": 2.15778474399164,
        "volume": 142860485.14499998,
        "adr": 17.55013270226542,
        "condi_4": true
    },
    {
        "symbol": "NRZ_US",
        "rank_value": 2.0618213058419244,
        "volume": 105966908.355425,
        "adr": 19.791188923443627,
        "condi_4": true
    },
    {
        "symbol": "ETSY_US",
        "rank_value": 2.056451612903226,
        "volume": 240928325.4375,
        "adr": 8.840272698180618,
        "condi_4": true
    },
    {
        "symbol": "RCL_US",
        "rank_value": 2.0269662921348317,
        "volume": 1065904898.245,
        "adr": 15.14672200185856,
        "condi_4": true
    },
    {
        "symbol": "CCL_US",
        "rank_value": 2.015789473684211,
        "volume": 1320144527.416,
        "adr": 13.708761416888592,
        "condi_4": true
    },
    {
        "symbol": "MRO_US",
        "rank_value": 1.9966887417218544,
        "volume": 325318088.151,
        "adr": 13.470698635793754,
        "condi_4": true
    },
    {
        "symbol": "NCLH_US",
        "rank_value": 1.9752475247524752,
        "volume": 506090168.388,
        "adr": 15.532926710141105,
        "condi_4": true
    },
    {
        "symbol": "PENN_US",
        "rank_value": 1.9643042082369595,
        "volume": 145633342.5645,
        "adr": 15.285851192126266,
        "condi_4": true
    },
    {
        "symbol": "DVN_US",
        "rank_value": 1.9519326543071043,
        "volume": 145630800.9225,
        "adr": 13.482915149384977,
        "condi_4": true
    },
    {
        "symbol": "AMRN_US",
        "rank_value": 1.9355670103092784,
        "volume": 145990528.9705,
        "adr": 11.70146699203407,
        "condi_4": true
    },
    {
        "symbol": "NAT_US",
        "rank_value": 1.8962264150943395,
        "volume": 116747515.611,
        "adr": 18.457765802768854,
        "condi_4": true
    },
    {
        "symbol": "PE_US",
        "rank_value": 1.8731808731808732,
        "volume": 113019037.934,
        "adr": 14.302316072051479,
        "condi_4": true
    },
    {
        "symbol": "TTD_US",
        "rank_value": 1.8591530944625407,
        "volume": 450464667.547,
        "adr": 8.949342427363582,
        "condi_4": true
    },
    {
        "symbol": "SHOP_US",
        "rank_value": 1.8422956209834105,
        "volume": 1877036166.1380002,
        "adr": 8.663088266112595,
        "condi_4": true
    },
    {
        "symbol": "ET_US",
        "rank_value": 1.8363228699551568,
        "volume": 326710633.158,
        "adr": 9.833696713280048,
        "condi_4": true
    },
    {
        "symbol": "WYNN_US",
        "rank_value": 1.8069681887037436,
        "volume": 532891823.0,
        "adr": 11.155454539090703,
        "condi_4": true
    },
    {
        "symbol": "NBL_US",
        "rank_value": 1.8014842300556588,
        "volume": 105039901.47050002,
        "adr": 14.237069478010977,
        "condi_4": true
    },
    {
        "symbol": "FANG_US",
        "rank_value": 1.7995780590717299,
        "volume": 210807513.40249997,
        "adr": 14.461610528484957,
        "condi_4": true
    },
    {
        "symbol": "CVNA_US",
        "rank_value": 1.7954137405968045,
        "volume": 254724704.65,
        "adr": 13.337848174919742,
        "condi_4": true
    },
    {
        "symbol": "BBBY_US",
        "rank_value": 1.7930029154518952,
        "volume": 107628263.805,
        "adr": 15.767630567138436,
        "condi_4": true
    }
]