[
    {
        "symbol": "OAS_US",
        "rank_value": 313.89121338912133,
        "volume": 472908152.0955,
        "adr": 91.26439277400604,
        "condi_4": true
    },
    {
        "symbol": "AI_US",
        "rank_value": 39.38375968992248,
        "volume": 306580945.493405,
        "adr": 8.19866285745261,
        "condi_4": true
    },
    {
        "symbol": "TTNP_US",
        "rank_value": 33.299,
        "volume": 226349816.64008,
        "adr": 22.542686022607626,
        "condi_4": true
    },
    {
        "symbol": "CRIS_US",
        "rank_value": 7.385229357798164,
        "volume": 193783425.43507499,
        "adr": 42.437888442023784,
        "condi_4": true
    },
    {
        "symbol": "QS_US",
        "rank_value": 4.024070021881838,
        "volume": 647946569.718,
        "adr": 26.52085546391698,
        "condi_4": true
    },
    {
        "symbol": "BLNK_US",
        "rank_value": 3.0623529411764707,
        "volume": 451359309.77400005,
        "adr": 23.61189364644718,
        "condi_4": true
    },
    {
        "symbol": "FCEL_US",
        "rank_value": 3.0595238095238093,
        "volume": 830499931.5795,
        "adr": 27.791541091467174,
        "condi_4": true
    },
    {
        "symbol": "CIIC_US",
        "rank_value": 2.8980102009959072,
        "volume": 274035519.6875,
        "adr": 23.947066165451304,
        "condi_4": true
    },
    {
        "symbol": "JMIA_US",
        "rank_value": 2.8393267023718436,
        "volume": 727185234.624,
        "adr": 19.903032171411873,
        "condi_4": true
    },
    {
        "symbol": "LAZR_US",
        "rank_value": 2.7527200791295745,
        "volume": 484997578.934,
        "adr": 21.555751681095426,
        "condi_4": true
    },
    {
        "symbol": "RIG_US",
        "rank_value": 2.5998947368421055,
        "volume": 131150276.10574499,
        "adr": 16.98447973410304,
        "condi_4": true
    },
    {
        "symbol": "ARCT_US",
        "rank_value": 2.453458974948288,
        "volume": 115532669.4375,
        "adr": 14.822606614569956,
        "condi_4": true
    },
    {
        "symbol": "EDIT_US",
        "rank_value": 2.296011708744969,
        "volume": 123074285.8,
        "adr": 10.26032222494555,
        "condi_4": true
    },
    {
        "symbol": "SNDL_US",
        "rank_value": 2.2899999999999996,
        "volume": 241233461.91502997,
        "adr": 35.23681748359482,
        "condi_4": true
    },
    {
        "symbol": "SBE_US",
        "rank_value": 2.214870825456837,
        "volume": 287812004.9875,
        "adr": 18.252148553485846,
        "condi_4": true
    },
    {
        "symbol": "LK_US",
        "rank_value": 2.064935064935065,
        "volume": 198791688.52800003,
        "adr": 29.12297405710205,
        "condi_4": true
    },
    {
        "symbol": "PLTR_US",
        "rank_value": 2.042760690172543,
        "volume": 2560203786.693,
        "adr": 16.264522876820653,
        "condi_4": true
    },
    {
        "symbol": "FATE_US",
        "rank_value": 2.0058272632674297,
        "volume": 114996235.529,
        "adr": 8.812336120356301,
        "condi_4": true
    },
    {
        "symbol": "JWN_US",
        "rank_value": 1.912532637075718,
        "volume": 341311012.0,
        "adr": 8.60015267194183,
        "condi_4": true
    },
    {
        "symbol": "VSLR_US",
        "rank_value": 1.857451403887689,
        "volume": 111232331.2,
        "adr": 7.61046406019541,
        "condi_4": true
    },
    {
        "symbol": "MRNA_US",
        "rank_value": 1.8465942979840155,
        "volume": 4682840674.5,
        "adr": 12.391804996524836,
        "condi_4": true
    },
    {
        "symbol": "FUBO_US",
        "rank_value": 1.8157363819771353,
        "volume": 156920853.15,
        "adr": 13.748795651170997,
        "condi_4": true
    },
    {
        "symbol": "BILI_US",
        "rank_value": 1.7866909753874203,
        "volume": 404290038.88000005,
        "adr": 7.329024834668441,
        "condi_4": true
    },
    {
        "symbol": "X_US",
        "rank_value": 1.766153846153846,
        "volume": 259958664.83999997,
        "adr": 8.325030971034009,
        "condi_4": true
    },
    {
        "symbol": "OXY_US",
        "rank_value": 1.7386980108499095,
        "volume": 604465971.3555,
        "adr": 8.681911817263366,
        "condi_4": true
    },
    {
        "symbol": "SOLO_US",
        "rank_value": 1.6975862068965517,
        "volume": 207208385.038395,
        "adr": 22.458936202068802,
        "condi_4": true
    },
    {
        "symbol": "WORK_US",
        "rank_value": 1.6742063492063493,
        "volume": 1488608082.5694997,
        "adr": 6.430567237827289,
        "condi_4": true
    },
    {
        "symbol": "LMND_US",
        "rank_value": 1.6714415231187671,
        "volume": 238164544.20000002,
        "adr": 12.176295613154032,
        "condi_4": true
    },
    {
        "symbol": "KSS_US",
        "rank_value": 1.6665172568354998,
        "volume": 342987979.90599996,
        "adr": 6.728871937748093,
        "condi_4": true
    },
    {
        "symbol": "BB_US",
        "rank_value": 1.6626506024096384,
        "volume": 311656522.66199994,
        "adr": 10.322029684532307,
        "condi_4": true
    },
    {
        "symbol": "APA_US",
        "rank_value": 1.6091954022988506,
        "volume": 157487761.97000003,
        "adr": 8.561080678148802,
        "condi_4": true
    },
    {
        "symbol": "CLF_US",
        "rank_value": 1.6074074074074074,
        "volume": 171907872.843,
        "adr": 7.518339214435188,
        "condi_4": true
    },
    {
        "symbol": "HTZ_US",
        "rank_value": 1.6038613861386137,
        "volume": 146224317.90433,
        "adr": 22.32959405133508,
        "condi_4": true
    },
    {
        "symbol": "SHLL_US",
        "rank_value": 1.58837699488106,
        "volume": 326494481.8375,
        "adr": 16.75419373910849,
        "condi_4": true
    },
    {
        "symbol": "APPN_US",
        "rank_value": 1.5832311294458692,
        "volume": 265395685.4,
        "adr": 13.525768161187202,
        "condi_4": true
    },
    {
        "symbol": "U_US",
        "rank_value": 1.5549883003616252,
        "volume": 258790988.43999997,
        "adr": 8.009315333241762,
        "condi_4": true
    },
    {
        "symbol": "GRWG_US",
        "rank_value": 1.5518220539517273,
        "volume": 114854951.1675,
        "adr": 9.714185353415349,
        "condi_4": true
    },
    {
        "symbol": "NVAX_US",
        "rank_value": 1.5386904761904763,
        "volume": 553765685.9625,
        "adr": 12.06841780611847,
        "condi_4": true
    },
    {
        "symbol": "BILL_US",
        "rank_value": 1.5376344086021505,
        "volume": 159573263.85,
        "adr": 5.240055031484081,
        "condi_4": true
    },
    {
        "symbol": "COTY_US",
        "rank_value": 1.5217391304347827,
        "volume": 115495157.785,
        "adr": 11.064807554439927,
        "condi_4": true
    },
    {
        "symbol": "FANG_US",
        "rank_value": 1.517197042751527,
        "volume": 185558922.32000002,
        "adr": 7.214734843476434,
        "condi_4": true
    },
    {
        "symbol": "CRSP_US",
        "rank_value": 1.5090927358585349,
        "volume": 155457488.14999998,
        "adr": 6.919271080107925,
        "condi_4": true
    },
    {
        "symbol": "MSTR_US",
        "rank_value": 1.505763843999138,
        "volume": 113712398.68149999,
        "adr": 9.543314152885408,
        "condi_4": true
    },
    {
        "symbol": "M_US",
        "rank_value": 1.5036284470246735,
        "volume": 383853290.32399994,
        "adr": 8.842481246014566,
        "condi_4": true
    },
    {
        "symbol": "BE_US",
        "rank_value": 1.497555012224939,
        "volume": 159559907.85,
        "adr": 12.39522071372916,
        "condi_4": true
    }
]