[
    {
        "symbol": "SRRK_US",
        "rank_value": 3.3045112781954886,
        "volume": 239110117.8375,
        "adr": 19.325874755289774,
        "condi_4": true
    },
    {
        "symbol": "JMIA_US",
        "rank_value": 2.1925754060324825,
        "volume": 304280910.98999995,
        "adr": 12.841319586372645,
        "condi_4": true
    },
    {
        "symbol": "LK_US",
        "rank_value": 2.064935064935065,
        "volume": 198791688.52800003,
        "adr": 29.12297405710205,
        "condi_4": true
    },
    {
        "symbol": "NIO_US",
        "rank_value": 1.9650448748228624,
        "volume": 6949536018.880001,
        "adr": 9.116380537985847,
        "condi_4": true
    },
    {
        "symbol": "XPEV_US",
        "rank_value": 1.8951351351351353,
        "volume": 631355415.5830001,
        "adr": 10.90981318450719,
        "condi_4": true
    },
    {
        "symbol": "VSLR_US",
        "rank_value": 1.857451403887689,
        "volume": 111232331.2,
        "adr": 7.61046406019541,
        "condi_4": true
    },
    {
        "symbol": "CIT_US",
        "rank_value": 1.7014369345396487,
        "volume": 112502850.4055,
        "adr": 6.699238430425014,
        "condi_4": true
    },
    {
        "symbol": "APPS_US",
        "rank_value": 1.6801266825019792,
        "volume": 148932635.78199998,
        "adr": 9.902159721425342,
        "condi_4": true
    },
    {
        "symbol": "HTZ_US",
        "rank_value": 1.6038613861386137,
        "volume": 146224317.90433,
        "adr": 22.32959405133508,
        "condi_4": true
    },
    {
        "symbol": "FTCH_US",
        "rank_value": 1.5928626247122026,
        "volume": 196178152.85599998,
        "adr": 8.084480738935817,
        "condi_4": true
    },
    {
        "symbol": "SHLL_US",
        "rank_value": 1.58837699488106,
        "volume": 326494481.8375,
        "adr": 16.75419373910849,
        "condi_4": true
    },
    {
        "symbol": "PDD_US",
        "rank_value": 1.5682783180386248,
        "volume": 554375268.3000001,
        "adr": 5.718054202140932,
        "condi_4": true
    },
    {
        "symbol": "NET_US",
        "rank_value": 1.505701652315569,
        "volume": 400941387.175,
        "adr": 7.791348681250243,
        "condi_4": true
    },
    {
        "symbol": "LI_US",
        "rank_value": 1.496,
        "volume": 331699821.145,
        "adr": 9.784258287733438,
        "condi_4": true
    },
    {
        "symbol": "ALGN_US",
        "rank_value": 1.4851488224693965,
        "volume": 349989576.90449995,
        "adr": 5.553610505220785,
        "condi_4": true
    },
    {
        "symbol": "LYFT_US",
        "rank_value": 1.3987816307403937,
        "volume": 344881403.1225,
        "adr": 6.156603449103892,
        "condi_4": true
    },
    {
        "symbol": "TPR_US",
        "rank_value": 1.3744419642857142,
        "volume": 142219029.9795,
        "adr": 5.261270923813721,
        "condi_4": true
    },
    {
        "symbol": "UTX_US",
        "rank_value": 1.3554042306577805,
        "volume": 950956822.1374999,
        "adr": 12.586647686893482,
        "condi_4": true
    },
    {
        "symbol": "BIIB_US",
        "rank_value": 1.3351284686536484,
        "volume": 455698378.6245,
        "adr": 5.438185057034817,
        "condi_4": true
    },
    {
        "symbol": "CZR_US",
        "rank_value": 1.3164615741815648,
        "volume": 142747160.22,
        "adr": 6.280227096365665,
        "condi_4": true
    },
    {
        "symbol": "S_US",
        "rank_value": 1.3140172278778388,
        "volume": 218909290.00700003,
        "adr": 8.7828881490855,
        "condi_4": true
    },
    {
        "symbol": "MRTX_US",
        "rank_value": 1.2973565804274465,
        "volume": 116163451.30499999,
        "adr": 6.155427575164141,
        "condi_4": true
    },
    {
        "symbol": "ROKU_US",
        "rank_value": 1.2856197842458783,
        "volume": 1006231428.85,
        "adr": 6.089696382206711,
        "condi_4": true
    }
]