[
    {
        "symbol": "UONE_US",
        "rank_value": 18.96,
        "volume": 197829240.795,
        "adr": 104.96931865294647,
        "condi_4": true
    },
    {
        "symbol": "GRPN_US",
        "rank_value": 17.155172413793103,
        "volume": 173817669.375,
        "adr": 15.401813085046445,
        "condi_4": true
    },
    {
        "symbol": "IDEX_US",
        "rank_value": 8.51581508515815,
        "volume": 184753285.4475,
        "adr": 36.86740340108579,
        "condi_4": true
    },
    {
        "symbol": "XSPA_US",
        "rank_value": 6.44,
        "volume": 219379005.4785,
        "adr": 33.549518817816605,
        "condi_4": true
    },
    {
        "symbol": "NKLA_US",
        "rank_value": 2.773926801372474,
        "volume": 1240250794.7194397,
        "adr": 26.395565392052923,
        "condi_4": true
    },
    {
        "symbol": "FSLY_US",
        "rank_value": 2.1199000832639463,
        "volume": 482709341.01,
        "adr": 10.397015899421124,
        "condi_4": true
    },
    {
        "symbol": "LK_US",
        "rank_value": 2.064935064935065,
        "volume": 198791688.52800003,
        "adr": 29.12297405710205,
        "condi_4": true
    },
    {
        "symbol": "NIO_US",
        "rank_value": 2.03003003003003,
        "volume": 659004696.168,
        "adr": 12.383465158075646,
        "condi_4": true
    },
    {
        "symbol": "GNUS_US",
        "rank_value": 2.0220588235294117,
        "volume": 292395339.225,
        "adr": 55.95795487918438,
        "condi_4": true
    },
    {
        "symbol": "GSX_US",
        "rank_value": 2.011367673179396,
        "volume": 336277917.326,
        "adr": 10.422382201697733,
        "condi_4": true
    },
    {
        "symbol": "NVTA_US",
        "rank_value": 1.7588699080157686,
        "volume": 100794655.638,
        "adr": 10.34026373317083,
        "condi_4": true
    },
    {
        "symbol": "YY_US",
        "rank_value": 1.6548735184857597,
        "volume": 115513411.7375,
        "adr": 6.255763349956345,
        "condi_4": true
    },
    {
        "symbol": "SAVE_US",
        "rank_value": 1.6360039564787339,
        "volume": 647734015.184,
        "adr": 16.594274166587873,
        "condi_4": true
    },
    {
        "symbol": "STNE_US",
        "rank_value": 1.5667209113100082,
        "volume": 136323541.89249998,
        "adr": 7.7197774226434035,
        "condi_4": true
    },
    {
        "symbol": "ZS_US",
        "rank_value": 1.550909351281684,
        "volume": 496420585.275,
        "adr": 7.853544926809342,
        "condi_4": true
    },
    {
        "symbol": "LVGO_US",
        "rank_value": 1.509967781537637,
        "volume": 224765595.8385,
        "adr": 8.464881395532299,
        "condi_4": true
    },
    {
        "symbol": "GDS_US",
        "rank_value": 1.5046422207633874,
        "volume": 125639087.952,
        "adr": 4.907367509733795,
        "condi_4": true
    },
    {
        "symbol": "IQ_US",
        "rank_value": 1.4780645161290322,
        "volume": 275186650.6355,
        "adr": 8.325949190197935,
        "condi_4": true
    },
    {
        "symbol": "TTD_US",
        "rank_value": 1.4553903345724908,
        "volume": 515389803.07500005,
        "adr": 5.5736344671267535,
        "condi_4": true
    },
    {
        "symbol": "CRWD_US",
        "rank_value": 1.4494456027889768,
        "volume": 790826323.8600001,
        "adr": 7.027935618177628,
        "condi_4": true
    },
    {
        "symbol": "PDD_US",
        "rank_value": 1.4448051948051948,
        "volume": 634592696.78,
        "adr": 6.873086343567714,
        "condi_4": true
    }
]