[
    {
        "symbol": "DPHC_US",
        "rank_value": 2.1967213114754096,
        "volume": 116339127.429,
        "adr": 13.125042583806357,
        "condi_4": true
    },
    {
        "symbol": "LK_US",
        "rank_value": 2.064935064935065,
        "volume": 198791688.52800003,
        "adr": 29.12297405710205,
        "condi_4": true
    },
    {
        "symbol": "KCAC_US",
        "rank_value": 1.9250513347022586,
        "volume": 148596502.5,
        "adr": 11.687262712951929,
        "condi_4": true
    },
    {
        "symbol": "QS_US",
        "rank_value": 1.9250513347022586,
        "volume": 148596502.5,
        "adr": 11.687262712951929,
        "condi_4": true
    },
    {
        "symbol": "SHLL_US",
        "rank_value": 1.8676,
        "volume": 360532781.96949995,
        "adr": 17.196923986246105,
        "condi_4": true
    },
    {
        "symbol": "MNTA_US",
        "rank_value": 1.8064516129032258,
        "volume": 359525824.504,
        "adr": 3.9891538635164148,
        "condi_4": true
    },
    {
        "symbol": "ITCI_US",
        "rank_value": 1.780417149478563,
        "volume": 109571027.82149999,
        "adr": 8.937756394173713,
        "condi_4": true
    },
    {
        "symbol": "ZM_US",
        "rank_value": 1.6710204081632651,
        "volume": 3603360465.36,
        "adr": 9.193406752654788,
        "condi_4": true
    },
    {
        "symbol": "NIO_US",
        "rank_value": 1.4840389105058367,
        "volume": 2426664308.29857,
        "adr": 11.247444900278957,
        "condi_4": true
    },
    {
        "symbol": "CORT_US",
        "rank_value": 1.4483606557377051,
        "volume": 114030976.33650002,
        "adr": 10.064366965291892,
        "condi_4": true
    },
    {
        "symbol": "TSLA_US",
        "rank_value": 1.443961038961039,
        "volume": 19061045882.954002,
        "adr": 11.227363080343578,
        "condi_4": true
    },
    {
        "symbol": "PLAY_US",
        "rank_value": 1.4420977443609022,
        "volume": 108800019.65538001,
        "adr": 10.446014127581593,
        "condi_4": true
    },
    {
        "symbol": "GSX_US",
        "rank_value": 1.406702523789822,
        "volume": 347168842.2,
        "adr": 7.796869413726326,
        "condi_4": true
    },
    {
        "symbol": "CZR_US",
        "rank_value": 1.405898525368658,
        "volume": 217423920.9375,
        "adr": 6.939668488839579,
        "condi_4": true
    },
    {
        "symbol": "SPAQ_US",
        "rank_value": 1.3712871287128714,
        "volume": 140758058.29500002,
        "adr": 8.488380772429238,
        "condi_4": true
    },
    {
        "symbol": "UTX_US",
        "rank_value": 1.3554042306577805,
        "volume": 950956822.1374999,
        "adr": 12.586647686893482,
        "condi_4": true
    },
    {
        "symbol": "PENN_US",
        "rank_value": 1.342635457763991,
        "volume": 419994919.025,
        "adr": 8.036205516422058,
        "condi_4": true
    },
    {
        "symbol": "UBER_US",
        "rank_value": 1.3272471910112358,
        "volume": 781546820.04,
        "adr": 4.6059862155038545,
        "condi_4": true
    }
]