[
    {
        "symbol": "GRPN_US",
        "rank_value": 21.320388349514563,
        "volume": 212341916.952,
        "adr": 14.333291581129837,
        "condi_4": true
    },
    {
        "symbol": "XSPA_US",
        "rank_value": 11.333810546408973,
        "volume": 326239468.65000004,
        "adr": 41.05244815216223,
        "condi_4": true
    },
    {
        "symbol": "HTZ_US",
        "rank_value": 4.8,
        "volume": 313664354.688,
        "adr": 76.6256448092245,
        "condi_4": true
    },
    {
        "symbol": "NKLA_US",
        "rank_value": 3.1811881188118813,
        "volume": 925324850.5200001,
        "adr": 27.286185120447072,
        "condi_4": true
    },
    {
        "symbol": "LK_US",
        "rank_value": 2.8796992481203008,
        "volume": 345475647.19549996,
        "adr": 36.984642478944,
        "condi_4": true
    },
    {
        "symbol": "GNUS_US",
        "rank_value": 2.828828828828829,
        "volume": 301567196.37600005,
        "adr": 54.19556919183896,
        "condi_4": true
    },
    {
        "symbol": "SAVE_US",
        "rank_value": 2.3644067796610173,
        "volume": 810991860.7770001,
        "adr": 17.37773479641578,
        "condi_4": true
    },
    {
        "symbol": "NIO_US",
        "rank_value": 2.150943396226415,
        "volume": 596286821.898,
        "adr": 12.549016285671954,
        "condi_4": true
    },
    {
        "symbol": "CAR_US",
        "rank_value": 2.0930807248764416,
        "volume": 205175287.4325,
        "adr": 15.736952815612959,
        "condi_4": true
    },
    {
        "symbol": "GSX_US",
        "rank_value": 2.0798226164079825,
        "volume": 403448112.94200003,
        "adr": 11.679225548519522,
        "condi_4": true
    },
    {
        "symbol": "UAL_US",
        "rank_value": 1.8545632015617375,
        "volume": 2924988966.2999997,
        "adr": 12.655928743828703,
        "condi_4": true
    },
    {
        "symbol": "AAL_US",
        "rank_value": 1.8176855895196504,
        "volume": 2024515547.0774996,
        "adr": 14.083379085106662,
        "condi_4": true
    },
    {
        "symbol": "NCLH_US",
        "rank_value": 1.700993733213966,
        "volume": 1544621131.392115,
        "adr": 15.197097941980054,
        "condi_4": true
    },
    {
        "symbol": "AA_US",
        "rank_value": 1.6886930983847284,
        "volume": 102319906.8,
        "adr": 9.112262199161547,
        "condi_4": true
    },
    {
        "symbol": "IVR_US",
        "rank_value": 1.662962962962963,
        "volume": 132201405.02450001,
        "adr": 21.729690797975998,
        "condi_4": true
    },
    {
        "symbol": "PENN_US",
        "rank_value": 1.6549586776859504,
        "volume": 547149169.008,
        "adr": 11.51659092615418,
        "condi_4": true
    },
    {
        "symbol": "STNE_US",
        "rank_value": 1.6524444444444444,
        "volume": 179195910.60799998,
        "adr": 9.334387855793436,
        "condi_4": true
    },
    {
        "symbol": "BBBY_US",
        "rank_value": 1.6470588235294117,
        "volume": 114685624.536,
        "adr": 10.777290363062564,
        "condi_4": true
    },
    {
        "symbol": "IQ_US",
        "rank_value": 1.6032679738562092,
        "volume": 289028498.9405,
        "adr": 8.411767209354725,
        "condi_4": true
    },
    {
        "symbol": "ZM_US",
        "rank_value": 1.590909090909091,
        "volume": 2639866156.2000003,
        "adr": 8.142467018447075,
        "condi_4": true
    },
    {
        "symbol": "PLAY_US",
        "rank_value": 1.59,
        "volume": 188786323.035,
        "adr": 17.18389855986939,
        "condi_4": true
    }
]