[
    {
        "symbol": "CHK_US",
        "rank_value": 235.87786259541983,
        "volume": 1875062451.975,
        "adr": 26.118958996374065,
        "condi_4": true
    },
    {
        "symbol": "NBR_US",
        "rank_value": 68.06862202545656,
        "volume": 157531163.91,
        "adr": 22.29665687107247,
        "condi_4": true
    },
    {
        "symbol": "IMMU_US",
        "rank_value": 3.160227272727272,
        "volume": 216057368.1015,
        "adr": 20.87393418506871,
        "condi_4": true
    },
    {
        "symbol": "APA_US",
        "rank_value": 2.7409326424870466,
        "volume": 348417837.237,
        "adr": 18.342184204178768,
        "condi_4": true
    },
    {
        "symbol": "INO_US",
        "rank_value": 2.1170364741641334,
        "volume": 487858343.52237993,
        "adr": 15.877803652854228,
        "condi_4": true
    },
    {
        "symbol": "CODX_US",
        "rank_value": 2.079295154185022,
        "volume": 109425470.29200001,
        "adr": 18.423515602535588,
        "condi_4": true
    },
    {
        "symbol": "CVNA_US",
        "rank_value": 2.052453353332879,
        "volume": 310220060.887,
        "adr": 14.300735750726679,
        "condi_4": true
    },
    {
        "symbol": "DVN_US",
        "rank_value": 1.9871794871794872,
        "volume": 139825020.89499998,
        "adr": 14.239933951768368,
        "condi_4": true
    },
    {
        "symbol": "NRZ_US",
        "rank_value": 1.9106529209621992,
        "volume": 105835549.092,
        "adr": 21.800992269401508,
        "condi_4": true
    },
    {
        "symbol": "SHOP_US",
        "rank_value": 1.8846211328650426,
        "volume": 1841192688.7250001,
        "adr": 9.250943106719856,
        "condi_4": true
    },
    {
        "symbol": "PE_US",
        "rank_value": 1.8640350877192984,
        "volume": 110330339.57499999,
        "adr": 14.915025067766274,
        "condi_4": true
    },
    {
        "symbol": "KGC_US",
        "rank_value": 1.7755102040816326,
        "volume": 147752977.65600002,
        "adr": 8.994091502277834,
        "condi_4": true
    },
    {
        "symbol": "BYND_US",
        "rank_value": 1.762280701754386,
        "volume": 509070976.89000005,
        "adr": 9.872147105430717,
        "condi_4": true
    },
    {
        "symbol": "AUY_US",
        "rank_value": 1.73992673992674,
        "volume": 105115059.925,
        "adr": 8.640982767503601,
        "condi_4": true
    }
]