[
    {
        "symbol": "INPX_US",
        "rank_value": 65.33333333333333,
        "volume": 321065690.176,
        "adr": 57.03673330571812,
        "condi_4": true
    },
    {
        "symbol": "ITCI_US",
        "rank_value": 2.218884120171674,
        "volume": 153356312.8075,
        "adr": 19.37909924903338,
        "condi_4": true
    },
    {
        "symbol": "RAD_US",
        "rank_value": 1.7110965200262638,
        "volume": 189866752.4975,
        "adr": 15.852266009872862,
        "condi_4": true
    },
    {
        "symbol": "SDC_US",
        "rank_value": 1.6424870466321244,
        "volume": 174592742.75,
        "adr": 11.512964308246708,
        "condi_4": true
    },
    {
        "symbol": "LK_US",
        "rank_value": 1.5775489870474926,
        "volume": 656622346.625,
        "adr": 9.19850938613871,
        "condi_4": true
    },
    {
        "symbol": "APA_US",
        "rank_value": 1.42561797752809,
        "volume": 230608461.746,
        "adr": 5.500200771896124,
        "condi_4": true
    },
    {
        "symbol": "ZS_US",
        "rank_value": 1.3262442446831835,
        "volume": 115829122.2505,
        "adr": 4.72649992876466,
        "condi_4": true
    },
    {
        "symbol": "CRWD_US",
        "rank_value": 1.325556733828208,
        "volume": 394640640.625,
        "adr": 4.8371697972699135,
        "condi_4": true
    }
]