[
    {
        "symbol": "PENN_US",
        "rank_value": 2.8133066666666666,
        "volume": 126441195.04389998,
        "adr": 37.21874963991767,
        "condi_4": true
    },
    {
        "symbol": "CVNA_US",
        "rank_value": 2.2901624548736463,
        "volume": 231530462.45,
        "adr": 25.881729203077096,
        "condi_4": true
    },
    {
        "symbol": "W_US",
        "rank_value": 2.249308755760369,
        "volume": 217122648.0705,
        "adr": 21.450556961628386,
        "condi_4": true
    },
    {
        "symbol": "NBL_US",
        "rank_value": 2.197802197802198,
        "volume": 100794694.19999999,
        "adr": 25.608631762205825,
        "condi_4": true
    },
    {
        "symbol": "NVAX_US",
        "rank_value": 2.0945347119645494,
        "volume": 117243652.417,
        "adr": 25.795521229799824,
        "condi_4": true
    },
    {
        "symbol": "CZR_US",
        "rank_value": 2.0496894409937885,
        "volume": 185586638.16,
        "adr": 24.834328805334227,
        "condi_4": true
    },
    {
        "symbol": "MGM_US",
        "rank_value": 2.008440534906188,
        "volume": 383731178.7075,
        "adr": 25.889417945637195,
        "condi_4": true
    },
    {
        "symbol": "INO_US",
        "rank_value": 1.945,
        "volume": 390137989.547,
        "adr": 39.718367669606856,
        "condi_4": true
    },
    {
        "symbol": "CNQ_US",
        "rank_value": 1.938897168405365,
        "volume": 111380787.2235,
        "adr": 18.760312322815096,
        "condi_4": true
    },
    {
        "symbol": "ARMK_US",
        "rank_value": 1.9129533678756476,
        "volume": 106522379.626,
        "adr": 24.309861999670712,
        "condi_4": true
    },
    {
        "symbol": "UBER_US",
        "rank_value": 1.87089715536105,
        "volume": 1209751168.6125,
        "adr": 15.750547517424241,
        "condi_4": true
    },
    {
        "symbol": "PLNT_US",
        "rank_value": 1.8085822465292387,
        "volume": 159130135.3335,
        "adr": 19.39667389596751,
        "condi_4": true
    },
    {
        "symbol": "LYV_US",
        "rank_value": 1.7788064516129032,
        "volume": 308625846.97675496,
        "adr": 18.177464027205794,
        "condi_4": true
    },
    {
        "symbol": "ZS_US",
        "rank_value": 1.7717142857142856,
        "volume": 200187760.44149998,
        "adr": 10.539013103826743,
        "condi_4": true
    },
    {
        "symbol": "FANG_US",
        "rank_value": 1.7663230240549828,
        "volume": 156315349.01,
        "adr": 21.975322322032078,
        "condi_4": true
    },
    {
        "symbol": "DRI_US",
        "rank_value": 1.7602294455066922,
        "volume": 231812656.53450003,
        "adr": 21.556527607374896,
        "condi_4": true
    },
    {
        "symbol": "CHWY_US",
        "rank_value": 1.7580019398642095,
        "volume": 119088567.0625,
        "adr": 12.13382719776459,
        "condi_4": true
    },
    {
        "symbol": "HIG_US",
        "rank_value": 1.7573529411764708,
        "volume": 134587498.07299998,
        "adr": 14.204884496098868,
        "condi_4": true
    },
    {
        "symbol": "RDS.B_US",
        "rank_value": 1.7368421052631577,
        "volume": 415773123.5295,
        "adr": 11.74649389134692,
        "condi_4": true
    },
    {
        "symbol": "CRWD_US",
        "rank_value": 1.729264475743349,
        "volume": 299273625.3,
        "adr": 11.697978732085957,
        "condi_4": true
    }
]