[
    {
        "symbol": "SRRK_US",
        "rank_value": 3.3157894736842106,
        "volume": 236914502.895,
        "adr": 18.983754840440525,
        "condi_4": true
    },
    {
        "symbol": "LK_US",
        "rank_value": 2.064935064935065,
        "volume": 198791688.52800003,
        "adr": 29.12297405710205,
        "condi_4": true
    },
    {
        "symbol": "VSLR_US",
        "rank_value": 1.857451403887689,
        "volume": 111232331.2,
        "adr": 7.61046406019541,
        "condi_4": true
    },
    {
        "symbol": "HTZ_US",
        "rank_value": 1.6038613861386137,
        "volume": 146224317.90433,
        "adr": 22.32959405133508,
        "condi_4": true
    },
    {
        "symbol": "SHLL_US",
        "rank_value": 1.58837699488106,
        "volume": 326494481.8375,
        "adr": 16.75419373910849,
        "condi_4": true
    },
    {
        "symbol": "SNAP_US",
        "rank_value": 1.5609204073934364,
        "volume": 2404139243.492,
        "adr": 7.420865335496529,
        "condi_4": true
    },
    {
        "symbol": "VIPS_US",
        "rank_value": 1.4551495016611293,
        "volume": 196036469.20499998,
        "adr": 6.5303205049029645,
        "condi_4": true
    },
    {
        "symbol": "TPR_US",
        "rank_value": 1.4122093023255815,
        "volume": 141503207.03399998,
        "adr": 5.272662230794767,
        "condi_4": true
    },
    {
        "symbol": "MRTX_US",
        "rank_value": 1.3791897406004079,
        "volume": 118350218.35,
        "adr": 6.1843415133779,
        "condi_4": true
    },
    {
        "symbol": "UTX_US",
        "rank_value": 1.3554042306577805,
        "volume": 950956822.1374999,
        "adr": 12.586647686893482,
        "condi_4": true
    },
    {
        "symbol": "BIIB_US",
        "rank_value": 1.3484069886947585,
        "volume": 470628471.2,
        "adr": 5.523836937300652,
        "condi_4": true
    },
    {
        "symbol": "LYFT_US",
        "rank_value": 1.3425492033739457,
        "volume": 318477663.12,
        "adr": 5.871665396447456,
        "condi_4": true
    },
    {
        "symbol": "S_US",
        "rank_value": 1.3140172278778388,
        "volume": 218909290.00700003,
        "adr": 8.7828881490855,
        "condi_4": true
    },
    {
        "symbol": "ARRY_US",
        "rank_value": 1.3012048192771084,
        "volume": 214693366.85999998,
        "adr": 10.121784427847258,
        "condi_4": true
    }
]