[
    {
        "symbol": "TTNP_US",
        "rank_value": 39.22222222222222,
        "volume": 299212438.13549995,
        "adr": 27.484055252913354,
        "condi_4": true
    },
    {
        "symbol": "SNDL_US",
        "rank_value": 5.914285714285714,
        "volume": 357524837.1234,
        "adr": 52.19506842114405,
        "condi_4": true
    },
    {
        "symbol": "FPRX_US",
        "rank_value": 4.06872037914692,
        "volume": 102897178.6975,
        "adr": 33.462103759920424,
        "condi_4": true
    },
    {
        "symbol": "FCEL_US",
        "rank_value": 3.706467661691543,
        "volume": 717621482.8125,
        "adr": 26.78225836807475,
        "condi_4": true
    },
    {
        "symbol": "QS_US",
        "rank_value": 3.2532299741602073,
        "volume": 211469429.43300003,
        "adr": 21.704310958012417,
        "condi_4": true
    },
    {
        "symbol": "DPW_US",
        "rank_value": 3.125,
        "volume": 103171684.27499999,
        "adr": 35.53719501303887,
        "condi_4": true
    },
    {
        "symbol": "IDEX_US",
        "rank_value": 2.987012987012987,
        "volume": 138660325.055,
        "adr": 31.665892758624725,
        "condi_4": true
    },
    {
        "symbol": "AYRO_US",
        "rank_value": 2.912350597609562,
        "volume": 110973519.7255,
        "adr": 23.958710312440125,
        "condi_4": true
    },
    {
        "symbol": "CBAT_US",
        "rank_value": 2.8458333333333337,
        "volume": 117133918.4255,
        "adr": 30.681148801856416,
        "condi_4": true
    },
    {
        "symbol": "BLNK_US",
        "rank_value": 2.8445859872611465,
        "volume": 345254564.809,
        "adr": 24.707133956993665,
        "condi_4": true
    },
    {
        "symbol": "MARA_US",
        "rank_value": 2.8300970873786406,
        "volume": 149591838.5335,
        "adr": 22.190063744118007,
        "condi_4": true
    },
    {
        "symbol": "JMIA_US",
        "rank_value": 2.77948717948718,
        "volume": 619127665.5720001,
        "adr": 20.07074483610287,
        "condi_4": true
    },
    {
        "symbol": "ACB_US",
        "rank_value": 2.7238805970149254,
        "volume": 893942472.3525,
        "adr": 26.714075617865962,
        "condi_4": true
    },
    {
        "symbol": "RIOT_US",
        "rank_value": 2.7070063694267517,
        "volume": 182883828.675,
        "adr": 18.945553152105287,
        "condi_4": true
    },
    {
        "symbol": "XPEV_US",
        "rank_value": 2.6871287128712873,
        "volume": 3077486277.83,
        "adr": 22.864941822929552,
        "condi_4": true
    },
    {
        "symbol": "SOLO_US",
        "rank_value": 2.5934065934065935,
        "volume": 296419522.182,
        "adr": 27.90613134588491,
        "condi_4": true
    },
    {
        "symbol": "COTY_US",
        "rank_value": 2.546712802768166,
        "volume": 156682177.984,
        "adr": 13.407069258843475,
        "condi_4": true
    },
    {
        "symbol": "KXIN_US",
        "rank_value": 2.4690909090909092,
        "volume": 104862181.4975,
        "adr": 32.181605621959264,
        "condi_4": true
    },
    {
        "symbol": "NNDM_US",
        "rank_value": 2.374125874125874,
        "volume": 149056482.98099998,
        "adr": 21.16457026751817,
        "condi_4": true
    },
    {
        "symbol": "SBE_US",
        "rank_value": 2.296694850115296,
        "volume": 198662488.182,
        "adr": 17.67902704530684,
        "condi_4": true
    },
    {
        "symbol": "PLTR_US",
        "rank_value": 2.2690802348336594,
        "volume": 2033111359.8405,
        "adr": 17.931429627650132,
        "condi_4": true
    },
    {
        "symbol": "APPN_US",
        "rank_value": 2.1901285510236472,
        "volume": 235438398.3,
        "adr": 13.411218390570689,
        "condi_4": true
    },
    {
        "symbol": "MRNA_US",
        "rank_value": 2.162283996994741,
        "volume": 3606056682.53,
        "adr": 11.574397852248364,
        "condi_4": true
    },
    {
        "symbol": "GRWG_US",
        "rank_value": 2.1546454767726164,
        "volume": 178701552.89999998,
        "adr": 13.379715401678126,
        "condi_4": true
    },
    {
        "symbol": "VXRT_US",
        "rank_value": 2.085714285714286,
        "volume": 104429102.815,
        "adr": 16.327189462668468,
        "condi_4": true
    },
    {
        "symbol": "AMC_US",
        "rank_value": 2.076555023923445,
        "volume": 118925213.38599999,
        "adr": 20.107624937637468,
        "condi_4": true
    },
    {
        "symbol": "LK_US",
        "rank_value": 2.064935064935065,
        "volume": 198791688.52800003,
        "adr": 29.12297405710205,
        "condi_4": true
    },
    {
        "symbol": "CIIC_US",
        "rank_value": 2.03125,
        "volume": 131458986.88,
        "adr": 16.017690827512745,
        "condi_4": true
    },
    {
        "symbol": "FUBO_US",
        "rank_value": 2.011851851851852,
        "volume": 143171601.52400002,
        "adr": 16.61861173409511,
        "condi_4": true
    },
    {
        "symbol": "BE_US",
        "rank_value": 1.9040444091990485,
        "volume": 157845604.4095,
        "adr": 10.983414877950604,
        "condi_4": true
    },
    {
        "symbol": "VSLR_US",
        "rank_value": 1.857451403887689,
        "volume": 111232331.2,
        "adr": 7.61046406019541,
        "condi_4": true
    },
    {
        "symbol": "APHA_US",
        "rank_value": 1.857142857142857,
        "volume": 120272564.672,
        "adr": 11.814392543042661,
        "condi_4": true
    },
    {
        "symbol": "SABR_US",
        "rank_value": 1.8444444444444443,
        "volume": 124991092.98899998,
        "adr": 9.252716197398115,
        "condi_4": true
    },
    {
        "symbol": "OXY_US",
        "rank_value": 1.8065241844769402,
        "volume": 451178878.19399995,
        "adr": 9.363019077839407,
        "condi_4": true
    },
    {
        "symbol": "UPWK_US",
        "rank_value": 1.7850518276050191,
        "volume": 110038500.292,
        "adr": 10.98822893906437,
        "condi_4": true
    },
    {
        "symbol": "WORK_US",
        "rank_value": 1.7667081776670819,
        "volume": 1097397881.104,
        "adr": 7.936673721619658,
        "condi_4": true
    },
    {
        "symbol": "X_US",
        "rank_value": 1.763392857142857,
        "volume": 200048110.24,
        "adr": 7.539249295699468,
        "condi_4": true
    },
    {
        "symbol": "FSR_US",
        "rank_value": 1.737,
        "volume": 293746066.6815,
        "adr": 15.125573768568646,
        "condi_4": true
    },
    {
        "symbol": "RIDE_US",
        "rank_value": 1.7338461538461538,
        "volume": 125733882.35100001,
        "adr": 14.217310604608425,
        "condi_4": true
    },
    {
        "symbol": "PLUG_US",
        "rank_value": 1.7155172413793103,
        "volume": 933857220.15,
        "adr": 11.46780015176767,
        "condi_4": true
    },
    {
        "symbol": "BB_US",
        "rank_value": 1.703370786516854,
        "volume": 208153734.942,
        "adr": 8.834665267444407,
        "condi_4": true
    },
    {
        "symbol": "APA_US",
        "rank_value": 1.6604010025062657,
        "volume": 160953101.675,
        "adr": 8.885809178252813,
        "condi_4": true
    },
    {
        "symbol": "FANG_US",
        "rank_value": 1.6544566544566544,
        "volume": 173510705.93249997,
        "adr": 8.817007776219432,
        "condi_4": true
    },
    {
        "symbol": "LI_US",
        "rank_value": 1.6472289156626505,
        "volume": 1490523747.15,
        "adr": 17.722613642893002,
        "condi_4": true
    },
    {
        "symbol": "NVAX_US",
        "rank_value": 1.632039148049452,
        "volume": 544722062.5,
        "adr": 13.034879779247444,
        "condi_4": true
    },
    {
        "symbol": "SPCE_US",
        "rank_value": 1.6091015169194864,
        "volume": 329291325.881,
        "adr": 10.205785240575892,
        "condi_4": true
    },
    {
        "symbol": "MRO_US",
        "rank_value": 1.6047120418848169,
        "volume": 203782687.1825,
        "adr": 8.113174604533825,
        "condi_4": true
    },
    {
        "symbol": "HTZ_US",
        "rank_value": 1.6038613861386137,
        "volume": 146224317.90433,
        "adr": 22.32959405133508,
        "condi_4": true
    },
    {
        "symbol": "TTD_US",
        "rank_value": 1.5989217237699187,
        "volume": 552781934.235,
        "adr": 6.4890622407445475,
        "condi_4": true
    },
    {
        "symbol": "SHLL_US",
        "rank_value": 1.58837699488106,
        "volume": 326494481.8375,
        "adr": 16.75419373910849,
        "condi_4": true
    },
    {
        "symbol": "GME_US",
        "rank_value": 1.5733333333333333,
        "volume": 128405885.342,
        "adr": 11.30483899846999,
        "condi_4": true
    },
    {
        "symbol": "FVRR_US",
        "rank_value": 1.570311895364136,
        "volume": 262671428.385,
        "adr": 10.06240301971153,
        "condi_4": true
    },
    {
        "symbol": "CRSR_US",
        "rank_value": 1.561099192242675,
        "volume": 111400065.0,
        "adr": 13.486078428224602,
        "condi_4": true
    }
]