[
    {
        "symbol": "OVV_US",
        "rank_value": 4.154054054054054,
        "volume": 127222499.85149999,
        "adr": 10.730804983143427,
        "condi_4": true
    },
    {
        "symbol": "TCO_US",
        "rank_value": 2.024580792682927,
        "volume": 214302018.59375,
        "adr": 6.377674000640887,
        "condi_4": true
    },
    {
        "symbol": "PENN_US",
        "rank_value": 1.4932515337423313,
        "volume": 113529738.04349999,
        "adr": 6.341208236606444,
        "condi_4": true
    },
    {
        "symbol": "WORK_US",
        "rank_value": 1.3974747474747475,
        "volume": 328992933.9445,
        "adr": 6.2358970959859095,
        "condi_4": true
    },
    {
        "symbol": "TAL_US",
        "rank_value": 1.3308840413318026,
        "volume": 259481715.192,
        "adr": 5.432930411317494,
        "condi_4": true
    },
    {
        "symbol": "BILI_US",
        "rank_value": 1.324535679374389,
        "volume": 152009310.51500002,
        "adr": 6.495746759565102,
        "condi_4": true
    },
    {
        "symbol": "PCG_US",
        "rank_value": 1.3226863226863226,
        "volume": 194343272.27249998,
        "adr": 7.640397492015172,
        "condi_4": true
    },
    {
        "symbol": "RNG_US",
        "rank_value": 1.3008470089994706,
        "volume": 202643370.0645,
        "adr": 3.5124283698575676,
        "condi_4": true
    },
    {
        "symbol": "TEVA_US",
        "rank_value": 1.29769392033543,
        "volume": 261058197.722,
        "adr": 5.613896925786621,
        "condi_4": true
    },
    {
        "symbol": "NLOK_US",
        "rank_value": 1.2847309136420526,
        "volume": 203171097.5105,
        "adr": 3.9802436912362626,
        "condi_4": true
    },
    {
        "symbol": "AYX_US",
        "rank_value": 1.2695736748257416,
        "volume": 185270917.65599996,
        "adr": 5.090937968894571,
        "condi_4": true
    },
    {
        "symbol": "ZNGA_US",
        "rank_value": 1.2678392857142857,
        "volume": 186537685.166655,
        "adr": 4.196895402634682,
        "condi_4": true
    },
    {
        "symbol": "BIIB_US",
        "rank_value": 1.2620426772300908,
        "volume": 513302736.6375,
        "adr": 4.590216813793968,
        "condi_4": true
    }
]