[
    {
        "symbol": "PENN_US",
        "rank_value": 3.0880266666666665,
        "volume": 133605471.49358499,
        "adr": 36.482853931238154,
        "condi_4": true
    },
    {
        "symbol": "W_US",
        "rank_value": 2.4064516129032256,
        "volume": 223607055.679,
        "adr": 21.004148624835082,
        "condi_4": true
    },
    {
        "symbol": "CVNA_US",
        "rank_value": 2.3470216606498195,
        "volume": 232388624.5275,
        "adr": 25.54269636969626,
        "condi_4": true
    },
    {
        "symbol": "USFD_US",
        "rank_value": 2.199519230769231,
        "volume": 102040348.905,
        "adr": 21.3685473318272,
        "condi_4": true
    },
    {
        "symbol": "ARMK_US",
        "rank_value": 2.1751295336787564,
        "volume": 121049536.75149998,
        "adr": 23.890414847107657,
        "condi_4": true
    },
    {
        "symbol": "DRI_US",
        "rank_value": 2.1579349904397707,
        "volume": 260771957.226,
        "adr": 20.535361558791053,
        "condi_4": true
    },
    {
        "symbol": "VTR_US",
        "rank_value": 2.157362307980517,
        "volume": 216434277.826,
        "adr": 21.243234692113578,
        "condi_4": true
    },
    {
        "symbol": "LYV_US",
        "rank_value": 2.0737327188940093,
        "volume": 342754688.25,
        "adr": 17.86754917450992,
        "condi_4": true
    },
    {
        "symbol": "INO_US",
        "rank_value": 2.0678851174934727,
        "volume": 487010233.908,
        "adr": 46.23322915143135,
        "condi_4": true
    },
    {
        "symbol": "UBER_US",
        "rank_value": 2.024799416484318,
        "volume": 1305861936.748,
        "adr": 15.829197222149439,
        "condi_4": true
    },
    {
        "symbol": "CZR_US",
        "rank_value": 2.0062111801242235,
        "volume": 182845092.271,
        "adr": 23.886147705361218,
        "condi_4": true
    },
    {
        "symbol": "PLNT_US",
        "rank_value": 1.9983172065628945,
        "volume": 172849474.25,
        "adr": 18.83197424927627,
        "condi_4": true
    },
    {
        "symbol": "MGM_US",
        "rank_value": 1.9542211148963575,
        "volume": 357675228.0644649,
        "adr": 25.46648315253708,
        "condi_4": true
    },
    {
        "symbol": "WELL_US",
        "rank_value": 1.9439637412443347,
        "volume": 280093352.665,
        "adr": 17.322448571313508,
        "condi_4": true
    },
    {
        "symbol": "AGNC_US",
        "rank_value": 1.8991999999999998,
        "volume": 212464796.04950002,
        "adr": 18.48572211743886,
        "condi_4": true
    },
    {
        "symbol": "HIG_US",
        "rank_value": 1.8823529411764708,
        "volume": 141700978.944,
        "adr": 14.386342557464404,
        "condi_4": true
    },
    {
        "symbol": "WORK_US",
        "rank_value": 1.8761589403973509,
        "volume": 533744282.49999994,
        "adr": 17.4701436243609,
        "condi_4": true
    },
    {
        "symbol": "Z_US",
        "rank_value": 1.8662674650698603,
        "volume": 165695568.72,
        "adr": 15.224817681127023,
        "condi_4": true
    },
    {
        "symbol": "LYFT_US",
        "rank_value": 1.848685249661784,
        "volume": 325194680.83800006,
        "adr": 17.26764011121711,
        "condi_4": true
    }
]