[
    {
        "symbol": "CODX_US",
        "rank_value": 2.674267100977199,
        "volume": 168025848.09550002,
        "adr": 59.08399875888182,
        "condi_4": true
    },
    {
        "symbol": "FTSV_US",
        "rank_value": 2.130553037171351,
        "volume": 305274545.7,
        "adr": 9.112259201157546,
        "condi_4": true
    },
    {
        "symbol": "ARMK_US",
        "rank_value": 2.060103626943005,
        "volume": 112702904.776,
        "adr": 21.29703554912783,
        "condi_4": true
    },
    {
        "symbol": "CZR_US",
        "rank_value": 1.9720496894409936,
        "volume": 195859210.76999998,
        "adr": 21.768699181404404,
        "condi_4": true
    },
    {
        "symbol": "INO_US",
        "rank_value": 1.9444444444444444,
        "volume": 429527471.09999996,
        "adr": 47.51626986495996,
        "condi_4": true
    },
    {
        "symbol": "WELL_US",
        "rank_value": 1.869386073341574,
        "volume": 255434978.318,
        "adr": 15.985226423585486,
        "condi_4": true
    },
    {
        "symbol": "OKE_US",
        "rank_value": 1.796875,
        "volume": 184402357.22750002,
        "adr": 21.9551133385377,
        "condi_4": true
    },
    {
        "symbol": "RAD_US",
        "rank_value": 1.7802922077922076,
        "volume": 111478758.965955,
        "adr": 19.497953567600803,
        "condi_4": true
    },
    {
        "symbol": "EQT_US",
        "rank_value": 1.7102137767220904,
        "volume": 104463733.32,
        "adr": 22.4272772724454,
        "condi_4": true
    },
    {
        "symbol": "MAR_US",
        "rank_value": 1.696655226771931,
        "volume": 657555113.5500001,
        "adr": 15.378077254387112,
        "condi_4": true
    }
]