[
    {
        "symbol": "WLL_US",
        "rank_value": 50.55555555555556,
        "volume": 151062998.45,
        "adr": 20.322007667183726,
        "condi_4": true
    },
    {
        "symbol": "MCRB_US",
        "rank_value": 5.821002386634844,
        "volume": 165142042.4655,
        "adr": 41.2304138821993,
        "condi_4": true
    },
    {
        "symbol": "GOGO_US",
        "rank_value": 3.012658227848101,
        "volume": 115809619.996,
        "adr": 16.47325027431976,
        "condi_4": true
    },
    {
        "symbol": "AIMT_US",
        "rank_value": 2.8891708967851097,
        "volume": 123684529.76249999,
        "adr": 4.463609700041404,
        "condi_4": true
    },
    {
        "symbol": "SHLL_US",
        "rank_value": 2.4470526864893056,
        "volume": 320475244.022,
        "adr": 15.211828550336248,
        "condi_4": true
    },
    {
        "symbol": "GEVO_US",
        "rank_value": 2.188679245283019,
        "volume": 108064827.78799999,
        "adr": 32.658640616514354,
        "condi_4": true
    },
    {
        "symbol": "LK_US",
        "rank_value": 2.064935064935065,
        "volume": 198791688.52800003,
        "adr": 29.12297405710205,
        "condi_4": true
    },
    {
        "symbol": "GRPN_US",
        "rank_value": 1.8518518518518519,
        "volume": 130957387.5,
        "adr": 10.321054956719244,
        "condi_4": true
    },
    {
        "symbol": "EAT_US",
        "rank_value": 1.6727272727272726,
        "volume": 106496129.5,
        "adr": 6.71078941883041,
        "condi_4": true
    },
    {
        "symbol": "GRWG_US",
        "rank_value": 1.6666547619047618,
        "volume": 167440263.489575,
        "adr": 17.228839270799924,
        "condi_4": true
    },
    {
        "symbol": "CORT_US",
        "rank_value": 1.6,
        "volume": 108708638.75199999,
        "adr": 7.937017108078237,
        "condi_4": true
    },
    {
        "symbol": "ZM_US",
        "rank_value": 1.5815217391304348,
        "volume": 2766772437.1875,
        "adr": 8.686583839533002,
        "condi_4": true
    },
    {
        "symbol": "CNK_US",
        "rank_value": 1.4754098360655739,
        "volume": 123332718.60000001,
        "adr": 9.966740404644469,
        "condi_4": true
    },
    {
        "symbol": "PENN_US",
        "rank_value": 1.4749443207126947,
        "volume": 363223364.787,
        "adr": 7.693382921591052,
        "condi_4": true
    },
    {
        "symbol": "APPS_US",
        "rank_value": 1.469240837696335,
        "volume": 120432344.765,
        "adr": 11.057533024136301,
        "condi_4": true
    },
    {
        "symbol": "CZR_US",
        "rank_value": 1.4094724220623502,
        "volume": 196371191.766,
        "adr": 6.3442863457898735,
        "condi_4": true
    },
    {
        "symbol": "NIO_US",
        "rank_value": 1.4043062200956937,
        "volume": 2199344279.259,
        "adr": 10.984937407411156,
        "condi_4": true
    },
    {
        "symbol": "MGM_US",
        "rank_value": 1.3942366646229307,
        "volume": 406784197.79099995,
        "adr": 6.574161545055568,
        "condi_4": true
    },
    {
        "symbol": "PLAN_US",
        "rank_value": 1.3734039990363769,
        "volume": 171722412.1045,
        "adr": 6.366040287122088,
        "condi_4": true
    },
    {
        "symbol": "BIGC_US",
        "rank_value": 1.3611074522201105,
        "volume": 347149521.46,
        "adr": 18.075357792604805,
        "condi_4": true
    },
    {
        "symbol": "UTX_US",
        "rank_value": 1.3554042306577805,
        "volume": 950956822.1374999,
        "adr": 12.586647686893482,
        "condi_4": true
    },
    {
        "symbol": "CRM_US",
        "rank_value": 1.3509284373044022,
        "volume": 2520295032.15,
        "adr": 5.1605090360443695,
        "condi_4": true
    },
    {
        "symbol": "S_US",
        "rank_value": 1.3140172278778388,
        "volume": 218909290.00700003,
        "adr": 8.7828881490855,
        "condi_4": true
    },
    {
        "symbol": "GPS_US",
        "rank_value": 1.3006681514476615,
        "volume": 187054810.76399997,
        "adr": 6.0375614348637585,
        "condi_4": true
    },
    {
        "symbol": "CRWD_US",
        "rank_value": 1.2994537860126378,
        "volume": 673556245.5325,
        "adr": 7.148884989920101,
        "condi_4": true
    },
    {
        "symbol": "PLUG_US",
        "rank_value": 1.2914798206278026,
        "volume": 351086580.86399996,
        "adr": 10.115400259695706,
        "condi_4": true
    },
    {
        "symbol": "JD_US",
        "rank_value": 1.2863105175292153,
        "volume": 985510012.89,
        "adr": 4.7056494456576115,
        "condi_4": true
    },
    {
        "symbol": "CVNA_US",
        "rank_value": 1.2804679883002925,
        "volume": 236611282.5,
        "adr": 6.157220172220201,
        "condi_4": true
    }
]