[
    {
        "symbol": "CHK_US",
        "rank_value": 122.59541984732823,
        "volume": 1448790050.7959998,
        "adr": 17.955835119049325,
        "condi_4": true
    },
    {
        "symbol": "CVNA_US",
        "rank_value": 3.4747292418772564,
        "volume": 355618297.65000004,
        "adr": 22.61677532887734,
        "condi_4": true
    },
    {
        "symbol": "TLRY_US",
        "rank_value": 2.757201646090535,
        "volume": 127155265.26,
        "adr": 29.653210013814313,
        "condi_4": true
    },
    {
        "symbol": "NVAX_US",
        "rank_value": 2.4895977808599166,
        "volume": 114069808.8,
        "adr": 15.270971122040766,
        "condi_4": true
    },
    {
        "symbol": "OHI_US",
        "rank_value": 2.458364591147787,
        "volume": 106705274.206,
        "adr": 13.367483507685773,
        "condi_4": true
    },
    {
        "symbol": "VTR_US",
        "rank_value": 2.43536905207943,
        "volume": 194829719.5,
        "adr": 16.78869514654653,
        "condi_4": true
    },
    {
        "symbol": "IMMU_US",
        "rank_value": 2.3829545454545453,
        "volume": 134299879.0065,
        "adr": 21.16876154118512,
        "condi_4": true
    },
    {
        "symbol": "EQT_US",
        "rank_value": 2.342806394316163,
        "volume": 118765885.37049998,
        "adr": 16.48972511515141,
        "condi_4": true
    },
    {
        "symbol": "OKE_US",
        "rank_value": 2.3396381578947367,
        "volume": 224313774.64,
        "adr": 16.634178255703436,
        "condi_4": true
    },
    {
        "symbol": "SPCE_US",
        "rank_value": 2.171081677704194,
        "volume": 296637874.519,
        "adr": 18.34157653060904,
        "condi_4": true
    },
    {
        "symbol": "APA_US",
        "rank_value": 2.0973684210526318,
        "volume": 227147195.73499998,
        "adr": 21.43324564811131,
        "condi_4": true
    },
    {
        "symbol": "WELL_US",
        "rank_value": 2.0927070457354757,
        "volume": 248362376.2425,
        "adr": 12.929854922076256,
        "condi_4": true
    },
    {
        "symbol": "HIG_US",
        "rank_value": 2.069327731092437,
        "volume": 152935786.63,
        "adr": 9.28428860217323,
        "condi_4": true
    },
    {
        "symbol": "FANG_US",
        "rank_value": 2.0309278350515463,
        "volume": 157420119.3,
        "adr": 16.47205663597329,
        "condi_4": true
    }
]