[
    {
        "symbol": "IBIO_US",
        "rank_value": 13.922651933701657,
        "volume": 114946009.164,
        "adr": 59.383782366562585,
        "condi_4": true
    },
    {
        "symbol": "CODX_US",
        "rank_value": 7.6347826086956525,
        "volume": 287292241.35999995,
        "adr": 43.94610283961426,
        "condi_4": true
    },
    {
        "symbol": "APT_US",
        "rank_value": 3.4663774403470713,
        "volume": 134107076.35000001,
        "adr": 41.658300717219255,
        "condi_4": true
    },
    {
        "symbol": "TCO_US",
        "rank_value": 2.003048780487805,
        "volume": 295620080.22,
        "adr": 5.17530758196012,
        "condi_4": true
    },
    {
        "symbol": "MRNA_US",
        "rank_value": 1.6247906197654942,
        "volume": 487004608.30500007,
        "adr": 16.027683651434476,
        "condi_4": true
    },
    {
        "symbol": "ZM_US",
        "rank_value": 1.5637491385251552,
        "volume": 729793802.7675,
        "adr": 8.548166513938504,
        "condi_4": true
    },
    {
        "symbol": "LK_US",
        "rank_value": 1.4545794392523363,
        "volume": 566341886.4869999,
        "adr": 9.856690757507302,
        "condi_4": true
    },
    {
        "symbol": "WORK_US",
        "rank_value": 1.3426156141223273,
        "volume": 359916766.2,
        "adr": 7.736361925662871,
        "condi_4": true
    },
    {
        "symbol": "GSX_US",
        "rank_value": 1.312779552715655,
        "volume": 144323258.646,
        "adr": 10.270506547447367,
        "condi_4": true
    },
    {
        "symbol": "DPZ_US",
        "rank_value": 1.2867298578199051,
        "volume": 342693259.968,
        "adr": 4.438240025834861,
        "condi_4": true
    },
    {
        "symbol": "TDOC_US",
        "rank_value": 1.242710637442188,
        "volume": 230897351.57999998,
        "adr": 7.526777698666942,
        "condi_4": true
    }
]