[
    {
        "symbol": "JE_US",
        "rank_value": 22.37623762376238,
        "volume": 278703544.08500004,
        "adr": 40.009497774479684,
        "condi_4": true
    },
    {
        "symbol": "SPI_US",
        "rank_value": 8.776266996291717,
        "volume": 227114327.424,
        "adr": 243.98856755793,
        "condi_4": true
    },
    {
        "symbol": "PLL_US",
        "rank_value": 4.384259259259259,
        "volume": 144967991.1,
        "adr": 30.88331755077376,
        "condi_4": true
    },
    {
        "symbol": "WWR_US",
        "rank_value": 3.606557377049181,
        "volume": 159410982.28000003,
        "adr": 60.03961491109251,
        "condi_4": true
    },
    {
        "symbol": "JMIA_US",
        "rank_value": 2.251453488372093,
        "volume": 188799019.24600002,
        "adr": 12.52900866425235,
        "condi_4": true
    },
    {
        "symbol": "BBBY_US",
        "rank_value": 2.077050538525269,
        "volume": 372544513.2935,
        "adr": 9.099798385302549,
        "condi_4": true
    },
    {
        "symbol": "LK_US",
        "rank_value": 2.064935064935065,
        "volume": 198791688.52800003,
        "adr": 29.12297405710205,
        "condi_4": true
    },
    {
        "symbol": "LAC_US",
        "rank_value": 1.9171779141104295,
        "volume": 103095031.875,
        "adr": 17.30434517580386,
        "condi_4": true
    },
    {
        "symbol": "SPWR_US",
        "rank_value": 1.8629895848613762,
        "volume": 179032605.61200002,
        "adr": 10.590667370551877,
        "condi_4": true
    },
    {
        "symbol": "VSLR_US",
        "rank_value": 1.857451403887689,
        "volume": 111232331.2,
        "adr": 7.61046406019541,
        "condi_4": true
    },
    {
        "symbol": "ENPH_US",
        "rank_value": 1.806089497155159,
        "volume": 331028772.975,
        "adr": 6.760459127517349,
        "condi_4": true
    },
    {
        "symbol": "MYOK_US",
        "rank_value": 1.8039899440434675,
        "volume": 462803866.00499994,
        "adr": 4.2998507258002805,
        "condi_4": true
    },
    {
        "symbol": "HTZ_US",
        "rank_value": 1.7920792079207921,
        "volume": 150095162.8735,
        "adr": 21.230046102382126,
        "condi_4": true
    },
    {
        "symbol": "SEDG_US",
        "rank_value": 1.73859363600651,
        "volume": 327799860.19,
        "adr": 7.282225540916376,
        "condi_4": true
    },
    {
        "symbol": "EV_US",
        "rank_value": 1.7310712282669658,
        "volume": 132099511.6585,
        "adr": 4.819186079925397,
        "condi_4": true
    },
    {
        "symbol": "NIO_US",
        "rank_value": 1.6776119402985075,
        "volume": 3135841714.455,
        "adr": 7.84585832561866,
        "condi_4": true
    },
    {
        "symbol": "GME_US",
        "rank_value": 1.6467780429594272,
        "volume": 216447762.9,
        "adr": 14.02914369430206,
        "condi_4": true
    },
    {
        "symbol": "BNTX_US",
        "rank_value": 1.5966672334636967,
        "volume": 192711843.27,
        "adr": 6.653227162170827,
        "condi_4": true
    },
    {
        "symbol": "NET_US",
        "rank_value": 1.5902777777777777,
        "volume": 337249018.4875,
        "adr": 6.327133494193915,
        "condi_4": true
    },
    {
        "symbol": "SHLL_US",
        "rank_value": 1.58837699488106,
        "volume": 326494481.8375,
        "adr": 16.75419373910849,
        "condi_4": true
    },
    {
        "symbol": "SPCE_US",
        "rank_value": 1.5603217158176945,
        "volume": 370508928.96000004,
        "adr": 8.359241328374356,
        "condi_4": true
    },
    {
        "symbol": "FVRR_US",
        "rank_value": 1.555689968029033,
        "volume": 137585559.776,
        "adr": 6.325189601937686,
        "condi_4": true
    },
    {
        "symbol": "PTON_US",
        "rank_value": 1.5348837209302326,
        "volume": 3283694904.6,
        "adr": 6.655443727919774,
        "condi_4": true
    },
    {
        "symbol": "PLUG_US",
        "rank_value": 1.5166666666666664,
        "volume": 451696307.51699996,
        "adr": 9.54810291008965,
        "condi_4": true
    },
    {
        "symbol": "AMWL_US",
        "rank_value": 1.5097241067390323,
        "volume": 105270771.37100002,
        "adr": 11.54047835472114,
        "condi_4": true
    },
    {
        "symbol": "TTD_US",
        "rank_value": 1.471504843699488,
        "volume": 422185165.49,
        "adr": 4.329671983910388,
        "condi_4": true
    },
    {
        "symbol": "EXAS_US",
        "rank_value": 1.466148409893993,
        "volume": 193990509.0915,
        "adr": 6.2488447271563,
        "condi_4": true
    },
    {
        "symbol": "PAYC_US",
        "rank_value": 1.451622641509434,
        "volume": 121230555.62,
        "adr": 3.8999687864249566,
        "condi_4": true
    },
    {
        "symbol": "FSLR_US",
        "rank_value": 1.4381720430107525,
        "volume": 193392420.6,
        "adr": 5.397368658004709,
        "condi_4": true
    },
    {
        "symbol": "IVZ_US",
        "rank_value": 1.4259818731117826,
        "volume": 112433882.65200001,
        "adr": 4.366843074095916,
        "condi_4": true
    },
    {
        "symbol": "TWLO_US",
        "rank_value": 1.4117112202218585,
        "volume": 789644317.532,
        "adr": 5.771064734608333,
        "condi_4": true
    },
    {
        "symbol": "CHGG_US",
        "rank_value": 1.4064516129032258,
        "volume": 103332239.8,
        "adr": 3.8030192080138914,
        "condi_4": true
    },
    {
        "symbol": "NNOX_US",
        "rank_value": 1.3955156950672645,
        "volume": 104475995.536,
        "adr": 15.651479708913518,
        "condi_4": true
    },
    {
        "symbol": "CGC_US",
        "rank_value": 1.394070860448301,
        "volume": 115213791.28400001,
        "adr": 7.355497790035748,
        "condi_4": true
    },
    {
        "symbol": "BEKE_US",
        "rank_value": 1.378080031539523,
        "volume": 103991383.667,
        "adr": 7.640352409589424,
        "condi_4": true
    },
    {
        "symbol": "DDOG_US",
        "rank_value": 1.3576678709355925,
        "volume": 512333980.663,
        "adr": 6.951400913362349,
        "condi_4": true
    },
    {
        "symbol": "UTX_US",
        "rank_value": 1.3554042306577805,
        "volume": 950956822.1374999,
        "adr": 12.586647686893482,
        "condi_4": true
    },
    {
        "symbol": "SQ_US",
        "rank_value": 1.3515177859885532,
        "volume": 1278577052.2525,
        "adr": 4.387117433675747,
        "condi_4": true
    },
    {
        "symbol": "AYX_US",
        "rank_value": 1.3487922705314008,
        "volume": 207139980.7,
        "adr": 6.064195679195028,
        "condi_4": true
    },
    {
        "symbol": "U_US",
        "rank_value": 1.3487692307692307,
        "volume": 186413553.865,
        "adr": 8.409415953856358,
        "condi_4": true
    },
    {
        "symbol": "ROKU_US",
        "rank_value": 1.3463105761394272,
        "volume": 1302683979.8,
        "adr": 4.959981139938718,
        "condi_4": true
    }
]