[
    {
        "symbol": "ACB_US",
        "rank_value": 23.015151515151512,
        "volume": 401188588.0205,
        "adr": 20.949649939481386,
        "condi_4": true
    },
    {
        "symbol": "QLGN_US",
        "rank_value": 20.833333333333336,
        "volume": 192334244.0925,
        "adr": 34.66746969875367,
        "condi_4": true
    },
    {
        "symbol": "MGNX_US",
        "rank_value": 3.5775729646697387,
        "volume": 170655484.86949998,
        "adr": 28.68809685301319,
        "condi_4": true
    },
    {
        "symbol": "NVAX_US",
        "rank_value": 2.787934186471664,
        "volume": 557723221.125,
        "adr": 22.08124754875145,
        "condi_4": true
    },
    {
        "symbol": "SRNE_US",
        "rank_value": 2.3578440366972475,
        "volume": 313275248.85562503,
        "adr": 30.269834054161837,
        "condi_4": true
    },
    {
        "symbol": "NKLA_US",
        "rank_value": 2.276512175962294,
        "volume": 202094636.75100002,
        "adr": 16.718773532213717,
        "condi_4": true
    },
    {
        "symbol": "VTIQ_US",
        "rank_value": 2.276512175962294,
        "volume": 202094781.65100002,
        "adr": 16.718773532213717,
        "condi_4": true
    },
    {
        "symbol": "PENN_US",
        "rank_value": 2.2657342657342654,
        "volume": 564342006.06,
        "adr": 14.318696419099375,
        "condi_4": true
    },
    {
        "symbol": "ERI_US",
        "rank_value": 2.1655824955647542,
        "volume": 278729116.448,
        "adr": 13.500891080489708,
        "condi_4": true
    },
    {
        "symbol": "FSLY_US",
        "rank_value": 1.9390243902439024,
        "volume": 175545061.01250002,
        "adr": 12.530355343529177,
        "condi_4": true
    },
    {
        "symbol": "MYOK_US",
        "rank_value": 1.9052011510627387,
        "volume": 111326101.41899998,
        "adr": 10.576782863553213,
        "condi_4": true
    },
    {
        "symbol": "TWLO_US",
        "rank_value": 1.8457854406130265,
        "volume": 1179796365.51,
        "adr": 8.948581474231187,
        "condi_4": true
    },
    {
        "symbol": "WIX_US",
        "rank_value": 1.6848821989528797,
        "volume": 224206882.02800003,
        "adr": 6.405850020325499,
        "condi_4": true
    },
    {
        "symbol": "CODX_US",
        "rank_value": 1.6489459211732354,
        "volume": 176452586.1945,
        "adr": 20.703846099469338,
        "condi_4": true
    },
    {
        "symbol": "RH_US",
        "rank_value": 1.6226473549686313,
        "volume": 197712231.10000002,
        "adr": 7.628480286861761,
        "condi_4": true
    },
    {
        "symbol": "DDOG_US",
        "rank_value": 1.6016746411483256,
        "volume": 345988093.1,
        "adr": 8.347973584517732,
        "condi_4": true
    }
]