[
    {
        "symbol": "UONE_US",
        "rank_value": 25.754716981132074,
        "volume": 170172535.26000002,
        "adr": 92.13774356377786,
        "condi_4": true
    },
    {
        "symbol": "GRPN_US",
        "rank_value": 18.17241379310345,
        "volume": 197931146.94799998,
        "adr": 14.452024670418373,
        "condi_4": true
    },
    {
        "symbol": "XSPA_US",
        "rank_value": 12.001908852302554,
        "volume": 344507958.1825,
        "adr": 40.61790893809545,
        "condi_4": true
    },
    {
        "symbol": "HTZ_US",
        "rank_value": 4.375,
        "volume": 287292929.2625,
        "adr": 77.02118530453905,
        "condi_4": true
    },
    {
        "symbol": "NKLA_US",
        "rank_value": 3.1597384399813175,
        "volume": 1003881215.7,
        "adr": 26.878873293547056,
        "condi_4": true
    },
    {
        "symbol": "LK_US",
        "rank_value": 2.969924812030075,
        "volume": 329499207.55500007,
        "adr": 33.42679628336553,
        "condi_4": true
    },
    {
        "symbol": "NIO_US",
        "rank_value": 2.283018867924528,
        "volume": 642482765.199,
        "adr": 12.448610606158761,
        "condi_4": true
    },
    {
        "symbol": "GNUS_US",
        "rank_value": 2.222222222222222,
        "volume": 273750942.5,
        "adr": 54.33619419183893,
        "condi_4": true
    },
    {
        "symbol": "SAVE_US",
        "rank_value": 2.1587301587301586,
        "volume": 851339086.2599999,
        "adr": 17.614342997609135,
        "condi_4": true
    },
    {
        "symbol": "GSX_US",
        "rank_value": 2.0875831485587586,
        "volume": 379492880.20350003,
        "adr": 11.176150052778432,
        "condi_4": true
    },
    {
        "symbol": "CAR_US",
        "rank_value": 2.012555391432792,
        "volume": 212104942.1,
        "adr": 15.53321025660539,
        "condi_4": true
    },
    {
        "symbol": "AAL_US",
        "rank_value": 1.7591623036649213,
        "volume": 2059914013.92,
        "adr": 14.060909122075248,
        "condi_4": true
    },
    {
        "symbol": "UAL_US",
        "rank_value": 1.71931330472103,
        "volume": 3099496234.9309998,
        "adr": 12.738723744378898,
        "condi_4": true
    },
    {
        "symbol": "IVR_US",
        "rank_value": 1.7074074074074075,
        "volume": 135231908.31350002,
        "adr": 21.813094159320535,
        "condi_4": true
    },
    {
        "symbol": "NCLH_US",
        "rank_value": 1.6784511784511784,
        "volume": 1613423641.569,
        "adr": 15.371149011683304,
        "condi_4": true
    },
    {
        "symbol": "IQ_US",
        "rank_value": 1.626797385620915,
        "volume": 285552190.14100003,
        "adr": 7.924555216970175,
        "condi_4": true
    },
    {
        "symbol": "ZM_US",
        "rank_value": 1.6190667739340305,
        "volume": 2710062816.2999997,
        "adr": 8.130923160166748,
        "condi_4": true
    },
    {
        "symbol": "PLAY_US",
        "rank_value": 1.615604186489058,
        "volume": 203313363.17400002,
        "adr": 17.211544846515658,
        "condi_4": true
    },
    {
        "symbol": "OXY_US",
        "rank_value": 1.584533438548037,
        "volume": 990571300.2039999,
        "adr": 11.490449900181998,
        "condi_4": true
    },
    {
        "symbol": "SE_US",
        "rank_value": 1.5811432813659985,
        "volume": 507527288.0555,
        "adr": 6.48602045631812,
        "condi_4": true
    },
    {
        "symbol": "ERI_US",
        "rank_value": 1.5622655663915979,
        "volume": 315558476.09999996,
        "adr": 11.578228998239638,
        "condi_4": true
    }
]