[
    {
        "symbol": "JE_US",
        "rank_value": 26.355021216407355,
        "volume": 290784638.74005,
        "adr": 45.2962769300775,
        "condi_4": true
    },
    {
        "symbol": "PLL_US",
        "rank_value": 5.638841567291312,
        "volume": 166956807.13,
        "adr": 30.257848439946635,
        "condi_4": true
    },
    {
        "symbol": "WWR_US",
        "rank_value": 5.114754098360656,
        "volume": 218364598.296,
        "adr": 59.40171395379588,
        "condi_4": true
    },
    {
        "symbol": "JKS_US",
        "rank_value": 2.9671985815602837,
        "volume": 649447297.957,
        "adr": 12.102273048722711,
        "condi_4": true
    },
    {
        "symbol": "LK_US",
        "rank_value": 2.064935064935065,
        "volume": 198791688.52800003,
        "adr": 29.12297405710205,
        "condi_4": true
    },
    {
        "symbol": "LAC_US",
        "rank_value": 1.95398773006135,
        "volume": 108569907.99200001,
        "adr": 18.446950597247678,
        "condi_4": true
    },
    {
        "symbol": "JMIA_US",
        "rank_value": 1.879360465116279,
        "volume": 115293549.054,
        "adr": 11.51620216724163,
        "condi_4": true
    },
    {
        "symbol": "VSLR_US",
        "rank_value": 1.857451403887689,
        "volume": 111232331.2,
        "adr": 7.61046406019541,
        "condi_4": true
    },
    {
        "symbol": "MYOK_US",
        "rank_value": 1.797583326575298,
        "volume": 449878176.839,
        "adr": 5.41353743785955,
        "condi_4": true
    },
    {
        "symbol": "SPWR_US",
        "rank_value": 1.7865001362140869,
        "volume": 146830120.96500003,
        "adr": 9.666226526618416,
        "condi_4": true
    },
    {
        "symbol": "EV_US",
        "rank_value": 1.7286399326977007,
        "volume": 112699132.062625,
        "adr": 5.0479587757034095,
        "condi_4": true
    },
    {
        "symbol": "NET_US",
        "rank_value": 1.717523975588492,
        "volume": 361369376.055,
        "adr": 6.550257599444942,
        "condi_4": true
    },
    {
        "symbol": "SEDG_US",
        "rank_value": 1.7122734160166115,
        "volume": 331500291.12850004,
        "adr": 7.518028996467185,
        "condi_4": true
    },
    {
        "symbol": "QDEL_US",
        "rank_value": 1.7010047055831108,
        "volume": 220759203.375,
        "adr": 7.0372644047111965,
        "condi_4": true
    },
    {
        "symbol": "SAVA_US",
        "rank_value": 1.6881720430107527,
        "volume": 102352579.035,
        "adr": 13.904545325050988,
        "condi_4": true
    },
    {
        "symbol": "NNOX_US",
        "rank_value": 1.6394618834080719,
        "volume": 168889843.14000002,
        "adr": 19.199604310707908,
        "condi_4": true
    },
    {
        "symbol": "SHLL_US",
        "rank_value": 1.58837699488106,
        "volume": 326494481.8375,
        "adr": 16.75419373910849,
        "condi_4": true
    },
    {
        "symbol": "PLUG_US",
        "rank_value": 1.5870277777777777,
        "volume": 480082777.43296504,
        "adr": 9.785659106477596,
        "condi_4": true
    },
    {
        "symbol": "BNTX_US",
        "rank_value": 1.5218500255058662,
        "volume": 179569833.07500002,
        "adr": 6.927170870842758,
        "condi_4": true
    },
    {
        "symbol": "TWLO_US",
        "rank_value": 1.5139897331545116,
        "volume": 822762145.0765,
        "adr": 5.842967524593479,
        "condi_4": true
    },
    {
        "symbol": "BIGC_US",
        "rank_value": 1.5068376068376068,
        "volume": 177021132.231,
        "adr": 8.800960490326926,
        "condi_4": true
    },
    {
        "symbol": "FVRR_US",
        "rank_value": 1.494858722889484,
        "volume": 131781625.5,
        "adr": 6.762230207367725,
        "condi_4": true
    },
    {
        "symbol": "SRNE_US",
        "rank_value": 1.4769001490312965,
        "volume": 241671128.702,
        "adr": 11.600899819102883,
        "condi_4": true
    },
    {
        "symbol": "SPCE_US",
        "rank_value": 1.4725201072386058,
        "volume": 306786318.371,
        "adr": 8.071300290902062,
        "condi_4": true
    },
    {
        "symbol": "TTD_US",
        "rank_value": 1.4646959847962135,
        "volume": 436894246.25,
        "adr": 4.694340445265932,
        "condi_4": true
    },
    {
        "symbol": "ETSY_US",
        "rank_value": 1.4538802233776238,
        "volume": 502985273.29999995,
        "adr": 5.517208458740197,
        "condi_4": true
    },
    {
        "symbol": "EXAS_US",
        "rank_value": 1.4504593639575973,
        "volume": 200445675.696,
        "adr": 6.224096561709791,
        "condi_4": true
    },
    {
        "symbol": "NKLA_US",
        "rank_value": 1.4414860681114554,
        "volume": 852823984.092,
        "adr": 16.296759486174196,
        "condi_4": true
    },
    {
        "symbol": "IVZ_US",
        "rank_value": 1.4400805639476335,
        "volume": 122499942.56500001,
        "adr": 4.660399534216331,
        "condi_4": true
    },
    {
        "symbol": "ROKU_US",
        "rank_value": 1.437857052177225,
        "volume": 1912689995.062,
        "adr": 5.7913464068021,
        "condi_4": true
    },
    {
        "symbol": "DDOG_US",
        "rank_value": 1.422698392923882,
        "volume": 626110601.74,
        "adr": 7.513307245367384,
        "condi_4": true
    },
    {
        "symbol": "BILL_US",
        "rank_value": 1.4193958912609146,
        "volume": 149904093.318,
        "adr": 4.438898495693078,
        "condi_4": true
    },
    {
        "symbol": "PAYC_US",
        "rank_value": 1.4185283018867925,
        "volume": 128223464.86500001,
        "adr": 4.113523552532228,
        "condi_4": true
    },
    {
        "symbol": "FSLR_US",
        "rank_value": 1.415322580645161,
        "volume": 194255540.388,
        "adr": 5.3080333431533955,
        "condi_4": true
    },
    {
        "symbol": "TXG_US",
        "rank_value": 1.4035011699454025,
        "volume": 102699086.36499998,
        "adr": 3.632002866717432,
        "condi_4": true
    },
    {
        "symbol": "APPS_US",
        "rank_value": 1.3774787535410764,
        "volume": 129827394.335,
        "adr": 7.131993685897653,
        "condi_4": true
    },
    {
        "symbol": "SQ_US",
        "rank_value": 1.3757878722016954,
        "volume": 1439656577.505,
        "adr": 4.8971790609439125,
        "condi_4": true
    },
    {
        "symbol": "LI_US",
        "rank_value": 1.3681757656458058,
        "volume": 131459626.155,
        "adr": 7.062999016541638,
        "condi_4": true
    },
    {
        "symbol": "BE_US",
        "rank_value": 1.3665480427046262,
        "volume": 133309932.48,
        "adr": 12.300102773616462,
        "condi_4": true
    },
    {
        "symbol": "CHGG_US",
        "rank_value": 1.3558064516129034,
        "volume": 124181182.332,
        "adr": 4.515412966999821,
        "condi_4": true
    },
    {
        "symbol": "UTX_US",
        "rank_value": 1.3554042306577805,
        "volume": 950956822.1374999,
        "adr": 12.586647686893482,
        "condi_4": true
    },
    {
        "symbol": "AYX_US",
        "rank_value": 1.3522705314009662,
        "volume": 210450210.184,
        "adr": 6.346788530427583,
        "condi_4": true
    },
    {
        "symbol": "MDB_US",
        "rank_value": 1.34935,
        "volume": 149863911.543,
        "adr": 4.764902555872075,
        "condi_4": true
    },
    {
        "symbol": "NVCR_US",
        "rank_value": 1.348245932042413,
        "volume": 134384865.75,
        "adr": 4.768321573131984,
        "condi_4": true
    }
]