[
    {
        "symbol": "APRN_US",
        "rank_value": 6.223880597014926,
        "volume": 106154972.34300001,
        "adr": 50.3480912723109,
        "condi_4": true
    },
    {
        "symbol": "TLRY_US",
        "rank_value": 2.4690946502057614,
        "volume": 103513637.14396,
        "adr": 35.622996587711576,
        "condi_4": true
    },
    {
        "symbol": "NBL_US",
        "rank_value": 2.4432234432234434,
        "volume": 113253958.01299998,
        "adr": 24.081495614496042,
        "condi_4": true
    },
    {
        "symbol": "FANG_US",
        "rank_value": 2.2336769759450172,
        "volume": 190207967.625,
        "adr": 19.267084516387524,
        "condi_4": true
    },
    {
        "symbol": "CNQ_US",
        "rank_value": 2.0134128166915053,
        "volume": 124648955.14050001,
        "adr": 18.296836599176537,
        "condi_4": true
    },
    {
        "symbol": "OKE_US",
        "rank_value": 1.9120065789473684,
        "volume": 218087633.0625,
        "adr": 24.077029363161607,
        "condi_4": true
    },
    {
        "symbol": "HAL_US",
        "rank_value": 1.8776470588235294,
        "volume": 301975610.49600005,
        "adr": 20.03660717644844,
        "condi_4": true
    },
    {
        "symbol": "RDS.B_US",
        "rank_value": 1.8577384054194892,
        "volume": 434407861.1875,
        "adr": 11.807860315933372,
        "condi_4": true
    },
    {
        "symbol": "CRWD_US",
        "rank_value": 1.8366197183098592,
        "volume": 311223169.8,
        "adr": 11.338740809552794,
        "condi_4": true
    },
    {
        "symbol": "CODX_US",
        "rank_value": 1.822262118491921,
        "volume": 104517879.70750001,
        "adr": 36.75130754181484,
        "condi_4": true
    },
    {
        "symbol": "ZS_US",
        "rank_value": 1.8057142857142858,
        "volume": 212283225.76,
        "adr": 10.517286930192249,
        "condi_4": true
    }
]