[
    {
        "symbol": "ATNM_US",
        "rank_value": 26.88888888888889,
        "volume": 188566495.832,
        "adr": 16.77230323285208,
        "condi_4": true
    },
    {
        "symbol": "MCRB_US",
        "rank_value": 6.798365122615804,
        "volume": 165978794.665,
        "adr": 41.826955851921824,
        "condi_4": true
    },
    {
        "symbol": "KODK_US",
        "rank_value": 3.708133971291866,
        "volume": 407624285.5,
        "adr": 71.28981801946293,
        "condi_4": true
    },
    {
        "symbol": "MARA_US",
        "rank_value": 3.4890201761230633,
        "volume": 129764095.4185,
        "adr": 34.31631409841649,
        "condi_4": true
    },
    {
        "symbol": "MIST_US",
        "rank_value": 2.453172205438066,
        "volume": 117792557.918,
        "adr": 21.5052989838727,
        "condi_4": true
    },
    {
        "symbol": "KNDI_US",
        "rank_value": 2.1160949868073877,
        "volume": 129723227.721,
        "adr": 36.002345679923444,
        "condi_4": true
    },
    {
        "symbol": "LK_US",
        "rank_value": 2.064935064935065,
        "volume": 198791688.52800003,
        "adr": 29.12297405710205,
        "condi_4": true
    },
    {
        "symbol": "PENN_US",
        "rank_value": 1.713747645951036,
        "volume": 480269099.31,
        "adr": 9.723449121334449,
        "condi_4": true
    },
    {
        "symbol": "W_US",
        "rank_value": 1.5876052027543994,
        "volume": 717974750.5999999,
        "adr": 7.05530537765493,
        "condi_4": true
    },
    {
        "symbol": "EBS_US",
        "rank_value": 1.5269988412514486,
        "volume": 148292659.955,
        "adr": 6.858619371219854,
        "condi_4": true
    },
    {
        "symbol": "SRNE_US",
        "rank_value": 1.5243986254295532,
        "volume": 749523731.756,
        "adr": 22.612909839786788,
        "condi_4": true
    },
    {
        "symbol": "FTCH_US",
        "rank_value": 1.481665014866204,
        "volume": 152187380.605,
        "adr": 7.480527054666597,
        "condi_4": true
    },
    {
        "symbol": "SE_US",
        "rank_value": 1.4764995083579153,
        "volume": 533666958.20799994,
        "adr": 7.3761336688072054,
        "condi_4": true
    },
    {
        "symbol": "ADT_US",
        "rank_value": 1.4744245524296673,
        "volume": 152382029.632,
        "adr": 12.575081041504866,
        "condi_4": true
    },
    {
        "symbol": "PINS_US",
        "rank_value": 1.4647707979626485,
        "volume": 680812049.7185,
        "adr": 7.296496926616891,
        "condi_4": true
    },
    {
        "symbol": "NKLA_US",
        "rank_value": 1.456896551724138,
        "volume": 829856862.7375001,
        "adr": 12.027963058317637,
        "condi_4": true
    },
    {
        "symbol": "AMD_US",
        "rank_value": 1.4231861257553184,
        "volume": 6068134126.1275,
        "adr": 6.550672082973263,
        "condi_4": true
    },
    {
        "symbol": "MGM_US",
        "rank_value": 1.420487511860149,
        "volume": 465871070.60699993,
        "adr": 7.286213229292748,
        "condi_4": true
    },
    {
        "symbol": "NVAX_US",
        "rank_value": 1.4019417475728155,
        "volume": 959734420.1,
        "adr": 16.11033638224839,
        "condi_4": true
    },
    {
        "symbol": "CVNA_US",
        "rank_value": 1.3980780022446688,
        "volume": 343371726.413,
        "adr": 7.51399371547663,
        "condi_4": true
    },
    {
        "symbol": "GNRC_US",
        "rank_value": 1.3753261274692508,
        "volume": 114497166.825,
        "adr": 3.987488465446254,
        "condi_4": true
    },
    {
        "symbol": "TSLA_US",
        "rank_value": 1.36996336996337,
        "volume": 13206042756.5,
        "adr": 6.563605979015064,
        "condi_4": true
    },
    {
        "symbol": "UTX_US",
        "rank_value": 1.3554042306577805,
        "volume": 950956822.1374999,
        "adr": 12.586647686893482,
        "condi_4": true
    },
    {
        "symbol": "SEDG_US",
        "rank_value": 1.3530135301353015,
        "volume": 171780785.0,
        "adr": 6.733571323392518,
        "condi_4": true
    },
    {
        "symbol": "UPS_US",
        "rank_value": 1.3527309851965288,
        "volume": 749853738.75,
        "adr": 3.5305563951423036,
        "condi_4": true
    },
    {
        "symbol": "LVGO_US",
        "rank_value": 1.3525717703349283,
        "volume": 682636382.5094999,
        "adr": 9.250359167037093,
        "condi_4": true
    },
    {
        "symbol": "ENPH_US",
        "rank_value": 1.3432835820895521,
        "volume": 219206085.83999997,
        "adr": 7.981132357369369,
        "condi_4": true
    }
]