[
    {
        "symbol": "ACB_US",
        "rank_value": 9.84732824427481,
        "volume": 126689975.715,
        "adr": 8.39446008486886,
        "condi_4": true
    },
    {
        "symbol": "CAPR_US",
        "rank_value": 6.115384615384615,
        "volume": 113365556.6775,
        "adr": 37.205196184559085,
        "condi_4": true
    },
    {
        "symbol": "MARK_US",
        "rank_value": 5.341331048271922,
        "volume": 104911274.53950001,
        "adr": 34.88612132481723,
        "condi_4": true
    },
    {
        "symbol": "MGNX_US",
        "rank_value": 5.279999999999999,
        "volume": 184042828.2,
        "adr": 26.24971079617653,
        "condi_4": true
    },
    {
        "symbol": "PTLA_US",
        "rank_value": 2.9098360655737707,
        "volume": 136136482.75,
        "adr": 7.710534332374119,
        "condi_4": true
    },
    {
        "symbol": "W_US",
        "rank_value": 2.492330868255273,
        "volume": 739719456.7405001,
        "adr": 12.526459670367274,
        "condi_4": true
    },
    {
        "symbol": "NVAX_US",
        "rank_value": 2.315661182205972,
        "volume": 370377757.8,
        "adr": 19.85028150199424,
        "condi_4": true
    },
    {
        "symbol": "SDC_US",
        "rank_value": 2.09,
        "volume": 103321509.61,
        "adr": 15.497136072668383,
        "condi_4": true
    },
    {
        "symbol": "CODX_US",
        "rank_value": 2.0376470588235294,
        "volume": 154120629.204,
        "adr": 15.275949164846114,
        "condi_4": true
    },
    {
        "symbol": "TWLO_US",
        "rank_value": 2.0214027067811915,
        "volume": 856919004.5300001,
        "adr": 8.099131935110782,
        "condi_4": true
    },
    {
        "symbol": "MRNA_US",
        "rank_value": 1.9867004433185562,
        "volume": 1095454481.993,
        "adr": 14.47539543503642,
        "condi_4": true
    },
    {
        "symbol": "QDEL_US",
        "rank_value": 1.9376857749469214,
        "volume": 126875480.44049999,
        "adr": 8.295184918440057,
        "condi_4": true
    },
    {
        "symbol": "BYND_US",
        "rank_value": 1.9368661619768601,
        "volume": 1391259803.58,
        "adr": 11.70763082568882,
        "condi_4": true
    },
    {
        "symbol": "SHOP_US",
        "rank_value": 1.7886572952011632,
        "volume": 2392021651.5,
        "adr": 7.8485103858791705,
        "condi_4": true
    },
    {
        "symbol": "CHGG_US",
        "rank_value": 1.7523618665903236,
        "volume": 262480314.95349997,
        "adr": 7.171720631390377,
        "condi_4": true
    },
    {
        "symbol": "ENPH_US",
        "rank_value": 1.6889875102285665,
        "volume": 313066968.29999995,
        "adr": 9.829058764479882,
        "condi_4": true
    },
    {
        "symbol": "APA_US",
        "rank_value": 1.6610169491525424,
        "volume": 279449720.088,
        "adr": 14.723368933801218,
        "condi_4": true
    },
    {
        "symbol": "IMMU_US",
        "rank_value": 1.6552083333333334,
        "volume": 162351309.589,
        "adr": 9.49824026139452,
        "condi_4": true
    },
    {
        "symbol": "HAL_US",
        "rank_value": 1.5865237366003062,
        "volume": 310053971.21999997,
        "adr": 10.557070362834086,
        "condi_4": true
    },
    {
        "symbol": "CVNA_US",
        "rank_value": 1.5766712611991731,
        "volume": 251316205.3255,
        "adr": 11.730429004972432,
        "condi_4": true
    },
    {
        "symbol": "COUP_US",
        "rank_value": 1.560968252771284,
        "volume": 233386983.45000002,
        "adr": 6.235492701844736,
        "condi_4": true
    },
    {
        "symbol": "DVN_US",
        "rank_value": 1.5418227215980025,
        "volume": 111752920.20749998,
        "adr": 10.011267605683493,
        "condi_4": true
    }
]