[
    {
        "symbol": "MCRB_US",
        "rank_value": 7.219251336898395,
        "volume": 183184098.75,
        "adr": 40.81313531116897,
        "condi_4": true
    },
    {
        "symbol": "AIMT_US",
        "rank_value": 2.8917089678510997,
        "volume": 113209232.31199999,
        "adr": 4.95942023492828,
        "condi_4": true
    },
    {
        "symbol": "GEVO_US",
        "rank_value": 2.3584905660377355,
        "volume": 113041761.1875,
        "adr": 32.04741853234545,
        "condi_4": true
    },
    {
        "symbol": "GRPN_US",
        "rank_value": 2.1151151415805196,
        "volume": 140676201.6,
        "adr": 11.771957142776191,
        "condi_4": true
    },
    {
        "symbol": "LK_US",
        "rank_value": 2.064935064935065,
        "volume": 198791688.52800003,
        "adr": 29.12297405710205,
        "condi_4": true
    },
    {
        "symbol": "MNTA_US",
        "rank_value": 1.941548771407297,
        "volume": 281279564.5625,
        "adr": 7.171299182651203,
        "condi_4": true
    },
    {
        "symbol": "GRWG_US",
        "rank_value": 1.9238095238095236,
        "volume": 188411792.896,
        "adr": 16.86513721571834,
        "condi_4": true
    },
    {
        "symbol": "EAT_US",
        "rank_value": 1.7766497461928934,
        "volume": 102258551.85000001,
        "adr": 6.384668352617862,
        "condi_4": true
    },
    {
        "symbol": "CZR_US",
        "rank_value": 1.557907895261779,
        "volume": 202241534.64900002,
        "adr": 6.568499495992874,
        "condi_4": true
    },
    {
        "symbol": "RCL_US",
        "rank_value": 1.5029534018814263,
        "volume": 603025386.27,
        "adr": 6.317165222337051,
        "condi_4": true
    },
    {
        "symbol": "CNK_US",
        "rank_value": 1.4638379942140791,
        "volume": 121991380.86299999,
        "adr": 9.887496001337158,
        "condi_4": true
    },
    {
        "symbol": "MGM_US",
        "rank_value": 1.4425505050505052,
        "volume": 429010681.96750003,
        "adr": 6.86859880422479,
        "condi_4": true
    },
    {
        "symbol": "WDAY_US",
        "rank_value": 1.3856291542516617,
        "volume": 431153682.36899996,
        "adr": 4.277769102395634,
        "condi_4": true
    },
    {
        "symbol": "ESTC_US",
        "rank_value": 1.3831379396358194,
        "volume": 106431894.45,
        "adr": 5.763447315145376,
        "condi_4": true
    },
    {
        "symbol": "SEDG_US",
        "rank_value": 1.3820418204182041,
        "volume": 145331536.38,
        "adr": 4.988616397267842,
        "condi_4": true
    },
    {
        "symbol": "NTNX_US",
        "rank_value": 1.3771609447285122,
        "volume": 150669782.424,
        "adr": 5.978698324744003,
        "condi_4": true
    },
    {
        "symbol": "GPS_US",
        "rank_value": 1.3771251931993818,
        "volume": 191189903.256,
        "adr": 6.0222586001758005,
        "condi_4": true
    },
    {
        "symbol": "NKLA_US",
        "rank_value": 1.364545151616128,
        "volume": 559811020.86,
        "adr": 9.379456364405181,
        "condi_4": true
    },
    {
        "symbol": "UTX_US",
        "rank_value": 1.3554042306577805,
        "volume": 950956822.1374999,
        "adr": 12.586647686893482,
        "condi_4": true
    },
    {
        "symbol": "NCLH_US",
        "rank_value": 1.346613545816733,
        "volume": 502189233.3249999,
        "adr": 7.632015183780494,
        "condi_4": true
    },
    {
        "symbol": "FSLR_US",
        "rank_value": 1.3396874463335051,
        "volume": 108212772.854,
        "adr": 5.4326737993349195,
        "condi_4": true
    },
    {
        "symbol": "ENPH_US",
        "rank_value": 1.3355886332882272,
        "volume": 182293100.38799998,
        "adr": 6.542804058051654,
        "condi_4": true
    }
]