[
    {
        "symbol": "CODX_US",
        "rank_value": 3.9629629629629624,
        "volume": 229247074.14,
        "adr": 60.49353589533975,
        "condi_4": true
    },
    {
        "symbol": "APT_US",
        "rank_value": 2.2186836518046706,
        "volume": 121433127.74999999,
        "adr": 55.35244417738036,
        "condi_4": true
    },
    {
        "symbol": "FTSV_US",
        "rank_value": 2.0815956482320943,
        "volume": 292625636.24,
        "adr": 9.761054113535629,
        "condi_4": true
    },
    {
        "symbol": "INO_US",
        "rank_value": 2.061624649859944,
        "volume": 448459734.544,
        "adr": 46.677534660742424,
        "condi_4": true
    },
    {
        "symbol": "RAD_US",
        "rank_value": 1.9047619047619049,
        "volume": 119630262.4,
        "adr": 19.54301810443797,
        "condi_4": true
    },
    {
        "symbol": "EQT_US",
        "rank_value": 1.7695961995249407,
        "volume": 106886608.3375,
        "adr": 20.668361876717878,
        "condi_4": true
    },
    {
        "symbol": "WELL_US",
        "rank_value": 1.7309435517099299,
        "volume": 221848926.4995,
        "adr": 14.635544975031634,
        "condi_4": true
    },
    {
        "symbol": "OKE_US",
        "rank_value": 1.7047697368421053,
        "volume": 166934560.584,
        "adr": 20.830056855840297,
        "condi_4": true
    },
    {
        "symbol": "HIG_US",
        "rank_value": 1.6423319327731094,
        "volume": 111794666.8875,
        "adr": 12.270640463736404,
        "condi_4": true
    },
    {
        "symbol": "VTR_US",
        "rank_value": 1.6200824278756087,
        "volume": 145012128.68,
        "adr": 17.754263667296797,
        "condi_4": true
    },
    {
        "symbol": "MRNA_US",
        "rank_value": 1.6136236739251815,
        "volume": 766048207.7599999,
        "adr": 26.691739288448836,
        "condi_4": true
    },
    {
        "symbol": "AGNC_US",
        "rank_value": 1.5919999999999999,
        "volume": 161201491.75249997,
        "adr": 14.472116580063265,
        "condi_4": true
    },
    {
        "symbol": "NVAX_US",
        "rank_value": 1.5878877400295421,
        "volume": 125854403.2625,
        "adr": 31.016027873693663,
        "condi_4": true
    }
]