[
    {
        "symbol": "CHK_US",
        "rank_value": 115.19083969465649,
        "volume": 678766389.486,
        "adr": 32.65029668615747,
        "condi_4": true
    },
    {
        "symbol": "NBR_US",
        "rank_value": 76.09297177642502,
        "volume": 154206552.5,
        "adr": 21.648108565059808,
        "condi_4": true
    },
    {
        "symbol": "CAPR_US",
        "rank_value": 7.604166666666667,
        "volume": 105764102.725,
        "adr": 43.100057830301,
        "condi_4": true
    },
    {
        "symbol": "IMMU_US",
        "rank_value": 3.4374999999999996,
        "volume": 237584165.5,
        "adr": 19.18989428650677,
        "condi_4": true
    },
    {
        "symbol": "APA_US",
        "rank_value": 2.935233160621762,
        "volume": 365045206.042,
        "adr": 18.546765335761094,
        "condi_4": true
    },
    {
        "symbol": "W_US",
        "rank_value": 2.713093145869947,
        "volume": 492067274.4,
        "adr": 12.933115250397131,
        "condi_4": true
    },
    {
        "symbol": "EQT_US",
        "rank_value": 2.1366459627329193,
        "volume": 124695123.456,
        "adr": 12.347146101610251,
        "condi_4": true
    },
    {
        "symbol": "CLR_US",
        "rank_value": 2.0782608695652174,
        "volume": 101477701.18800001,
        "adr": 14.991728743461309,
        "condi_4": true
    },
    {
        "symbol": "ETSY_US",
        "rank_value": 2.07741935483871,
        "volume": 243097216.60000002,
        "adr": 8.149067243089858,
        "condi_4": true
    },
    {
        "symbol": "NRZ_US",
        "rank_value": 2.0103092783505154,
        "volume": 101959358.66999999,
        "adr": 19.68726904758027,
        "condi_4": true
    },
    {
        "symbol": "ERI_US",
        "rank_value": 1.9979101358411704,
        "volume": 132601822.26,
        "adr": 16.95123828334544,
        "condi_4": true
    },
    {
        "symbol": "NAT_US",
        "rank_value": 1.940251572327044,
        "volume": 123661028.3285,
        "adr": 16.557565688417817,
        "condi_4": true
    },
    {
        "symbol": "AMRN_US",
        "rank_value": 1.8760443566762874,
        "volume": 125824287.16649999,
        "adr": 11.493346373968594,
        "condi_4": true
    },
    {
        "symbol": "CCL_US",
        "rank_value": 1.8657894736842107,
        "volume": 1110433480.152,
        "adr": 12.591742435007646,
        "condi_4": true
    },
    {
        "symbol": "RCL_US",
        "rank_value": 1.8584269662921349,
        "volume": 959436762.0625,
        "adr": 14.70667860274093,
        "condi_4": true
    },
    {
        "symbol": "SHOP_US",
        "rank_value": 1.847257510088178,
        "volume": 1820827706.7,
        "adr": 8.240256963793113,
        "condi_4": true
    },
    {
        "symbol": "MRO_US",
        "rank_value": 1.8377483443708609,
        "volume": 286067125.1325,
        "adr": 13.081504496599594,
        "condi_4": true
    },
    {
        "symbol": "TTD_US",
        "rank_value": 1.8306188925081432,
        "volume": 445153245.25,
        "adr": 8.748457411767907,
        "condi_4": true
    },
    {
        "symbol": "PENN_US",
        "rank_value": 1.8066535482905837,
        "volume": 134390774.61499998,
        "adr": 14.953562963303412,
        "condi_4": true
    },
    {
        "symbol": "DVN_US",
        "rank_value": 1.794492818815667,
        "volume": 125325709.42050001,
        "adr": 12.351429161892735,
        "condi_4": true
    },
    {
        "symbol": "AUY_US",
        "rank_value": 1.7700729927007297,
        "volume": 107767211.46,
        "adr": 8.303583533827164,
        "condi_4": true
    },
    {
        "symbol": "WYNN_US",
        "rank_value": 1.7593594460073576,
        "volume": 519574023.72,
        "adr": 10.936904320582808,
        "condi_4": true
    },
    {
        "symbol": "ET_US",
        "rank_value": 1.7477876106194692,
        "volume": 311412838.93000007,
        "adr": 9.29803886549494,
        "condi_4": true
    },
    {
        "symbol": "NCLH_US",
        "rank_value": 1.7462871287128712,
        "volume": 454793736.5885,
        "adr": 14.866561168477443,
        "condi_4": true
    },
    {
        "symbol": "KGC_US",
        "rank_value": 1.725,
        "volume": 142068656.41500002,
        "adr": 8.107508912266992,
        "condi_4": true
    },
    {
        "symbol": "CVNA_US",
        "rank_value": 1.7215517829140246,
        "volume": 241884229.61249998,
        "adr": 13.063329021773718,
        "condi_4": true
    }
]