[
    {
        "symbol": "ATNM_US",
        "rank_value": 25.694444444444446,
        "volume": 163529326.425,
        "adr": 15.885601645309944,
        "condi_4": true
    },
    {
        "symbol": "MCRB_US",
        "rank_value": 6.694822888283379,
        "volume": 164709336.519,
        "adr": 41.656827850092924,
        "condi_4": true
    },
    {
        "symbol": "KODK_US",
        "rank_value": 3.349282296650718,
        "volume": 381486020.3,
        "adr": 72.72378847264555,
        "condi_4": true
    },
    {
        "symbol": "MARA_US",
        "rank_value": 2.909374651655334,
        "volume": 106236075.8835,
        "adr": 33.4156041487977,
        "condi_4": true
    },
    {
        "symbol": "OSTK_US",
        "rank_value": 2.5056778142636613,
        "volume": 818971169.75,
        "adr": 13.62988064281716,
        "condi_4": true
    },
    {
        "symbol": "GRWG_US",
        "rank_value": 2.4693816588668724,
        "volume": 151785596.732,
        "adr": 14.558885904960817,
        "condi_4": true
    },
    {
        "symbol": "APPS_US",
        "rank_value": 2.366412213740458,
        "volume": 106542350.77499999,
        "adr": 10.103315060261808,
        "condi_4": true
    },
    {
        "symbol": "LK_US",
        "rank_value": 2.064935064935065,
        "volume": 198791688.52800003,
        "adr": 29.12297405710205,
        "condi_4": true
    },
    {
        "symbol": "GRPN_US",
        "rank_value": 1.899665551839465,
        "volume": 113237719.66,
        "adr": 10.782662738789895,
        "condi_4": true
    },
    {
        "symbol": "KNDI_US",
        "rank_value": 1.841688654353562,
        "volume": 114922155.55600001,
        "adr": 36.592086535955914,
        "condi_4": true
    },
    {
        "symbol": "PLUG_US",
        "rank_value": 1.785007072135785,
        "volume": 367241916.70799994,
        "adr": 10.974409537679342,
        "condi_4": true
    },
    {
        "symbol": "PENN_US",
        "rank_value": 1.7498430634023854,
        "volume": 480672533.3875,
        "adr": 9.411073309583218,
        "condi_4": true
    },
    {
        "symbol": "LB_US",
        "rank_value": 1.6375932556225852,
        "volume": 234329250.92000002,
        "adr": 6.755607669054475,
        "condi_4": true
    },
    {
        "symbol": "CZR_US",
        "rank_value": 1.5485555168813088,
        "volume": 235716379.67100003,
        "adr": 8.081682545273239,
        "condi_4": true
    },
    {
        "symbol": "ADT_US",
        "rank_value": 1.4578005115089514,
        "volume": 150894100.44,
        "adr": 12.571598485334533,
        "condi_4": true
    },
    {
        "symbol": "FTCH_US",
        "rank_value": 1.4519276511397423,
        "volume": 143346200.81215,
        "adr": 7.049865795126453,
        "condi_4": true
    },
    {
        "symbol": "SE_US",
        "rank_value": 1.4491642084562437,
        "volume": 532751980.006,
        "adr": 7.06478571850766,
        "condi_4": true
    },
    {
        "symbol": "PINS_US",
        "rank_value": 1.4473684210526316,
        "volume": 689649277.9,
        "adr": 7.105205741675835,
        "condi_4": true
    },
    {
        "symbol": "CVNA_US",
        "rank_value": 1.4169472502805835,
        "volume": 336945544.5,
        "adr": 7.4595431034152115,
        "condi_4": true
    },
    {
        "symbol": "SRNE_US",
        "rank_value": 1.384192439862543,
        "volume": 691905236.976,
        "adr": 22.627291746932208,
        "condi_4": true
    },
    {
        "symbol": "NKLA_US",
        "rank_value": 1.379655172413793,
        "volume": 727535996.5394999,
        "adr": 11.308869954219647,
        "condi_4": true
    },
    {
        "symbol": "UTX_US",
        "rank_value": 1.3554042306577805,
        "volume": 950956822.1374999,
        "adr": 12.586647686893482,
        "condi_4": true
    },
    {
        "symbol": "UPS_US",
        "rank_value": 1.354432533605581,
        "volume": 763986456.08,
        "adr": 3.578836026545651,
        "condi_4": true
    },
    {
        "symbol": "RCL_US",
        "rank_value": 1.3463137169109605,
        "volume": 508555550.49399996,
        "adr": 6.232897486767408,
        "condi_4": true
    },
    {
        "symbol": "ETSY_US",
        "rank_value": 1.337126833716068,
        "volume": 418673281.695,
        "adr": 5.9800018690636,
        "condi_4": true
    },
    {
        "symbol": "HZNP_US",
        "rank_value": 1.3345195729537367,
        "volume": 172955613.75,
        "adr": 5.369035563350399,
        "condi_4": true
    },
    {
        "symbol": "SQ_US",
        "rank_value": 1.3247863247863247,
        "volume": 1553131953.25,
        "adr": 6.071583846648365,
        "condi_4": true
    }
]