[
    {
        "symbol": "OAS_US",
        "rank_value": 327.69874476987445,
        "volume": 908142625.2579999,
        "adr": 95.5705024695194,
        "condi_4": true
    },
    {
        "symbol": "TTNP_US",
        "rank_value": 33.1,
        "volume": 233834776.7215,
        "adr": 23.683864513268183,
        "condi_4": true
    },
    {
        "symbol": "CRIS_US",
        "rank_value": 7.339449541284403,
        "volume": 187831992.4,
        "adr": 41.35462183494516,
        "condi_4": true
    },
    {
        "symbol": "QS_US",
        "rank_value": 5.344360902255639,
        "volume": 762267922.706,
        "adr": 27.192750667590083,
        "condi_4": true
    },
    {
        "symbol": "FCEL_US",
        "rank_value": 3.4763948497854074,
        "volume": 875951728.065,
        "adr": 28.185754473187142,
        "condi_4": true
    },
    {
        "symbol": "BLNK_US",
        "rank_value": 3.3517647058823528,
        "volume": 498408940.337,
        "adr": 24.911698119885095,
        "condi_4": true
    },
    {
        "symbol": "LAZR_US",
        "rank_value": 3.143422354104847,
        "volume": 490961452.968,
        "adr": 19.693333931638833,
        "condi_4": true
    },
    {
        "symbol": "CIIC_US",
        "rank_value": 3.0734028183779203,
        "volume": 282102756.5825,
        "adr": 22.994931701066058,
        "condi_4": true
    },
    {
        "symbol": "ARCT_US",
        "rank_value": 2.8885037550548818,
        "volume": 105438770.0,
        "adr": 15.105221622761288,
        "condi_4": true
    },
    {
        "symbol": "RIOT_US",
        "rank_value": 2.85625,
        "volume": 237374595.42200002,
        "adr": 21.767471840770437,
        "condi_4": true
    },
    {
        "symbol": "SBE_US",
        "rank_value": 2.7053455019556716,
        "volume": 324223429.125,
        "adr": 17.779892854837897,
        "condi_4": true
    },
    {
        "symbol": "MARA_US",
        "rank_value": 2.4514563106796117,
        "volume": 140611185.455,
        "adr": 22.94518935699239,
        "condi_4": true
    },
    {
        "symbol": "IDEX_US",
        "rank_value": 2.216834083824039,
        "volume": 131230149.408,
        "adr": 32.437795053956364,
        "condi_4": true
    },
    {
        "symbol": "MRNA_US",
        "rank_value": 2.1592763873775844,
        "volume": 4759409177.1875,
        "adr": 12.21437387756139,
        "condi_4": true
    },
    {
        "symbol": "SOLO_US",
        "rank_value": 2.147798742138365,
        "volume": 285440072.0275,
        "adr": 26.347169808977622,
        "condi_4": true
    },
    {
        "symbol": "JWN_US",
        "rank_value": 2.1031331592689293,
        "volume": 396042677.21699995,
        "adr": 8.787771311069426,
        "condi_4": true
    },
    {
        "symbol": "LK_US",
        "rank_value": 2.064935064935065,
        "volume": 198791688.52800003,
        "adr": 29.12297405710205,
        "condi_4": true
    },
    {
        "symbol": "PLTR_US",
        "rank_value": 2.058421851289833,
        "volume": 2653908620.4185,
        "adr": 17.676124743324095,
        "condi_4": true
    },
    {
        "symbol": "SNDL_US",
        "rank_value": 2.0339130434782606,
        "volume": 215920999.37528002,
        "adr": 36.43121176145301,
        "condi_4": true
    },
    {
        "symbol": "NNDM_US",
        "rank_value": 1.9757575757575758,
        "volume": 184224499.276,
        "adr": 19.448412539323723,
        "condi_4": true
    },
    {
        "symbol": "X_US",
        "rank_value": 1.9620512820512819,
        "volume": 278044189.192,
        "adr": 8.056034740336315,
        "condi_4": true
    },
    {
        "symbol": "FUBO_US",
        "rank_value": 1.9388888888888889,
        "volume": 161014383.136,
        "adr": 13.818924463117387,
        "condi_4": true
    },
    {
        "symbol": "VSLR_US",
        "rank_value": 1.857451403887689,
        "volume": 111232331.2,
        "adr": 7.61046406019541,
        "condi_4": true
    },
    {
        "symbol": "COTY_US",
        "rank_value": 1.8447837150127226,
        "volume": 126713086.47500001,
        "adr": 11.223151166007472,
        "condi_4": true
    },
    {
        "symbol": "GRWG_US",
        "rank_value": 1.795740032768979,
        "volume": 147529863.84,
        "adr": 10.840050283637414,
        "condi_4": true
    },
    {
        "symbol": "KSS_US",
        "rank_value": 1.7835006723442406,
        "volume": 382580220.745665,
        "adr": 6.810960629242535,
        "condi_4": true
    },
    {
        "symbol": "BILI_US",
        "rank_value": 1.7744730679156906,
        "volume": 380837094.76949996,
        "adr": 7.218262384487373,
        "condi_4": true
    },
    {
        "symbol": "WORK_US",
        "rank_value": 1.7521793275217934,
        "volume": 1457873423.811,
        "adr": 6.683816696077072,
        "condi_4": true
    },
    {
        "symbol": "BB_US",
        "rank_value": 1.7231404958677685,
        "volume": 306618373.62,
        "adr": 10.205970672939046,
        "condi_4": true
    },
    {
        "symbol": "APPN_US",
        "rank_value": 1.7053741725569393,
        "volume": 281681992.0,
        "adr": 13.353414802914454,
        "condi_4": true
    },
    {
        "symbol": "BE_US",
        "rank_value": 1.7017310252996005,
        "volume": 169554069.64799997,
        "adr": 12.172790067077234,
        "condi_4": true
    },
    {
        "symbol": "SPCE_US",
        "rank_value": 1.6734693877551021,
        "volume": 435048852.42,
        "adr": 11.033076136217911,
        "condi_4": true
    },
    {
        "symbol": "U_US",
        "rank_value": 1.6720910444586259,
        "volume": 306458846.2975,
        "adr": 8.95591473593993,
        "condi_4": true
    },
    {
        "symbol": "CRSP_US",
        "rank_value": 1.6413448239174382,
        "volume": 145476525.15150002,
        "adr": 6.574078202924771,
        "condi_4": true
    },
    {
        "symbol": "SNOW_US",
        "rank_value": 1.6175319593008088,
        "volume": 1323302524.2,
        "adr": 9.322923429580076,
        "condi_4": true
    },
    {
        "symbol": "VLDR_US",
        "rank_value": 1.6137631396764516,
        "volume": 116371437.234,
        "adr": 11.448789329885955,
        "condi_4": true
    },
    {
        "symbol": "HTZ_US",
        "rank_value": 1.6038613861386137,
        "volume": 146224317.90433,
        "adr": 22.32959405133508,
        "condi_4": true
    },
    {
        "symbol": "PDD_US",
        "rank_value": 1.6014087424901593,
        "volume": 1492617431.6499999,
        "adr": 9.007509459421925,
        "condi_4": true
    },
    {
        "symbol": "SHLL_US",
        "rank_value": 1.58837699488106,
        "volume": 326494481.8375,
        "adr": 16.75419373910849,
        "condi_4": true
    },
    {
        "symbol": "AAL_US",
        "rank_value": 1.5879828326180256,
        "volume": 1733666941.175,
        "adr": 7.127367242632898,
        "condi_4": true
    },
    {
        "symbol": "KODK_US",
        "rank_value": 1.5863708399366085,
        "volume": 142564728.306,
        "adr": 14.393239248238054,
        "condi_4": true
    },
    {
        "symbol": "TSLA_US",
        "rank_value": 1.5779103659040057,
        "volume": 20919932243.954998,
        "adr": 7.693615016531186,
        "condi_4": true
    },
    {
        "symbol": "MSTR_US",
        "rank_value": 1.576086956521739,
        "volume": 110266743.5,
        "adr": 9.112238634309765,
        "condi_4": true
    },
    {
        "symbol": "CCL_US",
        "rank_value": 1.5611559139784945,
        "volume": 1505081485.6375,
        "adr": 8.276342640384527,
        "condi_4": true
    },
    {
        "symbol": "FVRR_US",
        "rank_value": 1.5545236436808296,
        "volume": 161559923.217,
        "adr": 6.876594882279186,
        "condi_4": true
    },
    {
        "symbol": "MRO_US",
        "rank_value": 1.5494947368421053,
        "volume": 235444032.18836498,
        "adr": 7.09789528944218,
        "condi_4": true
    },
    {
        "symbol": "ACB_US",
        "rank_value": 1.546704879986293,
        "volume": 470841835.26600003,
        "adr": 15.56940366351769,
        "condi_4": true
    }
]