[
    {
        "symbol": "GRPN_US",
        "rank_value": 21.8,
        "volume": 229466669.20000002,
        "adr": 12.114312643566505,
        "condi_4": true
    },
    {
        "symbol": "XSPA_US",
        "rank_value": 14.529458810983739,
        "volume": 376713539.95250005,
        "adr": 40.16988643832531,
        "condi_4": true
    },
    {
        "symbol": "GNUS_US",
        "rank_value": 6.153393198881201,
        "volume": 368757643.551,
        "adr": 55.33899868570153,
        "condi_4": true
    },
    {
        "symbol": "NKLA_US",
        "rank_value": 3.1712871287128714,
        "volume": 844534061.912,
        "adr": 27.943044977981323,
        "condi_4": true
    },
    {
        "symbol": "CAR_US",
        "rank_value": 2.7542372881355934,
        "volume": 219240836.1,
        "adr": 15.503923883015425,
        "condi_4": true
    },
    {
        "symbol": "ACB_US",
        "rank_value": 2.5037735849056606,
        "volume": 302944132.903,
        "adr": 18.513617558177376,
        "condi_4": true
    },
    {
        "symbol": "IVR_US",
        "rank_value": 2.041666666666667,
        "volume": 139149327.31,
        "adr": 20.074704888364494,
        "condi_4": true
    },
    {
        "symbol": "ERI_US",
        "rank_value": 1.9478947368421051,
        "volume": 275042703.63049996,
        "adr": 11.919695320913126,
        "condi_4": true
    },
    {
        "symbol": "NIO_US",
        "rank_value": 1.9339622641509433,
        "volume": 464343210.765,
        "adr": 11.113182165761115,
        "condi_4": true
    },
    {
        "symbol": "PENN_US",
        "rank_value": 1.891772151898734,
        "volume": 567699873.3,
        "adr": 11.81197682918631,
        "condi_4": true
    },
    {
        "symbol": "SRNE_US",
        "rank_value": 1.890625,
        "volume": 358245804.73,
        "adr": 32.14530310199355,
        "condi_4": true
    },
    {
        "symbol": "STNE_US",
        "rank_value": 1.8151677595601614,
        "volume": 186141210.24199998,
        "adr": 9.369736330222512,
        "condi_4": true
    },
    {
        "symbol": "PK_US",
        "rank_value": 1.8147013782542112,
        "volume": 123131368.68,
        "adr": 11.994032919434572,
        "condi_4": true
    },
    {
        "symbol": "AA_US",
        "rank_value": 1.8072100313479622,
        "volume": 106953032.90900001,
        "adr": 9.437139163490716,
        "condi_4": true
    },
    {
        "symbol": "SPR_US",
        "rank_value": 1.7994891443167305,
        "volume": 176958450.271,
        "adr": 13.203357220466172,
        "condi_4": true
    },
    {
        "symbol": "THO_US",
        "rank_value": 1.6845341321141414,
        "volume": 111475680.74749999,
        "adr": 6.695765600527581,
        "condi_4": true
    },
    {
        "symbol": "RH_US",
        "rank_value": 1.6833550065019507,
        "volume": 287869722.9435,
        "adr": 7.757524958648543,
        "condi_4": true
    },
    {
        "symbol": "BA_US",
        "rank_value": 1.6625691456668714,
        "volume": 8602168161.5275,
        "adr": 9.039368747112931,
        "condi_4": true
    },
    {
        "symbol": "ALK_US",
        "rank_value": 1.651988029072253,
        "volume": 170991350.88,
        "adr": 10.010391619995683,
        "condi_4": true
    },
    {
        "symbol": "MGM_US",
        "rank_value": 1.6253186066270178,
        "volume": 622815159.397,
        "adr": 9.695099084817894,
        "condi_4": true
    }
]