[
    {
        "symbol": "OVV_US",
        "rank_value": 4.294594594594595,
        "volume": 145065705.98450002,
        "adr": 10.810840254850884,
        "condi_4": true
    },
    {
        "symbol": "S_US",
        "rank_value": 2.046948356807512,
        "volume": 261331774.98000002,
        "adr": 9.135447023608666,
        "condi_4": true
    },
    {
        "symbol": "TSLA_US",
        "rank_value": 1.6305341650242802,
        "volume": 12941184215.625,
        "adr": 9.744661945684552,
        "condi_4": true
    },
    {
        "symbol": "PENN_US",
        "rank_value": 1.50920245398773,
        "volume": 114453163.575,
        "adr": 6.378669923613578,
        "condi_4": true
    },
    {
        "symbol": "LK_US",
        "rank_value": 1.42392523364486,
        "volume": 806785714.566,
        "adr": 11.037703131326658,
        "condi_4": true
    },
    {
        "symbol": "ENPH_US",
        "rank_value": 1.4200960219478738,
        "volume": 187931475.074,
        "adr": 5.700816725990832,
        "condi_4": true
    },
    {
        "symbol": "PCG_US",
        "rank_value": 1.3278688524590163,
        "volume": 197333815.95,
        "adr": 7.618175269792937,
        "condi_4": true
    },
    {
        "symbol": "IQ_US",
        "rank_value": 1.3207269155206287,
        "volume": 201006659.80600002,
        "adr": 5.027385654945249,
        "condi_4": true
    },
    {
        "symbol": "NLOK_US",
        "rank_value": 1.3016270337922402,
        "volume": 214972249.44000003,
        "adr": 4.010673917910101,
        "condi_4": true
    },
    {
        "symbol": "ZM_US",
        "rank_value": 1.2943353259322514,
        "volume": 236183420.524,
        "adr": 4.873011147317974,
        "condi_4": true
    },
    {
        "symbol": "TEVA_US",
        "rank_value": 1.2683438155136268,
        "volume": 251925519.89,
        "adr": 5.704300404399221,
        "condi_4": true
    },
    {
        "symbol": "ZNGA_US",
        "rank_value": 1.2410714285714286,
        "volume": 183038361.2075,
        "adr": 4.210471486188561,
        "condi_4": true
    }
]