[
    {
        "symbol": "JE_US",
        "rank_value": 24.799622819424798,
        "volume": 292002179.561,
        "adr": 48.153862324855076,
        "condi_4": true
    },
    {
        "symbol": "SPI_US",
        "rank_value": 6.435233160621761,
        "volume": 126742862.727,
        "adr": 235.4259244245255,
        "condi_4": true
    },
    {
        "symbol": "SAVA_US",
        "rank_value": 4.136690647482014,
        "volume": 212467455.92499998,
        "adr": 24.4244842663909,
        "condi_4": true
    },
    {
        "symbol": "LK_US",
        "rank_value": 2.064935064935065,
        "volume": 198791688.52800003,
        "adr": 29.12297405710205,
        "condi_4": true
    },
    {
        "symbol": "SGMS_US",
        "rank_value": 1.937291897891232,
        "volume": 102037381.227,
        "adr": 10.679796855620083,
        "condi_4": true
    },
    {
        "symbol": "SRNE_US",
        "rank_value": 1.8509532062391683,
        "volume": 347228947.116,
        "adr": 15.408305961718138,
        "condi_4": true
    },
    {
        "symbol": "GME_US",
        "rank_value": 1.8321250000000002,
        "volume": 112838885.500075,
        "adr": 14.800270045718866,
        "condi_4": true
    },
    {
        "symbol": "IPOB_US",
        "rank_value": 1.766355140186916,
        "volume": 105549939.81,
        "adr": 12.185880918427095,
        "condi_4": true
    },
    {
        "symbol": "DKNG_US",
        "rank_value": 1.7200464171743546,
        "volume": 1526029902.012,
        "adr": 10.830395356704914,
        "condi_4": true
    },
    {
        "symbol": "KCAC_US",
        "rank_value": 1.6808080808080808,
        "volume": 147503137.6,
        "adr": 16.099685636745974,
        "condi_4": true
    },
    {
        "symbol": "QS_US",
        "rank_value": 1.6808080808080808,
        "volume": 147503137.6,
        "adr": 16.099685636745974,
        "condi_4": true
    },
    {
        "symbol": "DPHC_US",
        "rank_value": 1.6647324306898776,
        "volume": 120654345.13199998,
        "adr": 15.493825590540688,
        "condi_4": true
    },
    {
        "symbol": "KODK_US",
        "rank_value": 1.6336996336996337,
        "volume": 295742843.07,
        "adr": 19.467628658498914,
        "condi_4": true
    },
    {
        "symbol": "APPS_US",
        "rank_value": 1.5961165048543688,
        "volume": 159999291.48000002,
        "adr": 11.97198540409785,
        "condi_4": true
    },
    {
        "symbol": "SHLL_US",
        "rank_value": 1.58837699488106,
        "volume": 326494481.8375,
        "adr": 16.75419373910849,
        "condi_4": true
    },
    {
        "symbol": "ZM_US",
        "rank_value": 1.570069204152249,
        "volume": 4877630718.675,
        "adr": 8.497673131857052,
        "condi_4": true
    },
    {
        "symbol": "WKHS_US",
        "rank_value": 1.530487804878049,
        "volume": 715399276.32,
        "adr": 14.562311765676617,
        "condi_4": true
    },
    {
        "symbol": "QDEL_US",
        "rank_value": 1.5284757118927974,
        "volume": 197471763.45000002,
        "adr": 7.0979011430769345,
        "condi_4": true
    },
    {
        "symbol": "NVTA_US",
        "rank_value": 1.5068493150684932,
        "volume": 117353671.6,
        "adr": 9.164754089355199,
        "condi_4": true
    },
    {
        "symbol": "ITCI_US",
        "rank_value": 1.4866743916570102,
        "volume": 100488139.57000001,
        "adr": 9.955787326989519,
        "condi_4": true
    },
    {
        "symbol": "VXRT_US",
        "rank_value": 1.458980044345898,
        "volume": 209902725.77400002,
        "adr": 22.28540274412061,
        "condi_4": true
    },
    {
        "symbol": "BEKE_US",
        "rank_value": 1.43921751280857,
        "volume": 154504872.93,
        "adr": 9.680059461824996,
        "condi_4": true
    },
    {
        "symbol": "CVNA_US",
        "rank_value": 1.435897435897436,
        "volume": 406230003.2,
        "adr": 8.040526966915241,
        "condi_4": true
    },
    {
        "symbol": "PENN_US",
        "rank_value": 1.435892401335166,
        "volume": 783280734.5265,
        "adr": 9.896186282054975,
        "condi_4": true
    },
    {
        "symbol": "CORT_US",
        "rank_value": 1.397991967871486,
        "volume": 116181510.51075001,
        "adr": 10.558332650936242,
        "condi_4": true
    },
    {
        "symbol": "BYND_US",
        "rank_value": 1.3819991704686851,
        "volume": 821349953.55,
        "adr": 7.879352991511235,
        "condi_4": true
    },
    {
        "symbol": "PTON_US",
        "rank_value": 1.3810844543059215,
        "volume": 3666490904.8395,
        "adr": 11.365474837470169,
        "condi_4": true
    },
    {
        "symbol": "FVRR_US",
        "rank_value": 1.3574116577022617,
        "volume": 131269875.9105,
        "adr": 8.708406854193917,
        "condi_4": true
    },
    {
        "symbol": "UTX_US",
        "rank_value": 1.3554042306577805,
        "volume": 950956822.1374999,
        "adr": 12.586647686893482,
        "condi_4": true
    },
    {
        "symbol": "BBBY_US",
        "rank_value": 1.330316742081448,
        "volume": 113353181.75999999,
        "adr": 7.047069282493168,
        "condi_4": true
    },
    {
        "symbol": "FSLY_US",
        "rank_value": 1.3167110239529345,
        "volume": 520851852.1,
        "adr": 9.036285084233953,
        "condi_4": true
    },
    {
        "symbol": "S_US",
        "rank_value": 1.3140172278778388,
        "volume": 218909290.00700003,
        "adr": 8.7828881490855,
        "condi_4": true
    },
    {
        "symbol": "NVAX_US",
        "rank_value": 1.3115837539053112,
        "volume": 489067428.1075,
        "adr": 11.76594072872299,
        "condi_4": true
    },
    {
        "symbol": "RH_US",
        "rank_value": 1.3101027397260274,
        "volume": 241319349.39000002,
        "adr": 6.753396181131199,
        "condi_4": true
    },
    {
        "symbol": "MRNA_US",
        "rank_value": 1.3097214536063457,
        "volume": 588438035.15,
        "adr": 7.289279539083182,
        "condi_4": true
    },
    {
        "symbol": "SPCE_US",
        "rank_value": 1.3021446692821719,
        "volume": 264703852.32750002,
        "adr": 8.69072747602706,
        "condi_4": true
    },
    {
        "symbol": "INO_US",
        "rank_value": 1.3006833712984056,
        "volume": 334384342.368,
        "adr": 20.41821227988936,
        "condi_4": true
    }
]