[
    {
        "symbol": "INPX_US",
        "rank_value": 118.08493150684933,
        "volume": 434864127.409335,
        "adr": 65.4478344816664,
        "condi_4": true
    },
    {
        "symbol": "ITCI_US",
        "rank_value": 2.317596566523605,
        "volume": 160544555.55,
        "adr": 19.511224113203983,
        "condi_4": true
    },
    {
        "symbol": "NIO_US",
        "rank_value": 1.872340425531915,
        "volume": 414512367.72,
        "adr": 16.116912547842468,
        "condi_4": true
    },
    {
        "symbol": "RAD_US",
        "rank_value": 1.7396528704939918,
        "volume": 209560557.70349997,
        "adr": 17.855098571080006,
        "condi_4": true
    },
    {
        "symbol": "SDC_US",
        "rank_value": 1.7155844155844155,
        "volume": 172123302.651,
        "adr": 11.113211495892973,
        "condi_4": true
    },
    {
        "symbol": "PCG_US",
        "rank_value": 1.6200762388818297,
        "volume": 156887900.85,
        "adr": 6.809063373221558,
        "condi_4": true
    },
    {
        "symbol": "APA_US",
        "rank_value": 1.5613207547169812,
        "volume": 239858613.78,
        "adr": 5.501599375267019,
        "condi_4": true
    },
    {
        "symbol": "BYND_US",
        "rank_value": 1.5075447022386363,
        "volume": 1022400420.741,
        "adr": 7.597824420474053,
        "condi_4": true
    },
    {
        "symbol": "TSLA_US",
        "rank_value": 1.427883008356546,
        "volume": 6321012902.2005005,
        "adr": 4.585702768484778,
        "condi_4": true
    },
    {
        "symbol": "AYX_US",
        "rank_value": 1.342459938448477,
        "volume": 127329005.10000001,
        "adr": 3.885518103424035,
        "condi_4": true
    }
]