[
    {
        "symbol": "SPI_US",
        "rank_value": 7.896373056994819,
        "volume": 150732886.113,
        "adr": 233.17158238102684,
        "condi_4": true
    },
    {
        "symbol": "MRNS_US",
        "rank_value": 6.716763005780346,
        "volume": 127347880.56199999,
        "adr": 17.79630294088865,
        "condi_4": true
    },
    {
        "symbol": "SAVA_US",
        "rank_value": 4.08273381294964,
        "volume": 207726642.7475,
        "adr": 24.11586359199105,
        "condi_4": true
    },
    {
        "symbol": "LK_US",
        "rank_value": 2.064935064935065,
        "volume": 198791688.52800003,
        "adr": 29.12297405710205,
        "condi_4": true
    },
    {
        "symbol": "GME_US",
        "rank_value": 2.013403643336529,
        "volume": 123725674.54902,
        "adr": 15.262313461302647,
        "condi_4": true
    },
    {
        "symbol": "DPHC_US",
        "rank_value": 1.7659574468085106,
        "volume": 128103676.404,
        "adr": 15.452626425034023,
        "condi_4": true
    },
    {
        "symbol": "KCAC_US",
        "rank_value": 1.7443991853360488,
        "volume": 151303160.0295,
        "adr": 15.83518114056468,
        "condi_4": true
    },
    {
        "symbol": "QS_US",
        "rank_value": 1.7443991853360488,
        "volume": 151303160.0295,
        "adr": 15.83518114056468,
        "condi_4": true
    },
    {
        "symbol": "WKHS_US",
        "rank_value": 1.6646191646191646,
        "volume": 785723012.6100001,
        "adr": 15.064966971070293,
        "condi_4": true
    },
    {
        "symbol": "KODK_US",
        "rank_value": 1.6410256410256412,
        "volume": 339002008.57600003,
        "adr": 21.192439628925275,
        "condi_4": true
    },
    {
        "symbol": "DKNG_US",
        "rank_value": 1.6205395996518712,
        "volume": 1409522058.063,
        "adr": 10.663939184216197,
        "condi_4": true
    },
    {
        "symbol": "SHLL_US",
        "rank_value": 1.58837699488106,
        "volume": 326494481.8375,
        "adr": 16.75419373910849,
        "condi_4": true
    },
    {
        "symbol": "ZM_US",
        "rank_value": 1.5802565494773992,
        "volume": 5546438206.375,
        "adr": 9.215635075919405,
        "condi_4": true
    },
    {
        "symbol": "VXRT_US",
        "rank_value": 1.52549889135255,
        "volume": 221268009.552,
        "adr": 22.90402724626841,
        "condi_4": true
    },
    {
        "symbol": "NVTA_US",
        "rank_value": 1.5174691780821918,
        "volume": 115514188.60893999,
        "adr": 9.273271348937362,
        "condi_4": true
    },
    {
        "symbol": "NVCR_US",
        "rank_value": 1.4336446139681704,
        "volume": 126605303.95,
        "adr": 5.303615795733196,
        "condi_4": true
    },
    {
        "symbol": "FVRR_US",
        "rank_value": 1.3827194970236623,
        "volume": 137061565.73,
        "adr": 8.710798483775829,
        "condi_4": true
    },
    {
        "symbol": "SPCE_US",
        "rank_value": 1.3600177656947128,
        "volume": 266288357.52150002,
        "adr": 8.414467861836394,
        "condi_4": true
    },
    {
        "symbol": "TSLA_US",
        "rank_value": 1.3578246753246752,
        "volume": 25446794699.852497,
        "adr": 11.95136148267748,
        "condi_4": true
    },
    {
        "symbol": "PENN_US",
        "rank_value": 1.3563714902807775,
        "volume": 727595558.712,
        "adr": 10.185778793821033,
        "condi_4": true
    },
    {
        "symbol": "UTX_US",
        "rank_value": 1.3554042306577805,
        "volume": 950956822.1374999,
        "adr": 12.586647686893482,
        "condi_4": true
    },
    {
        "symbol": "S_US",
        "rank_value": 1.3140172278778388,
        "volume": 218909290.00700003,
        "adr": 8.7828881490855,
        "condi_4": true
    },
    {
        "symbol": "BBBY_US",
        "rank_value": 1.3131221719457014,
        "volume": 110363811.618,
        "adr": 7.275801757701705,
        "condi_4": true
    },
    {
        "symbol": "FSLY_US",
        "rank_value": 1.3097072419106317,
        "volume": 528816874.575,
        "adr": 9.126016794332624,
        "condi_4": true
    },
    {
        "symbol": "GSX_US",
        "rank_value": 1.2960970900565438,
        "volume": 331538264.532,
        "adr": 7.65324262321494,
        "condi_4": true
    }
]