[
    {
        "symbol": "INPX_US",
        "rank_value": 67.83500000000001,
        "volume": 322057583.39232004,
        "adr": 55.86808636431964,
        "condi_4": true
    },
    {
        "symbol": "FCEL_US",
        "rank_value": 3.2880844645550535,
        "volume": 103003667.36600001,
        "adr": 28.195807754761717,
        "condi_4": true
    },
    {
        "symbol": "ITCI_US",
        "rank_value": 2.184549356223176,
        "volume": 150265626.06,
        "adr": 19.192224614615473,
        "condi_4": true
    },
    {
        "symbol": "NIO_US",
        "rank_value": 2.0425531914893615,
        "volume": 541727886.24,
        "adr": 17.604036050468718,
        "condi_4": true
    },
    {
        "symbol": "SDC_US",
        "rank_value": 1.7250639386189257,
        "volume": 188976866.568,
        "adr": 11.475862666635672,
        "condi_4": true
    },
    {
        "symbol": "BYND_US",
        "rank_value": 1.6499829293274155,
        "volume": 1401853177.557,
        "adr": 9.027911671333122,
        "condi_4": true
    },
    {
        "symbol": "RAD_US",
        "rank_value": 1.5207100591715976,
        "volume": 164179407.66,
        "adr": 14.511774884053775,
        "condi_4": true
    },
    {
        "symbol": "LK_US",
        "rank_value": 1.3817374762206722,
        "volume": 623241656.909,
        "adr": 9.642400074521928,
        "condi_4": true
    },
    {
        "symbol": "APA_US",
        "rank_value": 1.3810375670840787,
        "volume": 217141452.864,
        "adr": 5.4663397505913425,
        "condi_4": true
    },
    {
        "symbol": "PCG_US",
        "rank_value": 1.355,
        "volume": 132355307.87,
        "adr": 6.12672274056234,
        "condi_4": true
    },
    {
        "symbol": "CRWD_US",
        "rank_value": 1.3270413573700954,
        "volume": 398331294.442,
        "adr": 4.8306659879619795,
        "condi_4": true
    },
    {
        "symbol": "ZS_US",
        "rank_value": 1.3155009866257399,
        "volume": 114738366.0,
        "adr": 4.804777496618717,
        "condi_4": true
    }
]