[
    {
        "symbol": "SHIP_US",
        "rank_value": 12.266666666666667,
        "volume": 200111327.04000002,
        "adr": 73.82220037207871,
        "condi_4": true
    },
    {
        "symbol": "ODP_US",
        "rank_value": 9.783084337349397,
        "volume": 140441536.071365,
        "adr": 45.97010217636499,
        "condi_4": true
    },
    {
        "symbol": "UONE_US",
        "rank_value": 9.496644295302014,
        "volume": 121903782.44500001,
        "adr": 106.30073194499144,
        "condi_4": true
    },
    {
        "symbol": "WKHS_US",
        "rank_value": 5.163987138263665,
        "volume": 784234159.005,
        "adr": 27.569996020874576,
        "condi_4": true
    },
    {
        "symbol": "VXRT_US",
        "rank_value": 3.8666666666666663,
        "volume": 299832249.668,
        "adr": 31.380421417916395,
        "condi_4": true
    },
    {
        "symbol": "ALT_US",
        "rank_value": 3.5901926444833627,
        "volume": 115800663.425,
        "adr": 22.767447470603752,
        "condi_4": true
    },
    {
        "symbol": "SOLO_US",
        "rank_value": 3.3819444444444446,
        "volume": 137928403.2235,
        "adr": 24.627327144817677,
        "condi_4": true
    },
    {
        "symbol": "NIO_US",
        "rank_value": 2.7277676950998186,
        "volume": 2271581946.702,
        "adr": 13.340568433475465,
        "condi_4": true
    },
    {
        "symbol": "SHLL_US",
        "rank_value": 2.6722939424031775,
        "volume": 230858028.12150002,
        "adr": 16.035144531291067,
        "condi_4": true
    },
    {
        "symbol": "AYRO_US",
        "rank_value": 2.604347826086957,
        "volume": 102498193.7845,
        "adr": 26.234076761420223,
        "condi_4": true
    },
    {
        "symbol": "OSTK_US",
        "rank_value": 2.425531914893617,
        "volume": 185563087.32000002,
        "adr": 12.692080667329275,
        "condi_4": true
    },
    {
        "symbol": "NVTA_US",
        "rank_value": 2.247043363994744,
        "volume": 152665412.49,
        "adr": 11.28033056677642,
        "condi_4": true
    },
    {
        "symbol": "NVAX_US",
        "rank_value": 2.2424242424242427,
        "volume": 680659795.5300001,
        "adr": 14.074762700290332,
        "condi_4": true
    },
    {
        "symbol": "IDEX_US",
        "rank_value": 2.1515151515151514,
        "volume": 116549130.62099999,
        "adr": 42.12001257465092,
        "condi_4": true
    },
    {
        "symbol": "LK_US",
        "rank_value": 2.064935064935065,
        "volume": 198791688.52800003,
        "adr": 29.12297405710205,
        "condi_4": true
    },
    {
        "symbol": "INO_US",
        "rank_value": 2.004277159965783,
        "volume": 1301385041.451,
        "adr": 20.951298871117952,
        "condi_4": true
    },
    {
        "symbol": "PLUG_US",
        "rank_value": 1.946808510638298,
        "volume": 292614862.1025,
        "adr": 11.924845635457393,
        "condi_4": true
    },
    {
        "symbol": "SQ_US",
        "rank_value": 1.558667949026208,
        "volume": 1843618766.9275,
        "adr": 6.595080897750738,
        "condi_4": true
    },
    {
        "symbol": "TSLA_US",
        "rank_value": 1.5545341975212237,
        "volume": 11211541649.1,
        "adr": 6.200147734397854,
        "condi_4": true
    },
    {
        "symbol": "SPOT_US",
        "rank_value": 1.5480225988700564,
        "volume": 1096681410.6,
        "adr": 6.591190375134959,
        "condi_4": true
    },
    {
        "symbol": "ETSY_US",
        "rank_value": 1.5150843853820597,
        "volume": 310951505.87181497,
        "adr": 5.231654488426196,
        "condi_4": true
    },
    {
        "symbol": "CLGX_US",
        "rank_value": 1.5075892857142859,
        "volume": 129464474.50200002,
        "adr": 4.131654066041879,
        "condi_4": true
    },
    {
        "symbol": "GDS_US",
        "rank_value": 1.4495172639502536,
        "volume": 129846702.594,
        "adr": 5.63943667616722,
        "condi_4": true
    },
    {
        "symbol": "BNTX_US",
        "rank_value": 1.4242749731471536,
        "volume": 121991101.63499999,
        "adr": 9.687429550240934,
        "condi_4": true
    },
    {
        "symbol": "SE_US",
        "rank_value": 1.4232101616628177,
        "volume": 522588005.08750004,
        "adr": 7.474297685867981,
        "condi_4": true
    },
    {
        "symbol": "WIX_US",
        "rank_value": 1.4210526315789473,
        "volume": 164804052.60000002,
        "adr": 4.964720517186727,
        "condi_4": true
    },
    {
        "symbol": "AVLR_US",
        "rank_value": 1.4084620821973137,
        "volume": 138625050.366,
        "adr": 4.763334019602228,
        "condi_4": true
    },
    {
        "symbol": "NKLA_US",
        "rank_value": 1.4044411177644711,
        "volume": 972622177.202,
        "adr": 15.857307045323555,
        "condi_4": true
    }
]