[
    {
        "symbol": "NVUS_US",
        "rank_value": 49.26108374384236,
        "volume": 182401769.45,
        "adr": 27.822736181930875,
        "condi_4": true
    },
    {
        "symbol": "MRNS_US",
        "rank_value": 8.207650273224044,
        "volume": 160705306.424,
        "adr": 18.567942321713637,
        "condi_4": true
    },
    {
        "symbol": "SPI_US",
        "rank_value": 8.15822002472188,
        "volume": 183732025.356,
        "adr": 239.61307494859082,
        "condi_4": true
    },
    {
        "symbol": "PLL_US",
        "rank_value": 6.897746967071058,
        "volume": 186507977.97999996,
        "adr": 28.97845757815498,
        "condi_4": true
    },
    {
        "symbol": "WWR_US",
        "rank_value": 6.139344262295082,
        "volume": 238970817.58900002,
        "adr": 54.51854055373082,
        "condi_4": true
    },
    {
        "symbol": "SUNW_US",
        "rank_value": 5.931495405179615,
        "volume": 121322683.48999998,
        "adr": 93.6511807053132,
        "condi_4": true
    },
    {
        "symbol": "SAVA_US",
        "rank_value": 4.009803921568627,
        "volume": 231024429.3495,
        "adr": 24.569554539262306,
        "condi_4": true
    },
    {
        "symbol": "JKS_US",
        "rank_value": 2.7196215139442232,
        "volume": 319270508.7145,
        "adr": 10.137483464848307,
        "condi_4": true
    },
    {
        "symbol": "LAC_US",
        "rank_value": 2.2699386503067487,
        "volume": 123253073.18,
        "adr": 19.408452702474378,
        "condi_4": true
    },
    {
        "symbol": "LK_US",
        "rank_value": 2.064935064935065,
        "volume": 198791688.52800003,
        "adr": 29.12297405710205,
        "condi_4": true
    },
    {
        "symbol": "MYOK_US",
        "rank_value": 2.0575847931420053,
        "volume": 397439509.495,
        "adr": 6.464255614863235,
        "condi_4": true
    },
    {
        "symbol": "SGMS_US",
        "rank_value": 1.9060109289617486,
        "volume": 115889815.00800002,
        "adr": 10.293539965947884,
        "condi_4": true
    },
    {
        "symbol": "VSLR_US",
        "rank_value": 1.857451403887689,
        "volume": 111232331.2,
        "adr": 7.61046406019541,
        "condi_4": true
    },
    {
        "symbol": "QDEL_US",
        "rank_value": 1.8470607195511874,
        "volume": 248824975.575,
        "adr": 7.511706892600634,
        "condi_4": true
    },
    {
        "symbol": "SRNE_US",
        "rank_value": 1.8163934426229509,
        "volume": 349357192.1,
        "adr": 14.434428026533674,
        "condi_4": true
    },
    {
        "symbol": "SPWR_US",
        "rank_value": 1.7875479368804879,
        "volume": 128908069.12799999,
        "adr": 9.543249571760516,
        "condi_4": true
    },
    {
        "symbol": "NNOX_US",
        "rank_value": 1.6771300448430493,
        "volume": 243736811.67,
        "adr": 27.374365531257606,
        "condi_4": true
    },
    {
        "symbol": "ENPH_US",
        "rank_value": 1.6573208722741433,
        "volume": 332500601.16,
        "adr": 7.232299632177486,
        "condi_4": true
    },
    {
        "symbol": "PLUG_US",
        "rank_value": 1.637962962962963,
        "volume": 446293084.88000005,
        "adr": 9.276598405881531,
        "condi_4": true
    },
    {
        "symbol": "SEDG_US",
        "rank_value": 1.6324709579662158,
        "volume": 284563098.86649996,
        "adr": 7.211386344124127,
        "condi_4": true
    },
    {
        "symbol": "KODK_US",
        "rank_value": 1.6072072072072072,
        "volume": 279844886.738,
        "adr": 16.18102165168922,
        "condi_4": true
    },
    {
        "symbol": "SHLL_US",
        "rank_value": 1.58837699488106,
        "volume": 326494481.8375,
        "adr": 16.75419373910849,
        "condi_4": true
    },
    {
        "symbol": "FSLY_US",
        "rank_value": 1.576394502829426,
        "volume": 718969100.85,
        "adr": 8.457496264288045,
        "condi_4": true
    },
    {
        "symbol": "BE_US",
        "rank_value": 1.5706766917293233,
        "volume": 122757699.362,
        "adr": 11.39705363401231,
        "condi_4": true
    },
    {
        "symbol": "NKLA_US",
        "rank_value": 1.5665634674922602,
        "volume": 1255467176.315,
        "adr": 20.11973995750469,
        "condi_4": true
    },
    {
        "symbol": "APPS_US",
        "rank_value": 1.5328778821520066,
        "volume": 152378892.66,
        "adr": 9.102545541279294,
        "condi_4": true
    },
    {
        "symbol": "EXAS_US",
        "rank_value": 1.5188692579505298,
        "volume": 225665328.375,
        "adr": 6.069579844304895,
        "condi_4": true
    },
    {
        "symbol": "SPCE_US",
        "rank_value": 1.4845844504021446,
        "volume": 304227038.25,
        "adr": 7.824403762048027,
        "condi_4": true
    },
    {
        "symbol": "TTD_US",
        "rank_value": 1.483391672582185,
        "volume": 409070960.9345,
        "adr": 4.939636426047711,
        "condi_4": true
    },
    {
        "symbol": "BEKE_US",
        "rank_value": 1.4742104067257442,
        "volume": 126882098.37599999,
        "adr": 8.837658998111264,
        "condi_4": true
    },
    {
        "symbol": "PTON_US",
        "rank_value": 1.4691515074418013,
        "volume": 4035273939.0565,
        "adr": 8.342548230547852,
        "condi_4": true
    },
    {
        "symbol": "FVRR_US",
        "rank_value": 1.4279176201372998,
        "volume": 111987408.0,
        "adr": 6.482288517141788,
        "condi_4": true
    },
    {
        "symbol": "TWLO_US",
        "rank_value": 1.3920362576885723,
        "volume": 643399720.6,
        "adr": 5.576095227051359,
        "condi_4": true
    },
    {
        "symbol": "DKNG_US",
        "rank_value": 1.3773584905660377,
        "volume": 1482754828.905,
        "adr": 9.741684715560496,
        "condi_4": true
    },
    {
        "symbol": "SGEN_US",
        "rank_value": 1.3720657276995305,
        "volume": 177992087.294,
        "adr": 3.9650876659508283,
        "condi_4": true
    },
    {
        "symbol": "CVNA_US",
        "rank_value": 1.3717948717948718,
        "volume": 370588540.09999996,
        "adr": 7.806549148610875,
        "condi_4": true
    },
    {
        "symbol": "PAYC_US",
        "rank_value": 1.3652173913043475,
        "volume": 121451534.992,
        "adr": 4.218925534005313,
        "condi_4": true
    },
    {
        "symbol": "ETSY_US",
        "rank_value": 1.3556710957057578,
        "volume": 495433952.64,
        "adr": 5.502361999348393,
        "condi_4": true
    },
    {
        "symbol": "UTX_US",
        "rank_value": 1.3554042306577805,
        "volume": 950956822.1374999,
        "adr": 12.586647686893482,
        "condi_4": true
    },
    {
        "symbol": "RUN_US",
        "rank_value": 1.3551098376313275,
        "volume": 380341951.11800003,
        "adr": 7.762684158725119,
        "condi_4": true
    },
    {
        "symbol": "TT_US",
        "rank_value": 1.3513794898490372,
        "volume": 104446276.33000001,
        "adr": 3.834566456240318,
        "condi_4": true
    },
    {
        "symbol": "ZM_US",
        "rank_value": 1.3496927374301675,
        "volume": 4147805734.5129995,
        "adr": 6.483756138510266,
        "condi_4": true
    },
    {
        "symbol": "GSX_US",
        "rank_value": 1.3452177345086171,
        "volume": 267594492.36249998,
        "adr": 6.569113416669881,
        "condi_4": true
    }
]