[
    {
        "symbol": "TTNP_US",
        "rank_value": 40.22222222222222,
        "volume": 291446522.361,
        "adr": 27.20365964560041,
        "condi_4": true
    },
    {
        "symbol": "FPRX_US",
        "rank_value": 3.50609756097561,
        "volume": 103532080.6875,
        "adr": 31.815558878015793,
        "condi_4": true
    },
    {
        "symbol": "FCEL_US",
        "rank_value": 3.4911504424778763,
        "volume": 814694832.003,
        "adr": 27.310100581120157,
        "condi_4": true
    },
    {
        "symbol": "JMIA_US",
        "rank_value": 2.8803418803418808,
        "volume": 666486178.9150001,
        "adr": 20.601898669301953,
        "condi_4": true
    },
    {
        "symbol": "DPW_US",
        "rank_value": 2.836601307189542,
        "volume": 101078477.395,
        "adr": 36.209283692822545,
        "condi_4": true
    },
    {
        "symbol": "SNDL_US",
        "rank_value": 2.7910284463894968,
        "volume": 250033656.39842,
        "adr": 46.07118569357021,
        "condi_4": true
    },
    {
        "symbol": "MARA_US",
        "rank_value": 2.7621359223300974,
        "volume": 152644698.83150002,
        "adr": 22.08505962335259,
        "condi_4": true
    },
    {
        "symbol": "AYRO_US",
        "rank_value": 2.689138576779026,
        "volume": 111359204.42999999,
        "adr": 24.416441170825443,
        "condi_4": true
    },
    {
        "symbol": "IDEX_US",
        "rank_value": 2.4941176470588236,
        "volume": 137899716.002,
        "adr": 33.12286552238564,
        "condi_4": true
    },
    {
        "symbol": "JWN_US",
        "rank_value": 2.4874696847210997,
        "volume": 433652947.2065,
        "adr": 10.830965334046173,
        "condi_4": true
    },
    {
        "symbol": "NNDM_US",
        "rank_value": 2.4129692832764507,
        "volume": 185787999.1905,
        "adr": 20.16696581002528,
        "condi_4": true
    },
    {
        "symbol": "COTY_US",
        "rank_value": 2.4000000000000004,
        "volume": 144031194.19799998,
        "adr": 11.68236617550049,
        "condi_4": true
    },
    {
        "symbol": "VXRT_US",
        "rank_value": 2.2114,
        "volume": 114576768.70986499,
        "adr": 16.533270426401046,
        "condi_4": true
    },
    {
        "symbol": "APPN_US",
        "rank_value": 2.186527777777778,
        "volume": 284909942.18050003,
        "adr": 13.129648604118739,
        "condi_4": true
    },
    {
        "symbol": "ACB_US",
        "rank_value": 2.169456066945606,
        "volume": 635545427.2865,
        "adr": 21.560173916399727,
        "condi_4": true
    },
    {
        "symbol": "LK_US",
        "rank_value": 2.064935064935065,
        "volume": 198791688.52800003,
        "adr": 29.12297405710205,
        "condi_4": true
    },
    {
        "symbol": "SPR_US",
        "rank_value": 1.9559716599190282,
        "volume": 228410245.11999997,
        "adr": 10.219524670646996,
        "condi_4": true
    },
    {
        "symbol": "KSS_US",
        "rank_value": 1.9352828379674016,
        "volume": 436796638.025,
        "adr": 8.165024704748225,
        "condi_4": true
    },
    {
        "symbol": "BE_US",
        "rank_value": 1.9295184926727145,
        "volume": 171221647.5725,
        "adr": 10.693047011128854,
        "condi_4": true
    },
    {
        "symbol": "OXY_US",
        "rank_value": 1.8918918918918919,
        "volume": 538788172.65,
        "adr": 9.327650284153632,
        "condi_4": true
    },
    {
        "symbol": "M_US",
        "rank_value": 1.8596491228070178,
        "volume": 453386861.08100003,
        "adr": 10.07761247762382,
        "condi_4": true
    },
    {
        "symbol": "FANG_US",
        "rank_value": 1.8583638583638582,
        "volume": 195971548.82099998,
        "adr": 8.734686116132151,
        "condi_4": true
    },
    {
        "symbol": "VSLR_US",
        "rank_value": 1.857451403887689,
        "volume": 111232331.2,
        "adr": 7.61046406019541,
        "condi_4": true
    },
    {
        "symbol": "BB_US",
        "rank_value": 1.829268292682927,
        "volume": 285780756.52500004,
        "adr": 9.859682406395143,
        "condi_4": true
    },
    {
        "symbol": "WORK_US",
        "rank_value": 1.7725197177251972,
        "volume": 1379810616.065,
        "adr": 7.627201254515281,
        "condi_4": true
    },
    {
        "symbol": "GRWG_US",
        "rank_value": 1.7722555980338615,
        "volume": 147217858.75500003,
        "adr": 12.50762747398153,
        "condi_4": true
    },
    {
        "symbol": "AA_US",
        "rank_value": 1.7719696969696972,
        "volume": 119101197.012,
        "adr": 6.165724630265812,
        "condi_4": true
    },
    {
        "symbol": "CCL_US",
        "rank_value": 1.7572078907435509,
        "volume": 1723759815.93,
        "adr": 11.151843746354295,
        "condi_4": true
    },
    {
        "symbol": "CNK_US",
        "rank_value": 1.7559153175591533,
        "volume": 185829099.375,
        "adr": 14.024082100944435,
        "condi_4": true
    },
    {
        "symbol": "SABR_US",
        "rank_value": 1.7357142857142858,
        "volume": 144624932.19,
        "adr": 8.932186364729633,
        "condi_4": true
    },
    {
        "symbol": "PK_US",
        "rank_value": 1.7277179236043094,
        "volume": 113852723.922,
        "adr": 8.610215896833505,
        "condi_4": true
    },
    {
        "symbol": "APA_US",
        "rank_value": 1.7106000000000001,
        "volume": 165922579.43881503,
        "adr": 8.797430272193862,
        "condi_4": true
    },
    {
        "symbol": "XPEV_US",
        "rank_value": 1.6927354883559265,
        "volume": 2413031822.035,
        "adr": 20.26860368432668,
        "condi_4": true
    },
    {
        "symbol": "SNOW_US",
        "rank_value": 1.6740586137925038,
        "volume": 1101050296.5,
        "adr": 8.956736282347899,
        "condi_4": true
    },
    {
        "symbol": "FSR_US",
        "rank_value": 1.6682785299806577,
        "volume": 294968947.8375,
        "adr": 14.610195373840472,
        "condi_4": true
    },
    {
        "symbol": "DVN_US",
        "rank_value": 1.6414507772020726,
        "volume": 155920695.48,
        "adr": 7.346593499885912,
        "condi_4": true
    },
    {
        "symbol": "MRO_US",
        "rank_value": 1.6341463414634148,
        "volume": 216466666.59,
        "adr": 7.86531437602922,
        "condi_4": true
    },
    {
        "symbol": "CPRI_US",
        "rank_value": 1.6288618556701029,
        "volume": 155808230.472785,
        "adr": 6.326119061016011,
        "condi_4": true
    },
    {
        "symbol": "CLF_US",
        "rank_value": 1.6258064516129032,
        "volume": 140056348.95,
        "adr": 6.393855196118348,
        "condi_4": true
    },
    {
        "symbol": "NVAX_US",
        "rank_value": 1.62041902931534,
        "volume": 551090702.8935,
        "adr": 13.08906039045652,
        "condi_4": true
    },
    {
        "symbol": "FTCH_US",
        "rank_value": 1.6185714285714285,
        "volume": 380589293.03999996,
        "adr": 7.617531086831075,
        "condi_4": true
    },
    {
        "symbol": "AMC_US",
        "rank_value": 1.607929515418502,
        "volume": 117043813.795,
        "adr": 21.15383908366464,
        "condi_4": true
    },
    {
        "symbol": "APHA_US",
        "rank_value": 1.607766990291262,
        "volume": 106132397.05799998,
        "adr": 10.04718631455399,
        "condi_4": true
    },
    {
        "symbol": "HTZ_US",
        "rank_value": 1.6038613861386137,
        "volume": 146224317.90433,
        "adr": 22.32959405133508,
        "condi_4": true
    }
]