[
    {
        "symbol": "UONE_US",
        "rank_value": 19.90990990990991,
        "volume": 170319092.125,
        "adr": 101.53924180674929,
        "condi_4": true
    },
    {
        "symbol": "GRPN_US",
        "rank_value": 17.931034482758623,
        "volume": 193954268.56,
        "adr": 15.2914643466171,
        "condi_4": true
    },
    {
        "symbol": "HTZ_US",
        "rank_value": 3.4250000000000003,
        "volume": 227259358.869,
        "adr": 72.32362694673728,
        "condi_4": true
    },
    {
        "symbol": "NKLA_US",
        "rank_value": 3.036323851203501,
        "volume": 1096586516.2229998,
        "adr": 26.740713097702052,
        "condi_4": true
    },
    {
        "symbol": "NIO_US",
        "rank_value": 2.3584905660377355,
        "volume": 712289335.5,
        "adr": 12.549550391934595,
        "condi_4": true
    },
    {
        "symbol": "LK_US",
        "rank_value": 2.3533834586466162,
        "volume": 241797467.62299997,
        "adr": 30.418806442324396,
        "condi_4": true
    },
    {
        "symbol": "GNUS_US",
        "rank_value": 2.087301587301587,
        "volume": 266354802.226,
        "adr": 55.281427282644444,
        "condi_4": true
    },
    {
        "symbol": "GSX_US",
        "rank_value": 2.081670362158167,
        "volume": 351047329.18950003,
        "adr": 10.768383940018778,
        "condi_4": true
    },
    {
        "symbol": "SAVE_US",
        "rank_value": 1.9629629629629632,
        "volume": 783510727.1775,
        "adr": 17.939644183276073,
        "condi_4": true
    },
    {
        "symbol": "YY_US",
        "rank_value": 1.7505823329152481,
        "volume": 123513277.92000002,
        "adr": 6.77515888792013,
        "condi_4": true
    },
    {
        "symbol": "BBBY_US",
        "rank_value": 1.736660929432014,
        "volume": 128871180.66950001,
        "adr": 10.280221229031138,
        "condi_4": true
    },
    {
        "symbol": "IVR_US",
        "rank_value": 1.6444444444444444,
        "volume": 135852946.842,
        "adr": 22.90694573633032,
        "condi_4": true
    },
    {
        "symbol": "NVAX_US",
        "rank_value": 1.6222222222222222,
        "volume": 440613429.93000007,
        "adr": 13.874379490297217,
        "condi_4": true
    },
    {
        "symbol": "CAR_US",
        "rank_value": 1.6090322580645162,
        "volume": 187251764.60000002,
        "adr": 15.250611866027498,
        "condi_4": true
    },
    {
        "symbol": "IVZ_US",
        "rank_value": 1.5935302390998594,
        "volume": 100519033.1805,
        "adr": 8.433184519223126,
        "condi_4": true
    },
    {
        "symbol": "IQ_US",
        "rank_value": 1.588235294117647,
        "volume": 278505760.32,
        "adr": 8.18149984526919,
        "condi_4": true
    },
    {
        "symbol": "OXY_US",
        "rank_value": 1.5821661077135531,
        "volume": 1020983680.9675001,
        "adr": 11.541584620753786,
        "condi_4": true
    },
    {
        "symbol": "ZS_US",
        "rank_value": 1.5781182872690822,
        "volume": 503509150.21,
        "adr": 8.180167193530274,
        "condi_4": true
    },
    {
        "symbol": "AAL_US",
        "rank_value": 1.5329842931937172,
        "volume": 1884778389.18,
        "adr": 14.481054547059768,
        "condi_4": true
    },
    {
        "symbol": "UAL_US",
        "rank_value": 1.5169002473206923,
        "volume": 2959838377.7599998,
        "adr": 12.900219782279487,
        "condi_4": true
    }
]