[
    {
        "symbol": "OAS_US",
        "rank_value": 287.6150627615063,
        "volume": 1320046532.9555,
        "adr": 104.48983277370823,
        "condi_4": true
    },
    {
        "symbol": "APVO_US",
        "rank_value": 7.348333333333334,
        "volume": 217888814.1045,
        "adr": 50.347704150874506,
        "condi_4": true
    },
    {
        "symbol": "SNDL_US",
        "rank_value": 5.329471397538016,
        "volume": 290628902.8512,
        "adr": 52.71072452974133,
        "condi_4": true
    },
    {
        "symbol": "FPRX_US",
        "rank_value": 4.253554502369668,
        "volume": 106930506.835,
        "adr": 33.68324605157233,
        "condi_4": true
    },
    {
        "symbol": "FCEL_US",
        "rank_value": 3.7171717171717176,
        "volume": 665843001.7440001,
        "adr": 26.28293206797727,
        "condi_4": true
    },
    {
        "symbol": "DPW_US",
        "rank_value": 3.1597222222222223,
        "volume": 103343787.365,
        "adr": 34.725772790816656,
        "condi_4": true
    },
    {
        "symbol": "QS_US",
        "rank_value": 3.0462222222222226,
        "volume": 174095918.02,
        "adr": 20.456223686297026,
        "condi_4": true
    },
    {
        "symbol": "MARA_US",
        "rank_value": 2.9029126213592233,
        "volume": 151266154.42900002,
        "adr": 22.154500601758762,
        "condi_4": true
    },
    {
        "symbol": "CBAT_US",
        "rank_value": 2.8958333333333335,
        "volume": 117489697.17999999,
        "adr": 29.81215392113905,
        "condi_4": true
    },
    {
        "symbol": "BLNK_US",
        "rank_value": 2.869333333333333,
        "volume": 324263814.07199997,
        "adr": 24.09241163752167,
        "condi_4": true
    },
    {
        "symbol": "IDEX_US",
        "rank_value": 2.844155844155844,
        "volume": 124145111.883,
        "adr": 29.59578693851892,
        "condi_4": true
    },
    {
        "symbol": "RIOT_US",
        "rank_value": 2.7548089171974524,
        "volume": 182589895.40144,
        "adr": 18.67255856259693,
        "condi_4": true
    },
    {
        "symbol": "XPEV_US",
        "rank_value": 2.654867256637168,
        "volume": 2779410512.85,
        "adr": 22.179958150566325,
        "condi_4": true
    },
    {
        "symbol": "ACB_US",
        "rank_value": 2.5764023210831724,
        "volume": 792462965.778,
        "adr": 26.608624674108718,
        "condi_4": true
    },
    {
        "symbol": "SOLO_US",
        "rank_value": 2.5724907063197024,
        "volume": 283688259.69,
        "adr": 26.72478338350246,
        "condi_4": true
    },
    {
        "symbol": "KXIN_US",
        "rank_value": 2.5563636363636366,
        "volume": 108443912.498,
        "adr": 31.712725761131356,
        "condi_4": true
    },
    {
        "symbol": "PLTR_US",
        "rank_value": 2.53502538071066,
        "volume": 2042894632.3884997,
        "adr": 17.2985528036508,
        "condi_4": true
    },
    {
        "symbol": "COTY_US",
        "rank_value": 2.404844290657439,
        "volume": 146416426.315,
        "adr": 13.164601054384883,
        "condi_4": true
    },
    {
        "symbol": "NNDM_US",
        "rank_value": 2.3782771535580522,
        "volume": 134806294.39499998,
        "adr": 20.657625823073754,
        "condi_4": true
    },
    {
        "symbol": "JMIA_US",
        "rank_value": 2.3333333333333335,
        "volume": 490137256.24499995,
        "adr": 18.69596707051695,
        "condi_4": true
    },
    {
        "symbol": "SBE_US",
        "rank_value": 2.2671875,
        "volume": 179292370.99400002,
        "adr": 16.756635021361067,
        "condi_4": true
    },
    {
        "symbol": "VXRT_US",
        "rank_value": 2.2199999999999998,
        "volume": 110655437.13,
        "adr": 16.206975994768325,
        "condi_4": true
    },
    {
        "symbol": "MRNA_US",
        "rank_value": 2.1930879038317053,
        "volume": 3374655447.5549994,
        "adr": 10.861949555442374,
        "condi_4": true
    },
    {
        "symbol": "APPN_US",
        "rank_value": 2.191362979611495,
        "volume": 224647796.1,
        "adr": 13.224380990513085,
        "condi_4": true
    },
    {
        "symbol": "GRWG_US",
        "rank_value": 2.1338383838383836,
        "volume": 170830682.35999998,
        "adr": 13.101208939769338,
        "condi_4": true
    },
    {
        "symbol": "LK_US",
        "rank_value": 2.064935064935065,
        "volume": 198791688.52800003,
        "adr": 29.12297405710205,
        "condi_4": true
    },
    {
        "symbol": "FSR_US",
        "rank_value": 2.0543735224586284,
        "volume": 292788972.08,
        "adr": 14.919075971211825,
        "condi_4": true
    },
    {
        "symbol": "CNK_US",
        "rank_value": 2.0328156565656568,
        "volume": 170399787.154655,
        "adr": 12.517991863765833,
        "condi_4": true
    },
    {
        "symbol": "AMC_US",
        "rank_value": 2.009569377990431,
        "volume": 115831028.46000001,
        "adr": 20.434629157046725,
        "condi_4": true
    },
    {
        "symbol": "FTCH_US",
        "rank_value": 1.983666061705989,
        "volume": 371622828.1375,
        "adr": 9.30496869310591,
        "condi_4": true
    },
    {
        "symbol": "BE_US",
        "rank_value": 1.946645109135004,
        "volume": 162897619.304,
        "adr": 10.972551822659526,
        "condi_4": true
    },
    {
        "symbol": "CIIC_US",
        "rank_value": 1.9455645161290323,
        "volume": 123182920.67500001,
        "adr": 14.95876487443355,
        "condi_4": true
    },
    {
        "symbol": "SPR_US",
        "rank_value": 1.893875246965848,
        "volume": 181410696.08749998,
        "adr": 9.643955890163136,
        "condi_4": true
    },
    {
        "symbol": "VSLR_US",
        "rank_value": 1.857451403887689,
        "volume": 111232331.2,
        "adr": 7.61046406019541,
        "condi_4": true
    },
    {
        "symbol": "WORK_US",
        "rank_value": 1.8078040680780405,
        "volume": 900463983.3149999,
        "adr": 7.909028808808682,
        "condi_4": true
    },
    {
        "symbol": "APHA_US",
        "rank_value": 1.8074245939675175,
        "volume": 110298663.751,
        "adr": 11.596859625509758,
        "condi_4": true
    },
    {
        "symbol": "SABR_US",
        "rank_value": 1.7634920634920634,
        "volume": 116918721.403,
        "adr": 9.100771486812675,
        "condi_4": true
    },
    {
        "symbol": "DVN_US",
        "rank_value": 1.7626903553299493,
        "volume": 142260974.41200003,
        "adr": 7.042145304480485,
        "condi_4": true
    },
    {
        "symbol": "PK_US",
        "rank_value": 1.7623571526917252,
        "volume": 106984886.52800001,
        "adr": 8.946462079771278,
        "condi_4": true
    },
    {
        "symbol": "CRSR_US",
        "rank_value": 1.7597141581062974,
        "volume": 117538357.77,
        "adr": 12.778935099783872,
        "condi_4": true
    },
    {
        "symbol": "APPS_US",
        "rank_value": 1.7517814726840855,
        "volume": 178486118.55,
        "adr": 9.788102800284504,
        "condi_4": true
    },
    {
        "symbol": "LI_US",
        "rank_value": 1.7461928934010151,
        "volume": 1456253681.24,
        "adr": 17.2582665685759,
        "condi_4": true
    },
    {
        "symbol": "PLUG_US",
        "rank_value": 1.7238860482103726,
        "volume": 952765811.7200001,
        "adr": 11.408314017941578,
        "condi_4": true
    },
    {
        "symbol": "M_US",
        "rank_value": 1.7142857142857144,
        "volume": 392053782.43200004,
        "adr": 10.34015806309798,
        "condi_4": true
    },
    {
        "symbol": "UPWK_US",
        "rank_value": 1.7132675438596492,
        "volume": 105196679.6875,
        "adr": 10.868543616805027,
        "condi_4": true
    },
    {
        "symbol": "OXY_US",
        "rank_value": 1.712,
        "volume": 410757529.833,
        "adr": 8.985387010537638,
        "condi_4": true
    },
    {
        "symbol": "CPRI_US",
        "rank_value": 1.6785714285714286,
        "volume": 149115635.7,
        "adr": 6.745993870324929,
        "condi_4": true
    },
    {
        "symbol": "RIDE_US",
        "rank_value": 1.6648437499999997,
        "volume": 126611258.5065,
        "adr": 15.097866160163997,
        "condi_4": true
    },
    {
        "symbol": "NVAX_US",
        "rank_value": 1.6417008198059047,
        "volume": 537836793.002,
        "adr": 12.697028847463221,
        "condi_4": true
    },
    {
        "symbol": "TTD_US",
        "rank_value": 1.6376550252088469,
        "volume": 568111386.0,
        "adr": 6.58419743940466,
        "condi_4": true
    },
    {
        "symbol": "FANG_US",
        "rank_value": 1.6178266178266179,
        "volume": 169189091.6625,
        "adr": 8.706168338253129,
        "condi_4": true
    },
    {
        "symbol": "HTZ_US",
        "rank_value": 1.6038613861386137,
        "volume": 146224317.90433,
        "adr": 22.32959405133508,
        "condi_4": true
    },
    {
        "symbol": "CCL_US",
        "rank_value": 1.60207336523126,
        "volume": 1349225978.4745,
        "adr": 10.525559841349397,
        "condi_4": true
    },
    {
        "symbol": "SHLL_US",
        "rank_value": 1.58837699488106,
        "volume": 326494481.8375,
        "adr": 16.75419373910849,
        "condi_4": true
    },
    {
        "symbol": "U_US",
        "rank_value": 1.5750379527217524,
        "volume": 302443021.47499996,
        "adr": 9.532598955436878,
        "condi_4": true
    },
    {
        "symbol": "CZR_US",
        "rank_value": 1.5747736243324821,
        "volume": 191335257.33022502,
        "adr": 7.344198319829176,
        "condi_4": true
    }
]