[
    {
        "symbol": "MGNX_US",
        "rank_value": 5.0600000000000005,
        "volume": 182739814.015,
        "adr": 30.62912421997197,
        "condi_4": true
    },
    {
        "symbol": "PTLA_US",
        "rank_value": 2.918032786885246,
        "volume": 142675363.33,
        "adr": 6.460694044205817,
        "condi_4": true
    },
    {
        "symbol": "NVAX_US",
        "rank_value": 2.327848872638635,
        "volume": 413489002.99,
        "adr": 20.54450279560429,
        "condi_4": true
    },
    {
        "symbol": "NKLA_US",
        "rank_value": 2.277385159010601,
        "volume": 130147798.404,
        "adr": 13.059318916237238,
        "condi_4": true
    },
    {
        "symbol": "VTIQ_US",
        "rank_value": 2.277385159010601,
        "volume": 130147798.404,
        "adr": 13.059318916237238,
        "condi_4": true
    },
    {
        "symbol": "W_US",
        "rank_value": 2.2353692818809097,
        "volume": 714624555.5830001,
        "adr": 12.366668430209948,
        "condi_4": true
    },
    {
        "symbol": "TWLO_US",
        "rank_value": 1.9863931553448095,
        "volume": 977773847.83,
        "adr": 8.220621208763678,
        "condi_4": true
    },
    {
        "symbol": "INO_US",
        "rank_value": 1.9811046511627908,
        "volume": 621983488.0215,
        "adr": 18.604914504272998,
        "condi_4": true
    },
    {
        "symbol": "CODX_US",
        "rank_value": 1.9787234042553192,
        "volume": 201404241.00000003,
        "adr": 19.8054485141145,
        "condi_4": true
    },
    {
        "symbol": "MRNA_US",
        "rank_value": 1.894657292556151,
        "volume": 1102532213.12,
        "adr": 12.826327446713348,
        "condi_4": true
    },
    {
        "symbol": "CHGG_US",
        "rank_value": 1.8751789292871457,
        "volume": 295676163.45000005,
        "adr": 6.999257450159657,
        "condi_4": true
    },
    {
        "symbol": "BYND_US",
        "rank_value": 1.872762324428532,
        "volume": 1565486711.1999998,
        "adr": 12.059807862388494,
        "condi_4": true
    },
    {
        "symbol": "FSLY_US",
        "rank_value": 1.7975609756097561,
        "volume": 121558814.0525,
        "adr": 10.998754928772225,
        "condi_4": true
    },
    {
        "symbol": "DKNG_US",
        "rank_value": 1.7960150480702244,
        "volume": 167237911.063,
        "adr": 12.935879002484851,
        "condi_4": true
    },
    {
        "symbol": "DDOG_US",
        "rank_value": 1.7280378748027354,
        "volume": 292359474.63000005,
        "adr": 7.726786487552251,
        "condi_4": true
    },
    {
        "symbol": "IMMU_US",
        "rank_value": 1.6796875,
        "volume": 164910486.26250002,
        "adr": 9.284991280367505,
        "condi_4": true
    },
    {
        "symbol": "ENPH_US",
        "rank_value": 1.6744272730714238,
        "volume": 321914672.875,
        "adr": 10.02438927342304,
        "condi_4": true
    },
    {
        "symbol": "SHOP_US",
        "rank_value": 1.5800267872091078,
        "volume": 2464394933.75,
        "adr": 7.7225538010696315,
        "condi_4": true
    },
    {
        "symbol": "PTON_US",
        "rank_value": 1.5444936924650527,
        "volume": 556961289.3599999,
        "adr": 9.225197740695211,
        "condi_4": true
    },
    {
        "symbol": "ERI_US",
        "rank_value": 1.5383036935704515,
        "volume": 157834012.60899997,
        "adr": 14.291021473625264,
        "condi_4": true
    },
    {
        "symbol": "HAL_US",
        "rank_value": 1.5329249617151608,
        "volume": 292272168.6885,
        "adr": 10.671981866981529,
        "condi_4": true
    },
    {
        "symbol": "ETSY_US",
        "rank_value": 1.4858962693357598,
        "volume": 303021733.54,
        "adr": 7.926442525454558,
        "condi_4": true
    },
    {
        "symbol": "DXCM_US",
        "rank_value": 1.480964647949434,
        "volume": 804553832.6410999,
        "adr": 5.235276025934099,
        "condi_4": true
    },
    {
        "symbol": "MRO_US",
        "rank_value": 1.4664948453608249,
        "volume": 240892671.59350002,
        "adr": 11.599180653993857,
        "condi_4": true
    },
    {
        "symbol": "DVN_US",
        "rank_value": 1.4656679151061174,
        "volume": 105780378.438,
        "adr": 10.253662715006095,
        "condi_4": true
    },
    {
        "symbol": "APA_US",
        "rank_value": 1.4646751412429377,
        "volume": 245639311.47877,
        "adr": 15.006499123843465,
        "condi_4": true
    }
]