[
    {
        "symbol": "APVO_US",
        "rank_value": 7.483333333333333,
        "volume": 221660674.41499996,
        "adr": 50.87505893285329,
        "condi_4": true
    },
    {
        "symbol": "DPW_US",
        "rank_value": 4.444444444444445,
        "volume": 140668600.96,
        "adr": 34.524453907171804,
        "condi_4": true
    },
    {
        "symbol": "FPRX_US",
        "rank_value": 4.417037914691943,
        "volume": 109041124.15629,
        "adr": 33.162761230395255,
        "condi_4": true
    },
    {
        "symbol": "FCEL_US",
        "rank_value": 4.393939393939394,
        "volume": 690306564.2699999,
        "adr": 22.94377859740411,
        "condi_4": true
    },
    {
        "symbol": "IDEX_US",
        "rank_value": 3.5454545454545454,
        "volume": 132458711.11199999,
        "adr": 25.882446261717853,
        "condi_4": true
    },
    {
        "symbol": "SOLO_US",
        "rank_value": 3.4734693877551015,
        "volume": 350221185.909,
        "adr": 26.25106580298182,
        "condi_4": true
    },
    {
        "symbol": "XPEV_US",
        "rank_value": 3.458918918918919,
        "volume": 3288128994.3555,
        "adr": 20.825731835557228,
        "condi_4": true
    },
    {
        "symbol": "BLNK_US",
        "rank_value": 3.451521807342328,
        "volume": 349553985.165,
        "adr": 21.909688059597563,
        "condi_4": true
    },
    {
        "symbol": "AYRO_US",
        "rank_value": 3.4314516129032255,
        "volume": 122477613.49,
        "adr": 20.913975766972914,
        "condi_4": true
    },
    {
        "symbol": "CBAT_US",
        "rank_value": 2.925,
        "volume": 111411385.60499999,
        "adr": 28.11699864163595,
        "condi_4": true
    },
    {
        "symbol": "SBE_US",
        "rank_value": 2.7537254901960786,
        "volume": 192620527.64299998,
        "adr": 15.128937106908369,
        "condi_4": true
    },
    {
        "symbol": "KXIN_US",
        "rank_value": 2.661818181818182,
        "volume": 107973655.242,
        "adr": 31.880715940048376,
        "condi_4": true
    },
    {
        "symbol": "CIIC_US",
        "rank_value": 2.5705645161290325,
        "volume": 147496528.79999998,
        "adr": 11.980264398720353,
        "condi_4": true
    },
    {
        "symbol": "KNDI_US",
        "rank_value": 2.513793103448276,
        "volume": 300592383.399,
        "adr": 22.896210334827806,
        "condi_4": true
    },
    {
        "symbol": "COTY_US",
        "rank_value": 2.508710801393728,
        "volume": 142536436.92000002,
        "adr": 12.189941623259926,
        "condi_4": true
    },
    {
        "symbol": "MARA_US",
        "rank_value": 2.466019417475728,
        "volume": 105096415.156,
        "adr": 19.115693775191023,
        "condi_4": true
    },
    {
        "symbol": "ACB_US",
        "rank_value": 2.334231805929919,
        "volume": 593842433.3050001,
        "adr": 24.346085333907585,
        "condi_4": true
    },
    {
        "symbol": "LI_US",
        "rank_value": 2.2918526785714284,
        "volume": 1654389159.2955,
        "adr": 16.832810630464976,
        "condi_4": true
    },
    {
        "symbol": "RIOT_US",
        "rank_value": 2.2579617834394905,
        "volume": 124573429.127,
        "adr": 16.502991323485915,
        "condi_4": true
    },
    {
        "symbol": "GRWG_US",
        "rank_value": 2.121212121212121,
        "volume": 166732908.72,
        "adr": 12.925400146720612,
        "condi_4": true
    },
    {
        "symbol": "RIDE_US",
        "rank_value": 2.1015624999999996,
        "volume": 158497831.63,
        "adr": 14.71969784330911,
        "condi_4": true
    },
    {
        "symbol": "CNK_US",
        "rank_value": 2.095959595959596,
        "volume": 173351669.39000002,
        "adr": 12.49166406478668,
        "condi_4": true
    },
    {
        "symbol": "AMC_US",
        "rank_value": 2.0909090909090913,
        "volume": 118865618.648,
        "adr": 20.551964416158476,
        "condi_4": true
    },
    {
        "symbol": "NIO_US",
        "rank_value": 2.0768043226553456,
        "volume": 13820895830.016,
        "adr": 14.051949316471202,
        "condi_4": true
    },
    {
        "symbol": "LK_US",
        "rank_value": 2.064935064935065,
        "volume": 198791688.52800003,
        "adr": 29.12297405710205,
        "condi_4": true
    },
    {
        "symbol": "FUBO_US",
        "rank_value": 2.056435028749768,
        "volume": 115831722.75,
        "adr": 16.3186374024181,
        "condi_4": true
    },
    {
        "symbol": "SPR_US",
        "rank_value": 2.0536268698842792,
        "volume": 199456553.259,
        "adr": 9.686228634065541,
        "condi_4": true
    },
    {
        "symbol": "DVN_US",
        "rank_value": 1.966364812419146,
        "volume": 166182071.2,
        "adr": 8.082771791836873,
        "condi_4": true
    },
    {
        "symbol": "OXY_US",
        "rank_value": 1.960093896713615,
        "volume": 462427249.315,
        "adr": 9.115027030573962,
        "condi_4": true
    },
    {
        "symbol": "CRSR_US",
        "rank_value": 1.9227333631085304,
        "volume": 104419258.0725,
        "adr": 11.884884064343337,
        "condi_4": true
    },
    {
        "symbol": "FANG_US",
        "rank_value": 1.920863309352518,
        "volume": 173252204.754,
        "adr": 8.909199425164527,
        "condi_4": true
    },
    {
        "symbol": "PLUG_US",
        "rank_value": 1.9138056975894815,
        "volume": 1034767439.7900001,
        "adr": 11.020725772171547,
        "condi_4": true
    },
    {
        "symbol": "APA_US",
        "rank_value": 1.8992612491605103,
        "volume": 177682293.32700002,
        "adr": 8.897499350716798,
        "condi_4": true
    },
    {
        "symbol": "UPWK_US",
        "rank_value": 1.89010989010989,
        "volume": 113046987.96,
        "adr": 10.243838697533537,
        "condi_4": true
    },
    {
        "symbol": "VSLR_US",
        "rank_value": 1.857451403887689,
        "volume": 111232331.2,
        "adr": 7.61046406019541,
        "condi_4": true
    },
    {
        "symbol": "LYFT_US",
        "rank_value": 1.8495782567947516,
        "volume": 563395123.3889999,
        "adr": 7.88035790906465,
        "condi_4": true
    },
    {
        "symbol": "M_US",
        "rank_value": 1.8369384359400998,
        "volume": 385540797.648,
        "adr": 9.894242623607807,
        "condi_4": true
    },
    {
        "symbol": "PK_US",
        "rank_value": 1.8195488721804511,
        "volume": 107828575.00800002,
        "adr": 9.40697725989339,
        "condi_4": true
    },
    {
        "symbol": "WKHS_US",
        "rank_value": 1.812293456708526,
        "volume": 445746880.899,
        "adr": 12.176693049198683,
        "condi_4": true
    },
    {
        "symbol": "CPRI_US",
        "rank_value": 1.769047619047619,
        "volume": 158728884.345,
        "adr": 6.830336080007204,
        "condi_4": true
    },
    {
        "symbol": "MRO_US",
        "rank_value": 1.7158176943699732,
        "volume": 216210352.64000002,
        "adr": 7.96922416853818,
        "condi_4": true
    },
    {
        "symbol": "CCL_US",
        "rank_value": 1.7126341866226258,
        "volume": 1353258855.156,
        "adr": 10.815419392221838,
        "condi_4": true
    },
    {
        "symbol": "NKLA_US",
        "rank_value": 1.7083570210346788,
        "volume": 539893075.585,
        "adr": 12.058170658307388,
        "condi_4": true
    },
    {
        "symbol": "EOG_US",
        "rank_value": 1.6976297245355543,
        "volume": 276696432.20000005,
        "adr": 6.5167066232595605,
        "condi_4": true
    },
    {
        "symbol": "AA_US",
        "rank_value": 1.6806584362139918,
        "volume": 100635216.224,
        "adr": 6.0788409437644075,
        "condi_4": true
    },
    {
        "symbol": "SU_US",
        "rank_value": 1.6457357075913777,
        "volume": 136608682.89,
        "adr": 6.0954517869752145,
        "condi_4": true
    },
    {
        "symbol": "PBR_US",
        "rank_value": 1.6400651465798046,
        "volume": 261867653.7575,
        "adr": 5.57463509985614,
        "condi_4": true
    },
    {
        "symbol": "KSS_US",
        "rank_value": 1.639960918417196,
        "volume": 347126084.94149995,
        "adr": 8.032346606341756,
        "condi_4": true
    },
    {
        "symbol": "HAL_US",
        "rank_value": 1.6251137397634212,
        "volume": 228283356.10099998,
        "adr": 6.791137481390264,
        "condi_4": true
    },
    {
        "symbol": "RDS.B_US",
        "rank_value": 1.620009178522258,
        "volume": 149652618.535,
        "adr": 4.114608993805935,
        "condi_4": true
    },
    {
        "symbol": "CZR_US",
        "rank_value": 1.6136521941026236,
        "volume": 207991496.29999998,
        "adr": 7.664309191618668,
        "condi_4": true
    },
    {
        "symbol": "SLB_US",
        "rank_value": 1.613138686131387,
        "volume": 328874065.845,
        "adr": 6.136177396253162,
        "condi_4": true
    },
    {
        "symbol": "SPWR_US",
        "rank_value": 1.611111111111111,
        "volume": 181283307.08,
        "adr": 10.025250644188821,
        "condi_4": true
    },
    {
        "symbol": "HTZ_US",
        "rank_value": 1.6038613861386137,
        "volume": 146224317.90433,
        "adr": 22.32959405133508,
        "condi_4": true
    },
    {
        "symbol": "VLO_US",
        "rank_value": 1.5922686230248309,
        "volume": 301813056.072,
        "adr": 7.432451669204321,
        "condi_4": true
    },
    {
        "symbol": "SHLL_US",
        "rank_value": 1.58837699488106,
        "volume": 326494481.8375,
        "adr": 16.75419373910849,
        "condi_4": true
    },
    {
        "symbol": "RDS.A_US",
        "rank_value": 1.586475942782835,
        "volume": 235391328.03,
        "adr": 4.153531126275545,
        "condi_4": true
    },
    {
        "symbol": "CXO_US",
        "rank_value": 1.5853044791142425,
        "volume": 170671788.0,
        "adr": 5.548851090257645,
        "condi_4": true
    },
    {
        "symbol": "COP_US",
        "rank_value": 1.583726843443516,
        "volume": 567885201.8199999,
        "adr": 5.860049184750693,
        "condi_4": true
    },
    {
        "symbol": "FVRR_US",
        "rank_value": 1.5710858292701801,
        "volume": 269087340.2,
        "adr": 9.833578698266576,
        "condi_4": true
    },
    {
        "symbol": "LNC_US",
        "rank_value": 1.5708920187793427,
        "volume": 101908375.842,
        "adr": 6.342546383707992,
        "condi_4": true
    },
    {
        "symbol": "NCLH_US",
        "rank_value": 1.5707515233581584,
        "volume": 688159242.16,
        "adr": 9.306304275676203,
        "condi_4": true
    }
]