[
    {
        "symbol": "MGEN_US",
        "rank_value": 37.41525423728813,
        "volume": 296218003.824,
        "adr": 32.669451180878404,
        "condi_4": true
    },
    {
        "symbol": "FPRX_US",
        "rank_value": 4.684834123222749,
        "volume": 113235607.87949999,
        "adr": 32.99814024517049,
        "condi_4": true
    },
    {
        "symbol": "SRRK_US",
        "rank_value": 3.005259203606311,
        "volume": 225383844.0,
        "adr": 20.74539351206086,
        "condi_4": true
    },
    {
        "symbol": "XPEV_US",
        "rank_value": 2.288108108108108,
        "volume": 1520072336.073,
        "adr": 16.545824656199848,
        "condi_4": true
    },
    {
        "symbol": "LK_US",
        "rank_value": 2.064935064935065,
        "volume": 198791688.52800003,
        "adr": 29.12297405710205,
        "condi_4": true
    },
    {
        "symbol": "LI_US",
        "rank_value": 2.002232142857143,
        "volume": 1092536088.15,
        "adr": 14.811844940171293,
        "condi_4": true
    },
    {
        "symbol": "PLTR_US",
        "rank_value": 1.981521739130435,
        "volume": 835801977.6980001,
        "adr": 12.424320864274584,
        "condi_4": true
    },
    {
        "symbol": "ACB_US",
        "rank_value": 1.9164420485175204,
        "volume": 436314380.5575,
        "adr": 22.484372812040476,
        "condi_4": true
    },
    {
        "symbol": "UPWK_US",
        "rank_value": 1.8626373626373627,
        "volume": 105722855.36999999,
        "adr": 9.959101561620098,
        "condi_4": true
    },
    {
        "symbol": "LYFT_US",
        "rank_value": 1.859887535145267,
        "volume": 586845689.1884999,
        "adr": 8.240160364836724,
        "condi_4": true
    },
    {
        "symbol": "VSLR_US",
        "rank_value": 1.857451403887689,
        "volume": 111232331.2,
        "adr": 7.61046406019541,
        "condi_4": true
    },
    {
        "symbol": "NIO_US",
        "rank_value": 1.7851531814611155,
        "volume": 10039129398.022501,
        "adr": 12.846049717911434,
        "condi_4": true
    },
    {
        "symbol": "SPR_US",
        "rank_value": 1.7708156929156083,
        "volume": 166158617.731,
        "adr": 9.330749538055084,
        "condi_4": true
    },
    {
        "symbol": "TUP_US",
        "rank_value": 1.6949575636545182,
        "volume": 101682889.61250001,
        "adr": 10.981171307950888,
        "condi_4": true
    },
    {
        "symbol": "FTCH_US",
        "rank_value": 1.6915254237288133,
        "volume": 282546129.5415,
        "adr": 10.636353364293004,
        "condi_4": true
    },
    {
        "symbol": "SABR_US",
        "rank_value": 1.6616666666666668,
        "volume": 100074314.677,
        "adr": 10.146841553992791,
        "condi_4": true
    },
    {
        "symbol": "DVN_US",
        "rank_value": 1.6429495472186286,
        "volume": 132434880.54499999,
        "adr": 7.893322660267521,
        "condi_4": true
    },
    {
        "symbol": "BE_US",
        "rank_value": 1.6217391304347826,
        "volume": 111068413.285,
        "adr": 10.380466659511999,
        "condi_4": true
    },
    {
        "symbol": "HTZ_US",
        "rank_value": 1.6038613861386137,
        "volume": 146224317.90433,
        "adr": 22.32959405133508,
        "condi_4": true
    },
    {
        "symbol": "SHLL_US",
        "rank_value": 1.58837699488106,
        "volume": 326494481.8375,
        "adr": 16.75419373910849,
        "condi_4": true
    },
    {
        "symbol": "PDD_US",
        "rank_value": 1.5656804733727812,
        "volume": 1147576894.38,
        "adr": 8.942819669919189,
        "condi_4": true
    },
    {
        "symbol": "CPRI_US",
        "rank_value": 1.5309523809523808,
        "volume": 128214691.89499998,
        "adr": 6.442452635091267,
        "condi_4": true
    },
    {
        "symbol": "OXY_US",
        "rank_value": 1.495305164319249,
        "volume": 325566131.436,
        "adr": 8.01558082254381,
        "condi_4": true
    },
    {
        "symbol": "PBR_US",
        "rank_value": 1.493485342019544,
        "volume": 232926275.46649998,
        "adr": 5.644617684360731,
        "condi_4": true
    },
    {
        "symbol": "UBER_US",
        "rank_value": 1.4893617021276597,
        "volume": 1189451673.55,
        "adr": 5.846486766991754,
        "condi_4": true
    },
    {
        "symbol": "KSS_US",
        "rank_value": 1.4817104585265328,
        "volume": 280105451.732,
        "adr": 8.041172682339504,
        "condi_4": true
    },
    {
        "symbol": "APA_US",
        "rank_value": 1.48153122901276,
        "volume": 137396999.508,
        "adr": 8.010814541020682,
        "condi_4": true
    },
    {
        "symbol": "CZR_US",
        "rank_value": 1.4810773159972137,
        "volume": 191635398.295,
        "adr": 8.11375151580127,
        "condi_4": true
    },
    {
        "symbol": "MRO_US",
        "rank_value": 1.4745308310991958,
        "volume": 183446964.525,
        "adr": 7.750536276296938,
        "condi_4": true
    },
    {
        "symbol": "SLB_US",
        "rank_value": 1.4554744525547447,
        "volume": 305991450.439,
        "adr": 6.040105067911017,
        "condi_4": true
    },
    {
        "symbol": "CCL_US",
        "rank_value": 1.4549958711808424,
        "volume": 1075240567.375,
        "adr": 10.68542710803091,
        "condi_4": true
    },
    {
        "symbol": "RDS.A_US",
        "rank_value": 1.4464672735153878,
        "volume": 217131730.7965,
        "adr": 4.286534644756346,
        "condi_4": true
    },
    {
        "symbol": "VLO_US",
        "rank_value": 1.4461032731376975,
        "volume": 276126294.528435,
        "adr": 7.48665861424509,
        "condi_4": true
    },
    {
        "symbol": "RDS.B_US",
        "rank_value": 1.4442404772831574,
        "volume": 124040660.322,
        "adr": 4.274907323306909,
        "condi_4": true
    },
    {
        "symbol": "RCL_US",
        "rank_value": 1.4436002337814142,
        "volume": 535658474.12999994,
        "adr": 7.53178803620369,
        "condi_4": true
    },
    {
        "symbol": "EOG_US",
        "rank_value": 1.4391415759128765,
        "volume": 234183501.2545,
        "adr": 6.413475499969379,
        "condi_4": true
    }
]