[
    {
        "symbol": "MGEN_US",
        "rank_value": 33.87394785464997,
        "volume": 274572743.775,
        "adr": 32.84870184275006,
        "condi_4": true
    },
    {
        "symbol": "APVO_US",
        "rank_value": 7.32,
        "volume": 216655045.416,
        "adr": 51.04481900700537,
        "condi_4": true
    },
    {
        "symbol": "DPW_US",
        "rank_value": 4.166666666666667,
        "volume": 124859031.89999999,
        "adr": 33.95042125228478,
        "condi_4": true
    },
    {
        "symbol": "FCEL_US",
        "rank_value": 3.984848484848485,
        "volume": 583008566.8245,
        "adr": 21.674341614598735,
        "condi_4": true
    },
    {
        "symbol": "XPEV_US",
        "rank_value": 3.721621621621621,
        "volume": 3405967009.2225,
        "adr": 20.6466613337019,
        "condi_4": true
    },
    {
        "symbol": "BLNK_US",
        "rank_value": 3.7175481917027056,
        "volume": 354889994.8625,
        "adr": 21.684142668638316,
        "condi_4": true
    },
    {
        "symbol": "IDEX_US",
        "rank_value": 3.714285714285714,
        "volume": 126973504.086,
        "adr": 24.95396141323298,
        "condi_4": true
    },
    {
        "symbol": "SOLO_US",
        "rank_value": 3.4244897959183676,
        "volume": 332251875.693,
        "adr": 25.52047501213195,
        "condi_4": true
    },
    {
        "symbol": "AYRO_US",
        "rank_value": 3.4193951612903226,
        "volume": 118568446.13232,
        "adr": 20.24267996524234,
        "condi_4": true
    },
    {
        "symbol": "CBAT_US",
        "rank_value": 3.0500000000000003,
        "volume": 115411309.23600002,
        "adr": 28.344850745968554,
        "condi_4": true
    },
    {
        "symbol": "SBE_US",
        "rank_value": 2.988235294117647,
        "volume": 194369723.655,
        "adr": 14.84248434398503,
        "condi_4": true
    },
    {
        "symbol": "KXIN_US",
        "rank_value": 2.7236363636363636,
        "volume": 107525962.88700001,
        "adr": 30.954569232927188,
        "condi_4": true
    },
    {
        "symbol": "CIIC_US",
        "rank_value": 2.6945564516129035,
        "volume": 146392255.152,
        "adr": 11.33883120504835,
        "condi_4": true
    },
    {
        "symbol": "JMIA_US",
        "rank_value": 2.5982905982905984,
        "volume": 466990417.76,
        "adr": 16.140671254786866,
        "condi_4": true
    },
    {
        "symbol": "MARA_US",
        "rank_value": 2.5194174757281553,
        "volume": 104744494.6245,
        "adr": 19.88086138069476,
        "condi_4": true
    },
    {
        "symbol": "KNDI_US",
        "rank_value": 2.4413793103448276,
        "volume": 280522472.856,
        "adr": 22.565777092424245,
        "condi_4": true
    },
    {
        "symbol": "LI_US",
        "rank_value": 2.4218749999999996,
        "volume": 1679955891.74,
        "adr": 16.42238709353423,
        "condi_4": true
    },
    {
        "symbol": "RIOT_US",
        "rank_value": 2.2293312101910825,
        "volume": 120110113.684255,
        "adr": 16.944198508114148,
        "condi_4": true
    },
    {
        "symbol": "RIDE_US",
        "rank_value": 2.1578125,
        "volume": 166138868.34800002,
        "adr": 15.160956959815763,
        "condi_4": true
    },
    {
        "symbol": "APPN_US",
        "rank_value": 2.1271472146411945,
        "volume": 111105986.875,
        "adr": 8.154794823829947,
        "condi_4": true
    },
    {
        "symbol": "NIO_US",
        "rank_value": 2.0903377847604085,
        "volume": 13396925870.871,
        "adr": 13.789635739212036,
        "condi_4": true
    },
    {
        "symbol": "LK_US",
        "rank_value": 2.064935064935065,
        "volume": 198791688.52800003,
        "adr": 29.12297405710205,
        "condi_4": true
    },
    {
        "symbol": "FUBO_US",
        "rank_value": 2.055628583640454,
        "volume": 112174113.19399999,
        "adr": 16.4335281133275,
        "condi_4": true
    },
    {
        "symbol": "PLUG_US",
        "rank_value": 1.9503287070854638,
        "volume": 1045319228.43,
        "adr": 10.961569061391497,
        "condi_4": true
    },
    {
        "symbol": "UPWK_US",
        "rank_value": 1.9175879120879122,
        "volume": 115382545.293065,
        "adr": 10.31285988253412,
        "condi_4": true
    },
    {
        "symbol": "LYFT_US",
        "rank_value": 1.8608247422680413,
        "volume": 588998850.9844999,
        "adr": 8.01341923970249,
        "condi_4": true
    },
    {
        "symbol": "VSLR_US",
        "rank_value": 1.857451403887689,
        "volume": 111232331.2,
        "adr": 7.61046406019541,
        "condi_4": true
    },
    {
        "symbol": "WKHS_US",
        "rank_value": 1.8506278916060805,
        "volume": 456930542.59999996,
        "adr": 12.011631518968603,
        "condi_4": true
    },
    {
        "symbol": "PDD_US",
        "rank_value": 1.6935483870967742,
        "volume": 1391456413.6200001,
        "adr": 9.276061254752154,
        "condi_4": true
    },
    {
        "symbol": "FUTU_US",
        "rank_value": 1.6122866894197954,
        "volume": 122775604.982,
        "adr": 8.083370397380607,
        "condi_4": true
    },
    {
        "symbol": "HTZ_US",
        "rank_value": 1.6038613861386137,
        "volume": 146224317.90433,
        "adr": 22.32959405133508,
        "condi_4": true
    },
    {
        "symbol": "SHLL_US",
        "rank_value": 1.58837699488106,
        "volume": 326494481.8375,
        "adr": 16.75419373910849,
        "condi_4": true
    }
]