[
    {
        "symbol": "ACB_US",
        "rank_value": 22.727272727272727,
        "volume": 350057124.0,
        "adr": 21.303872335205078,
        "condi_4": true
    },
    {
        "symbol": "HTZ_US",
        "rank_value": 9.475,
        "volume": 444804574.0655,
        "adr": 63.85635090842794,
        "condi_4": true
    },
    {
        "symbol": "GNUS_US",
        "rank_value": 8.07920792079208,
        "volume": 348043391.832,
        "adr": 51.661131591275144,
        "condi_4": true
    },
    {
        "symbol": "XSPA_US",
        "rank_value": 5.598773660357238,
        "volume": 139340823.206345,
        "adr": 33.22207747908623,
        "condi_4": true
    },
    {
        "symbol": "NKLA_US",
        "rank_value": 4.818481848184819,
        "volume": 1019461260.75,
        "adr": 28.877950471154136,
        "condi_4": true
    },
    {
        "symbol": "LK_US",
        "rank_value": 3.240601503759398,
        "volume": 442887926.6915,
        "adr": 68.43342041162686,
        "condi_4": true
    },
    {
        "symbol": "CAR_US",
        "rank_value": 3.1048622881355934,
        "volume": 257426739.92170498,
        "adr": 16.078595333941735,
        "condi_4": true
    },
    {
        "symbol": "SAVE_US",
        "rank_value": 3.033103448275862,
        "volume": 761452436.9594998,
        "adr": 16.188099956423407,
        "condi_4": true
    },
    {
        "symbol": "MARK_US",
        "rank_value": 2.787234042553192,
        "volume": 133027692.53900002,
        "adr": 29.620956656111353,
        "condi_4": true
    },
    {
        "symbol": "NVAX_US",
        "rank_value": 2.5628140703517586,
        "volume": 570978792.0899999,
        "adr": 18.68030762423527,
        "condi_4": true
    },
    {
        "symbol": "NCLH_US",
        "rank_value": 2.5248917748917745,
        "volume": 1648963931.067,
        "adr": 14.144561476847217,
        "condi_4": true
    },
    {
        "symbol": "UAL_US",
        "rank_value": 2.41969196919692,
        "volume": 3037772459.0230002,
        "adr": 12.62414009164672,
        "condi_4": true
    },
    {
        "symbol": "RIG_US",
        "rank_value": 2.389830508474576,
        "volume": 107875356.873,
        "adr": 18.696752459548094,
        "condi_4": true
    },
    {
        "symbol": "IVR_US",
        "rank_value": 2.3375000000000004,
        "volume": 140288074.509,
        "adr": 17.486312708479556,
        "condi_4": true
    },
    {
        "symbol": "PLAY_US",
        "rank_value": 2.2752075919335706,
        "volume": 183629084.086,
        "adr": 16.24851009623145,
        "condi_4": true
    },
    {
        "symbol": "ERI_US",
        "rank_value": 2.236842105263158,
        "volume": 339402059.0,
        "adr": 12.220764541653306,
        "condi_4": true
    },
    {
        "symbol": "AAL_US",
        "rank_value": 2.2084848484848485,
        "volume": 1858648493.2819998,
        "adr": 12.365872145484925,
        "condi_4": true
    },
    {
        "symbol": "PK_US",
        "rank_value": 2.202143950995406,
        "volume": 148334423.111,
        "adr": 11.515636187509681,
        "condi_4": true
    },
    {
        "symbol": "RCL_US",
        "rank_value": 2.177968799745304,
        "volume": 1497411822.896,
        "adr": 11.575779907853633,
        "condi_4": true
    },
    {
        "symbol": "MAC_US",
        "rank_value": 2.135472370766488,
        "volume": 107059148.403,
        "adr": 12.236082044280995,
        "condi_4": true
    },
    {
        "symbol": "SPR_US",
        "rank_value": 2.1168582375478926,
        "volume": 201029744.95499998,
        "adr": 12.895619175902207,
        "condi_4": true
    },
    {
        "symbol": "SRNE_US",
        "rank_value": 2.0557510729613733,
        "volume": 343560945.780425,
        "adr": 32.08546593500379,
        "condi_4": true
    },
    {
        "symbol": "PENN_US",
        "rank_value": 2.050632911392405,
        "volume": 650343407.7599999,
        "adr": 12.252055228539849,
        "condi_4": true
    },
    {
        "symbol": "CCL_US",
        "rank_value": 2.039090909090909,
        "volume": 1241836667.382,
        "adr": 11.629190986951187,
        "condi_4": true
    },
    {
        "symbol": "AA_US",
        "rank_value": 1.9858934169278997,
        "volume": 115085121.4905,
        "adr": 9.513200249443088,
        "condi_4": true
    },
    {
        "symbol": "OVV_US",
        "rank_value": 1.9703351034609045,
        "volume": 100916098.896,
        "adr": 11.101514517298305,
        "condi_4": true
    },
    {
        "symbol": "ALK_US",
        "rank_value": 1.9324497648567764,
        "volume": 178008301.10000002,
        "adr": 9.675224067305477,
        "condi_4": true
    },
    {
        "symbol": "DAL_US",
        "rank_value": 1.9206167904054825,
        "volume": 2141465310.4785004,
        "adr": 9.411226349234925,
        "condi_4": true
    },
    {
        "symbol": "JBLU_US",
        "rank_value": 1.9059809264305179,
        "volume": 297236323.61262,
        "adr": 10.322545999698306,
        "condi_4": true
    },
    {
        "symbol": "GPS_US",
        "rank_value": 1.9005355776587605,
        "volume": 192508445.637,
        "adr": 11.96180275618508,
        "condi_4": true
    },
    {
        "symbol": "MGM_US",
        "rank_value": 1.8980458793542907,
        "volume": 708291071.676,
        "adr": 10.185211182219689,
        "condi_4": true
    },
    {
        "symbol": "BA_US",
        "rank_value": 1.8952498024409516,
        "volume": 7924897264.26,
        "adr": 8.255525110435503,
        "condi_4": true
    },
    {
        "symbol": "STNE_US",
        "rank_value": 1.8833407718754445,
        "volume": 211683649.92,
        "adr": 10.71786716653531,
        "condi_4": true
    },
    {
        "symbol": "M_US",
        "rank_value": 1.875268817204301,
        "volume": 485719805.00000006,
        "adr": 13.486717856570118,
        "condi_4": true
    },
    {
        "symbol": "TRGP_US",
        "rank_value": 1.8487394957983192,
        "volume": 117289053.41999999,
        "adr": 9.017212628387728,
        "condi_4": true
    },
    {
        "symbol": "RH_US",
        "rank_value": 1.820546163849155,
        "volume": 317457201.6,
        "adr": 8.254394146762012,
        "condi_4": true
    },
    {
        "symbol": "COTY_US",
        "rank_value": 1.8196202531645569,
        "volume": 175083787.225,
        "adr": 14.461600369504946,
        "condi_4": true
    },
    {
        "symbol": "SPG_US",
        "rank_value": 1.8074074074074076,
        "volume": 818077267.14,
        "adr": 10.208154627513032,
        "condi_4": true
    },
    {
        "symbol": "SABR_US",
        "rank_value": 1.8028169014084505,
        "volume": 106819564.32,
        "adr": 12.47512767440826,
        "condi_4": true
    }
]