[
    {
        "symbol": "CHK_US",
        "rank_value": 113.35877862595419,
        "volume": 418351919.03999996,
        "adr": 33.56661500713369,
        "condi_4": true
    },
    {
        "symbol": "CAPR_US",
        "rank_value": 6.192982456140351,
        "volume": 100140806.059,
        "adr": 38.466875484211236,
        "condi_4": true
    },
    {
        "symbol": "MGNX_US",
        "rank_value": 4.343999999999999,
        "volume": 118772821.554,
        "adr": 21.84254016007099,
        "condi_4": true
    },
    {
        "symbol": "PTLA_US",
        "rank_value": 2.919672131147541,
        "volume": 122387770.49849999,
        "adr": 8.416389762583742,
        "condi_4": true
    },
    {
        "symbol": "W_US",
        "rank_value": 2.4583333333333335,
        "volume": 731463323.55,
        "adr": 13.090513388780378,
        "condi_4": true
    },
    {
        "symbol": "SHOP_US",
        "rank_value": 1.9244960162558151,
        "volume": 2297550314.25,
        "adr": 8.422584734806504,
        "condi_4": true
    },
    {
        "symbol": "APA_US",
        "rank_value": 1.888188976377953,
        "volume": 346482612.476,
        "adr": 17.446760713433275,
        "condi_4": true
    },
    {
        "symbol": "BYND_US",
        "rank_value": 1.8853215997206478,
        "volume": 1013892936.9799999,
        "adr": 11.35178047138301,
        "condi_4": true
    },
    {
        "symbol": "DKNG_US",
        "rank_value": 1.8817034700315458,
        "volume": 106141966.362,
        "adr": 12.10203300283521,
        "condi_4": true
    },
    {
        "symbol": "IMMU_US",
        "rank_value": 1.8589960518894528,
        "volume": 177395993.6,
        "adr": 9.95998646992502,
        "condi_4": true
    },
    {
        "symbol": "CHGG_US",
        "rank_value": 1.7306028266512834,
        "volume": 236752911.0,
        "adr": 7.017762281170392,
        "condi_4": true
    },
    {
        "symbol": "ETSY_US",
        "rank_value": 1.6373321968889836,
        "volume": 288287343.816,
        "adr": 8.168520283624225,
        "condi_4": true
    },
    {
        "symbol": "NAT_US",
        "rank_value": 1.620795107033639,
        "volume": 120201643.09,
        "adr": 16.393251351680505,
        "condi_4": true
    },
    {
        "symbol": "TTD_US",
        "rank_value": 1.6045777426992895,
        "volume": 485789695.53749996,
        "adr": 8.118807149813678,
        "condi_4": true
    }
]