[
    {
        "symbol": "SHIP_US",
        "rank_value": 13.600000000000001,
        "volume": 249092801.886,
        "adr": 75.10050367538201,
        "condi_4": true
    },
    {
        "symbol": "UONE_US",
        "rank_value": 11.966442953020133,
        "volume": 153040699.014,
        "adr": 105.67611224184228,
        "condi_4": true
    },
    {
        "symbol": "ODP_US",
        "rank_value": 9.995180722891565,
        "volume": 156150813.94899997,
        "adr": 45.928545469165826,
        "condi_4": true
    },
    {
        "symbol": "WKHS_US",
        "rank_value": 5.476351351351352,
        "volume": 764652387.3335,
        "adr": 28.64315527392085,
        "condi_4": true
    },
    {
        "symbol": "SOLO_US",
        "rank_value": 3.666666666666667,
        "volume": 121223115.64000002,
        "adr": 28.275853163536937,
        "condi_4": true
    },
    {
        "symbol": "IDEX_US",
        "rank_value": 3.3516627389368945,
        "volume": 109797679.36,
        "adr": 46.75358115791912,
        "condi_4": true
    },
    {
        "symbol": "SHLL_US",
        "rank_value": 2.378351539225422,
        "volume": 197221848.165,
        "adr": 14.950805693999559,
        "condi_4": true
    },
    {
        "symbol": "NVTA_US",
        "rank_value": 2.2207621550591323,
        "volume": 148415536.35999998,
        "adr": 11.30484993116847,
        "condi_4": true
    },
    {
        "symbol": "LK_US",
        "rank_value": 2.064935064935065,
        "volume": 198791688.52800003,
        "adr": 29.12297405710205,
        "condi_4": true
    },
    {
        "symbol": "PLUG_US",
        "rank_value": 2.0042553191489363,
        "volume": 293147951.742,
        "adr": 11.989649597033258,
        "condi_4": true
    },
    {
        "symbol": "GSX_US",
        "rank_value": 1.82638624540033,
        "volume": 356543007.492,
        "adr": 9.622774683507362,
        "condi_4": true
    },
    {
        "symbol": "TSLA_US",
        "rank_value": 1.5943200184714845,
        "volume": 11359446089.15,
        "adr": 6.268159201800683,
        "condi_4": true
    },
    {
        "symbol": "QDEL_US",
        "rank_value": 1.5270233568712657,
        "volume": 275726208.03,
        "adr": 7.009569355192746,
        "condi_4": true
    },
    {
        "symbol": "SQ_US",
        "rank_value": 1.5238037989901418,
        "volume": 1635576397.65,
        "adr": 6.3005251439487875,
        "condi_4": true
    },
    {
        "symbol": "ETSY_US",
        "rank_value": 1.4997326917936382,
        "volume": 312779556.9115,
        "adr": 5.441587677064907,
        "condi_4": true
    },
    {
        "symbol": "SPOT_US",
        "rank_value": 1.4761016949152541,
        "volume": 1014941329.785,
        "adr": 6.622654546113105,
        "condi_4": true
    },
    {
        "symbol": "TDOC_US",
        "rank_value": 1.4663087248322146,
        "volume": 522934643.77199996,
        "adr": 5.452115487744225,
        "condi_4": true
    },
    {
        "symbol": "SHOP_US",
        "rank_value": 1.4529500584028945,
        "volume": 1867391214.0,
        "adr": 5.219828241612445,
        "condi_4": true
    },
    {
        "symbol": "SONO_US",
        "rank_value": 1.4428838951310863,
        "volume": 123272887.5145,
        "adr": 10.501211403933075,
        "condi_4": true
    },
    {
        "symbol": "COUP_US",
        "rank_value": 1.428711224190234,
        "volume": 400568432.4,
        "adr": 5.222907320840142,
        "condi_4": true
    },
    {
        "symbol": "BBBY_US",
        "rank_value": 1.4258241758241759,
        "volume": 121440747.201,
        "adr": 9.519852825759179,
        "condi_4": true
    },
    {
        "symbol": "PTON_US",
        "rank_value": 1.4184149184149184,
        "volume": 472430996.615,
        "adr": 6.596734502260371,
        "condi_4": true
    },
    {
        "symbol": "AVLR_US",
        "rank_value": 1.4177754677754677,
        "volume": 134486616.1745,
        "adr": 4.519232265199724,
        "condi_4": true
    },
    {
        "symbol": "NET_US",
        "rank_value": 1.401612312202272,
        "volume": 243196776.1125,
        "adr": 6.965539370480767,
        "condi_4": true
    },
    {
        "symbol": "BILI_US",
        "rank_value": 1.3989731199033526,
        "volume": 272874392.508,
        "adr": 6.538386880046798,
        "condi_4": true
    },
    {
        "symbol": "GDS_US",
        "rank_value": 1.3971112999150381,
        "volume": 121934755.377,
        "adr": 5.268185244436041,
        "condi_4": true
    }
]