[
    {
        "symbol": "CODX_US",
        "rank_value": 3.0555555555555554,
        "volume": 140307498.7875,
        "adr": 47.3578099786774,
        "condi_4": true
    },
    {
        "symbol": "FTSV_US",
        "rank_value": 2.304241833252072,
        "volume": 259077339.80599996,
        "adr": 12.484970792685534,
        "condi_4": true
    },
    {
        "symbol": "APT_US",
        "rank_value": 2.1409978308026028,
        "volume": 101695709.3355,
        "adr": 47.98975119987463,
        "condi_4": true
    },
    {
        "symbol": "INO_US",
        "rank_value": 2.03963696369637,
        "volume": 304155596.65996003,
        "adr": 37.29784686988869,
        "condi_4": true
    },
    {
        "symbol": "S_US",
        "rank_value": 1.7697228144989339,
        "volume": 362301885.265,
        "adr": 5.921211717000774,
        "condi_4": true
    },
    {
        "symbol": "NVAX_US",
        "rank_value": 1.7476038338658146,
        "volume": 105092774.31,
        "adr": 21.795040452552872,
        "condi_4": true
    },
    {
        "symbol": "STMP_US",
        "rank_value": 1.47823911955978,
        "volume": 113084392.65,
        "adr": 10.542734658320407,
        "condi_4": true
    },
    {
        "symbol": "CXO_US",
        "rank_value": 1.4707602339181285,
        "volume": 125364754.81499998,
        "adr": 8.124905855232022,
        "condi_4": true
    },
    {
        "symbol": "VIPS_US",
        "rank_value": 1.437987857762359,
        "volume": 129458783.79399998,
        "adr": 7.289804315656356,
        "condi_4": true
    },
    {
        "symbol": "HES_US",
        "rank_value": 1.4043478260869564,
        "volume": 169522941.444,
        "adr": 8.391946293531682,
        "condi_4": true
    },
    {
        "symbol": "SLB_US",
        "rank_value": 1.3841982958946553,
        "volume": 333896461.9495,
        "adr": 8.469564082673608,
        "condi_4": true
    },
    {
        "symbol": "EPD_US",
        "rank_value": 1.3407780979827089,
        "volume": 189921371.81699997,
        "adr": 7.394615752844325,
        "condi_4": true
    },
    {
        "symbol": "MRO_US",
        "rank_value": 1.2820814479638007,
        "volume": 129868644.33590999,
        "adr": 11.761013662410491,
        "condi_4": true
    },
    {
        "symbol": "EHTH_US",
        "rank_value": 1.278893144389123,
        "volume": 100872495.45568001,
        "adr": 10.266183520535677,
        "condi_4": true
    },
    {
        "symbol": "COG_US",
        "rank_value": 1.269863245496639,
        "volume": 195253576.726,
        "adr": 7.75774477693707,
        "condi_4": true
    },
    {
        "symbol": "REGN_US",
        "rank_value": 1.265897183585543,
        "volume": 476167710.8665,
        "adr": 4.943509504719001,
        "condi_4": true
    },
    {
        "symbol": "OKE_US",
        "rank_value": 1.2639527248850952,
        "volume": 160235479.25,
        "adr": 8.367887603512036,
        "condi_4": true
    },
    {
        "symbol": "MRNA_US",
        "rank_value": 1.2534896705750977,
        "volume": 441607190.30499995,
        "adr": 18.128201894077513,
        "condi_4": true
    },
    {
        "symbol": "ZM_US",
        "rank_value": 1.2401756819232548,
        "volume": 968909911.69,
        "adr": 10.950393535048741,
        "condi_4": true
    },
    {
        "symbol": "WMB_US",
        "rank_value": 1.2338648443432043,
        "volume": 264537788.125,
        "adr": 6.827742126069536,
        "condi_4": true
    },
    {
        "symbol": "ET_US",
        "rank_value": 1.2302839116719242,
        "volume": 262096423.68,
        "adr": 8.772971216435055,
        "condi_4": true
    }
]