[
    {
        "symbol": "SHIP_US",
        "rank_value": 17.213934426229507,
        "volume": 297452330.237215,
        "adr": 76.66732316935385,
        "condi_4": true
    },
    {
        "symbol": "UONE_US",
        "rank_value": 14.107142857142858,
        "volume": 169306919.4375,
        "adr": 105.75568400110154,
        "condi_4": true
    },
    {
        "symbol": "ODP_US",
        "rank_value": 10.506024096385541,
        "volume": 172031500.85,
        "adr": 46.06373378721411,
        "condi_4": true
    },
    {
        "symbol": "WKHS_US",
        "rank_value": 5.482876712328768,
        "volume": 713750425.7815001,
        "adr": 28.354041745083734,
        "condi_4": true
    },
    {
        "symbol": "IDEX_US",
        "rank_value": 3.9731543624161074,
        "volume": 127414481.45799999,
        "adr": 47.65812661246458,
        "condi_4": true
    },
    {
        "symbol": "VXRT_US",
        "rank_value": 3.1142857142857143,
        "volume": 210816710.34,
        "adr": 28.759196927007725,
        "condi_4": true
    },
    {
        "symbol": "SHLL_US",
        "rank_value": 2.6729716276754605,
        "volume": 214923477.78,
        "adr": 14.121969388831479,
        "condi_4": true
    },
    {
        "symbol": "LK_US",
        "rank_value": 2.064935064935065,
        "volume": 198791688.52800003,
        "adr": 29.12297405710205,
        "condi_4": true
    },
    {
        "symbol": "FSLY_US",
        "rank_value": 1.9852251407129458,
        "volume": 862211433.6225001,
        "adr": 10.751903930521323,
        "condi_4": true
    },
    {
        "symbol": "HTZ_US",
        "rank_value": 1.881578947368421,
        "volume": 175493117.371,
        "adr": 46.029908976109326,
        "condi_4": true
    },
    {
        "symbol": "NVAX_US",
        "rank_value": 1.874703369719981,
        "volume": 471274859.45,
        "adr": 12.08339037180275,
        "condi_4": true
    },
    {
        "symbol": "INO_US",
        "rank_value": 1.866127583108715,
        "volume": 1088387043.4459999,
        "adr": 20.71411350594239,
        "condi_4": true
    },
    {
        "symbol": "SRNE_US",
        "rank_value": 1.863517060367454,
        "volume": 190562300.26,
        "adr": 14.500854932979879,
        "condi_4": true
    },
    {
        "symbol": "GSX_US",
        "rank_value": 1.7711590296495954,
        "volume": 336846620.1665,
        "adr": 9.588768898864132,
        "condi_4": true
    },
    {
        "symbol": "NKLA_US",
        "rank_value": 1.5535999999999999,
        "volume": 902564735.64,
        "adr": 25.310777593329405,
        "condi_4": true
    },
    {
        "symbol": "ETSY_US",
        "rank_value": 1.508954824913125,
        "volume": 314147789.415,
        "adr": 5.543795820902098,
        "condi_4": true
    },
    {
        "symbol": "CLGX_US",
        "rank_value": 1.4957589285714288,
        "volume": 120186760.49550001,
        "adr": 4.008636066483406,
        "condi_4": true
    },
    {
        "symbol": "BBBY_US",
        "rank_value": 1.48489010989011,
        "volume": 127836331.01550001,
        "adr": 9.525131641076445,
        "condi_4": true
    },
    {
        "symbol": "SPOT_US",
        "rank_value": 1.4675141242937852,
        "volume": 997837716.2125,
        "adr": 6.56545429083093,
        "condi_4": true
    },
    {
        "symbol": "DOCU_US",
        "rank_value": 1.4551272284016457,
        "volume": 889375121.75,
        "adr": 6.137094889305783,
        "condi_4": true
    },
    {
        "symbol": "GNUS_US",
        "rank_value": 1.45,
        "volume": 206715377.7315,
        "adr": 39.667791322119285,
        "condi_4": true
    },
    {
        "symbol": "ZI_US",
        "rank_value": 1.4314641744548287,
        "volume": 197577893.83249998,
        "adr": 12.902724707533553,
        "condi_4": true
    },
    {
        "symbol": "BNTX_US",
        "rank_value": 1.4178302900107411,
        "volume": 116696187.3,
        "adr": 9.287272744048124,
        "condi_4": true
    },
    {
        "symbol": "SONO_US",
        "rank_value": 1.4119850187265919,
        "volume": 119798936.374,
        "adr": 11.019355403246367,
        "condi_4": true
    },
    {
        "symbol": "PTON_US",
        "rank_value": 1.4114219114219113,
        "volume": 474266533.65,
        "adr": 6.748659629059883,
        "condi_4": true
    },
    {
        "symbol": "SHOP_US",
        "rank_value": 1.4073673114726077,
        "volume": 1766528883.6,
        "adr": 4.939414906934436,
        "condi_4": true
    },
    {
        "symbol": "IQ_US",
        "rank_value": 1.4058823529411764,
        "volume": 276043753.61499995,
        "adr": 8.238018395969027,
        "condi_4": true
    }
]