[
    {
        "symbol": "MFA_US",
        "rank_value": 5.791106514994829,
        "volume": 128060852.052,
        "adr": 92.96918763369123,
        "condi_4": true
    },
    {
        "symbol": "W_US",
        "rank_value": 4.165957446808511,
        "volume": 442257121.46000004,
        "adr": 17.479484770927577,
        "condi_4": true
    },
    {
        "symbol": "EQT_US",
        "rank_value": 2.7886323268206037,
        "volume": 142625174.985,
        "adr": 15.12104085229442,
        "condi_4": true
    },
    {
        "symbol": "IMMU_US",
        "rank_value": 2.468181818181818,
        "volume": 139708361.4,
        "adr": 18.66668448266482,
        "condi_4": true
    },
    {
        "symbol": "NVAX_US",
        "rank_value": 2.3640167364016738,
        "volume": 174221450.75,
        "adr": 16.08933544163871,
        "condi_4": true
    },
    {
        "symbol": "APA_US",
        "rank_value": 2.22279792746114,
        "volume": 257649297.477,
        "adr": 20.137495985880037,
        "condi_4": true
    },
    {
        "symbol": "TLRY_US",
        "rank_value": 2.12,
        "volume": 122220744.3665,
        "adr": 24.118799324570105,
        "condi_4": true
    },
    {
        "symbol": "PENN_US",
        "rank_value": 2.1018518518518516,
        "volume": 139661533.215,
        "adr": 19.529239965447907,
        "condi_4": true
    },
    {
        "symbol": "ETSY_US",
        "rank_value": 2.086143572621035,
        "volume": 239132218.82,
        "adr": 10.44349866448615,
        "condi_4": true
    },
    {
        "symbol": "MRNA_US",
        "rank_value": 2.0730706075533663,
        "volume": 637259684.325,
        "adr": 12.991762862602108,
        "condi_4": true
    },
    {
        "symbol": "ERI_US",
        "rank_value": 1.8607442977190876,
        "volume": 105215687.95,
        "adr": 24.233044358420198,
        "condi_4": true
    },
    {
        "symbol": "SHOP_US",
        "rank_value": 1.8036253776435045,
        "volume": 1592665077.9,
        "adr": 9.65662398556466,
        "condi_4": true
    },
    {
        "symbol": "FANG_US",
        "rank_value": 1.800457404230989,
        "volume": 157457886.6705,
        "adr": 14.749763611834288,
        "condi_4": true
    },
    {
        "symbol": "PLNT_US",
        "rank_value": 1.7961947758787489,
        "volume": 154138080.85,
        "adr": 12.456496455696687,
        "condi_4": true
    },
    {
        "symbol": "MTCH_US",
        "rank_value": 1.7867679928475635,
        "volume": 168388713.67499998,
        "adr": 8.425373749433817,
        "condi_4": true
    }
]