[
    {
        "symbol": "ITCI_US",
        "rank_value": 3.29978813559322,
        "volume": 166415079.3725,
        "adr": 20.329541405719766,
        "condi_4": true
    },
    {
        "symbol": "AUPH_US",
        "rank_value": 2.8278688524590163,
        "volume": 131880304.44,
        "adr": 8.97270315136347,
        "condi_4": true
    },
    {
        "symbol": "AXSM_US",
        "rank_value": 2.423076923076923,
        "volume": 167544275.85,
        "adr": 13.378653275420582,
        "condi_4": true
    },
    {
        "symbol": "ARQL_US",
        "rank_value": 2.2693181818181816,
        "volume": 156839403.47599998,
        "adr": 5.999058346063668,
        "condi_4": true
    },
    {
        "symbol": "RAD_US",
        "rank_value": 1.925233644859813,
        "volume": 185308484.088,
        "adr": 15.08092895615758,
        "condi_4": true
    },
    {
        "symbol": "NIO_US",
        "rank_value": 1.7914691943127963,
        "volume": 260691143.95799997,
        "adr": 13.014910271839053,
        "condi_4": true
    },
    {
        "symbol": "PCG_US",
        "rank_value": 1.4249329758713138,
        "volume": 234072346.4745,
        "adr": 11.104509996769817,
        "condi_4": true
    },
    {
        "symbol": "APA_US",
        "rank_value": 1.4042553191489362,
        "volume": 148496653.30499998,
        "adr": 4.841817750431088,
        "condi_4": true
    },
    {
        "symbol": "SAGE_US",
        "rank_value": 1.3887718631178707,
        "volume": 150655913.7696,
        "adr": 9.688761708757854,
        "condi_4": true
    },
    {
        "symbol": "WDC_US",
        "rank_value": 1.3847802786709538,
        "volume": 273393527.57,
        "adr": 3.700343704204423,
        "condi_4": true
    },
    {
        "symbol": "SRPT_US",
        "rank_value": 1.3378002267807443,
        "volume": 170722968.444,
        "adr": 5.538294295414925,
        "condi_4": true
    }
]