[
    {
        "symbol": "INPX_US",
        "rank_value": 117.8082191780822,
        "volume": 449406705.82,
        "adr": 73.2636239553506,
        "condi_4": true
    },
    {
        "symbol": "ITCI_US",
        "rank_value": 2.2618025751072963,
        "volume": 157389853.00750002,
        "adr": 19.760806114840392,
        "condi_4": true
    },
    {
        "symbol": "AXSM_US",
        "rank_value": 1.9983121544709177,
        "volume": 123060290.04599999,
        "adr": 9.354107425324255,
        "condi_4": true
    },
    {
        "symbol": "APA_US",
        "rank_value": 1.5844339622641512,
        "volume": 242888697.1365,
        "adr": 5.506430115381145,
        "condi_4": true
    },
    {
        "symbol": "LK_US",
        "rank_value": 1.5181243764549384,
        "volume": 593453181.805,
        "adr": 8.911320113130007,
        "condi_4": true
    },
    {
        "symbol": "BYND_US",
        "rank_value": 1.480188090662044,
        "volume": 956541433.2599999,
        "adr": 7.3755897366505785,
        "condi_4": true
    },
    {
        "symbol": "TSLA_US",
        "rank_value": 1.4655707196029777,
        "volume": 6156963385.650001,
        "adr": 4.486950157342906,
        "condi_4": true
    },
    {
        "symbol": "ZS_US",
        "rank_value": 1.3461969934933813,
        "volume": 106391346.0,
        "adr": 4.499949478007226,
        "condi_4": true
    }
]