[
    {
        "symbol": "AI_US",
        "rank_value": 44.96511627906977,
        "volume": 417571510.041,
        "adr": 9.301016200184243,
        "condi_4": true
    },
    {
        "symbol": "TTNP_US",
        "rank_value": 30.18181818181818,
        "volume": 205204065.952,
        "adr": 20.96637134605137,
        "condi_4": true
    },
    {
        "symbol": "CRIS_US",
        "rank_value": 7.027522935779817,
        "volume": 187265580.725,
        "adr": 43.142997935841734,
        "condi_4": true
    },
    {
        "symbol": "VERU_US",
        "rank_value": 3.465909090909091,
        "volume": 152761120.7175,
        "adr": 20.546217109967515,
        "condi_4": true
    },
    {
        "symbol": "ARVN_US",
        "rank_value": 3.112755099802107,
        "volume": 139715326.199,
        "adr": 14.225548472369232,
        "condi_4": true
    },
    {
        "symbol": "CIIC_US",
        "rank_value": 2.944223107569721,
        "volume": 260816374.06599998,
        "adr": 22.723831636854698,
        "condi_4": true
    },
    {
        "symbol": "JMIA_US",
        "rank_value": 2.6002700877785276,
        "volume": 738553521.77,
        "adr": 18.984751465359295,
        "condi_4": true
    },
    {
        "symbol": "RIOT_US",
        "rank_value": 2.5851851851851855,
        "volume": 267558013.67700005,
        "adr": 18.381519760129407,
        "condi_4": true
    },
    {
        "symbol": "LAZR_US",
        "rank_value": 2.493123772102161,
        "volume": 520847017.398,
        "adr": 24.26146589948559,
        "condi_4": true
    },
    {
        "symbol": "EDIT_US",
        "rank_value": 2.2945481156238565,
        "volume": 130893457.3555,
        "adr": 10.471474441983109,
        "condi_4": true
    },
    {
        "symbol": "ARCT_US",
        "rank_value": 2.1203843042154475,
        "volume": 112241860.4,
        "adr": 14.167198142791705,
        "condi_4": true
    },
    {
        "symbol": "LK_US",
        "rank_value": 2.064935064935065,
        "volume": 198791688.52800003,
        "adr": 29.12297405710205,
        "condi_4": true
    },
    {
        "symbol": "SBE_US",
        "rank_value": 1.9788771539744305,
        "volume": 288413122.32,
        "adr": 17.403309072685282,
        "condi_4": true
    },
    {
        "symbol": "TGTX_US",
        "rank_value": 1.9754507096279248,
        "volume": 138742720.1,
        "adr": 9.985961413869582,
        "condi_4": true
    },
    {
        "symbol": "SNDL_US",
        "rank_value": 1.9217391304347826,
        "volume": 206112911.2575,
        "adr": 33.81456855665972,
        "condi_4": true
    },
    {
        "symbol": "FATE_US",
        "rank_value": 1.919875130072841,
        "volume": 115654272.41250001,
        "adr": 8.769503993935901,
        "condi_4": true
    },
    {
        "symbol": "VSLR_US",
        "rank_value": 1.857451403887689,
        "volume": 111232331.2,
        "adr": 7.61046406019541,
        "condi_4": true
    },
    {
        "symbol": "IDEX_US",
        "rank_value": 1.7475728155339805,
        "volume": 121669147.8,
        "adr": 28.519702559943315,
        "condi_4": true
    },
    {
        "symbol": "JWN_US",
        "rank_value": 1.7140522875816993,
        "volume": 301973686.203,
        "adr": 7.60522676412847,
        "condi_4": true
    },
    {
        "symbol": "WORK_US",
        "rank_value": 1.6427191966010042,
        "volume": 1547785556.4645,
        "adr": 6.023270426728811,
        "condi_4": true
    },
    {
        "symbol": "X_US",
        "rank_value": 1.6228466969473694,
        "volume": 259076229.89999998,
        "adr": 8.389894879983672,
        "condi_4": true
    },
    {
        "symbol": "HTZ_US",
        "rank_value": 1.6038613861386137,
        "volume": 146224317.90433,
        "adr": 22.32959405133508,
        "condi_4": true
    },
    {
        "symbol": "SHLL_US",
        "rank_value": 1.58837699488106,
        "volume": 326494481.8375,
        "adr": 16.75419373910849,
        "condi_4": true
    },
    {
        "symbol": "MRNA_US",
        "rank_value": 1.586304470854556,
        "volume": 4089574785.63,
        "adr": 12.400372979016193,
        "condi_4": true
    },
    {
        "symbol": "BB_US",
        "rank_value": 1.5728155339805823,
        "volume": 313948831.095,
        "adr": 10.87479082190268,
        "condi_4": true
    },
    {
        "symbol": "OXY_US",
        "rank_value": 1.5650754793961648,
        "volume": 591044494.978,
        "adr": 8.38302303332199,
        "condi_4": true
    },
    {
        "symbol": "KSS_US",
        "rank_value": 1.5519999999999998,
        "volume": 281923205.59999996,
        "adr": 5.662358610789986,
        "condi_4": true
    },
    {
        "symbol": "CLF_US",
        "rank_value": 1.55174971189941,
        "volume": 178434436.44,
        "adr": 7.502722165956532,
        "condi_4": true
    },
    {
        "symbol": "DQ_US",
        "rank_value": 1.543490005402485,
        "volume": 105875931.653,
        "adr": 9.815696954099051,
        "condi_4": true
    },
    {
        "symbol": "MSTR_US",
        "rank_value": 1.4880236520344758,
        "volume": 141613213.0275,
        "adr": 9.985909338206023,
        "condi_4": true
    }
]