[
    {
        "symbol": "SRRK_US",
        "rank_value": 3.036842105263158,
        "volume": 189839636.077,
        "adr": 17.32870252714489,
        "condi_4": true
    },
    {
        "symbol": "JMIA_US",
        "rank_value": 2.1873350923482846,
        "volume": 274582200.71,
        "adr": 13.150043530049714,
        "condi_4": true
    },
    {
        "symbol": "LK_US",
        "rank_value": 2.064935064935065,
        "volume": 198791688.52800003,
        "adr": 29.12297405710205,
        "condi_4": true
    },
    {
        "symbol": "WWR_US",
        "rank_value": 2.058867622807456,
        "volume": 129142976.312,
        "adr": 40.81848492638927,
        "condi_4": true
    },
    {
        "symbol": "VSLR_US",
        "rank_value": 1.857451403887689,
        "volume": 111232331.2,
        "adr": 7.61046406019541,
        "condi_4": true
    },
    {
        "symbol": "SNAP_US",
        "rank_value": 1.6143968871595331,
        "volume": 2216264027.76,
        "adr": 6.846915671293763,
        "condi_4": true
    },
    {
        "symbol": "HTZ_US",
        "rank_value": 1.6038613861386137,
        "volume": 146224317.90433,
        "adr": 22.32959405133508,
        "condi_4": true
    },
    {
        "symbol": "SHLL_US",
        "rank_value": 1.58837699488106,
        "volume": 326494481.8375,
        "adr": 16.75419373910849,
        "condi_4": true
    },
    {
        "symbol": "EV_US",
        "rank_value": 1.585287846481876,
        "volume": 154364438.02199998,
        "adr": 4.25872568699357,
        "condi_4": true
    },
    {
        "symbol": "JKS_US",
        "rank_value": 1.5829853862212944,
        "volume": 899214446.799,
        "adr": 14.630020430282077,
        "condi_4": true
    },
    {
        "symbol": "PINS_US",
        "rank_value": 1.5338289962825278,
        "volume": 1251984457.698,
        "adr": 7.577294029386739,
        "condi_4": true
    },
    {
        "symbol": "HOG_US",
        "rank_value": 1.430880476393024,
        "volume": 134137054.372,
        "adr": 5.4738097444327005,
        "condi_4": true
    },
    {
        "symbol": "BBBY_US",
        "rank_value": 1.4250700280112047,
        "volume": 217888070.675,
        "adr": 8.248434102450709,
        "condi_4": true
    },
    {
        "symbol": "ALGN_US",
        "rank_value": 1.4081540496081026,
        "volume": 279783873.731,
        "adr": 5.18271032255444,
        "condi_4": true
    },
    {
        "symbol": "VIPS_US",
        "rank_value": 1.3871510258997646,
        "volume": 172102262.81,
        "adr": 5.831596967588681,
        "condi_4": true
    },
    {
        "symbol": "SPWR_US",
        "rank_value": 1.3680672268907563,
        "volume": 171719405.814,
        "adr": 10.665585996699534,
        "condi_4": true
    },
    {
        "symbol": "UTX_US",
        "rank_value": 1.3554042306577805,
        "volume": 950956822.1374999,
        "adr": 12.586647686893482,
        "condi_4": true
    },
    {
        "symbol": "NET_US",
        "rank_value": 1.3533834586466167,
        "volume": 314038973.7,
        "adr": 6.605941773431634,
        "condi_4": true
    },
    {
        "symbol": "FSLR_US",
        "rank_value": 1.3476881135141972,
        "volume": 269993519.18,
        "adr": 7.134958407704195,
        "condi_4": true
    },
    {
        "symbol": "CGC_US",
        "rank_value": 1.3355025307302963,
        "volume": 118845741.395,
        "adr": 7.40730382466559,
        "condi_4": true
    },
    {
        "symbol": "S_US",
        "rank_value": 1.3140172278778388,
        "volume": 218909290.00700003,
        "adr": 8.7828881490855,
        "condi_4": true
    },
    {
        "symbol": "GME_US",
        "rank_value": 1.3137472283813747,
        "volume": 191049945.855,
        "adr": 13.554929452735553,
        "condi_4": true
    },
    {
        "symbol": "ARRY_US",
        "rank_value": 1.2839931153184163,
        "volume": 231892516.61499998,
        "adr": 7.656796518561926,
        "condi_4": true
    },
    {
        "symbol": "RTN_US",
        "rank_value": 1.2718446601941749,
        "volume": 503104524.04999995,
        "adr": 11.81115037072653,
        "condi_4": true
    }
]