[
    {
        "symbol": "SHIP_US",
        "rank_value": 12.0,
        "volume": 189232372.98,
        "adr": 73.5971441080127,
        "condi_4": true
    },
    {
        "symbol": "UONE_US",
        "rank_value": 10.36241610738255,
        "volume": 136201953.572,
        "adr": 107.91160182689148,
        "condi_4": true
    },
    {
        "symbol": "ODP_US",
        "rank_value": 9.57590361445783,
        "volume": 128682716.9245,
        "adr": 45.80839651006976,
        "condi_4": true
    },
    {
        "symbol": "WKHS_US",
        "rank_value": 4.361764705882353,
        "volume": 741998795.9275,
        "adr": 27.094643908198492,
        "condi_4": true
    },
    {
        "symbol": "ALT_US",
        "rank_value": 3.9404553415061296,
        "volume": 142952685.75,
        "adr": 23.026842618333742,
        "condi_4": true
    },
    {
        "symbol": "VXRT_US",
        "rank_value": 3.7523809523809524,
        "volume": 293478926.962,
        "adr": 31.289809649775037,
        "condi_4": true
    },
    {
        "symbol": "SOLO_US",
        "rank_value": 3.0625,
        "volume": 125456549.4315,
        "adr": 24.00314413828173,
        "condi_4": true
    },
    {
        "symbol": "NIO_US",
        "rank_value": 2.73502722323049,
        "volume": 2418201571.7310004,
        "adr": 13.273609511157547,
        "condi_4": true
    },
    {
        "symbol": "SHLL_US",
        "rank_value": 2.666335650446872,
        "volume": 234285181.935,
        "adr": 16.476071038738247,
        "condi_4": true
    },
    {
        "symbol": "GSX_US",
        "rank_value": 2.313052489108827,
        "volume": 537985105.0,
        "adr": 10.97210607955359,
        "condi_4": true
    },
    {
        "symbol": "NVAX_US",
        "rank_value": 2.203962703962704,
        "volume": 664238101.3525,
        "adr": 13.83907956622008,
        "condi_4": true
    },
    {
        "symbol": "NVTA_US",
        "rank_value": 2.1852825229960575,
        "volume": 145136954.688,
        "adr": 10.789777332732386,
        "condi_4": true
    },
    {
        "symbol": "FSLY_US",
        "rank_value": 2.1609090909090907,
        "volume": 1122752232.2940001,
        "adr": 10.747983074935895,
        "condi_4": true
    },
    {
        "symbol": "LK_US",
        "rank_value": 2.064935064935065,
        "volume": 198791688.52800003,
        "adr": 29.12297405710205,
        "condi_4": true
    },
    {
        "symbol": "PLUG_US",
        "rank_value": 1.9787234042553192,
        "volume": 298052577.52500004,
        "adr": 11.188128310229462,
        "condi_4": true
    },
    {
        "symbol": "INO_US",
        "rank_value": 1.9367720465890184,
        "volume": 1295647964.664,
        "adr": 20.661513267286225,
        "condi_4": true
    },
    {
        "symbol": "LVGO_US",
        "rank_value": 1.8484795829713292,
        "volume": 425942450.937,
        "adr": 8.20693233019323,
        "condi_4": true
    },
    {
        "symbol": "SPOT_US",
        "rank_value": 1.5740112994350284,
        "volume": 1116305679.72,
        "adr": 6.444611343361428,
        "condi_4": true
    },
    {
        "symbol": "QDEL_US",
        "rank_value": 1.5615068059512505,
        "volume": 299025349.44,
        "adr": 6.917066398709126,
        "condi_4": true
    },
    {
        "symbol": "SQ_US",
        "rank_value": 1.5426785284924258,
        "volume": 1802243037.2639997,
        "adr": 6.423418055089081,
        "condi_4": true
    },
    {
        "symbol": "DOCU_US",
        "rank_value": 1.4809992962702323,
        "volume": 1059344585.175,
        "adr": 5.926192224715399,
        "condi_4": true
    },
    {
        "symbol": "CLGX_US",
        "rank_value": 1.4774553571428573,
        "volume": 125720968.28799999,
        "adr": 3.9216001521937605,
        "condi_4": true
    },
    {
        "symbol": "ENPH_US",
        "rank_value": 1.457286432160804,
        "volume": 440917181.17,
        "adr": 9.02884617512525,
        "condi_4": true
    },
    {
        "symbol": "ETSY_US",
        "rank_value": 1.4552336204646306,
        "volume": 302210280.15000004,
        "adr": 5.197142257100795,
        "condi_4": true
    },
    {
        "symbol": "IDEX_US",
        "rank_value": 1.4495798319327728,
        "volume": 112733156.961,
        "adr": 40.93622087615334,
        "condi_4": true
    },
    {
        "symbol": "SHOP_US",
        "rank_value": 1.4482284816959468,
        "volume": 1933748641.0200002,
        "adr": 4.99726447876383,
        "condi_4": true
    },
    {
        "symbol": "COUP_US",
        "rank_value": 1.4429812272345195,
        "volume": 354186306.0,
        "adr": 4.679651764083026,
        "condi_4": true
    },
    {
        "symbol": "NET_US",
        "rank_value": 1.4400418296159412,
        "volume": 270014032.2755,
        "adr": 7.211166034694894,
        "condi_4": true
    },
    {
        "symbol": "TME_US",
        "rank_value": 1.4275,
        "volume": 277991887.311,
        "adr": 5.899946545249657,
        "condi_4": true
    },
    {
        "symbol": "BILI_US",
        "rank_value": 1.415810629745422,
        "volume": 295066670.145,
        "adr": 6.813513550941619,
        "condi_4": true
    }
]