[
    {
        "symbol": "AI_US",
        "rank_value": 62.906976744186046,
        "volume": 846201947.28,
        "adr": 12.73639248297862,
        "condi_4": true
    },
    {
        "symbol": "CRIS_US",
        "rank_value": 7.458715596330276,
        "volume": 202735624.2495,
        "adr": 43.84835631635913,
        "condi_4": true
    },
    {
        "symbol": "QS_US",
        "rank_value": 5.730394669400307,
        "volume": 1944044412.31,
        "adr": 29.439525826371373,
        "condi_4": true
    },
    {
        "symbol": "ARVN_US",
        "rank_value": 3.431355565179732,
        "volume": 162853489.69050002,
        "adr": 15.200992343477871,
        "condi_4": true
    },
    {
        "symbol": "MVIS_US",
        "rank_value": 3.34,
        "volume": 144084838.15399998,
        "adr": 19.548385020049253,
        "condi_4": true
    },
    {
        "symbol": "MARA_US",
        "rank_value": 3.23121387283237,
        "volume": 387796251.167,
        "adr": 22.703096736497976,
        "condi_4": true
    },
    {
        "symbol": "VERU_US",
        "rank_value": 3.068027210884354,
        "volume": 158224977.185,
        "adr": 21.23195529859414,
        "condi_4": true
    },
    {
        "symbol": "EDIT_US",
        "rank_value": 2.8912179255511385,
        "volume": 237829035.28000003,
        "adr": 13.862899447185528,
        "condi_4": true
    },
    {
        "symbol": "LAZR_US",
        "rank_value": 2.7322834645669296,
        "volume": 813490978.5350001,
        "adr": 25.707605701434023,
        "condi_4": true
    },
    {
        "symbol": "RIOT_US",
        "rank_value": 2.3850174216027873,
        "volume": 368221430.424,
        "adr": 20.121268865384966,
        "condi_4": true
    },
    {
        "symbol": "FUBO_US",
        "rank_value": 2.331857881943376,
        "volume": 524709942.62999994,
        "adr": 14.482180318707227,
        "condi_4": true
    },
    {
        "symbol": "BLNK_US",
        "rank_value": 2.3232323232323235,
        "volume": 494423196.215,
        "adr": 17.13831296839208,
        "condi_4": true
    },
    {
        "symbol": "MP_US",
        "rank_value": 2.174452986398581,
        "volume": 152557159.921,
        "adr": 13.296685612139058,
        "condi_4": true
    },
    {
        "symbol": "MGNI_US",
        "rank_value": 2.1530612244897958,
        "volume": 178762646.685,
        "adr": 12.118930468101663,
        "condi_4": true
    },
    {
        "symbol": "TGTX_US",
        "rank_value": 2.073264288454162,
        "volume": 155694424.74499997,
        "adr": 10.041195891636034,
        "condi_4": true
    },
    {
        "symbol": "LK_US",
        "rank_value": 2.064935064935065,
        "volume": 198791688.52800003,
        "adr": 29.12297405710205,
        "condi_4": true
    },
    {
        "symbol": "SNDL_US",
        "rank_value": 2.0479166666666666,
        "volume": 236359339.881975,
        "adr": 29.396172688513666,
        "condi_4": true
    },
    {
        "symbol": "NNDM_US",
        "rank_value": 2.008791208791209,
        "volume": 293628564.39000005,
        "adr": 17.187926517300035,
        "condi_4": true
    },
    {
        "symbol": "SFIX_US",
        "rank_value": 1.954,
        "volume": 300255085.87899995,
        "adr": 9.202786898882142,
        "condi_4": true
    },
    {
        "symbol": "JMIA_US",
        "rank_value": 1.9229166666666666,
        "volume": 789310414.0349998,
        "adr": 17.281037492081673,
        "condi_4": true
    },
    {
        "symbol": "FATE_US",
        "rank_value": 1.9090216977540921,
        "volume": 135598955.125,
        "adr": 8.79641829782203,
        "condi_4": true
    },
    {
        "symbol": "VLDR_US",
        "rank_value": 1.8814285714285715,
        "volume": 275706566.898,
        "adr": 15.061876624127812,
        "condi_4": true
    },
    {
        "symbol": "VSLR_US",
        "rank_value": 1.857451403887689,
        "volume": 111232331.2,
        "adr": 7.61046406019541,
        "condi_4": true
    },
    {
        "symbol": "GOEV_US",
        "rank_value": 1.8325581395348836,
        "volume": 106338713.725,
        "adr": 18.418841890633363,
        "condi_4": true
    },
    {
        "symbol": "SBE_US",
        "rank_value": 1.8281758957654723,
        "volume": 271160587.37,
        "adr": 14.824983390419932,
        "condi_4": true
    },
    {
        "symbol": "CIIC_US",
        "rank_value": 1.8240469208211143,
        "volume": 148857641.785,
        "adr": 17.808049095230196,
        "condi_4": true
    },
    {
        "symbol": "RDFN_US",
        "rank_value": 1.810762150592947,
        "volume": 129298135.38,
        "adr": 5.991909806321161,
        "condi_4": true
    },
    {
        "symbol": "RAD_US",
        "rank_value": 1.7514231499051236,
        "volume": 123473720.435,
        "adr": 10.832877250729766,
        "condi_4": true
    },
    {
        "symbol": "ARCT_US",
        "rank_value": 1.7217235794304224,
        "volume": 134839848.78,
        "adr": 15.804845647723731,
        "condi_4": true
    },
    {
        "symbol": "TWST_US",
        "rank_value": 1.6948876918386013,
        "volume": 104619445.76599999,
        "adr": 9.013649572996375,
        "condi_4": true
    },
    {
        "symbol": "PLUG_US",
        "rank_value": 1.6251685393258426,
        "volume": 1100034155.5679998,
        "adr": 9.874860086472514,
        "condi_4": true
    },
    {
        "symbol": "BE_US",
        "rank_value": 1.616156282998944,
        "volume": 176401228.7775,
        "adr": 12.467998807471625,
        "condi_4": true
    },
    {
        "symbol": "CRWD_US",
        "rank_value": 1.613136574074074,
        "volume": 1069926704.8,
        "adr": 6.577703687360681,
        "condi_4": true
    },
    {
        "symbol": "CRSP_US",
        "rank_value": 1.6051026067665,
        "volume": 257821705.15799996,
        "adr": 8.370597983760097,
        "condi_4": true
    },
    {
        "symbol": "HTZ_US",
        "rank_value": 1.6038613861386137,
        "volume": 146224317.90433,
        "adr": 22.32959405133508,
        "condi_4": true
    },
    {
        "symbol": "SHLL_US",
        "rank_value": 1.58837699488106,
        "volume": 326494481.8375,
        "adr": 16.75419373910849,
        "condi_4": true
    },
    {
        "symbol": "DQ_US",
        "rank_value": 1.578606158833063,
        "volume": 125610395.42999999,
        "adr": 10.929208718124261,
        "condi_4": true
    },
    {
        "symbol": "SKLZ_US",
        "rank_value": 1.5732484076433122,
        "volume": 107361152.39200002,
        "adr": 14.112780508559553,
        "condi_4": true
    },
    {
        "symbol": "PLTR_US",
        "rank_value": 1.5731441048034935,
        "volume": 2454634860.1280003,
        "adr": 14.123836001299184,
        "condi_4": true
    },
    {
        "symbol": "APPS_US",
        "rank_value": 1.565407772304324,
        "volume": 199132210.42000002,
        "adr": 8.343846705206737,
        "condi_4": true
    },
    {
        "symbol": "PTON_US",
        "rank_value": 1.5649543927028324,
        "volume": 1748241122.463,
        "adr": 6.39122435537014,
        "condi_4": true
    },
    {
        "symbol": "MSTR_US",
        "rank_value": 1.550683397863507,
        "volume": 177251180.71100003,
        "adr": 9.982289618460992,
        "condi_4": true
    },
    {
        "symbol": "X_US",
        "rank_value": 1.532126696832579,
        "volume": 243219661.8805,
        "adr": 8.15388522817515,
        "condi_4": true
    },
    {
        "symbol": "CHWY_US",
        "rank_value": 1.5201437771454247,
        "volume": 481639601.625,
        "adr": 7.056592872379541,
        "condi_4": true
    },
    {
        "symbol": "ZS_US",
        "rank_value": 1.4974580854515953,
        "volume": 550120256.655,
        "adr": 5.938281009035684,
        "condi_4": true
    }
]