[
    {
        "symbol": "SPCE_US",
        "rank_value": 2.1418439716312054,
        "volume": 935499726.326,
        "adr": 14.749732417192485,
        "condi_4": true
    },
    {
        "symbol": "ENPH_US",
        "rank_value": 2.0275229357798166,
        "volume": 426681749.871,
        "adr": 8.292387335137796,
        "condi_4": true
    },
    {
        "symbol": "TCO_US",
        "rank_value": 2.0255335365853657,
        "volume": 231336071.265,
        "adr": 5.973572062928989,
        "condi_4": true
    },
    {
        "symbol": "TSLA_US",
        "rank_value": 1.6681421267039707,
        "volume": 14144487658.6,
        "adr": 10.093981439745159,
        "condi_4": true
    },
    {
        "symbol": "PENN_US",
        "rank_value": 1.5500204498977508,
        "volume": 124182402.24810001,
        "adr": 6.426048217935132,
        "condi_4": true
    },
    {
        "symbol": "LK_US",
        "rank_value": 1.502803738317757,
        "volume": 817809325.1100001,
        "adr": 10.847445055085636,
        "condi_4": true
    },
    {
        "symbol": "SEDG_US",
        "rank_value": 1.4822916666666668,
        "volume": 182935486.83,
        "adr": 6.316002648115537,
        "condi_4": true
    },
    {
        "symbol": "GSX_US",
        "rank_value": 1.4781401804302567,
        "volume": 137501014.71,
        "adr": 10.791915275561648,
        "condi_4": true
    },
    {
        "symbol": "ZM_US",
        "rank_value": 1.4730999146029033,
        "volume": 373563947.25,
        "adr": 5.972323873763141,
        "condi_4": true
    },
    {
        "symbol": "CVNA_US",
        "rank_value": 1.4322916666666667,
        "volume": 144516905.5,
        "adr": 5.91073945646452,
        "condi_4": true
    },
    {
        "symbol": "Z_US",
        "rank_value": 1.4294195250659634,
        "volume": 171949912.5135,
        "adr": 4.421446355914904,
        "condi_4": true
    },
    {
        "symbol": "DPZ_US",
        "rank_value": 1.37551836492891,
        "volume": 293314351.475,
        "adr": 3.691210965525893,
        "condi_4": true
    },
    {
        "symbol": "TEVA_US",
        "rank_value": 1.3752620545073375,
        "volume": 291314285.68,
        "adr": 5.847220693051547,
        "condi_4": true
    },
    {
        "symbol": "TAL_US",
        "rank_value": 1.3655568312284732,
        "volume": 214107411.6505,
        "adr": 4.751655417891554,
        "condi_4": true
    },
    {
        "symbol": "TNDM_US",
        "rank_value": 1.3352487524572811,
        "volume": 131804791.89999999,
        "adr": 4.8867396497568105,
        "condi_4": true
    },
    {
        "symbol": "BILI_US",
        "rank_value": 1.3157380254154447,
        "volume": 148948637.276,
        "adr": 6.437850347575469,
        "condi_4": true
    },
    {
        "symbol": "NLOK_US",
        "rank_value": 1.3010012515644556,
        "volume": 190143770.355,
        "adr": 3.9096096305363037,
        "condi_4": true
    },
    {
        "symbol": "DXCM_US",
        "rank_value": 1.2845958760613079,
        "volume": 201684567.0,
        "adr": 4.403703192175934,
        "condi_4": true
    },
    {
        "symbol": "ETFC_US",
        "rank_value": 1.2732253454025728,
        "volume": 236202763.07750002,
        "adr": 3.848623250933625,
        "condi_4": true
    },
    {
        "symbol": "ZNGA_US",
        "rank_value": 1.2696428571428573,
        "volume": 180236980.59300002,
        "adr": 4.229966534622309,
        "condi_4": true
    }
]