[
    {
        "symbol": "CHK_US",
        "rank_value": 124.27480916030535,
        "volume": 600155801.96,
        "adr": 33.38881885992233,
        "condi_4": true
    },
    {
        "symbol": "NBR_US",
        "rank_value": 69.28610957387936,
        "volume": 129009566.82,
        "adr": 21.62151767098015,
        "condi_4": true
    },
    {
        "symbol": "CAPR_US",
        "rank_value": 7.113402061855671,
        "volume": 100297292.89500001,
        "adr": 41.38160745520458,
        "condi_4": true
    },
    {
        "symbol": "APA_US",
        "rank_value": 2.653508771929825,
        "volume": 369493666.465,
        "adr": 18.097077244260905,
        "condi_4": true
    },
    {
        "symbol": "ERI_US",
        "rank_value": 1.939383490073145,
        "volume": 122648575.174375,
        "adr": 15.910377945894915,
        "condi_4": true
    },
    {
        "symbol": "EQT_US",
        "rank_value": 1.8683181225554106,
        "volume": 125322978.45849998,
        "adr": 11.609100616257928,
        "condi_4": true
    },
    {
        "symbol": "CODX_US",
        "rank_value": 1.7803030303030303,
        "volume": 120198042.99000001,
        "adr": 16.11734579304207,
        "condi_4": true
    },
    {
        "symbol": "WYNN_US",
        "rank_value": 1.735338671283272,
        "volume": 483467161.914,
        "adr": 10.099292905508662,
        "condi_4": true
    },
    {
        "symbol": "MPC_US",
        "rank_value": 1.7170224411603723,
        "volume": 320849484.9395,
        "adr": 11.34308808463742,
        "condi_4": true
    },
    {
        "symbol": "RCL_US",
        "rank_value": 1.701123595505618,
        "volume": 856888019.79,
        "adr": 14.479725266690524,
        "condi_4": true
    },
    {
        "symbol": "MRO_US",
        "rank_value": 1.6996996996996998,
        "volume": 277763699.393,
        "adr": 13.240807221784689,
        "condi_4": true
    }
]