[
    {
        "symbol": "ERI_US",
        "rank_value": 2.853820598006645,
        "volume": 117040389.831,
        "adr": 31.35225292287769,
        "condi_4": true
    },
    {
        "symbol": "CODX_US",
        "rank_value": 2.529085872576178,
        "volume": 153426608.34050003,
        "adr": 52.41050707242101,
        "condi_4": true
    },
    {
        "symbol": "MGM_US",
        "rank_value": 2.233860443043338,
        "volume": 364425955.485,
        "adr": 23.838777053712114,
        "condi_4": true
    },
    {
        "symbol": "CZR_US",
        "rank_value": 2.1894409937888195,
        "volume": 219121635.5025,
        "adr": 22.52993094500968,
        "condi_4": true
    },
    {
        "symbol": "H_US",
        "rank_value": 2.1856786011656952,
        "volume": 104416950.75,
        "adr": 15.418736670835598,
        "condi_4": true
    },
    {
        "symbol": "PLNT_US",
        "rank_value": 2.114009255363904,
        "volume": 182129140.125,
        "adr": 18.29077366036611,
        "condi_4": true
    },
    {
        "symbol": "FTSV_US",
        "rank_value": 2.0860000000000003,
        "volume": 309185204.265,
        "adr": 8.800085358196474,
        "condi_4": true
    },
    {
        "symbol": "CCL_US",
        "rank_value": 2.0569620253164556,
        "volume": 667992463.9375,
        "adr": 24.06123402765552,
        "condi_4": true
    },
    {
        "symbol": "ARMK_US",
        "rank_value": 2.0207253886010363,
        "volume": 112181961.44999999,
        "adr": 22.248108068482896,
        "condi_4": true
    },
    {
        "symbol": "WELL_US",
        "rank_value": 1.9365471775854965,
        "volume": 275154800.15000004,
        "adr": 16.47536282070692,
        "condi_4": true
    },
    {
        "symbol": "UBER_US",
        "rank_value": 1.9336250911743253,
        "volume": 1301580635.4045002,
        "adr": 15.78036156026974,
        "condi_4": true
    },
    {
        "symbol": "INO_US",
        "rank_value": 1.8777777777777778,
        "volume": 413579638.186,
        "adr": 47.22990736613946,
        "condi_4": true
    },
    {
        "symbol": "SPCE_US",
        "rank_value": 1.804635761589404,
        "volume": 289065719.99250007,
        "adr": 23.222470282831644,
        "condi_4": true
    }
]