[
    {
        "symbol": "MFA_US",
        "rank_value": 6.411582213029989,
        "volume": 130749290.36400002,
        "adr": 106.74201388845863,
        "condi_4": true
    },
    {
        "symbol": "APRN_US",
        "rank_value": 5.8048780487804885,
        "volume": 102432578.42999999,
        "adr": 46.47125824198317,
        "condi_4": true
    },
    {
        "symbol": "PENN_US",
        "rank_value": 3.893333333333333,
        "volume": 201539179.64,
        "adr": 37.305673189629914,
        "condi_4": true
    },
    {
        "symbol": "W_US",
        "rank_value": 3.7603686635944698,
        "volume": 408530759.04,
        "adr": 22.167396237126667,
        "condi_4": true
    },
    {
        "symbol": "ERI_US",
        "rank_value": 2.8903654485049834,
        "volume": 138815757.54,
        "adr": 33.40747771016726,
        "condi_4": true
    },
    {
        "symbol": "TLRY_US",
        "rank_value": 2.6954732510288064,
        "volume": 122819443.0,
        "adr": 31.97659245149318,
        "condi_4": true
    },
    {
        "symbol": "NBL_US",
        "rank_value": 2.67032967032967,
        "volume": 114010192.6425,
        "adr": 22.581987475034882,
        "condi_4": true
    },
    {
        "symbol": "NVAX_US",
        "rank_value": 2.6144756277695715,
        "volume": 126070279.305,
        "adr": 19.74435083036998,
        "condi_4": true
    },
    {
        "symbol": "OHI_US",
        "rank_value": 2.533383345836459,
        "volume": 120342542.36400002,
        "adr": 16.87643848529403,
        "condi_4": true
    },
    {
        "symbol": "WEN_US",
        "rank_value": 2.4677419354838706,
        "volume": 126597158.42399998,
        "adr": 18.596676647493695,
        "condi_4": true
    },
    {
        "symbol": "CZR_US",
        "rank_value": 2.4472049689440993,
        "volume": 179050311.51,
        "adr": 24.707645575129966,
        "condi_4": true
    },
    {
        "symbol": "VTR_US",
        "rank_value": 2.4398651180217312,
        "volume": 228843012.50800002,
        "adr": 21.28464606351819,
        "condi_4": true
    },
    {
        "symbol": "OKE_US",
        "rank_value": 2.412828947368421,
        "volume": 253631287.71,
        "adr": 21.240248169692943,
        "condi_4": true
    },
    {
        "symbol": "MGM_US",
        "rank_value": 2.398264436195997,
        "volume": 502016397.6975,
        "adr": 24.68141260778762,
        "condi_4": true
    },
    {
        "symbol": "PLNT_US",
        "rank_value": 2.3559108119478336,
        "volume": 212505305.6,
        "adr": 19.217497799642878,
        "condi_4": true
    },
    {
        "symbol": "DRI_US",
        "rank_value": 2.351434034416826,
        "volume": 335775014.9325,
        "adr": 22.011694485345412,
        "condi_4": true
    },
    {
        "symbol": "FANG_US",
        "rank_value": 2.3230240549828176,
        "volume": 185566123.6,
        "adr": 19.458055506954164,
        "condi_4": true
    },
    {
        "symbol": "ARMK_US",
        "rank_value": 2.3129533678756475,
        "volume": 125108003.736,
        "adr": 23.883848489757376,
        "condi_4": true
    },
    {
        "symbol": "APA_US",
        "rank_value": 2.234184210526316,
        "volume": 237514866.580725,
        "adr": 24.173845794742622,
        "condi_4": true
    },
    {
        "symbol": "USFD_US",
        "rank_value": 2.1634615384615383,
        "volume": 107326313.10000001,
        "adr": 22.1050482711862,
        "condi_4": true
    },
    {
        "symbol": "WELL_US",
        "rank_value": 2.1623403378656776,
        "volume": 290239149.56799996,
        "adr": 16.80705076102489,
        "condi_4": true
    },
    {
        "symbol": "H_US",
        "rank_value": 2.1565362198168194,
        "volume": 112491482.94999999,
        "adr": 17.851777172977478,
        "condi_4": true
    },
    {
        "symbol": "HIG_US",
        "rank_value": 2.1486344537815127,
        "volume": 179178837.11799997,
        "adr": 13.652756794540588,
        "condi_4": true
    },
    {
        "symbol": "LYFT_US",
        "rank_value": 2.124751917701917,
        "volume": 333998392.18200004,
        "adr": 16.446902255475738,
        "condi_4": true
    },
    {
        "symbol": "DVN_US",
        "rank_value": 2.1042553191489364,
        "volume": 141119838.85250002,
        "adr": 19.502082609915526,
        "condi_4": true
    },
    {
        "symbol": "APTV_US",
        "rank_value": 2.078713210130048,
        "volume": 174270409.54,
        "adr": 15.189407202488647,
        "condi_4": true
    },
    {
        "symbol": "UBER_US",
        "rank_value": 2.049598832968636,
        "volume": 1258884646.335,
        "adr": 15.230241952258883,
        "condi_4": true
    }
]