[
    {
        "symbol": "OVV_US",
        "rank_value": 4.203297297297297,
        "volume": 245592731.15331998,
        "adr": 11.183082510154962,
        "condi_4": true
    },
    {
        "symbol": "SDC_US",
        "rank_value": 1.6292134831460676,
        "volume": 202188621.3975,
        "adr": 12.155455583942532,
        "condi_4": true
    },
    {
        "symbol": "BYND_US",
        "rank_value": 1.4343762698090208,
        "volume": 1570848683.3100002,
        "adr": 11.737422409166376,
        "condi_4": true
    },
    {
        "symbol": "AYX_US",
        "rank_value": 1.399020685520136,
        "volume": 155192898.0,
        "adr": 4.399749323633584,
        "condi_4": true
    },
    {
        "symbol": "NIO_US",
        "rank_value": 1.3478260869565217,
        "volume": 380055299.57850003,
        "adr": 13.800704423215105,
        "condi_4": true
    },
    {
        "symbol": "LB_US",
        "rank_value": 1.3122807017543858,
        "volume": 173928607.24800003,
        "adr": 4.473342326472118,
        "condi_4": true
    },
    {
        "symbol": "TNDM_US",
        "rank_value": 1.2969283276450512,
        "volume": 102699905.8,
        "adr": 4.563622273791901,
        "condi_4": true
    },
    {
        "symbol": "MDB_US",
        "rank_value": 1.2928299492385786,
        "volume": 155127254.85,
        "adr": 4.443771466314561,
        "condi_4": true
    },
    {
        "symbol": "ENPH_US",
        "rank_value": 1.2749615975422428,
        "volume": 148120038.74,
        "adr": 5.596107631655967,
        "condi_4": true
    },
    {
        "symbol": "TEAM_US",
        "rank_value": 1.2597633136094675,
        "volume": 235140547.404,
        "adr": 3.940018826151004,
        "condi_4": true
    },
    {
        "symbol": "TDOC_US",
        "rank_value": 1.2583025830258303,
        "volume": 117948385.99499999,
        "adr": 4.600079718354277,
        "condi_4": true
    },
    {
        "symbol": "CRWD_US",
        "rank_value": 1.2484586929716401,
        "volume": 367205097.2625,
        "adr": 5.098933791043203,
        "condi_4": true
    },
    {
        "symbol": "PINS_US",
        "rank_value": 1.2307268722466962,
        "volume": 292114298.85,
        "adr": 4.998629957949863,
        "condi_4": true
    },
    {
        "symbol": "ZS_US",
        "rank_value": 1.2219354838709677,
        "volume": 115969066.005,
        "adr": 5.060515846475333,
        "condi_4": true
    }
]