[
    {
        "symbol": "ATNM_US",
        "rank_value": 28.890176760359317,
        "volume": 258078524.2315,
        "adr": 20.13168245410961,
        "condi_4": true
    },
    {
        "symbol": "ACHV_US",
        "rank_value": 24.605263157894736,
        "volume": 120033585.21,
        "adr": 31.36195498827714,
        "condi_4": true
    },
    {
        "symbol": "CPE_US",
        "rank_value": 11.156626506024097,
        "volume": 132900459.42699999,
        "adr": 12.879372859337469,
        "condi_4": true
    },
    {
        "symbol": "MCRB_US",
        "rank_value": 7.520435967302453,
        "volume": 179419575.3,
        "adr": 41.29261421520296,
        "condi_4": true
    },
    {
        "symbol": "MARA_US",
        "rank_value": 4.375,
        "volume": 154710715.9675,
        "adr": 34.34026766575371,
        "condi_4": true
    },
    {
        "symbol": "KODK_US",
        "rank_value": 4.1911764705882355,
        "volume": 403018557.57,
        "adr": 64.77300581358043,
        "condi_4": true
    },
    {
        "symbol": "MIST_US",
        "rank_value": 2.606707317073171,
        "volume": 123785063.8875,
        "adr": 21.239021908141552,
        "condi_4": true
    },
    {
        "symbol": "OSTK_US",
        "rank_value": 2.193892956895901,
        "volume": 540868000.35,
        "adr": 12.960987628817723,
        "condi_4": true
    },
    {
        "symbol": "SRNE_US",
        "rank_value": 2.0671140939597317,
        "volume": 810710236.952,
        "adr": 21.898819393869218,
        "condi_4": true
    },
    {
        "symbol": "LK_US",
        "rank_value": 2.064935064935065,
        "volume": 198791688.52800003,
        "adr": 29.12297405710205,
        "condi_4": true
    },
    {
        "symbol": "BLNK_US",
        "rank_value": 2.0537037037037034,
        "volume": 103013985.284,
        "adr": 20.921626867000786,
        "condi_4": true
    },
    {
        "symbol": "JMIA_US",
        "rank_value": 1.832187070151307,
        "volume": 216175456.152,
        "adr": 24.260496463214174,
        "condi_4": true
    },
    {
        "symbol": "PENN_US",
        "rank_value": 1.6553672316384183,
        "volume": 453834471.81600004,
        "adr": 9.850818680986295,
        "condi_4": true
    },
    {
        "symbol": "PLUG_US",
        "rank_value": 1.6096181046676097,
        "volume": 282613108.374,
        "adr": 10.796546278516296,
        "condi_4": true
    },
    {
        "symbol": "NKLA_US",
        "rank_value": 1.5820689655172415,
        "volume": 983136212.4080001,
        "adr": 12.152133002315079,
        "condi_4": true
    },
    {
        "symbol": "EBS_US",
        "rank_value": 1.5573580533024336,
        "volume": 164729570.88,
        "adr": 7.455974974713264,
        "condi_4": true
    },
    {
        "symbol": "LB_US",
        "rank_value": 1.530782990017887,
        "volume": 175111835.395,
        "adr": 6.112036880104688,
        "condi_4": true
    },
    {
        "symbol": "AMD_US",
        "rank_value": 1.5128395980647562,
        "volume": 6638890476.285,
        "adr": 7.173830911802748,
        "condi_4": true
    },
    {
        "symbol": "ADT_US",
        "rank_value": 1.5,
        "volume": 152588062.2135,
        "adr": 12.387163880386298,
        "condi_4": true
    },
    {
        "symbol": "W_US",
        "rank_value": 1.4824024483550113,
        "volume": 614662652.5,
        "adr": 7.102353094627922,
        "condi_4": true
    },
    {
        "symbol": "PINS_US",
        "rank_value": 1.4719864176570459,
        "volume": 634462807.404,
        "adr": 7.261550496435865,
        "condi_4": true
    },
    {
        "symbol": "CVNA_US",
        "rank_value": 1.471667102461619,
        "volume": 336573164.3505,
        "adr": 7.299856115804593,
        "condi_4": true
    },
    {
        "symbol": "FTCH_US",
        "rank_value": 1.4122893954410307,
        "volume": 131828269.05,
        "adr": 7.140858408017103,
        "condi_4": true
    }
]