[
    {
        "symbol": "ACB_US",
        "rank_value": 21.62121212121212,
        "volume": 371780285.62200004,
        "adr": 21.839771182777245,
        "condi_4": true
    },
    {
        "symbol": "QLGN_US",
        "rank_value": 20.12779552715655,
        "volume": 184069474.785,
        "adr": 34.16981993161152,
        "condi_4": true
    },
    {
        "symbol": "MARK_US",
        "rank_value": 6.592039800995024,
        "volume": 199649415.035,
        "adr": 41.70656857926378,
        "condi_4": true
    },
    {
        "symbol": "MGNX_US",
        "rank_value": 2.972350230414747,
        "volume": 145095119.73000002,
        "adr": 29.611809674577174,
        "condi_4": true
    },
    {
        "symbol": "NVAX_US",
        "rank_value": 2.827544180377818,
        "volume": 560347966.72,
        "adr": 21.448770478622393,
        "condi_4": true
    },
    {
        "symbol": "PENN_US",
        "rank_value": 2.3291404612159328,
        "volume": 612307451.4645,
        "adr": 13.402270655667392,
        "condi_4": true
    },
    {
        "symbol": "CAR_US",
        "rank_value": 2.3093114406779662,
        "volume": 164643744.75,
        "adr": 15.89017131323387,
        "condi_4": true
    },
    {
        "symbol": "SRNE_US",
        "rank_value": 2.293577981651376,
        "volume": 311665626.0,
        "adr": 30.179091419137304,
        "condi_4": true
    },
    {
        "symbol": "NKLA_US",
        "rank_value": 2.2820109976433622,
        "volume": 206517716.57999998,
        "adr": 16.67685467985325,
        "condi_4": true
    },
    {
        "symbol": "VTIQ_US",
        "rank_value": 2.2820109976433622,
        "volume": 206517861.82999998,
        "adr": 16.67685467985325,
        "condi_4": true
    },
    {
        "symbol": "ERI_US",
        "rank_value": 2.114133648728563,
        "volume": 270470187.4875,
        "adr": 13.29710424367918,
        "condi_4": true
    },
    {
        "symbol": "SAVE_US",
        "rank_value": 1.8289655172413792,
        "volume": 291565123.863,
        "adr": 14.519760967009198,
        "condi_4": true
    },
    {
        "symbol": "MYOK_US",
        "rank_value": 1.7861452219499687,
        "volume": 106030230.75892998,
        "adr": 10.922094330509125,
        "condi_4": true
    },
    {
        "symbol": "NCLH_US",
        "rank_value": 1.7207792207792207,
        "volume": 1107581323.7250001,
        "adr": 14.572043072080776,
        "condi_4": true
    },
    {
        "symbol": "LB_US",
        "rank_value": 1.6873727087576376,
        "volume": 161655502.43649998,
        "adr": 12.044505652949367,
        "condi_4": true
    },
    {
        "symbol": "RCL_US",
        "rank_value": 1.6746259153135945,
        "volume": 965441463.67,
        "adr": 11.227931582818718,
        "condi_4": true
    },
    {
        "symbol": "LK_US",
        "rank_value": 1.669172932330827,
        "volume": 146348627.766,
        "adr": 57.99527125741521,
        "condi_4": true
    },
    {
        "symbol": "CODX_US",
        "rank_value": 1.6269477543538038,
        "volume": 167969212.9375,
        "adr": 20.413066117152923,
        "condi_4": true
    },
    {
        "symbol": "LVGO_US",
        "rank_value": 1.6009064249533458,
        "volume": 158628983.75249997,
        "adr": 9.95198223067899,
        "condi_4": true
    },
    {
        "symbol": "UAL_US",
        "rank_value": 1.5841584158415842,
        "volume": 1580142666.24,
        "adr": 11.430372840652936,
        "condi_4": true
    },
    {
        "symbol": "STNE_US",
        "rank_value": 1.5571893100793064,
        "volume": 164363509.5375,
        "adr": 10.34073356941201,
        "condi_4": true
    },
    {
        "symbol": "CHGG_US",
        "rank_value": 1.5296019900497513,
        "volume": 320988520.7815,
        "adr": 8.207491108036091,
        "condi_4": true
    }
]