[
    {
        "symbol": "ATNM_US",
        "rank_value": 24.194444444444446,
        "volume": 101239063.19800001,
        "adr": 15.257269919698313,
        "condi_4": true
    },
    {
        "symbol": "MCRB_US",
        "rank_value": 6.607629427792916,
        "volume": 164303226.9,
        "adr": 41.59668268011178,
        "condi_4": true
    },
    {
        "symbol": "KODK_US",
        "rank_value": 2.2142857142857144,
        "volume": 185435556.65,
        "adr": 31.943016745753038,
        "condi_4": true
    },
    {
        "symbol": "GRPN_US",
        "rank_value": 2.1264214046822745,
        "volume": 139049062.625,
        "adr": 11.773464410633805,
        "condi_4": true
    },
    {
        "symbol": "SHLL_US",
        "rank_value": 2.0982721382289418,
        "volume": 180270115.781,
        "adr": 10.924327485998964,
        "condi_4": true
    },
    {
        "symbol": "GRWG_US",
        "rank_value": 2.065096952908587,
        "volume": 157214726.4975,
        "adr": 16.091929464907917,
        "condi_4": true
    },
    {
        "symbol": "LK_US",
        "rank_value": 2.064935064935065,
        "volume": 198791688.52800003,
        "adr": 29.12297405710205,
        "condi_4": true
    },
    {
        "symbol": "APPS_US",
        "rank_value": 1.9541666666666666,
        "volume": 110019502.04,
        "adr": 11.723545815676273,
        "condi_4": true
    },
    {
        "symbol": "MNTA_US",
        "rank_value": 1.9411764705882353,
        "volume": 249758673.87899998,
        "adr": 8.563774008358372,
        "condi_4": true
    },
    {
        "symbol": "OSTK_US",
        "rank_value": 1.930815390045888,
        "volume": 755567621.08,
        "adr": 13.548184384605499,
        "condi_4": true
    },
    {
        "symbol": "IRTC_US",
        "rank_value": 1.7916666666666667,
        "volume": 103020636.25,
        "adr": 9.261438735966498,
        "condi_4": true
    },
    {
        "symbol": "PENN_US",
        "rank_value": 1.6777265745007681,
        "volume": 420879297.305,
        "adr": 8.493738179209487,
        "condi_4": true
    },
    {
        "symbol": "LB_US",
        "rank_value": 1.600629755969562,
        "volume": 195578129.85,
        "adr": 4.986800694182358,
        "condi_4": true
    },
    {
        "symbol": "MGM_US",
        "rank_value": 1.5010238907849829,
        "volume": 436928571.08849996,
        "adr": 6.724064559629839,
        "condi_4": true
    },
    {
        "symbol": "PINS_US",
        "rank_value": 1.4315701091519732,
        "volume": 711386147.2850001,
        "adr": 7.2741687752195805,
        "condi_4": true
    },
    {
        "symbol": "ADT_US",
        "rank_value": 1.4156010230179028,
        "volume": 145623502.053,
        "adr": 12.273523461213065,
        "condi_4": true
    },
    {
        "symbol": "RUN_US",
        "rank_value": 1.392847164012294,
        "volume": 200348249.1925,
        "adr": 7.836703478209017,
        "condi_4": true
    },
    {
        "symbol": "RCL_US",
        "rank_value": 1.3767228177641653,
        "volume": 529642768.228,
        "adr": 6.163385268590327,
        "condi_4": true
    },
    {
        "symbol": "GPS_US",
        "rank_value": 1.3573590616723419,
        "volume": 163861391.505,
        "adr": 5.555008341423928,
        "condi_4": true
    },
    {
        "symbol": "UTX_US",
        "rank_value": 1.3554042306577805,
        "volume": 950956822.1374999,
        "adr": 12.586647686893482,
        "condi_4": true
    },
    {
        "symbol": "AAPL_US",
        "rank_value": 1.3547280087938014,
        "volume": 19801346681.87,
        "adr": 3.5113707709450104,
        "condi_4": true
    },
    {
        "symbol": "NKLA_US",
        "rank_value": 1.339655172413793,
        "volume": 652783577.9850001,
        "adr": 11.076261415558086,
        "condi_4": true
    }
]