[
    {
        "symbol": "ITCI_US",
        "rank_value": 3.127461139896373,
        "volume": 164458451.01299998,
        "adr": 20.532116597326542,
        "condi_4": true
    },
    {
        "symbol": "AXSM_US",
        "rank_value": 2.2564102564102564,
        "volume": 154477061.2,
        "adr": 12.813990250172802,
        "condi_4": true
    },
    {
        "symbol": "ARQL_US",
        "rank_value": 2.133262260127932,
        "volume": 170144214.5925,
        "adr": 5.419574597600185,
        "condi_4": true
    },
    {
        "symbol": "RAD_US",
        "rank_value": 1.5994659546061416,
        "volume": 162656113.9,
        "adr": 15.752656926467878,
        "condi_4": true
    },
    {
        "symbol": "NIO_US",
        "rank_value": 1.4360189573459716,
        "volume": 228386641.02149996,
        "adr": 14.68246160068758,
        "condi_4": true
    },
    {
        "symbol": "RIG_US",
        "rank_value": 1.3541666666666667,
        "volume": 105704047.3775,
        "adr": 4.9864692896632645,
        "condi_4": true
    }
]