[
    {
        "symbol": "UONE_US",
        "rank_value": 17.6,
        "volume": 184306598.3,
        "adr": 105.97298277508389,
        "condi_4": true
    },
    {
        "symbol": "GRPN_US",
        "rank_value": 17.500000000000004,
        "volume": 171225902.05,
        "adr": 15.36506893615277,
        "condi_4": true
    },
    {
        "symbol": "XSPA_US",
        "rank_value": 6.173333333333333,
        "volume": 197666017.8035,
        "adr": 32.389863497005564,
        "condi_4": true
    },
    {
        "symbol": "IDEX_US",
        "rank_value": 6.082725060827251,
        "volume": 141174030.48749998,
        "adr": 39.72476294483047,
        "condi_4": true
    },
    {
        "symbol": "WKHS_US",
        "rank_value": 3.635245901639344,
        "volume": 128048450.92499998,
        "adr": 20.219500716983863,
        "condi_4": true
    },
    {
        "symbol": "NKLA_US",
        "rank_value": 2.7073820395738206,
        "volume": 1237530103.9225,
        "adr": 26.22842998671753,
        "condi_4": true
    },
    {
        "symbol": "HTZ_US",
        "rank_value": 2.5714285714285716,
        "volume": 252023535.837,
        "adr": 59.004604051021545,
        "condi_4": true
    },
    {
        "symbol": "LK_US",
        "rank_value": 2.064935064935065,
        "volume": 198791688.52800003,
        "adr": 29.12297405710205,
        "condi_4": true
    },
    {
        "symbol": "GSX_US",
        "rank_value": 2.0490230905861457,
        "volume": 333263855.848,
        "adr": 10.154797929096704,
        "condi_4": true
    },
    {
        "symbol": "NIO_US",
        "rank_value": 1.9694444444444443,
        "volume": 685453139.0245,
        "adr": 11.810232834843305,
        "condi_4": true
    },
    {
        "symbol": "NVTA_US",
        "rank_value": 1.826544021024967,
        "volume": 107633333.67,
        "adr": 10.497049606824183,
        "condi_4": true
    },
    {
        "symbol": "PLUG_US",
        "rank_value": 1.8213399503722083,
        "volume": 164022814.183,
        "adr": 10.857973233134866,
        "condi_4": true
    },
    {
        "symbol": "GNUS_US",
        "rank_value": 1.731543624161074,
        "volume": 260601090.726,
        "adr": 52.69038698246047,
        "condi_4": true
    },
    {
        "symbol": "SRNE_US",
        "rank_value": 1.6692913385826773,
        "volume": 161901592.272,
        "adr": 13.405301787259983,
        "condi_4": true
    },
    {
        "symbol": "ZS_US",
        "rank_value": 1.5981669769440068,
        "volume": 503140073.75999993,
        "adr": 6.889856047038245,
        "condi_4": true
    },
    {
        "symbol": "YY_US",
        "rank_value": 1.59462656302805,
        "volume": 117326625.50299999,
        "adr": 6.193964442713851,
        "condi_4": true
    },
    {
        "symbol": "GDS_US",
        "rank_value": 1.5297758604520304,
        "volume": 124400931.484,
        "adr": 4.875028749054011,
        "condi_4": true
    },
    {
        "symbol": "TTD_US",
        "rank_value": 1.5241635687732342,
        "volume": 539520865.5,
        "adr": 5.628087315792696,
        "condi_4": true
    },
    {
        "symbol": "LVGO_US",
        "rank_value": 1.501866427365128,
        "volume": 222984637.86,
        "adr": 8.146983116867146,
        "condi_4": true
    },
    {
        "symbol": "CRWD_US",
        "rank_value": 1.4753160742328708,
        "volume": 813079727.675,
        "adr": 6.9392301839308335,
        "condi_4": true
    },
    {
        "symbol": "ETSY_US",
        "rank_value": 1.4705118961788033,
        "volume": 276394507.37,
        "adr": 5.922968292148334,
        "condi_4": true
    },
    {
        "symbol": "PDD_US",
        "rank_value": 1.4695830485304169,
        "volume": 642584840.5,
        "adr": 6.8098600961309375,
        "condi_4": true
    },
    {
        "symbol": "BILI_US",
        "rank_value": 1.4674770039421814,
        "volume": 249804648.3135,
        "adr": 5.733858915051426,
        "condi_4": true
    },
    {
        "symbol": "OXY_US",
        "rank_value": 1.4622213454330244,
        "volume": 935103758.8030001,
        "adr": 11.89258250535319,
        "condi_4": true
    },
    {
        "symbol": "IQ_US",
        "rank_value": 1.4516129032258065,
        "volume": 269872530.75,
        "adr": 8.484320356952813,
        "condi_4": true
    },
    {
        "symbol": "DDOG_US",
        "rank_value": 1.44896,
        "volume": 367044968.704,
        "adr": 6.281617548213991,
        "condi_4": true
    }
]