[
    {
        "symbol": "ATNM_US",
        "rank_value": 23.805555555555557,
        "volume": 112659565.5615,
        "adr": 15.560459582005869,
        "condi_4": true
    },
    {
        "symbol": "MCRB_US",
        "rank_value": 6.267029972752043,
        "volume": 156069591.20000002,
        "adr": 41.57964804301635,
        "condi_4": true
    },
    {
        "symbol": "KODK_US",
        "rank_value": 3.1690140845070425,
        "volume": 284197813.9875,
        "adr": 53.01952204720881,
        "condi_4": true
    },
    {
        "symbol": "GEVO_US",
        "rank_value": 2.8174525533163766,
        "volume": 104677145.28,
        "adr": 28.853201438540378,
        "condi_4": true
    },
    {
        "symbol": "SHLL_US",
        "rank_value": 2.1772853185595564,
        "volume": 173971618.875,
        "adr": 10.50327363440835,
        "condi_4": true
    },
    {
        "symbol": "GRPN_US",
        "rank_value": 2.159197324414716,
        "volume": 139013377.764,
        "adr": 11.537632357554628,
        "condi_4": true
    },
    {
        "symbol": "OSTK_US",
        "rank_value": 2.1324778260049064,
        "volume": 777231995.25,
        "adr": 13.755348114847376,
        "condi_4": true
    },
    {
        "symbol": "GRWG_US",
        "rank_value": 2.071629213483146,
        "volume": 151273457.1,
        "adr": 16.024325195269682,
        "condi_4": true
    },
    {
        "symbol": "LK_US",
        "rank_value": 2.064935064935065,
        "volume": 198791688.52800003,
        "adr": 29.12297405710205,
        "condi_4": true
    },
    {
        "symbol": "APPS_US",
        "rank_value": 2.0616666666666665,
        "volume": 110847624.428,
        "adr": 11.378866713332059,
        "condi_4": true
    },
    {
        "symbol": "MNTA_US",
        "rank_value": 1.9448994787788534,
        "volume": 244244747.90800002,
        "adr": 8.80888578148351,
        "condi_4": true
    },
    {
        "symbol": "KNDI_US",
        "rank_value": 1.8469656992084433,
        "volume": 116704836.5,
        "adr": 37.17399715661547,
        "condi_4": true
    },
    {
        "symbol": "PLUG_US",
        "rank_value": 1.8147100424328146,
        "volume": 393374968.121,
        "adr": 11.143630256592353,
        "condi_4": true
    },
    {
        "symbol": "IRTC_US",
        "rank_value": 1.7957240688157676,
        "volume": 101408753.745,
        "adr": 9.297474975352715,
        "condi_4": true
    },
    {
        "symbol": "PENN_US",
        "rank_value": 1.7570621468926553,
        "volume": 456007957.83,
        "adr": 9.061972655576511,
        "condi_4": true
    },
    {
        "symbol": "W_US",
        "rank_value": 1.531421322096869,
        "volume": 755914911.6999999,
        "adr": 6.726924018007674,
        "condi_4": true
    },
    {
        "symbol": "CZR_US",
        "rank_value": 1.529759832927254,
        "volume": 198316738.6875,
        "adr": 7.264814124382379,
        "condi_4": true
    },
    {
        "symbol": "MGM_US",
        "rank_value": 1.513314084055181,
        "volume": 454814427.69382995,
        "adr": 6.910742590549335,
        "condi_4": true
    },
    {
        "symbol": "TSLA_US",
        "rank_value": 1.5003663003663004,
        "volume": 14098875596.8,
        "adr": 5.939079450878415,
        "condi_4": true
    },
    {
        "symbol": "ADT_US",
        "rank_value": 1.4450127877237853,
        "volume": 150039593.13,
        "adr": 12.604445649043704,
        "condi_4": true
    },
    {
        "symbol": "PINS_US",
        "rank_value": 1.4248530646515531,
        "volume": 708762864.981,
        "adr": 7.337058269301755,
        "condi_4": true
    },
    {
        "symbol": "RUN_US",
        "rank_value": 1.4216289466331378,
        "volume": 219705990.72324002,
        "adr": 8.146701232909216,
        "condi_4": true
    },
    {
        "symbol": "RCL_US",
        "rank_value": 1.400131262305841,
        "volume": 536520777.6,
        "adr": 6.188192074674292,
        "condi_4": true
    },
    {
        "symbol": "GNRC_US",
        "rank_value": 1.3833877672209027,
        "volume": 120385216.93800001,
        "adr": 4.055777282684714,
        "condi_4": true
    },
    {
        "symbol": "CVNA_US",
        "rank_value": 1.3760532753465615,
        "volume": 334442064.375,
        "adr": 7.597470438391585,
        "condi_4": true
    },
    {
        "symbol": "NKLA_US",
        "rank_value": 1.3620689655172413,
        "volume": 672601315.3,
        "adr": 11.131404309883841,
        "condi_4": true
    },
    {
        "symbol": "UTX_US",
        "rank_value": 1.3554042306577805,
        "volume": 950956822.1374999,
        "adr": 12.586647686893482,
        "condi_4": true
    },
    {
        "symbol": "UPS_US",
        "rank_value": 1.3501786625829504,
        "volume": 759570947.7449999,
        "adr": 3.5061743556381364,
        "condi_4": true
    },
    {
        "symbol": "AAPL_US",
        "rank_value": 1.3455510072174943,
        "volume": 19253696763.263,
        "adr": 3.5462865933138854,
        "condi_4": true
    }
]