[
    {
        "symbol": "CHK_US",
        "rank_value": 113.7412213740458,
        "volume": 480427158.366705,
        "adr": 33.58281840876059,
        "condi_4": true
    },
    {
        "symbol": "NBR_US",
        "rank_value": 70.11621472053126,
        "volume": 119759475.36,
        "adr": 21.149090073677044,
        "condi_4": true
    },
    {
        "symbol": "W_US",
        "rank_value": 3.426229786944619,
        "volume": 752353851.015,
        "adr": 13.422097040651337,
        "condi_4": true
    },
    {
        "symbol": "IMMU_US",
        "rank_value": 3.3402922755741127,
        "volume": 178191172.8,
        "adr": 10.202409836976267,
        "condi_4": true
    },
    {
        "symbol": "PTLA_US",
        "rank_value": 2.914754098360656,
        "volume": 117376093.289,
        "adr": 8.710186586077938,
        "condi_4": true
    },
    {
        "symbol": "APA_US",
        "rank_value": 2.153996101364523,
        "volume": 327645846.74250007,
        "adr": 18.27591947231575,
        "condi_4": true
    },
    {
        "symbol": "ETSY_US",
        "rank_value": 1.8760477520955043,
        "volume": 270861138.789,
        "adr": 8.133252892774001,
        "condi_4": true
    },
    {
        "symbol": "TTD_US",
        "rank_value": 1.873173371820314,
        "volume": 483626787.462,
        "adr": 7.882370922970061,
        "condi_4": true
    },
    {
        "symbol": "CHGG_US",
        "rank_value": 1.806259314456036,
        "volume": 230405769.24,
        "adr": 6.983281673680541,
        "condi_4": true
    },
    {
        "symbol": "CVNA_US",
        "rank_value": 1.7440638789661693,
        "volume": 254914642.25,
        "adr": 12.81886695699126,
        "condi_4": true
    },
    {
        "symbol": "CODX_US",
        "rank_value": 1.68,
        "volume": 120187043.08799998,
        "adr": 15.663092181485073,
        "condi_4": true
    },
    {
        "symbol": "AMRN_US",
        "rank_value": 1.6393805309734515,
        "volume": 104775226.2765,
        "adr": 10.685336939542033,
        "condi_4": true
    },
    {
        "symbol": "MRO_US",
        "rank_value": 1.6382352941176472,
        "volume": 260602020.931,
        "adr": 12.825542186106787,
        "condi_4": true
    },
    {
        "symbol": "RH_US",
        "rank_value": 1.6342412451361867,
        "volume": 135977116.8,
        "adr": 7.761599665050856,
        "condi_4": true
    },
    {
        "symbol": "EQT_US",
        "rank_value": 1.629060838747785,
        "volume": 116597053.552,
        "adr": 11.285658048368607,
        "condi_4": true
    },
    {
        "symbol": "MELI_US",
        "rank_value": 1.6152173913043477,
        "volume": 315601175.15,
        "adr": 6.658496184254603,
        "condi_4": true
    }
]