[
    {
        "symbol": "NVUS_US",
        "rank_value": 47.957113880034775,
        "volume": 177398828.54749998,
        "adr": 27.764442721005842,
        "condi_4": true
    },
    {
        "symbol": "JE_US",
        "rank_value": 30.5987741631306,
        "volume": 363492803.6135,
        "adr": 50.7142239625114,
        "condi_4": true
    },
    {
        "symbol": "MRNS_US",
        "rank_value": 7.7313829787234045,
        "volume": 154528917.9075,
        "adr": 18.450220388542583,
        "condi_4": true
    },
    {
        "symbol": "SPI_US",
        "rank_value": 7.704985578903997,
        "volume": 174374513.236,
        "adr": 239.84158734528503,
        "condi_4": true
    },
    {
        "symbol": "PLL_US",
        "rank_value": 6.7406143344709895,
        "volume": 187453647.025,
        "adr": 29.24110191547531,
        "condi_4": true
    },
    {
        "symbol": "WWR_US",
        "rank_value": 6.483606557377049,
        "volume": 263046441.72100002,
        "adr": 56.04640866574526,
        "condi_4": true
    },
    {
        "symbol": "SUNW_US",
        "rank_value": 5.864661654135338,
        "volume": 120621759.687,
        "adr": 93.29919065556194,
        "condi_4": true
    },
    {
        "symbol": "SAVA_US",
        "rank_value": 3.872549019607843,
        "volume": 222409121.6625,
        "adr": 23.062738811847282,
        "condi_4": true
    },
    {
        "symbol": "LAC_US",
        "rank_value": 2.1978527607361964,
        "volume": 121985661.17599998,
        "adr": 19.514809159065006,
        "condi_4": true
    },
    {
        "symbol": "LK_US",
        "rank_value": 2.064935064935065,
        "volume": 198791688.52800003,
        "adr": 29.12297405710205,
        "condi_4": true
    },
    {
        "symbol": "MYOK_US",
        "rank_value": 2.0185405059822816,
        "volume": 410652017.5485,
        "adr": 6.323678802452837,
        "condi_4": true
    },
    {
        "symbol": "GME_US",
        "rank_value": 2.0017035775127767,
        "volume": 184044442.98749998,
        "adr": 15.185289022590688,
        "condi_4": true
    },
    {
        "symbol": "BBBY_US",
        "rank_value": 1.9420814479638009,
        "volume": 301053372.939,
        "adr": 8.743982271827445,
        "condi_4": true
    },
    {
        "symbol": "VSLR_US",
        "rank_value": 1.857451403887689,
        "volume": 111232331.2,
        "adr": 7.61046406019541,
        "condi_4": true
    },
    {
        "symbol": "SRNE_US",
        "rank_value": 1.8442622950819674,
        "volume": 353833529.625,
        "adr": 14.31417917316644,
        "condi_4": true
    },
    {
        "symbol": "QDEL_US",
        "rank_value": 1.8437446320834114,
        "volume": 238697958.5,
        "adr": 7.246044282131159,
        "condi_4": true
    },
    {
        "symbol": "SPWR_US",
        "rank_value": 1.8284121628701357,
        "volume": 134895652.755,
        "adr": 9.53018792076783,
        "condi_4": true
    },
    {
        "symbol": "SGMS_US",
        "rank_value": 1.8274360370168752,
        "volume": 113411733.192,
        "adr": 10.435926708719801,
        "condi_4": true
    },
    {
        "symbol": "PLUG_US",
        "rank_value": 1.7398148148148147,
        "volume": 491792776.359,
        "adr": 9.287518089732561,
        "condi_4": true
    },
    {
        "symbol": "SEDG_US",
        "rank_value": 1.7284920590381054,
        "volume": 312511260.59999996,
        "adr": 7.357998485337736,
        "condi_4": true
    },
    {
        "symbol": "ENPH_US",
        "rank_value": 1.7057632398753895,
        "volume": 343227244.0165,
        "adr": 7.228123295140754,
        "condi_4": true
    },
    {
        "symbol": "NVTA_US",
        "rank_value": 1.674476726023118,
        "volume": 150531759.56,
        "adr": 7.8547731226118245,
        "condi_4": true
    },
    {
        "symbol": "NNOX_US",
        "rank_value": 1.66457399103139,
        "volume": 228234300.35199997,
        "adr": 25.586928731009138,
        "condi_4": true
    },
    {
        "symbol": "SHLL_US",
        "rank_value": 1.58837699488106,
        "volume": 326494481.8375,
        "adr": 16.75419373910849,
        "condi_4": true
    },
    {
        "symbol": "APPS_US",
        "rank_value": 1.558923996584116,
        "volume": 152239713.81149998,
        "adr": 8.914287423392441,
        "condi_4": true
    },
    {
        "symbol": "VXRT_US",
        "rank_value": 1.5572033898305084,
        "volume": 211281148.9425,
        "adr": 17.02238964048586,
        "condi_4": true
    },
    {
        "symbol": "EXAS_US",
        "rank_value": 1.5257950530035336,
        "volume": 223384157.3075,
        "adr": 6.099630074462592,
        "condi_4": true
    },
    {
        "symbol": "NKLA_US",
        "rank_value": 1.5232198142414863,
        "volume": 1125440546.22,
        "adr": 19.08841813172224,
        "condi_4": true
    },
    {
        "symbol": "AYX_US",
        "rank_value": 1.4695652173913043,
        "volume": 222166948.76999998,
        "adr": 6.215531326379997,
        "condi_4": true
    },
    {
        "symbol": "ROKU_US",
        "rank_value": 1.4694011269820468,
        "volume": 1945307948.1330001,
        "adr": 5.684708202861022,
        "condi_4": true
    },
    {
        "symbol": "BYND_US",
        "rank_value": 1.4684786711966782,
        "volume": 888860011.0749999,
        "adr": 6.25394623743909,
        "condi_4": true
    },
    {
        "symbol": "SPCE_US",
        "rank_value": 1.4450402144772116,
        "volume": 294098157.584,
        "adr": 7.574347941847437,
        "condi_4": true
    },
    {
        "symbol": "SGEN_US",
        "rank_value": 1.3862192764429715,
        "volume": 178593287.972,
        "adr": 3.917114857899806,
        "condi_4": true
    },
    {
        "symbol": "CVNA_US",
        "rank_value": 1.3653846153846154,
        "volume": 360892119.59999996,
        "adr": 7.581704059866956,
        "condi_4": true
    },
    {
        "symbol": "UTX_US",
        "rank_value": 1.3554042306577805,
        "volume": 950956822.1374999,
        "adr": 12.586647686893482,
        "condi_4": true
    },
    {
        "symbol": "MLM_US",
        "rank_value": 1.3505093462565523,
        "volume": 151937286.955,
        "adr": 3.6119175368829026,
        "condi_4": true
    }
]