[
    {
        "symbol": "NVUS_US",
        "rank_value": 52.158794552303675,
        "volume": 193162497.29999998,
        "adr": 27.799914808084168,
        "condi_4": true
    },
    {
        "symbol": "JE_US",
        "rank_value": 25.412069778406412,
        "volume": 290728369.29563004,
        "adr": 48.35669639856259,
        "condi_4": true
    },
    {
        "symbol": "SPI_US",
        "rank_value": 8.76596621343222,
        "volume": 195960897.575,
        "adr": 238.81505253421219,
        "condi_4": true
    },
    {
        "symbol": "WWR_US",
        "rank_value": 8.729508196721312,
        "volume": 327510310.17,
        "adr": 51.32801726655225,
        "condi_4": true
    },
    {
        "symbol": "PLL_US",
        "rank_value": 7.322357019064126,
        "volume": 192781606.0625,
        "adr": 28.398025400538216,
        "condi_4": true
    },
    {
        "symbol": "PPSI_US",
        "rank_value": 4.9349593495934965,
        "volume": 115232936.14750001,
        "adr": 50.25383141950568,
        "condi_4": true
    },
    {
        "symbol": "LAC_US",
        "rank_value": 2.315950920245399,
        "volume": 123164168.495,
        "adr": 19.24673612372643,
        "condi_4": true
    },
    {
        "symbol": "MYOK_US",
        "rank_value": 2.0686787516352085,
        "volume": 365177281.31949997,
        "adr": 6.899728169434427,
        "condi_4": true
    },
    {
        "symbol": "LK_US",
        "rank_value": 2.064935064935065,
        "volume": 198791688.52800003,
        "adr": 29.12297405710205,
        "condi_4": true
    },
    {
        "symbol": "BBBY_US",
        "rank_value": 1.9004524886877827,
        "volume": 299041124.55,
        "adr": 9.1670737386373,
        "condi_4": true
    },
    {
        "symbol": "SGMS_US",
        "rank_value": 1.8852459016393441,
        "volume": 112448142.525,
        "adr": 10.427812746321695,
        "condi_4": true
    },
    {
        "symbol": "VSLR_US",
        "rank_value": 1.857451403887689,
        "volume": 111232331.2,
        "adr": 7.61046406019541,
        "condi_4": true
    },
    {
        "symbol": "NNOX_US",
        "rank_value": 1.790134529147982,
        "volume": 257435844.504,
        "adr": 26.94253762421792,
        "condi_4": true
    },
    {
        "symbol": "APPS_US",
        "rank_value": 1.7277039848197346,
        "volume": 160024270.11900002,
        "adr": 9.352777417107427,
        "condi_4": true
    },
    {
        "symbol": "RUN_US",
        "rank_value": 1.6923076923076923,
        "volume": 393353741.55,
        "adr": 7.283791221204994,
        "condi_4": true
    },
    {
        "symbol": "KODK_US",
        "rank_value": 1.6483516483516483,
        "volume": 285924164.40000004,
        "adr": 17.423443806552807,
        "condi_4": true
    },
    {
        "symbol": "SHLL_US",
        "rank_value": 1.58837699488106,
        "volume": 326494481.8375,
        "adr": 16.75419373910849,
        "condi_4": true
    },
    {
        "symbol": "IPOB_US",
        "rank_value": 1.5148179508890771,
        "volume": 108407299.51,
        "adr": 13.386495137780363,
        "condi_4": true
    },
    {
        "symbol": "DKNG_US",
        "rank_value": 1.5078828828828827,
        "volume": 1538026308.78,
        "adr": 9.985406999894186,
        "condi_4": true
    },
    {
        "symbol": "VXRT_US",
        "rank_value": 1.4851694915254237,
        "volume": 205094227.491,
        "adr": 17.6478400870431,
        "condi_4": true
    },
    {
        "symbol": "SPCE_US",
        "rank_value": 1.4812332439678286,
        "volume": 306311375.82500005,
        "adr": 7.872697506403581,
        "condi_4": true
    },
    {
        "symbol": "FVRR_US",
        "rank_value": 1.4768019625377364,
        "volume": 116989728.0,
        "adr": 6.879463773125094,
        "condi_4": true
    },
    {
        "symbol": "ZI_US",
        "rank_value": 1.4758352254297762,
        "volume": 100913794.8,
        "adr": 7.140827283151463,
        "condi_4": true
    },
    {
        "symbol": "BNTX_US",
        "rank_value": 1.4678820923496338,
        "volume": 178627446.12750003,
        "adr": 6.366832398027467,
        "condi_4": true
    },
    {
        "symbol": "ARWR_US",
        "rank_value": 1.463785757760195,
        "volume": 103637195.54500002,
        "adr": 8.441248429644354,
        "condi_4": true
    },
    {
        "symbol": "TTD_US",
        "rank_value": 1.4611901206765723,
        "volume": 407225513.64900005,
        "adr": 5.144539214887978,
        "condi_4": true
    },
    {
        "symbol": "BEKE_US",
        "rank_value": 1.4594783418723802,
        "volume": 129599288.2125,
        "adr": 9.031193390405722,
        "condi_4": true
    },
    {
        "symbol": "ZM_US",
        "rank_value": 1.4110113739364345,
        "volume": 4278398816.8529997,
        "adr": 6.726825422218741,
        "condi_4": true
    },
    {
        "symbol": "AYX_US",
        "rank_value": 1.4057971014492754,
        "volume": 205797120.6,
        "adr": 6.185165152981353,
        "condi_4": true
    },
    {
        "symbol": "DDOG_US",
        "rank_value": 1.4057720441548078,
        "volume": 558178081.335,
        "adr": 6.697400739923243,
        "condi_4": true
    },
    {
        "symbol": "CVNA_US",
        "rank_value": 1.392628205128205,
        "volume": 383247064.3375,
        "adr": 7.814323634442744,
        "condi_4": true
    },
    {
        "symbol": "TSLA_US",
        "rank_value": 1.3875000000000002,
        "volume": 22076101449.517498,
        "adr": 8.179223861950069,
        "condi_4": true
    },
    {
        "symbol": "SGEN_US",
        "rank_value": 1.3809721071527203,
        "volume": 180612629.45700002,
        "adr": 4.000452025111256,
        "condi_4": true
    },
    {
        "symbol": "INO_US",
        "rank_value": 1.377212389380531,
        "volume": 339733777.94249994,
        "adr": 18.667043367997138,
        "condi_4": true
    },
    {
        "symbol": "UTX_US",
        "rank_value": 1.3554042306577805,
        "volume": 950956822.1374999,
        "adr": 12.586647686893482,
        "condi_4": true
    },
    {
        "symbol": "PINS_US",
        "rank_value": 1.3506773523006437,
        "volume": 652880184.14,
        "adr": 5.687930016268283,
        "condi_4": true
    },
    {
        "symbol": "SQ_US",
        "rank_value": 1.3481304930731417,
        "volume": 1549822500.25,
        "adr": 5.720382488177522,
        "condi_4": true
    },
    {
        "symbol": "MRNA_US",
        "rank_value": 1.3420033204205866,
        "volume": 512319526.2,
        "adr": 6.21258628157948,
        "condi_4": true
    },
    {
        "symbol": "BIGC_US",
        "rank_value": 1.3418803418803418,
        "volume": 174740642.04,
        "adr": 9.113742135516256,
        "condi_4": true
    }
]