[
    {
        "symbol": "SRRK_US",
        "rank_value": 2.9398496240601504,
        "volume": 190187576.84000003,
        "adr": 17.334803858719283,
        "condi_4": true
    },
    {
        "symbol": "LK_US",
        "rank_value": 2.064935064935065,
        "volume": 198791688.52800003,
        "adr": 29.12297405710205,
        "condi_4": true
    },
    {
        "symbol": "JMIA_US",
        "rank_value": 1.9591029023746702,
        "volume": 255463524.6075,
        "adr": 13.65840782563601,
        "condi_4": true
    },
    {
        "symbol": "VSLR_US",
        "rank_value": 1.857451403887689,
        "volume": 111232331.2,
        "adr": 7.61046406019541,
        "condi_4": true
    },
    {
        "symbol": "WWR_US",
        "rank_value": 1.6666666666666665,
        "volume": 108887498.445,
        "adr": 35.75225554034694,
        "condi_4": true
    },
    {
        "symbol": "HTZ_US",
        "rank_value": 1.6038613861386137,
        "volume": 146224317.90433,
        "adr": 22.32959405133508,
        "condi_4": true
    },
    {
        "symbol": "SHLL_US",
        "rank_value": 1.58837699488106,
        "volume": 326494481.8375,
        "adr": 16.75419373910849,
        "condi_4": true
    },
    {
        "symbol": "EV_US",
        "rank_value": 1.5759093305218768,
        "volume": 169431688.263,
        "adr": 4.122970309086971,
        "condi_4": true
    },
    {
        "symbol": "NIO_US",
        "rank_value": 1.537,
        "volume": 3509720856.19,
        "adr": 7.357487194747558,
        "condi_4": true
    },
    {
        "symbol": "SNAP_US",
        "rank_value": 1.515606936416185,
        "volume": 2172035600.7525,
        "adr": 7.0761552814203155,
        "condi_4": true
    },
    {
        "symbol": "TPR_US",
        "rank_value": 1.5122112211221121,
        "volume": 133003163.0575,
        "adr": 5.123164117710743,
        "condi_4": true
    },
    {
        "symbol": "JKS_US",
        "rank_value": 1.4742033383915023,
        "volume": 858562147.671,
        "adr": 14.550634686730612,
        "condi_4": true
    },
    {
        "symbol": "PINS_US",
        "rank_value": 1.4098557692307692,
        "volume": 1305762735.2625,
        "adr": 7.669104058974563,
        "condi_4": true
    },
    {
        "symbol": "ALGN_US",
        "rank_value": 1.3743186143276458,
        "volume": 276327366.71999997,
        "adr": 5.258060739866455,
        "condi_4": true
    },
    {
        "symbol": "BBBY_US",
        "rank_value": 1.3633241758241759,
        "volume": 188954547.88000003,
        "adr": 7.740037624875429,
        "condi_4": true
    },
    {
        "symbol": "CGC_US",
        "rank_value": 1.359363702096891,
        "volume": 122421672.67999999,
        "adr": 7.509040137125456,
        "condi_4": true
    },
    {
        "symbol": "UTX_US",
        "rank_value": 1.3554042306577805,
        "volume": 950956822.1374999,
        "adr": 12.586647686893482,
        "condi_4": true
    },
    {
        "symbol": "DQ_US",
        "rank_value": 1.3476752767527675,
        "volume": 103984735.35150002,
        "adr": 11.034014903264167,
        "condi_4": true
    },
    {
        "symbol": "X_US",
        "rank_value": 1.3425797503467407,
        "volume": 102518369.00799999,
        "adr": 6.444659717007206,
        "condi_4": true
    },
    {
        "symbol": "MRTX_US",
        "rank_value": 1.3399568034557234,
        "volume": 108302798.373,
        "adr": 5.909553825381986,
        "condi_4": true
    },
    {
        "symbol": "HOG_US",
        "rank_value": 1.3238331268071044,
        "volume": 128351205.48999998,
        "adr": 5.512181093413049,
        "condi_4": true
    },
    {
        "symbol": "S_US",
        "rank_value": 1.3140172278778388,
        "volume": 218909290.00700003,
        "adr": 8.7828881490855,
        "condi_4": true
    },
    {
        "symbol": "FSLR_US",
        "rank_value": 1.301934903254837,
        "volume": 284377549.53999996,
        "adr": 7.382614788516451,
        "condi_4": true
    },
    {
        "symbol": "NET_US",
        "rank_value": 1.2987468671679199,
        "volume": 303433973.97800004,
        "adr": 6.589156388917727,
        "condi_4": true
    },
    {
        "symbol": "PDD_US",
        "rank_value": 1.2920303333810272,
        "volume": 438895122.3299999,
        "adr": 5.049073355633182,
        "condi_4": true
    },
    {
        "symbol": "IPHI_US",
        "rank_value": 1.2822018348623851,
        "volume": 144630978.41199997,
        "adr": 5.868443240484478,
        "condi_4": true
    },
    {
        "symbol": "SPWR_US",
        "rank_value": 1.275,
        "volume": 166371874.21199998,
        "adr": 10.55493467162707,
        "condi_4": true
    },
    {
        "symbol": "RTN_US",
        "rank_value": 1.2718446601941749,
        "volume": 503104524.04999995,
        "adr": 11.81115037072653,
        "condi_4": true
    },
    {
        "symbol": "LI_US",
        "rank_value": 1.270625,
        "volume": 150830105.799,
        "adr": 7.442566427588515,
        "condi_4": true
    },
    {
        "symbol": "ARRY_US",
        "rank_value": 1.270223752151463,
        "volume": 224252305.42499998,
        "adr": 8.009951653056934,
        "condi_4": true
    },
    {
        "symbol": "EXAS_US",
        "rank_value": 1.255040322580645,
        "volume": 239870109.975,
        "adr": 6.857227098779117,
        "condi_4": true
    }
]