[
    {
        "symbol": "ALT_US",
        "rank_value": 2.7790697674418605,
        "volume": 191131469.14,
        "adr": 35.395787187596525,
        "condi_4": true
    },
    {
        "symbol": "CZR_US",
        "rank_value": 2.7315555555555555,
        "volume": 515075408.15849996,
        "adr": 15.759637006619819,
        "condi_4": true
    },
    {
        "symbol": "IBIO_US",
        "rank_value": 2.6,
        "volume": 198767555.35,
        "adr": 24.537678257318518,
        "condi_4": true
    },
    {
        "symbol": "HTBX_US",
        "rank_value": 2.5624999999999996,
        "volume": 125587898.475,
        "adr": 31.013655124724295,
        "condi_4": true
    },
    {
        "symbol": "MIST_US",
        "rank_value": 2.540880503144654,
        "volume": 112350832.48,
        "adr": 19.105789623130008,
        "condi_4": true
    },
    {
        "symbol": "OSTK_US",
        "rank_value": 2.3023622047244094,
        "volume": 277830702.15999997,
        "adr": 12.778273031817445,
        "condi_4": true
    },
    {
        "symbol": "OPK_US",
        "rank_value": 2.1749049429657794,
        "volume": 140351160.378,
        "adr": 12.411475950355078,
        "condi_4": true
    },
    {
        "symbol": "RUN_US",
        "rank_value": 2.1375081397872804,
        "volume": 211956973.5465,
        "adr": 9.412032624215394,
        "condi_4": true
    },
    {
        "symbol": "LK_US",
        "rank_value": 2.064935064935065,
        "volume": 198791688.52800003,
        "adr": 29.12297405710205,
        "condi_4": true
    },
    {
        "symbol": "VXRT_US",
        "rank_value": 1.8654485049833889,
        "volume": 444644242.79800004,
        "adr": 25.533303130825935,
        "condi_4": true
    },
    {
        "symbol": "SPCE_US",
        "rank_value": 1.6354948805460752,
        "volume": 574394534.372,
        "adr": 11.247306387507816,
        "condi_4": true
    },
    {
        "symbol": "LVGO_US",
        "rank_value": 1.5977175463623396,
        "volume": 473309457.59999996,
        "adr": 9.931386529521236,
        "condi_4": true
    },
    {
        "symbol": "BNTX_US",
        "rank_value": 1.5815498154981549,
        "volume": 393419080.47599995,
        "adr": 13.142826844219545,
        "condi_4": true
    },
    {
        "symbol": "AG_US",
        "rank_value": 1.5762984054669704,
        "volume": 118004915.02917,
        "adr": 7.313480612836876,
        "condi_4": true
    },
    {
        "symbol": "GSX_US",
        "rank_value": 1.569349788174618,
        "volume": 355078889.52000004,
        "adr": 10.240294844271624,
        "condi_4": true
    },
    {
        "symbol": "GFI_US",
        "rank_value": 1.566820276497696,
        "volume": 122944285.6,
        "adr": 4.825804772125664,
        "condi_4": true
    },
    {
        "symbol": "TSLA_US",
        "rank_value": 1.5511110412947497,
        "volume": 14862920179.023,
        "adr": 9.94853467444945,
        "condi_4": true
    },
    {
        "symbol": "MRNA_US",
        "rank_value": 1.4673076544041628,
        "volume": 2471261434.13,
        "adr": 11.861712112054047,
        "condi_4": true
    },
    {
        "symbol": "TSM_US",
        "rank_value": 1.416816385195832,
        "volume": 1019028375.8659999,
        "adr": 4.2153966438020385,
        "condi_4": true
    },
    {
        "symbol": "BBBY_US",
        "rank_value": 1.3964817320703655,
        "volume": 145448090.304,
        "adr": 9.79511507770441,
        "condi_4": true
    },
    {
        "symbol": "HBI_US",
        "rank_value": 1.384990253411306,
        "volume": 108140983.209,
        "adr": 4.817681398882745,
        "condi_4": true
    },
    {
        "symbol": "PAAS_US",
        "rank_value": 1.3848129126925899,
        "volume": 131036014.42500001,
        "adr": 6.234916757848774,
        "condi_4": true
    }
]