[
    {
        "symbol": "S_US",
        "rank_value": 2.211267605633803,
        "volume": 362283149.331,
        "adr": 9.24966150569173,
        "condi_4": true
    },
    {
        "symbol": "TCO_US",
        "rank_value": 2.0251524390243905,
        "volume": 247185022.31100002,
        "adr": 5.446628457703406,
        "condi_4": true
    },
    {
        "symbol": "STMP_US",
        "rank_value": 2.019414820891441,
        "volume": 130240250.07,
        "adr": 8.977734623987988,
        "condi_4": true
    },
    {
        "symbol": "ENPH_US",
        "rank_value": 1.7533129459734964,
        "volume": 391872838.26,
        "adr": 9.04052929837822,
        "condi_4": true
    },
    {
        "symbol": "SPCE_US",
        "rank_value": 1.708575112830432,
        "volume": 850612760.875,
        "adr": 17.063913140981523,
        "condi_4": true
    },
    {
        "symbol": "ZM_US",
        "rank_value": 1.5264730999146028,
        "volume": 509931600.75,
        "adr": 6.698706795841103,
        "condi_4": true
    },
    {
        "symbol": "GSX_US",
        "rank_value": 1.4989590562109647,
        "volume": 153059656.32000002,
        "adr": 10.606588714922704,
        "condi_4": true
    },
    {
        "symbol": "TSLA_US",
        "rank_value": 1.427205998348227,
        "volume": 12207498805.2,
        "adr": 10.564976385955216,
        "condi_4": true
    },
    {
        "symbol": "SEDG_US",
        "rank_value": 1.3792708333333332,
        "volume": 172667300.832,
        "adr": 6.120077955040015,
        "condi_4": true
    },
    {
        "symbol": "DPZ_US",
        "rank_value": 1.3576347748815167,
        "volume": 331321820.3225,
        "adr": 4.001737639557823,
        "condi_4": true
    },
    {
        "symbol": "BILI_US",
        "rank_value": 1.3572825024437927,
        "volume": 173351807.62150002,
        "adr": 6.661164242819195,
        "condi_4": true
    },
    {
        "symbol": "TEVA_US",
        "rank_value": 1.3522012578616354,
        "volume": 307151727.06,
        "adr": 5.970279682204382,
        "condi_4": true
    },
    {
        "symbol": "WORK_US",
        "rank_value": 1.3429292929292929,
        "volume": 343066624.95049995,
        "adr": 7.037132841928306,
        "condi_4": true
    },
    {
        "symbol": "TAL_US",
        "rank_value": 1.2904707233065444,
        "volume": 186107005.31,
        "adr": 4.387787467280924,
        "condi_4": true
    },
    {
        "symbol": "PCG_US",
        "rank_value": 1.2518463810930576,
        "volume": 178887577.83,
        "adr": 6.970970606691118,
        "condi_4": true
    },
    {
        "symbol": "WWE_US",
        "rank_value": 1.247680412371134,
        "volume": 172142646.33549997,
        "adr": 7.647766922051513,
        "condi_4": true
    },
    {
        "symbol": "Z_US",
        "rank_value": 1.2469217238346526,
        "volume": 173241365.79500002,
        "adr": 5.23173739281948,
        "condi_4": true
    },
    {
        "symbol": "NIO_US",
        "rank_value": 1.24,
        "volume": 317347227.75699997,
        "adr": 11.522045553815662,
        "condi_4": true
    },
    {
        "symbol": "ZNGA_US",
        "rank_value": 1.225,
        "volume": 167467718.754,
        "adr": 4.229027975026689,
        "condi_4": true
    },
    {
        "symbol": "BIIB_US",
        "rank_value": 1.2227661721290033,
        "volume": 476537041.16,
        "adr": 4.765487087162468,
        "condi_4": true
    },
    {
        "symbol": "RNG_US",
        "rank_value": 1.2200241381119799,
        "volume": 202562579.25,
        "adr": 3.970055345977852,
        "condi_4": true
    },
    {
        "symbol": "DXCM_US",
        "rank_value": 1.217333774396295,
        "volume": 208220913.6,
        "adr": 5.177388605479449,
        "condi_4": true
    },
    {
        "symbol": "PENN_US",
        "rank_value": 1.2167689161554192,
        "volume": 112525921.02499999,
        "adr": 7.499796243481449,
        "condi_4": true
    },
    {
        "symbol": "IQ_US",
        "rank_value": 1.2156188605108056,
        "volume": 183336968.92499998,
        "adr": 4.982107939499558,
        "condi_4": true
    }
]