[
    {
        "symbol": "OAS_US",
        "rank_value": 315.39748953974896,
        "volume": 351658328.58,
        "adr": 90.75241753181014,
        "condi_4": true
    },
    {
        "symbol": "AI_US",
        "rank_value": 39.62403100775194,
        "volume": 331826532.1945,
        "adr": 8.692053406924828,
        "condi_4": true
    },
    {
        "symbol": "CRIS_US",
        "rank_value": 7.238532110091742,
        "volume": 191242025.37,
        "adr": 42.64612474283722,
        "condi_4": true
    },
    {
        "symbol": "QS_US",
        "rank_value": 4.104605263157895,
        "volume": 763492137.7995001,
        "adr": 26.105895201164554,
        "condi_4": true
    },
    {
        "symbol": "VERU_US",
        "rank_value": 3.496212121212121,
        "volume": 129149666.9385,
        "adr": 18.976637904131664,
        "condi_4": true
    },
    {
        "symbol": "ARVN_US",
        "rank_value": 3.3286383122496175,
        "volume": 126533888.292,
        "adr": 13.538694775389493,
        "condi_4": true
    },
    {
        "symbol": "CIIC_US",
        "rank_value": 2.782089792956071,
        "volume": 265890436.01999998,
        "adr": 24.632780451165594,
        "condi_4": true
    },
    {
        "symbol": "RIOT_US",
        "rank_value": 2.739916550764951,
        "volume": 267692269.96999997,
        "adr": 21.986010472927454,
        "condi_4": true
    },
    {
        "symbol": "JMIA_US",
        "rank_value": 2.679882525697504,
        "volume": 718086613.5250001,
        "adr": 20.00758409175325,
        "condi_4": true
    },
    {
        "symbol": "RIG_US",
        "rank_value": 2.6000000000000005,
        "volume": 131810014.52450001,
        "adr": 16.596604897075686,
        "condi_4": true
    },
    {
        "symbol": "ARCT_US",
        "rank_value": 2.51528384279476,
        "volume": 117919416.672,
        "adr": 14.498882064984265,
        "condi_4": true
    },
    {
        "symbol": "EDIT_US",
        "rank_value": 2.381997804610318,
        "volume": 131648465.235,
        "adr": 10.324623168538904,
        "condi_4": true
    },
    {
        "symbol": "SNDL_US",
        "rank_value": 2.267391304347826,
        "volume": 240221765.34072497,
        "adr": 33.8420255174388,
        "condi_4": true
    },
    {
        "symbol": "LAZR_US",
        "rank_value": 2.2606120434353403,
        "volume": 438394943.59999996,
        "adr": 23.440575651809926,
        "condi_4": true
    },
    {
        "symbol": "SBE_US",
        "rank_value": 2.2054127284183993,
        "volume": 290549533.10610497,
        "adr": 18.052163601331593,
        "condi_4": true
    },
    {
        "symbol": "IDEX_US",
        "rank_value": 2.0769230769230766,
        "volume": 128732159.58749999,
        "adr": 29.674218325949788,
        "condi_4": true
    },
    {
        "symbol": "LK_US",
        "rank_value": 2.064935064935065,
        "volume": 198791688.52800003,
        "adr": 29.12297405710205,
        "condi_4": true
    },
    {
        "symbol": "JWN_US",
        "rank_value": 1.9689283449587827,
        "volume": 337120357.32,
        "adr": 8.242915188988409,
        "condi_4": true
    },
    {
        "symbol": "FATE_US",
        "rank_value": 1.930697190426639,
        "volume": 111730596.99450001,
        "adr": 8.960454647783301,
        "condi_4": true
    },
    {
        "symbol": "SFIX_US",
        "rank_value": 1.891931684334511,
        "volume": 255826521.9375,
        "adr": 9.340305452210607,
        "condi_4": true
    },
    {
        "symbol": "PLTR_US",
        "rank_value": 1.8861671469740633,
        "volume": 2440436651.499,
        "adr": 15.794000612666581,
        "condi_4": true
    },
    {
        "symbol": "VSLR_US",
        "rank_value": 1.857451403887689,
        "volume": 111232331.2,
        "adr": 7.61046406019541,
        "condi_4": true
    },
    {
        "symbol": "NNDM_US",
        "rank_value": 1.8477011494252873,
        "volume": 190196235.15399998,
        "adr": 18.425758073943975,
        "condi_4": true
    },
    {
        "symbol": "FUBO_US",
        "rank_value": 1.8148395721925132,
        "volume": 155489118.3525,
        "adr": 12.965420749084998,
        "condi_4": true
    },
    {
        "symbol": "X_US",
        "rank_value": 1.8002008032128511,
        "volume": 267282471.45049998,
        "adr": 8.316743708821894,
        "condi_4": true
    },
    {
        "symbol": "OXY_US",
        "rank_value": 1.791139240506329,
        "volume": 624599668.378,
        "adr": 8.691765129194495,
        "condi_4": true
    },
    {
        "symbol": "MRNA_US",
        "rank_value": 1.7047641398732691,
        "volume": 4171728805.4719996,
        "adr": 12.252075936775796,
        "condi_4": true
    },
    {
        "symbol": "KSS_US",
        "rank_value": 1.6820175438596492,
        "volume": 335570827.70250005,
        "adr": 6.634387626505656,
        "condi_4": true
    },
    {
        "symbol": "WORK_US",
        "rank_value": 1.6682539682539683,
        "volume": 1501872170.6019998,
        "adr": 6.270496989518226,
        "condi_4": true
    },
    {
        "symbol": "BILI_US",
        "rank_value": 1.668039003250271,
        "volume": 386240829.94200003,
        "adr": 7.390332544495237,
        "condi_4": true
    },
    {
        "symbol": "BB_US",
        "rank_value": 1.654690618762475,
        "volume": 314677836.88199997,
        "adr": 10.420305358438231,
        "condi_4": true
    },
    {
        "symbol": "LMND_US",
        "rank_value": 1.6389845874886673,
        "volume": 237572733.00300002,
        "adr": 12.115236628677817,
        "condi_4": true
    },
    {
        "symbol": "CLF_US",
        "rank_value": 1.637910085054678,
        "volume": 176386793.47599998,
        "adr": 7.571093956203789,
        "condi_4": true
    },
    {
        "symbol": "APA_US",
        "rank_value": 1.6302780638516992,
        "volume": 159430352.23099998,
        "adr": 8.594989277558462,
        "condi_4": true
    },
    {
        "symbol": "HTZ_US",
        "rank_value": 1.6038613861386137,
        "volume": 146224317.90433,
        "adr": 22.32959405133508,
        "condi_4": true
    },
    {
        "symbol": "SHLL_US",
        "rank_value": 1.58837699488106,
        "volume": 326494481.8375,
        "adr": 16.75419373910849,
        "condi_4": true
    },
    {
        "symbol": "COTY_US",
        "rank_value": 1.5636363636363635,
        "volume": 113552727.12799999,
        "adr": 10.770073451487594,
        "condi_4": true
    },
    {
        "symbol": "TSLA_US",
        "rank_value": 1.5620176268485781,
        "volume": 22809729398.109997,
        "adr": 7.283351603191823,
        "condi_4": true
    },
    {
        "symbol": "M_US",
        "rank_value": 1.5423242467718796,
        "volume": 387760459.3,
        "adr": 8.657475193742803,
        "condi_4": true
    },
    {
        "symbol": "MSTR_US",
        "rank_value": 1.5390759005145798,
        "volume": 120196637.82,
        "adr": 9.45115806109107,
        "condi_4": true
    },
    {
        "symbol": "FANG_US",
        "rank_value": 1.528391167192429,
        "volume": 187618111.88250002,
        "adr": 7.144604130068943,
        "condi_4": true
    },
    {
        "symbol": "BILL_US",
        "rank_value": 1.5108602150537633,
        "volume": 161022022.1515,
        "adr": 5.193835996582941,
        "condi_4": true
    },
    {
        "symbol": "APPN_US",
        "rank_value": 1.5029746373029955,
        "volume": 269160609.59999996,
        "adr": 13.373323691319182,
        "condi_4": true
    },
    {
        "symbol": "ETSY_US",
        "rank_value": 1.4903028240898264,
        "volume": 446730347.4,
        "adr": 5.321367768770435,
        "condi_4": true
    }
]