[
    {
        "symbol": "XSPA_US",
        "rank_value": 13.249999999999998,
        "volume": 362715674.94,
        "adr": 40.55057390028796,
        "condi_4": true
    },
    {
        "symbol": "DGLY_US",
        "rank_value": 6.194805194805194,
        "volume": 100953507.321,
        "adr": 46.558372126194094,
        "condi_4": true
    },
    {
        "symbol": "HTZ_US",
        "rank_value": 4.875,
        "volume": 308121395.01,
        "adr": 75.86330154903631,
        "condi_4": true
    },
    {
        "symbol": "GNUS_US",
        "rank_value": 3.288288288288288,
        "volume": 340126292.9875,
        "adr": 53.737563942495115,
        "condi_4": true
    },
    {
        "symbol": "NKLA_US",
        "rank_value": 3.128712871287129,
        "volume": 878841883.2,
        "adr": 27.81091914454916,
        "condi_4": true
    },
    {
        "symbol": "LK_US",
        "rank_value": 3.037593984962406,
        "volume": 361661415.09,
        "adr": 36.384642478943995,
        "condi_4": true
    },
    {
        "symbol": "CAR_US",
        "rank_value": 2.5192660550458714,
        "volume": 225228976.754,
        "adr": 15.68383519386809,
        "condi_4": true
    },
    {
        "symbol": "SAVE_US",
        "rank_value": 2.5126262626262625,
        "volume": 827329204.81,
        "adr": 17.466092610011863,
        "condi_4": true
    },
    {
        "symbol": "NIO_US",
        "rank_value": 2.1792452830188678,
        "volume": 591312910.4189999,
        "adr": 12.254212570211243,
        "condi_4": true
    },
    {
        "symbol": "UAL_US",
        "rank_value": 2.0487551867219915,
        "volume": 3081708766.275,
        "adr": 12.81560798484971,
        "condi_4": true
    },
    {
        "symbol": "GSX_US",
        "rank_value": 1.9068736141906875,
        "volume": 358025059.74,
        "adr": 11.471228477782592,
        "condi_4": true
    },
    {
        "symbol": "IVR_US",
        "rank_value": 1.9066147859922182,
        "volume": 145711162.31,
        "adr": 21.49427218971256,
        "condi_4": true
    },
    {
        "symbol": "AAL_US",
        "rank_value": 1.9006849315068493,
        "volume": 2017505316.8249998,
        "adr": 13.973735121793762,
        "condi_4": true
    },
    {
        "symbol": "SRNE_US",
        "rank_value": 1.8414399456624277,
        "volume": 176890570.62,
        "adr": 17.40364527226874,
        "condi_4": true
    },
    {
        "symbol": "PENN_US",
        "rank_value": 1.8312829525483305,
        "volume": 562745061.4380001,
        "adr": 11.95964265395042,
        "condi_4": true
    },
    {
        "symbol": "PLAY_US",
        "rank_value": 1.7841031149301825,
        "volume": 197523057.9465,
        "adr": 17.45504164611851,
        "condi_4": true
    },
    {
        "symbol": "NCLH_US",
        "rank_value": 1.783495145631068,
        "volume": 1491980324.3895,
        "adr": 15.358955570995846,
        "condi_4": true
    },
    {
        "symbol": "THO_US",
        "rank_value": 1.7372752209692166,
        "volume": 116017372.5,
        "adr": 6.890778700651712,
        "condi_4": true
    },
    {
        "symbol": "RCL_US",
        "rank_value": 1.72821270310192,
        "volume": 1328035933.575,
        "adr": 12.146322544544086,
        "condi_4": true
    },
    {
        "symbol": "PK_US",
        "rank_value": 1.7,
        "volume": 121412511.99,
        "adr": 12.489875124935379,
        "condi_4": true
    },
    {
        "symbol": "ACB_US",
        "rank_value": 1.6805194805194805,
        "volume": 177869801.842,
        "adr": 12.718329668236095,
        "condi_4": true
    },
    {
        "symbol": "SE_US",
        "rank_value": 1.675,
        "volume": 532357012.35,
        "adr": 6.40719518752062,
        "condi_4": true
    },
    {
        "symbol": "SPR_US",
        "rank_value": 1.6629411764705881,
        "volume": 177485217.206,
        "adr": 13.535102814175515,
        "condi_4": true
    },
    {
        "symbol": "BA_US",
        "rank_value": 1.657986852215487,
        "volume": 9554250794.07,
        "adr": 9.315366698525661,
        "condi_4": true
    },
    {
        "symbol": "DAL_US",
        "rank_value": 1.6552094522019334,
        "volume": 2035590976.96,
        "adr": 9.978745939690903,
        "condi_4": true
    }
]