[
    {
        "symbol": "ACB_US",
        "rank_value": 21.06060606060606,
        "volume": 336440817.365,
        "adr": 22.003491389130915,
        "condi_4": true
    },
    {
        "symbol": "GNUS_US",
        "rank_value": 19.677419354838708,
        "volume": 499331156.87,
        "adr": 53.00377760425747,
        "condi_4": true
    },
    {
        "symbol": "XSPA_US",
        "rank_value": 6.105038656358305,
        "volume": 146150227.5145,
        "adr": 32.226347937591186,
        "condi_4": true
    },
    {
        "symbol": "MARK_US",
        "rank_value": 4.33993399339934,
        "volume": 168137553.61249998,
        "adr": 33.719359195076514,
        "condi_4": true
    },
    {
        "symbol": "NKLA_US",
        "rank_value": 2.748854961832061,
        "volume": 346099432.6335,
        "adr": 20.118419209737603,
        "condi_4": true
    },
    {
        "symbol": "PENN_US",
        "rank_value": 2.4765100671140936,
        "volume": 744052194.09,
        "adr": 12.735645242846939,
        "condi_4": true
    },
    {
        "symbol": "PLAY_US",
        "rank_value": 2.2609727164887308,
        "volume": 167012023.489,
        "adr": 15.31278503998057,
        "condi_4": true
    },
    {
        "symbol": "FSLY_US",
        "rank_value": 2.033643537655563,
        "volume": 198823684.0,
        "adr": 10.790031935929779,
        "condi_4": true
    },
    {
        "symbol": "ALK_US",
        "rank_value": 1.8469431380932022,
        "volume": 142645944.24,
        "adr": 8.862056050842737,
        "condi_4": true
    },
    {
        "symbol": "DKNG_US",
        "rank_value": 1.8424721189591078,
        "volume": 512267663.245,
        "adr": 11.840855729722556,
        "condi_4": true
    },
    {
        "symbol": "RH_US",
        "rank_value": 1.7807397774888025,
        "volume": 308202715.34000003,
        "adr": 8.391754076503766,
        "condi_4": true
    },
    {
        "symbol": "NIO_US",
        "rank_value": 1.770440251572327,
        "volume": 320858845.82,
        "adr": 9.74483269270956,
        "condi_4": true
    }
]