[
    {
        "symbol": "AI_US",
        "rank_value": 56.68600775193798,
        "volume": 824541638.4604601,
        "adr": 13.80861202536594,
        "condi_4": true
    },
    {
        "symbol": "OCGN_US",
        "rank_value": 8.389860764012852,
        "volume": 251490772.85250002,
        "adr": 41.62985304772244,
        "condi_4": true
    },
    {
        "symbol": "CRIS_US",
        "rank_value": 6.834862385321101,
        "volume": 187552711.8425,
        "adr": 45.23778776785854,
        "condi_4": true
    },
    {
        "symbol": "QS_US",
        "rank_value": 5.752000000000001,
        "volume": 1951718695.3840003,
        "adr": 25.682715718466742,
        "condi_4": true
    },
    {
        "symbol": "HEXO_US",
        "rank_value": 5.567095970087245,
        "volume": 131678991.762,
        "adr": 15.845183597585311,
        "condi_4": true
    },
    {
        "symbol": "ARVN_US",
        "rank_value": 3.542525773195876,
        "volume": 171493569.26700002,
        "adr": 15.350625152004316,
        "condi_4": true
    },
    {
        "symbol": "MVIS_US",
        "rank_value": 3.2547169811320753,
        "volume": 164768698.005,
        "adr": 20.8752284785199,
        "condi_4": true
    },
    {
        "symbol": "VERU_US",
        "rank_value": 3.084745762711864,
        "volume": 161312444.475,
        "adr": 21.493971905704147,
        "condi_4": true
    },
    {
        "symbol": "EDIT_US",
        "rank_value": 3.040658955485454,
        "volume": 264698101.91250002,
        "adr": 14.301603889414816,
        "condi_4": true
    },
    {
        "symbol": "RMO_US",
        "rank_value": 2.7887931034482762,
        "volume": 166900377.1825,
        "adr": 19.795924361352625,
        "condi_4": true
    },
    {
        "symbol": "BLNK_US",
        "rank_value": 2.4986709197235513,
        "volume": 572992554.65,
        "adr": 17.671037571306456,
        "condi_4": true
    },
    {
        "symbol": "LAZR_US",
        "rank_value": 2.4375,
        "volume": 740796181.32,
        "adr": 25.55748995392799,
        "condi_4": true
    },
    {
        "symbol": "XL_US",
        "rank_value": 2.346815834767642,
        "volume": 319534482.44699997,
        "adr": 19.839972224886626,
        "condi_4": true
    },
    {
        "symbol": "LK_US",
        "rank_value": 2.064935064935065,
        "volume": 198791688.52800003,
        "adr": 29.12297405710205,
        "condi_4": true
    },
    {
        "symbol": "TGTX_US",
        "rank_value": 1.9946298427311084,
        "volume": 148467911.79999998,
        "adr": 9.837146722177014,
        "condi_4": true
    },
    {
        "symbol": "PACB_US",
        "rank_value": 1.9732205778717407,
        "volume": 132895525.0,
        "adr": 11.737242549470373,
        "condi_4": true
    },
    {
        "symbol": "VSLR_US",
        "rank_value": 1.857451403887689,
        "volume": 111232331.2,
        "adr": 7.61046406019541,
        "condi_4": true
    },
    {
        "symbol": "MGNI_US",
        "rank_value": 1.8349001175088133,
        "volume": 181574313.3315,
        "adr": 12.335703431289446,
        "condi_4": true
    },
    {
        "symbol": "SFIX_US",
        "rank_value": 1.8071428571428572,
        "volume": 284770215.675,
        "adr": 9.415634988924747,
        "condi_4": true
    },
    {
        "symbol": "SNDL_US",
        "rank_value": 1.794977511244378,
        "volume": 221518016.1999,
        "adr": 27.088410586708033,
        "condi_4": true
    },
    {
        "symbol": "FUBO_US",
        "rank_value": 1.7799999999999998,
        "volume": 488166324.676,
        "adr": 16.4566791188242,
        "condi_4": true
    },
    {
        "symbol": "FCEL_US",
        "rank_value": 1.7699386503067485,
        "volume": 760699725.4159999,
        "adr": 16.861481272776313,
        "condi_4": true
    },
    {
        "symbol": "THCB_US",
        "rank_value": 1.7657407407407406,
        "volume": 107120284.32900001,
        "adr": 15.43853882312396,
        "condi_4": true
    },
    {
        "symbol": "SBE_US",
        "rank_value": 1.763029315960912,
        "volume": 254710479.02999997,
        "adr": 14.80046479988344,
        "condi_4": true
    },
    {
        "symbol": "FATE_US",
        "rank_value": 1.7617652444607215,
        "volume": 129914128.4535,
        "adr": 8.884600872889248,
        "condi_4": true
    },
    {
        "symbol": "NNDM_US",
        "rank_value": 1.7573221757322175,
        "volume": 276885889.56,
        "adr": 15.688364756983031,
        "condi_4": true
    },
    {
        "symbol": "GME_US",
        "rank_value": 1.7421746293245468,
        "volume": 248297909.98499998,
        "adr": 12.914951337475511,
        "condi_4": true
    },
    {
        "symbol": "FEYE_US",
        "rank_value": 1.7302054995817666,
        "volume": 361477917.78000003,
        "adr": 8.624815256859408,
        "condi_4": true
    },
    {
        "symbol": "CIIC_US",
        "rank_value": 1.718475073313783,
        "volume": 131282381.35499999,
        "adr": 17.67307037617818,
        "condi_4": true
    },
    {
        "symbol": "MP_US",
        "rank_value": 1.7178378378378378,
        "volume": 134812304.508,
        "adr": 13.507966555413663,
        "condi_4": true
    },
    {
        "symbol": "LMND_US",
        "rank_value": 1.7008505857807736,
        "volume": 355091246.60800004,
        "adr": 13.833403236063768,
        "condi_4": true
    },
    {
        "symbol": "JMIA_US",
        "rank_value": 1.6571545046881369,
        "volume": 627552037.425,
        "adr": 15.9665286036073,
        "condi_4": true
    },
    {
        "symbol": "VLDR_US",
        "rank_value": 1.6485714285714284,
        "volume": 252571921.382,
        "adr": 15.780800644459458,
        "condi_4": true
    },
    {
        "symbol": "RDFN_US",
        "rank_value": 1.6224444444444446,
        "volume": 125197533.39800002,
        "adr": 6.189752417396011,
        "condi_4": true
    },
    {
        "symbol": "HTZ_US",
        "rank_value": 1.6038613861386137,
        "volume": 146224317.90433,
        "adr": 22.32959405133508,
        "condi_4": true
    },
    {
        "symbol": "SHLL_US",
        "rank_value": 1.58837699488106,
        "volume": 326494481.8375,
        "adr": 16.75419373910849,
        "condi_4": true
    },
    {
        "symbol": "CRSP_US",
        "rank_value": 1.575799465487052,
        "volume": 269404841.9595,
        "adr": 8.474322658720613,
        "condi_4": true
    },
    {
        "symbol": "SKLZ_US",
        "rank_value": 1.5684713375796178,
        "volume": 112703050.88499999,
        "adr": 14.482377747504493,
        "condi_4": true
    },
    {
        "symbol": "DQ_US",
        "rank_value": 1.534305780659103,
        "volume": 127787702.8,
        "adr": 11.224900801383718,
        "condi_4": true
    },
    {
        "symbol": "RAD_US",
        "rank_value": 1.5315453292372003,
        "volume": 109776369.5,
        "adr": 10.348398630155842,
        "condi_4": true
    },
    {
        "symbol": "CRWD_US",
        "rank_value": 1.5277777777777777,
        "volume": 1031937128.64,
        "adr": 6.887424081581228,
        "condi_4": true
    },
    {
        "symbol": "PLUG_US",
        "rank_value": 1.5146067415730338,
        "volume": 1027244508.73,
        "adr": 9.947970255040438,
        "condi_4": true
    },
    {
        "symbol": "APPS_US",
        "rank_value": 1.4824187533297815,
        "volume": 189714183.435,
        "adr": 8.455488448273574,
        "condi_4": true
    },
    {
        "symbol": "IRTC_US",
        "rank_value": 1.4783636363636363,
        "volume": 111268193.8365,
        "adr": 7.987708044937447,
        "condi_4": true
    },
    {
        "symbol": "NVCR_US",
        "rank_value": 1.469788781163435,
        "volume": 182393299.4625,
        "adr": 6.246697110945543,
        "condi_4": true
    }
]