[
    {
        "symbol": "APVO_US",
        "rank_value": 5.5,
        "volume": 147452934.75,
        "adr": 41.72388531677726,
        "condi_4": true
    },
    {
        "symbol": "ACB_US",
        "rank_value": 3.1671159029649596,
        "volume": 559368666.4125,
        "adr": 18.398375915614928,
        "condi_4": true
    },
    {
        "symbol": "SRRK_US",
        "rank_value": 3.1203007518796992,
        "volume": 226611397.39999998,
        "adr": 19.380500703925563,
        "condi_4": true
    },
    {
        "symbol": "LK_US",
        "rank_value": 2.064935064935065,
        "volume": 198791688.52800003,
        "adr": 29.12297405710205,
        "condi_4": true
    },
    {
        "symbol": "TLRY_US",
        "rank_value": 2.0571428571428574,
        "volume": 199533326.4,
        "adr": 16.248822016697282,
        "condi_4": true
    },
    {
        "symbol": "VSLR_US",
        "rank_value": 1.857451403887689,
        "volume": 111232331.2,
        "adr": 7.61046406019541,
        "condi_4": true
    },
    {
        "symbol": "XPEV_US",
        "rank_value": 1.8313513513513515,
        "volume": 657178977.3780001,
        "adr": 11.731333836422241,
        "condi_4": true
    },
    {
        "symbol": "FTCH_US",
        "rank_value": 1.6450498848810438,
        "volume": 209719096.85999998,
        "adr": 8.764312039318556,
        "condi_4": true
    },
    {
        "symbol": "PLTR_US",
        "rank_value": 1.6299559471365639,
        "volume": 365810009.74,
        "adr": 7.895491486338657,
        "condi_4": true
    },
    {
        "symbol": "HTZ_US",
        "rank_value": 1.6038613861386137,
        "volume": 146224317.90433,
        "adr": 22.32959405133508,
        "condi_4": true
    },
    {
        "symbol": "SHLL_US",
        "rank_value": 1.58837699488106,
        "volume": 326494481.8375,
        "adr": 16.75419373910849,
        "condi_4": true
    },
    {
        "symbol": "JMIA_US",
        "rank_value": 1.5756385068762278,
        "volume": 249836297.16,
        "adr": 13.00702952651589,
        "condi_4": true
    },
    {
        "symbol": "SNAP_US",
        "rank_value": 1.5669558657110523,
        "volume": 2527517934.693,
        "adr": 8.476176251246837,
        "condi_4": true
    },
    {
        "symbol": "APPS_US",
        "rank_value": 1.494061757719715,
        "volume": 137712224.037,
        "adr": 10.583717678879223,
        "condi_4": true
    },
    {
        "symbol": "LI_US",
        "rank_value": 1.4857142857142858,
        "volume": 329920147.7,
        "adr": 9.936704766139147,
        "condi_4": true
    },
    {
        "symbol": "CGC_US",
        "rank_value": 1.483754512635379,
        "volume": 229835404.53,
        "adr": 8.70744357751516,
        "condi_4": true
    },
    {
        "symbol": "NET_US",
        "rank_value": 1.479152269062428,
        "volume": 343017810.9345,
        "adr": 7.2421142082471635,
        "condi_4": true
    },
    {
        "symbol": "ALGN_US",
        "rank_value": 1.4773438225911357,
        "volume": 352377960.4165,
        "adr": 5.683612741870503,
        "condi_4": true
    },
    {
        "symbol": "PDD_US",
        "rank_value": 1.4455606842248168,
        "volume": 501997564.20000005,
        "adr": 5.961125329967598,
        "condi_4": true
    },
    {
        "symbol": "ARRY_US",
        "rank_value": 1.442340791738382,
        "volume": 217368979.22,
        "adr": 12.840849292694179,
        "condi_4": true
    },
    {
        "symbol": "TTD_US",
        "rank_value": 1.42411585029257,
        "volume": 546134025.145,
        "adr": 6.5784598141422235,
        "condi_4": true
    },
    {
        "symbol": "PINS_US",
        "rank_value": 1.4148681055155874,
        "volume": 1422716642.6,
        "adr": 8.641276651109209,
        "condi_4": true
    },
    {
        "symbol": "VIPS_US",
        "rank_value": 1.4134742404227212,
        "volume": 192637807.37999997,
        "adr": 6.700244853160919,
        "condi_4": true
    },
    {
        "symbol": "UTX_US",
        "rank_value": 1.3554042306577805,
        "volume": 950956822.1374999,
        "adr": 12.586647686893482,
        "condi_4": true
    }
]