[
    {
        "symbol": "SPCE_US",
        "rank_value": 1.758555133079848,
        "volume": 204221258.575,
        "adr": 10.712911535568104,
        "condi_4": true
    },
    {
        "symbol": "PCG_US",
        "rank_value": 1.6989999999999998,
        "volume": 219644526.591,
        "adr": 7.954624297486501,
        "condi_4": true
    },
    {
        "symbol": "TSLA_US",
        "rank_value": 1.6628571428571428,
        "volume": 12675458425.125,
        "adr": 8.665465962740404,
        "condi_4": true
    },
    {
        "symbol": "GSX_US",
        "rank_value": 1.6127622377622377,
        "volume": 108479931.79499999,
        "adr": 9.05999919308973,
        "condi_4": true
    },
    {
        "symbol": "BYND_US",
        "rank_value": 1.5034538805363673,
        "volume": 1643988332.6999998,
        "adr": 11.554827679327806,
        "condi_4": true
    },
    {
        "symbol": "NIO_US",
        "rank_value": 1.454849498327759,
        "volume": 405595672.575,
        "adr": 12.511253785079424,
        "condi_4": true
    },
    {
        "symbol": "TEVA_US",
        "rank_value": 1.3747860810039931,
        "volume": 208655918.39250004,
        "adr": 5.274020645815347,
        "condi_4": true
    },
    {
        "symbol": "LK_US",
        "rank_value": 1.3514018691588785,
        "volume": 832971864.39,
        "adr": 12.836536392670862,
        "condi_4": true
    },
    {
        "symbol": "ZM_US",
        "rank_value": 1.325298275683922,
        "volume": 235491522.952,
        "adr": 4.889729719578795,
        "condi_4": true
    },
    {
        "symbol": "TDOC_US",
        "rank_value": 1.3056213916742632,
        "volume": 127563495.078,
        "adr": 4.500934360513553,
        "condi_4": true
    },
    {
        "symbol": "AYX_US",
        "rank_value": 1.2847555129434325,
        "volume": 148514591.9,
        "adr": 4.524951394928567,
        "condi_4": true
    },
    {
        "symbol": "SQ_US",
        "rank_value": 1.2800588908882709,
        "volume": 602169921.0625,
        "adr": 3.6977142577049094,
        "condi_4": true
    },
    {
        "symbol": "TNDM_US",
        "rank_value": 1.2764505119453924,
        "volume": 107096844.8,
        "adr": 4.528609610190637,
        "condi_4": true
    },
    {
        "symbol": "ZS_US",
        "rank_value": 1.260215053763441,
        "volume": 118613976.98,
        "adr": 4.886368795644924,
        "condi_4": true
    },
    {
        "symbol": "ALB_US",
        "rank_value": 1.2581525642867404,
        "volume": 168598620.254,
        "adr": 3.5734781467844368,
        "condi_4": true
    }
]