[
    {
        "symbol": "INPX_US",
        "rank_value": 109.03835616438357,
        "volume": 414234201.24098504,
        "adr": 68.86081432044455,
        "condi_4": true
    },
    {
        "symbol": "ITCI_US",
        "rank_value": 2.260155574762316,
        "volume": 157499348.8475,
        "adr": 20.212127624823427,
        "condi_4": true
    },
    {
        "symbol": "AXSM_US",
        "rank_value": 1.967285587975243,
        "volume": 155068420.20000002,
        "adr": 12.632782893749983,
        "condi_4": true
    },
    {
        "symbol": "NIO_US",
        "rank_value": 1.6355140186915886,
        "volume": 276362357.77500004,
        "adr": 15.04838947246987,
        "condi_4": true
    },
    {
        "symbol": "RAD_US",
        "rank_value": 1.612803738317757,
        "volume": 178227405.10736,
        "adr": 16.866946108811078,
        "condi_4": true
    },
    {
        "symbol": "APA_US",
        "rank_value": 1.590516176833786,
        "volume": 234760337.14000002,
        "adr": 5.668915085648107,
        "condi_4": true
    },
    {
        "symbol": "LK_US",
        "rank_value": 1.5123478260869565,
        "volume": 539211265.414,
        "adr": 9.08740997180859,
        "condi_4": true
    },
    {
        "symbol": "WDC_US",
        "rank_value": 1.4236256819135544,
        "volume": 313378041.865,
        "adr": 3.7257068457927423,
        "condi_4": true
    },
    {
        "symbol": "TSLA_US",
        "rank_value": 1.4183679525222552,
        "volume": 4953918807.962999,
        "adr": 4.182037110921977,
        "condi_4": true
    },
    {
        "symbol": "GRUB_US",
        "rank_value": 1.344801026957638,
        "volume": 171990884.979,
        "adr": 5.619655546793667,
        "condi_4": true
    },
    {
        "symbol": "SRPT_US",
        "rank_value": 1.329965982888362,
        "volume": 168413592.73700002,
        "adr": 5.525864628130028,
        "condi_4": true
    },
    {
        "symbol": "ENPH_US",
        "rank_value": 1.3128491620111733,
        "volume": 136362094.05,
        "adr": 5.686196155225387,
        "condi_4": true
    }
]