[
    {
        "symbol": "GOGO_US",
        "rank_value": 3.0267857142857144,
        "volume": 149690647.548,
        "adr": 17.778800893726434,
        "condi_4": true
    },
    {
        "symbol": "IMMU_US",
        "rank_value": 2.2610303830911493,
        "volume": 545896270.535,
        "adr": 5.1228708267057055,
        "condi_4": true
    },
    {
        "symbol": "DPHC_US",
        "rank_value": 2.1136363636363638,
        "volume": 116865357.75,
        "adr": 13.350995213733619,
        "condi_4": true
    },
    {
        "symbol": "LK_US",
        "rank_value": 2.064935064935065,
        "volume": 198791688.52800003,
        "adr": 29.12297405710205,
        "condi_4": true
    },
    {
        "symbol": "KODK_US",
        "rank_value": 2.056776556776557,
        "volume": 344243600.77150005,
        "adr": 22.577227938016907,
        "condi_4": true
    },
    {
        "symbol": "SHLL_US",
        "rank_value": 1.8577620173364855,
        "volume": 363968378.0125,
        "adr": 17.388923844834704,
        "condi_4": true
    },
    {
        "symbol": "KCAC_US",
        "rank_value": 1.8480492813141682,
        "volume": 143762016.6,
        "adr": 11.950381114076158,
        "condi_4": true
    },
    {
        "symbol": "QS_US",
        "rank_value": 1.8480492813141682,
        "volume": 143762016.6,
        "adr": 11.950381114076158,
        "condi_4": true
    },
    {
        "symbol": "WKHS_US",
        "rank_value": 1.8303863785199739,
        "volume": 639345675.1175,
        "adr": 12.716582651410825,
        "condi_4": true
    },
    {
        "symbol": "ITCI_US",
        "rank_value": 1.7949536500579373,
        "volume": 111495728.143375,
        "adr": 9.083120943037581,
        "condi_4": true
    },
    {
        "symbol": "VXRT_US",
        "rank_value": 1.7405764966740576,
        "volume": 221780275.54,
        "adr": 21.807616941352094,
        "condi_4": true
    },
    {
        "symbol": "INO_US",
        "rank_value": 1.7243735763097952,
        "volume": 317964550.267,
        "adr": 15.386311284328901,
        "condi_4": true
    },
    {
        "symbol": "ZM_US",
        "rank_value": 1.571969696969697,
        "volume": 3715848725.25,
        "adr": 9.433999805547888,
        "condi_4": true
    },
    {
        "symbol": "BEKE_US",
        "rank_value": 1.5548731642189584,
        "volume": 217919777.31,
        "adr": 9.592463108268646,
        "condi_4": true
    },
    {
        "symbol": "DKNG_US",
        "rank_value": 1.54463243873979,
        "volume": 1086768459.9525,
        "adr": 10.481772010338108,
        "condi_4": true
    },
    {
        "symbol": "APPS_US",
        "rank_value": 1.54126213592233,
        "volume": 182260052.67499998,
        "adr": 13.620381118763314,
        "condi_4": true
    },
    {
        "symbol": "CORT_US",
        "rank_value": 1.4311475409836067,
        "volume": 114662540.268,
        "adr": 10.208365689969035,
        "condi_4": true
    },
    {
        "symbol": "NIO_US",
        "rank_value": 1.4301552106430158,
        "volume": 2473913678.535,
        "adr": 11.366768479986344,
        "condi_4": true
    },
    {
        "symbol": "RUN_US",
        "rank_value": 1.396855198310256,
        "volume": 181240881.98400003,
        "adr": 8.011108455630822,
        "condi_4": true
    },
    {
        "symbol": "AEO_US",
        "rank_value": 1.3902894491129785,
        "volume": 110140490.204,
        "adr": 5.5683834046373,
        "condi_4": true
    },
    {
        "symbol": "TSLA_US",
        "rank_value": 1.3756493506493506,
        "volume": 19236738062.855,
        "adr": 11.435271502910794,
        "condi_4": true
    },
    {
        "symbol": "NVAX_US",
        "rank_value": 1.3722662821437155,
        "volume": 582851367.66,
        "adr": 13.019345353082379,
        "condi_4": true
    },
    {
        "symbol": "SPAQ_US",
        "rank_value": 1.3605610561056105,
        "volume": 142472620.494,
        "adr": 8.738218977981727,
        "condi_4": true
    },
    {
        "symbol": "UTX_US",
        "rank_value": 1.3554042306577805,
        "volume": 950956822.1374999,
        "adr": 12.586647686893482,
        "condi_4": true
    },
    {
        "symbol": "CZR_US",
        "rank_value": 1.3532277710109624,
        "volume": 206865058.6475,
        "adr": 6.971422351675072,
        "condi_4": true
    },
    {
        "symbol": "FL_US",
        "rank_value": 1.3364312267657994,
        "volume": 103972258.6425,
        "adr": 4.6813711695357085,
        "condi_4": true
    },
    {
        "symbol": "DKS_US",
        "rank_value": 1.3199639477242,
        "volume": 164006595.882,
        "adr": 4.955614957622334,
        "condi_4": true
    }
]