[
    {
        "symbol": "CODX_US",
        "rank_value": 5.756521739130435,
        "volume": 235632156.868,
        "adr": 43.530632622843115,
        "condi_4": true
    },
    {
        "symbol": "APT_US",
        "rank_value": 3.1887201735357915,
        "volume": 147119384.58,
        "adr": 43.58201215273074,
        "condi_4": true
    },
    {
        "symbol": "FTSV_US",
        "rank_value": 2.3233193794631863,
        "volume": 241163449.58999997,
        "adr": 12.80455675086798,
        "condi_4": true
    },
    {
        "symbol": "NVAX_US",
        "rank_value": 2.011182108626198,
        "volume": 113936007.534,
        "adr": 18.70797121838632,
        "condi_4": true
    },
    {
        "symbol": "S_US",
        "rank_value": 1.982261640798226,
        "volume": 383308477.284,
        "adr": 9.437823456623228,
        "condi_4": true
    },
    {
        "symbol": "STMP_US",
        "rank_value": 1.6028552887735237,
        "volume": 114930285.6,
        "adr": 9.900928117216413,
        "condi_4": true
    },
    {
        "symbol": "ENPH_US",
        "rank_value": 1.4747875354107651,
        "volume": 410173829.035,
        "adr": 9.943545445326297,
        "condi_4": true
    },
    {
        "symbol": "VIPS_US",
        "rank_value": 1.431916738941891,
        "volume": 114042841.51,
        "adr": 6.279786190454151,
        "condi_4": true
    },
    {
        "symbol": "REGN_US",
        "rank_value": 1.3727777777777777,
        "volume": 488605730.13,
        "adr": 4.767629639262161,
        "condi_4": true
    },
    {
        "symbol": "ZM_US",
        "rank_value": 1.3563369351083518,
        "volume": 929582086.24,
        "adr": 9.904452030164324,
        "condi_4": true
    },
    {
        "symbol": "SEDG_US",
        "rank_value": 1.3363399478853477,
        "volume": 194619297.145,
        "adr": 7.022307339583733,
        "condi_4": true
    },
    {
        "symbol": "TDOC_US",
        "rank_value": 1.2880295706568097,
        "volume": 297356932.71,
        "adr": 8.17647943777644,
        "condi_4": true
    },
    {
        "symbol": "ZNGA_US",
        "rank_value": 1.2607142857142857,
        "volume": 141085398.54999998,
        "adr": 4.26876975640329,
        "condi_4": true
    },
    {
        "symbol": "ETSY_US",
        "rank_value": 1.2405349794238683,
        "volume": 188203009.3955,
        "adr": 5.509094254063629,
        "condi_4": true
    },
    {
        "symbol": "NEM_US",
        "rank_value": 1.2282275194713241,
        "volume": 466753988.356,
        "adr": 4.231077550220652,
        "condi_4": true
    },
    {
        "symbol": "DPZ_US",
        "rank_value": 1.2281150626850397,
        "volume": 318785090.40000004,
        "adr": 4.765705476023907,
        "condi_4": true
    },
    {
        "symbol": "GSX_US",
        "rank_value": 1.2236880680152449,
        "volume": 130816701.63900001,
        "adr": 9.357249474012841,
        "condi_4": true
    },
    {
        "symbol": "MRVL_US",
        "rank_value": 1.2205128205128206,
        "volume": 289631646.22,
        "adr": 5.951448139382132,
        "condi_4": true
    },
    {
        "symbol": "DXCM_US",
        "rank_value": 1.2193523679843412,
        "volume": 257026309.704,
        "adr": 5.9019161290407185,
        "condi_4": true
    },
    {
        "symbol": "HUM_US",
        "rank_value": 1.2067140132833565,
        "volume": 363440515.7915,
        "adr": 4.321007191607884,
        "condi_4": true
    }
]