[
    {
        "symbol": "MCRB_US",
        "rank_value": 6.246943765281174,
        "volume": 173087435.115,
        "adr": 41.063875029844034,
        "condi_4": true
    },
    {
        "symbol": "AIMT_US",
        "rank_value": 2.892554991539763,
        "volume": 117498562.61649999,
        "adr": 4.6814125551581265,
        "condi_4": true
    },
    {
        "symbol": "GEVO_US",
        "rank_value": 2.2641509433962264,
        "volume": 109867706.28,
        "adr": 32.12619965460486,
        "condi_4": true
    },
    {
        "symbol": "LK_US",
        "rank_value": 2.064935064935065,
        "volume": 198791688.52800003,
        "adr": 29.12297405710205,
        "condi_4": true
    },
    {
        "symbol": "MNTA_US",
        "rank_value": 1.9434102755026061,
        "volume": 292411378.71,
        "adr": 7.007634215871916,
        "condi_4": true
    },
    {
        "symbol": "GRWG_US",
        "rank_value": 1.8678571428571427,
        "volume": 185445231.216,
        "adr": 16.978443165343606,
        "condi_4": true
    },
    {
        "symbol": "ZM_US",
        "rank_value": 1.8208695652173914,
        "volume": 2929243538.04,
        "adr": 8.15447235712492,
        "condi_4": true
    },
    {
        "symbol": "APPS_US",
        "rank_value": 1.7635135135135136,
        "volume": 145226203.335,
        "adr": 10.865259014211226,
        "condi_4": true
    },
    {
        "symbol": "PENN_US",
        "rank_value": 1.6114542391914655,
        "volume": 433798181.03999996,
        "adr": 8.154123015137404,
        "condi_4": true
    },
    {
        "symbol": "NIO_US",
        "rank_value": 1.5781499202551834,
        "volume": 2396616229.8244996,
        "adr": 10.368525742153366,
        "condi_4": true
    },
    {
        "symbol": "PLUG_US",
        "rank_value": 1.4988584474885847,
        "volume": 425487874.33100003,
        "adr": 10.728638707736282,
        "condi_4": true
    },
    {
        "symbol": "PLAN_US",
        "rank_value": 1.460370994940978,
        "volume": 179557625.121,
        "adr": 6.178147137925838,
        "condi_4": true
    },
    {
        "symbol": "RCL_US",
        "rank_value": 1.4572649572649574,
        "volume": 587007684.5600001,
        "adr": 6.267959032603421,
        "condi_4": true
    },
    {
        "symbol": "RUN_US",
        "rank_value": 1.4507508271824892,
        "volume": 171989528.54999998,
        "adr": 7.279627466039207,
        "condi_4": true
    },
    {
        "symbol": "CVNA_US",
        "rank_value": 1.4397140071498213,
        "volume": 339507702.22499996,
        "adr": 7.498044660760428,
        "condi_4": true
    },
    {
        "symbol": "CRM_US",
        "rank_value": 1.4369914458585438,
        "volume": 2600237434.2000003,
        "adr": 4.975483853093143,
        "condi_4": true
    },
    {
        "symbol": "CRWD_US",
        "rank_value": 1.4239048945057298,
        "volume": 642665987.9324999,
        "adr": 6.720478401357299,
        "condi_4": true
    },
    {
        "symbol": "CHWY_US",
        "rank_value": 1.388689765033851,
        "volume": 192569822.57699996,
        "adr": 5.8396058782850035,
        "condi_4": true
    },
    {
        "symbol": "DOCU_US",
        "rank_value": 1.3695008460236886,
        "volume": 1039702081.25,
        "adr": 6.6994079440165555,
        "condi_4": true
    },
    {
        "symbol": "UTX_US",
        "rank_value": 1.3554042306577805,
        "volume": 950956822.1374999,
        "adr": 12.586647686893482,
        "condi_4": true
    },
    {
        "symbol": "HUBS_US",
        "rank_value": 1.3448146926206972,
        "volume": 123543127.777,
        "adr": 4.03357368040167,
        "condi_4": true
    },
    {
        "symbol": "WDAY_US",
        "rank_value": 1.3398590419436167,
        "volume": 435493426.86731,
        "adr": 4.416282877506483,
        "condi_4": true
    },
    {
        "symbol": "ZS_US",
        "rank_value": 1.3339322381930185,
        "volume": 302286875.2545,
        "adr": 5.084937496518505,
        "condi_4": true
    },
    {
        "symbol": "MDB_US",
        "rank_value": 1.3314006549632253,
        "volume": 136269142.79999998,
        "adr": 5.473530172972252,
        "condi_4": true
    },
    {
        "symbol": "SE_US",
        "rank_value": 1.3285060975609757,
        "volume": 586446219.9225,
        "adr": 6.828087725605103,
        "condi_4": true
    },
    {
        "symbol": "ESTC_US",
        "rank_value": 1.3268894986280868,
        "volume": 104827849.0325,
        "adr": 6.009196475738698,
        "condi_4": true
    },
    {
        "symbol": "NTNX_US",
        "rank_value": 1.3221329437545652,
        "volume": 147149957.8425,
        "adr": 6.119067058139582,
        "condi_4": true
    }
]