[
    {
        "symbol": "INPX_US",
        "rank_value": 37.976346911957954,
        "volume": 101143362.24800001,
        "adr": 38.15102572723617,
        "condi_4": true
    },
    {
        "symbol": "NNVC_US",
        "rank_value": 7.08,
        "volume": 126255367.14299999,
        "adr": 68.38078743399912,
        "condi_4": true
    },
    {
        "symbol": "OVV_US",
        "rank_value": 4.224324324324324,
        "volume": 261932182.11,
        "adr": 11.309129023844555,
        "condi_4": true
    },
    {
        "symbol": "SDC_US",
        "rank_value": 1.6566791510611736,
        "volume": 203252727.103,
        "adr": 12.211608401004327,
        "condi_4": true
    },
    {
        "symbol": "SPCE_US",
        "rank_value": 1.6074144486692017,
        "volume": 166430722.68,
        "adr": 10.026006472607163,
        "condi_4": true
    },
    {
        "symbol": "TSLA_US",
        "rank_value": 1.606023676880223,
        "volume": 9143580265.3125,
        "adr": 5.884162636492496,
        "condi_4": true
    },
    {
        "symbol": "BYND_US",
        "rank_value": 1.510413110276545,
        "volume": 1595770709.9599998,
        "adr": 11.321295113267515,
        "condi_4": true
    },
    {
        "symbol": "AYX_US",
        "rank_value": 1.4271844660194175,
        "volume": 152871566.2425,
        "adr": 4.455373444994204,
        "condi_4": true
    },
    {
        "symbol": "LB_US",
        "rank_value": 1.3526315789473682,
        "volume": 187580874.447,
        "adr": 4.848264236333777,
        "condi_4": true
    },
    {
        "symbol": "TNDM_US",
        "rank_value": 1.3053633217993081,
        "volume": 100026724.6125,
        "adr": 4.481288927118188,
        "condi_4": true
    },
    {
        "symbol": "MDB_US",
        "rank_value": 1.296002538071066,
        "volume": 154089092.18,
        "adr": 4.351235142792542,
        "condi_4": true
    },
    {
        "symbol": "TWLO_US",
        "rank_value": 1.2848036737096011,
        "volume": 313429995.0,
        "adr": 3.6353862407447313,
        "condi_4": true
    },
    {
        "symbol": "TEAM_US",
        "rank_value": 1.270871182628255,
        "volume": 232515369.255,
        "adr": 4.000838051149325,
        "condi_4": true
    },
    {
        "symbol": "NIO_US",
        "rank_value": 1.2574916387959865,
        "volume": 356154402.40452,
        "adr": 13.71562600015448,
        "condi_4": true
    },
    {
        "symbol": "ENPH_US",
        "rank_value": 1.2525252525252526,
        "volume": 137194999.65,
        "adr": 5.599470467096257,
        "condi_4": true
    },
    {
        "symbol": "TDOC_US",
        "rank_value": 1.2509237392373924,
        "volume": 116020114.79063001,
        "adr": 4.68360293991652,
        "condi_4": true
    },
    {
        "symbol": "UBER_US",
        "rank_value": 1.2498269896193772,
        "volume": 856890791.862,
        "adr": 4.043303150018995,
        "condi_4": true
    },
    {
        "symbol": "CRWD_US",
        "rank_value": 1.2484586929716401,
        "volume": 388520407.2375,
        "adr": 5.275974026779173,
        "condi_4": true
    },
    {
        "symbol": "ZS_US",
        "rank_value": 1.2235550708833152,
        "volume": 115189131.42,
        "adr": 5.098966573749819,
        "condi_4": true
    }
]