[
    {
        "symbol": "SHIP_US",
        "rank_value": 10.933333333333334,
        "volume": 145024572.04399997,
        "adr": 73.3417863222463,
        "condi_4": true
    },
    {
        "symbol": "VXRT_US",
        "rank_value": 6.76595744680851,
        "volume": 878746370.865,
        "adr": 38.27751599787075,
        "condi_4": true
    },
    {
        "symbol": "WIMI_US",
        "rank_value": 4.757396449704141,
        "volume": 178713237.384,
        "adr": 41.35733117196803,
        "condi_4": true
    },
    {
        "symbol": "BOXL_US",
        "rank_value": 4.565789473684211,
        "volume": 120802422.70099999,
        "adr": 29.33325510610425,
        "condi_4": true
    },
    {
        "symbol": "WKHS_US",
        "rank_value": 3.643031784841076,
        "volume": 794858323.3800001,
        "adr": 25.44606780542471,
        "condi_4": true
    },
    {
        "symbol": "GENE_US",
        "rank_value": 2.857142857142857,
        "volume": 100372669.02000001,
        "adr": 29.141368405852262,
        "condi_4": true
    },
    {
        "symbol": "BE_US",
        "rank_value": 2.1984435797665367,
        "volume": 101636708.7,
        "adr": 14.000875121278833,
        "condi_4": true
    },
    {
        "symbol": "SHLL_US",
        "rank_value": 2.194308145240432,
        "volume": 208570330.22800002,
        "adr": 19.777555461899166,
        "condi_4": true
    },
    {
        "symbol": "LK_US",
        "rank_value": 2.064935064935065,
        "volume": 198791688.52800003,
        "adr": 29.12297405710205,
        "condi_4": true
    },
    {
        "symbol": "RUN_US",
        "rank_value": 1.9757976991534618,
        "volume": 156108554.0465,
        "adr": 8.410079189866204,
        "condi_4": true
    },
    {
        "symbol": "NVTA_US",
        "rank_value": 1.9248554913294795,
        "volume": 148008148.695,
        "adr": 10.65267156930525,
        "condi_4": true
    },
    {
        "symbol": "PLUG_US",
        "rank_value": 1.7568627450980394,
        "volume": 304638695.87200004,
        "adr": 11.438030689752555,
        "condi_4": true
    },
    {
        "symbol": "NIO_US",
        "rank_value": 1.6923076923076923,
        "volume": 2088838834.5,
        "adr": 14.832635548647799,
        "condi_4": true
    },
    {
        "symbol": "TSLA_US",
        "rank_value": 1.607832257376087,
        "volume": 13174819327.692,
        "adr": 7.747882044383636,
        "condi_4": true
    },
    {
        "symbol": "LVGO_US",
        "rank_value": 1.5681818181818181,
        "volume": 458454517.875,
        "adr": 9.489482663599613,
        "condi_4": true
    },
    {
        "symbol": "GSX_US",
        "rank_value": 1.4852279397378203,
        "volume": 349420615.037,
        "adr": 9.359471690167464,
        "condi_4": true
    },
    {
        "symbol": "CAR_US",
        "rank_value": 1.4845771144278606,
        "volume": 124464064.86,
        "adr": 10.343520357401314,
        "condi_4": true
    },
    {
        "symbol": "FSLY_US",
        "rank_value": 1.4471744791666667,
        "volume": 1040548959.64481,
        "adr": 10.884784805107506,
        "condi_4": true
    },
    {
        "symbol": "CRSP_US",
        "rank_value": 1.4301175015460728,
        "volume": 108927075.0,
        "adr": 7.5276702311947385,
        "condi_4": true
    },
    {
        "symbol": "SPOT_US",
        "rank_value": 1.4060638583310974,
        "volume": 976095350.208,
        "adr": 6.249494586136128,
        "condi_4": true
    }
]