[
    {
        "symbol": "MFA_US",
        "rank_value": 6.928645294725955,
        "volume": 136288628.98049998,
        "adr": 105.96750154253334,
        "condi_4": true
    },
    {
        "symbol": "W_US",
        "rank_value": 3.6175115207373274,
        "volume": 397877980.05,
        "adr": 22.556675103817824,
        "condi_4": true
    },
    {
        "symbol": "ERI_US",
        "rank_value": 3.1079734219269106,
        "volume": 150536126.567,
        "adr": 34.03502952333548,
        "condi_4": true
    },
    {
        "symbol": "TLRY_US",
        "rank_value": 2.823004115226337,
        "volume": 130040790.905015,
        "adr": 35.44325768717618,
        "condi_4": true
    },
    {
        "symbol": "NVAX_US",
        "rank_value": 2.5302806499261448,
        "volume": 123650453.697,
        "adr": 20.924429759676766,
        "condi_4": true
    },
    {
        "symbol": "MGM_US",
        "rank_value": 2.5253809257470214,
        "volume": 529930061.65500003,
        "adr": 25.114940423255703,
        "condi_4": true
    },
    {
        "symbol": "FANG_US",
        "rank_value": 2.5010309278350515,
        "volume": 202352644.8375,
        "adr": 19.269075734767192,
        "condi_4": true
    },
    {
        "symbol": "DRI_US",
        "rank_value": 2.48565965583174,
        "volume": 359758678.5,
        "adr": 22.310259302259716,
        "condi_4": true
    },
    {
        "symbol": "ARMK_US",
        "rank_value": 2.393782383419689,
        "volume": 124328904.31500001,
        "adr": 24.096345151181243,
        "condi_4": true
    },
    {
        "symbol": "CNQ_US",
        "rank_value": 2.0283159463487332,
        "volume": 122948041.82800001,
        "adr": 17.290466632602165,
        "condi_4": true
    }
]