[
    {
        "symbol": "SHIP_US",
        "rank_value": 19.201995012468828,
        "volume": 387634717.8165,
        "adr": 78.40045267903739,
        "condi_4": true
    },
    {
        "symbol": "UONE_US",
        "rank_value": 15.6,
        "volume": 166841577.825,
        "adr": 110.9960505298182,
        "condi_4": true
    },
    {
        "symbol": "GRPN_US",
        "rank_value": 14.520325203252032,
        "volume": 126335883.722,
        "adr": 15.527638838527636,
        "condi_4": true
    },
    {
        "symbol": "XSPA_US",
        "rank_value": 5.049875311720697,
        "volume": 145100159.3925,
        "adr": 32.98102700320054,
        "condi_4": true
    },
    {
        "symbol": "IDEX_US",
        "rank_value": 4.809240745744393,
        "volume": 150516658.357875,
        "adr": 48.145559809012205,
        "condi_4": true
    },
    {
        "symbol": "VXRT_US",
        "rank_value": 3.8047619047619046,
        "volume": 245827297.29250002,
        "adr": 27.383617604097708,
        "condi_4": true
    },
    {
        "symbol": "SHLL_US",
        "rank_value": 2.6480558325024925,
        "volume": 195602093.424,
        "adr": 12.776058119753507,
        "condi_4": true
    },
    {
        "symbol": "NKLA_US",
        "rank_value": 2.1525930851063833,
        "volume": 1151247003.375,
        "adr": 24.72856230341256,
        "condi_4": true
    },
    {
        "symbol": "LK_US",
        "rank_value": 2.064935064935065,
        "volume": 198791688.52800003,
        "adr": 29.12297405710205,
        "condi_4": true
    },
    {
        "symbol": "FSLY_US",
        "rank_value": 2.0213414634146343,
        "volume": 819844218.687,
        "adr": 10.925976304921292,
        "condi_4": true
    },
    {
        "symbol": "NVTA_US",
        "rank_value": 2.002628120893561,
        "volume": 130728631.608,
        "adr": 11.128711654417778,
        "condi_4": true
    },
    {
        "symbol": "NVAX_US",
        "rank_value": 1.9644444444444444,
        "volume": 492085684.818,
        "adr": 12.290667474868977,
        "condi_4": true
    },
    {
        "symbol": "HTZ_US",
        "rank_value": 1.9473684210526316,
        "volume": 223903575.408,
        "adr": 59.533403521877084,
        "condi_4": true
    },
    {
        "symbol": "GSX_US",
        "rank_value": 1.713939393939394,
        "volume": 295410815.56,
        "adr": 9.432919632649517,
        "condi_4": true
    },
    {
        "symbol": "INO_US",
        "rank_value": 1.6909254267744833,
        "volume": 936772790.868,
        "adr": 19.84943288604302,
        "condi_4": true
    },
    {
        "symbol": "QDEL_US",
        "rank_value": 1.4989136338946225,
        "volume": 265890121.332,
        "adr": 7.206490846104963,
        "condi_4": true
    },
    {
        "symbol": "CLGX_US",
        "rank_value": 1.4830357142857142,
        "volume": 114072879.03,
        "adr": 4.118211549519479,
        "condi_4": true
    },
    {
        "symbol": "SPOT_US",
        "rank_value": 1.4626553672316382,
        "volume": 918555635.3375,
        "adr": 6.3974804663817775,
        "condi_4": true
    },
    {
        "symbol": "BBBY_US",
        "rank_value": 1.4607977991746905,
        "volume": 138303617.48999998,
        "adr": 10.339359642520263,
        "condi_4": true
    },
    {
        "symbol": "BILI_US",
        "rank_value": 1.4517124344338168,
        "volume": 229615835.42749998,
        "adr": 5.606397152968023,
        "condi_4": true
    },
    {
        "symbol": "BNTX_US",
        "rank_value": 1.41031149301826,
        "volume": 104964407.3075,
        "adr": 8.91135367243956,
        "condi_4": true
    },
    {
        "symbol": "IQ_US",
        "rank_value": 1.4050152718387292,
        "volume": 259154963.05580997,
        "adr": 8.227459704533091,
        "condi_4": true
    }
]