[
    {
        "symbol": "GLBS_US",
        "rank_value": 107.53424657534246,
        "volume": 138882026.515,
        "adr": 22.897620287707188,
        "condi_4": true
    },
    {
        "symbol": "PLL_US",
        "rank_value": 3.5803695053216043,
        "volume": 132916422.4,
        "adr": 31.017914570574455,
        "condi_4": true
    },
    {
        "symbol": "WWR_US",
        "rank_value": 3.2950819672131146,
        "volume": 147042672.58499998,
        "adr": 57.14114004304396,
        "condi_4": true
    },
    {
        "symbol": "LK_US",
        "rank_value": 2.064935064935065,
        "volume": 198791688.52800003,
        "adr": 29.12297405710205,
        "condi_4": true
    },
    {
        "symbol": "JKS_US",
        "rank_value": 2.0473448496481126,
        "volume": 921864486.4,
        "adr": 14.269232329761184,
        "condi_4": true
    },
    {
        "symbol": "VSLR_US",
        "rank_value": 1.857451403887689,
        "volume": 111232331.2,
        "adr": 7.61046406019541,
        "condi_4": true
    },
    {
        "symbol": "BBBY_US",
        "rank_value": 1.852014652014652,
        "volume": 358880313.936,
        "adr": 9.030738071992928,
        "condi_4": true
    },
    {
        "symbol": "DQ_US",
        "rank_value": 1.7873319498330777,
        "volume": 111502721.62799999,
        "adr": 10.822468367903571,
        "condi_4": true
    },
    {
        "symbol": "EV_US",
        "rank_value": 1.7403252944475605,
        "volume": 146116748.095,
        "adr": 4.568028338839114,
        "condi_4": true
    },
    {
        "symbol": "HTZ_US",
        "rank_value": 1.7226732673267326,
        "volume": 155263649.68988502,
        "adr": 22.148804166732905,
        "condi_4": true
    },
    {
        "symbol": "GME_US",
        "rank_value": 1.6747946725860157,
        "volume": 237805661.246475,
        "adr": 13.252792242276845,
        "condi_4": true
    },
    {
        "symbol": "NIO_US",
        "rank_value": 1.6208955223880597,
        "volume": 3033842927.8875,
        "adr": 7.315782156264494,
        "condi_4": true
    },
    {
        "symbol": "SHLL_US",
        "rank_value": 1.58837699488106,
        "volume": 326494481.8375,
        "adr": 16.75419373910849,
        "condi_4": true
    },
    {
        "symbol": "SEDG_US",
        "rank_value": 1.5618521078092606,
        "volume": 306298181.375,
        "adr": 7.569132354708374,
        "condi_4": true
    },
    {
        "symbol": "ENPH_US",
        "rank_value": 1.5326521545979563,
        "volume": 327747669.525,
        "adr": 7.757846975457028,
        "condi_4": true
    },
    {
        "symbol": "BNTX_US",
        "rank_value": 1.513688148274103,
        "volume": 188008740.01299998,
        "adr": 6.42494731608374,
        "condi_4": true
    },
    {
        "symbol": "NET_US",
        "rank_value": 1.469430595644188,
        "volume": 326546799.59999996,
        "adr": 6.334549695974823,
        "condi_4": true
    },
    {
        "symbol": "CGC_US",
        "rank_value": 1.4309472161966739,
        "volume": 125901527.0295,
        "adr": 7.145578755438842,
        "condi_4": true
    },
    {
        "symbol": "ARRY_US",
        "rank_value": 1.423407917383821,
        "volume": 275244786.40000004,
        "adr": 6.392058468252859,
        "condi_4": true
    },
    {
        "symbol": "TTD_US",
        "rank_value": 1.418464213006382,
        "volume": 421359039.98800004,
        "adr": 4.305739415693277,
        "condi_4": true
    },
    {
        "symbol": "TPR_US",
        "rank_value": 1.4145214521452145,
        "volume": 106391978.03999999,
        "adr": 4.618773778285323,
        "condi_4": true
    },
    {
        "symbol": "PLUG_US",
        "rank_value": 1.4055555555555554,
        "volume": 418014677.025,
        "adr": 8.906451925147563,
        "condi_4": true
    },
    {
        "symbol": "NKLA_US",
        "rank_value": 1.3956656346749228,
        "volume": 678355447.231,
        "adr": 12.573716200084695,
        "condi_4": true
    },
    {
        "symbol": "PTON_US",
        "rank_value": 1.3923863636363636,
        "volume": 2566040199.7725,
        "adr": 6.550986361949684,
        "condi_4": true
    }
]