[
    {
        "symbol": "OVV_US",
        "rank_value": 4.221621621621622,
        "volume": 238418734.708,
        "adr": 11.118614707713558,
        "condi_4": true
    },
    {
        "symbol": "PCG_US",
        "rank_value": 1.7399999999999998,
        "volume": 221394593.27999997,
        "adr": 8.07839449497305,
        "condi_4": true
    },
    {
        "symbol": "BYND_US",
        "rank_value": 1.4939739943112555,
        "volume": 1666010085.588885,
        "adr": 11.991827927708453,
        "condi_4": true
    },
    {
        "symbol": "ZM_US",
        "rank_value": 1.3000747588571013,
        "volume": 238704678.21,
        "adr": 4.709052411942105,
        "condi_4": true
    },
    {
        "symbol": "TNDM_US",
        "rank_value": 1.295221843003413,
        "volume": 107520296.73,
        "adr": 4.611749067838322,
        "condi_4": true
    },
    {
        "symbol": "TAL_US",
        "rank_value": 1.2766934557979335,
        "volume": 249132296.52,
        "adr": 4.970710257075894,
        "condi_4": true
    },
    {
        "symbol": "TDOC_US",
        "rank_value": 1.254489544895449,
        "volume": 119749972.55549999,
        "adr": 4.564805587266929,
        "condi_4": true
    }
]