[
    {
        "symbol": "OVV_US",
        "rank_value": 4.421621621621621,
        "volume": 201752006.70999998,
        "adr": 10.854774465350081,
        "condi_4": true
    },
    {
        "symbol": "SDC_US",
        "rank_value": 1.5764192139737991,
        "volume": 184277408.696,
        "adr": 9.985146964567848,
        "condi_4": true
    },
    {
        "symbol": "BYND_US",
        "rank_value": 1.4812538414259373,
        "volume": 1628457237.975,
        "adr": 10.668119462242442,
        "condi_4": true
    },
    {
        "symbol": "ENPH_US",
        "rank_value": 1.3281893004115226,
        "volume": 178828747.44149998,
        "adr": 5.625455099823107,
        "condi_4": true
    },
    {
        "symbol": "NLOK_US",
        "rank_value": 1.2797246558197746,
        "volume": 239946308.11,
        "adr": 3.8256558239706973,
        "condi_4": true
    },
    {
        "symbol": "ZM_US",
        "rank_value": 1.2795331625391404,
        "volume": 242910716.98000002,
        "adr": 5.004793579658662,
        "condi_4": true
    },
    {
        "symbol": "BIIB_US",
        "rank_value": 1.266601890952577,
        "volume": 561673728.3705001,
        "adr": 4.573721627814331,
        "condi_4": true
    },
    {
        "symbol": "PINS_US",
        "rank_value": 1.2514167954662545,
        "volume": 434831677.24849993,
        "adr": 6.290554642190349,
        "condi_4": true
    },
    {
        "symbol": "SHAK_US",
        "rank_value": 1.2510566356720203,
        "volume": 162107075.1,
        "adr": 4.538900775944876,
        "condi_4": true
    },
    {
        "symbol": "BILI_US",
        "rank_value": 1.2463343108504399,
        "volume": 126148459.2,
        "adr": 5.880353614951939,
        "condi_4": true
    }
]