[
    {
        "symbol": "VXRT_US",
        "rank_value": 5.8725099601593636,
        "volume": 851475220.728,
        "adr": 39.27132057908962,
        "condi_4": true
    },
    {
        "symbol": "IBIO_US",
        "rank_value": 4.474452554744525,
        "volume": 310285635.7505,
        "adr": 28.031968435072187,
        "condi_4": true
    },
    {
        "symbol": "HTBX_US",
        "rank_value": 4.285714285714286,
        "volume": 179961431.10000002,
        "adr": 30.032574271722588,
        "condi_4": true
    },
    {
        "symbol": "BOXL_US",
        "rank_value": 3.9210526315789473,
        "volume": 108176727.296,
        "adr": 29.95856452752821,
        "condi_4": true
    },
    {
        "symbol": "ALT_US",
        "rank_value": 3.8926174496644292,
        "volume": 242287083.0,
        "adr": 38.45174082663127,
        "condi_4": true
    },
    {
        "symbol": "WIMI_US",
        "rank_value": 3.8461538461538463,
        "volume": 148061427.15,
        "adr": 43.877406448503756,
        "condi_4": true
    },
    {
        "symbol": "CZR_US",
        "rank_value": 3.3644444444444446,
        "volume": 639274603.745,
        "adr": 14.264021799420835,
        "condi_4": true
    },
    {
        "symbol": "WKHS_US",
        "rank_value": 3.3414634146341466,
        "volume": 869689884.4020001,
        "adr": 24.49375077005198,
        "condi_4": true
    },
    {
        "symbol": "NVAX_US",
        "rank_value": 2.4542039902108446,
        "volume": 1068265251.8215,
        "adr": 15.234656706226746,
        "condi_4": true
    },
    {
        "symbol": "VBIV_US",
        "rank_value": 2.352226720647773,
        "volume": 108974516.38149999,
        "adr": 21.75771231364663,
        "condi_4": true
    },
    {
        "symbol": "OPK_US",
        "rank_value": 2.3067226890756305,
        "volume": 122791512.393,
        "adr": 12.161857649314634,
        "condi_4": true
    },
    {
        "symbol": "OSTK_US",
        "rank_value": 2.217057396928052,
        "volume": 252274956.33499998,
        "adr": 12.66067559967019,
        "condi_4": true
    },
    {
        "symbol": "LK_US",
        "rank_value": 2.064935064935065,
        "volume": 198791688.52800003,
        "adr": 29.12297405710205,
        "condi_4": true
    },
    {
        "symbol": "NIO_US",
        "rank_value": 1.956923076923077,
        "volume": 2489419571.3760004,
        "adr": 15.56808429018901,
        "condi_4": true
    },
    {
        "symbol": "INO_US",
        "rank_value": 1.8153310104529619,
        "volume": 1380694847.68,
        "adr": 21.45340714082973,
        "condi_4": true
    },
    {
        "symbol": "SPCE_US",
        "rank_value": 1.7706484641638225,
        "volume": 572937332.5220001,
        "adr": 10.891453501506065,
        "condi_4": true
    },
    {
        "symbol": "TSLA_US",
        "rank_value": 1.7681267673264687,
        "volume": 15393826023.050001,
        "adr": 9.020916397747536,
        "condi_4": true
    },
    {
        "symbol": "SRNE_US",
        "rank_value": 1.6890756302521008,
        "volume": 228361838.14799997,
        "adr": 15.651647327770801,
        "condi_4": true
    },
    {
        "symbol": "PLUG_US",
        "rank_value": 1.6791044776119401,
        "volume": 291149854.65000004,
        "adr": 10.845934526331845,
        "condi_4": true
    },
    {
        "symbol": "LVGO_US",
        "rank_value": 1.6059013310185184,
        "volume": 485895224.65616006,
        "adr": 9.757682094469677,
        "condi_4": true
    },
    {
        "symbol": "GSX_US",
        "rank_value": 1.5438952416082625,
        "volume": 379741550.11099994,
        "adr": 9.65296883217528,
        "condi_4": true
    },
    {
        "symbol": "MRNA_US",
        "rank_value": 1.4755499492023787,
        "volume": 2227950242.2124996,
        "adr": 11.487967449766945,
        "condi_4": true
    },
    {
        "symbol": "CAR_US",
        "rank_value": 1.4751243781094525,
        "volume": 111749537.9875,
        "adr": 9.745442722635866,
        "condi_4": true
    },
    {
        "symbol": "SONO_US",
        "rank_value": 1.434673366834171,
        "volume": 101593489.6935,
        "adr": 6.863017214354117,
        "condi_4": true
    },
    {
        "symbol": "ENPH_US",
        "rank_value": 1.4239981575310916,
        "volume": 212803489.06199998,
        "adr": 6.864073653864966,
        "condi_4": true
    },
    {
        "symbol": "SHLL_US",
        "rank_value": 1.4136125654450262,
        "volume": 153354126.96,
        "adr": 15.705083718161884,
        "condi_4": true
    }
]