[
    {
        "symbol": "ATNM_US",
        "rank_value": 24.305555555555557,
        "volume": 130682448.3125,
        "adr": 15.902049013730979,
        "condi_4": true
    },
    {
        "symbol": "MCRB_US",
        "rank_value": 6.269754768392371,
        "volume": 155532079.75500003,
        "adr": 41.85055124984189,
        "condi_4": true
    },
    {
        "symbol": "KODK_US",
        "rank_value": 3.3157894736842106,
        "volume": 381619374.09749997,
        "adr": 71.3931358763021,
        "condi_4": true
    },
    {
        "symbol": "OSTK_US",
        "rank_value": 2.386851856061467,
        "volume": 787611542.025,
        "adr": 13.54047097809521,
        "condi_4": true
    },
    {
        "symbol": "APPS_US",
        "rank_value": 2.1501272264631046,
        "volume": 107445317.1675,
        "adr": 11.18283307606227,
        "condi_4": true
    },
    {
        "symbol": "GRWG_US",
        "rank_value": 2.1151903955847,
        "volume": 145248965.1955,
        "adr": 15.717301167133101,
        "condi_4": true
    },
    {
        "symbol": "LK_US",
        "rank_value": 2.064935064935065,
        "volume": 198791688.52800003,
        "adr": 29.12297405710205,
        "condi_4": true
    },
    {
        "symbol": "MNTA_US",
        "rank_value": 1.941548771407297,
        "volume": 235403981.3825,
        "adr": 9.367778349526489,
        "condi_4": true
    },
    {
        "symbol": "KNDI_US",
        "rank_value": 1.8021108179419525,
        "volume": 113156837.77,
        "adr": 36.829915166864204,
        "condi_4": true
    },
    {
        "symbol": "PLUG_US",
        "rank_value": 1.7524752475247525,
        "volume": 373501000.48800004,
        "adr": 11.28622963301833,
        "condi_4": true
    },
    {
        "symbol": "PENN_US",
        "rank_value": 1.738857501569366,
        "volume": 460383030.2,
        "adr": 9.128797106254382,
        "condi_4": true
    },
    {
        "symbol": "W_US",
        "rank_value": 1.614527543993879,
        "volume": 756277661.037,
        "adr": 6.74616693342831,
        "condi_4": true
    },
    {
        "symbol": "LB_US",
        "rank_value": 1.6076206669173463,
        "volume": 233347143.175,
        "adr": 6.866249142090242,
        "condi_4": true
    },
    {
        "symbol": "CZR_US",
        "rank_value": 1.5555168813087363,
        "volume": 213519457.445,
        "adr": 7.550043044176036,
        "condi_4": true
    },
    {
        "symbol": "SE_US",
        "rank_value": 1.4859390363815144,
        "volume": 553308032.728,
        "adr": 6.908996456907035,
        "condi_4": true
    },
    {
        "symbol": "TSLA_US",
        "rank_value": 1.465216117216117,
        "volume": 14137191270.499,
        "adr": 6.044503559584791,
        "condi_4": true
    },
    {
        "symbol": "ADT_US",
        "rank_value": 1.4450127877237853,
        "volume": 150048429.16500002,
        "adr": 12.515811310324644,
        "condi_4": true
    },
    {
        "symbol": "FTCH_US",
        "rank_value": 1.4420218037661052,
        "volume": 142367678.91,
        "adr": 6.974688428013853,
        "condi_4": true
    },
    {
        "symbol": "CVNA_US",
        "rank_value": 1.4091610549943883,
        "volume": 336997464.8915,
        "adr": 7.564124690591867,
        "condi_4": true
    },
    {
        "symbol": "PINS_US",
        "rank_value": 1.3879456706281836,
        "volume": 676475566.74,
        "adr": 7.176646072890414,
        "condi_4": true
    },
    {
        "symbol": "UTX_US",
        "rank_value": 1.3554042306577805,
        "volume": 950956822.1374999,
        "adr": 12.586647686893482,
        "condi_4": true
    },
    {
        "symbol": "AMD_US",
        "rank_value": 1.334775641025641,
        "volume": 5163033100.977,
        "adr": 5.690470706218953,
        "condi_4": true
    },
    {
        "symbol": "NKLA_US",
        "rank_value": 1.333103448275862,
        "volume": 667732583.773,
        "adr": 11.264226599524774,
        "condi_4": true
    },
    {
        "symbol": "LVGO_US",
        "rank_value": 1.3329346092503989,
        "volume": 656098965.162,
        "adr": 8.816049247718771,
        "condi_4": true
    },
    {
        "symbol": "ETSY_US",
        "rank_value": 1.3315883778580742,
        "volume": 424138413.70750004,
        "adr": 5.93114434015185,
        "condi_4": true
    }
]