[
    {
        "symbol": "IBIO_US",
        "rank_value": 11.823204419889501,
        "volume": 102694483.92400001,
        "adr": 61.85922645397084,
        "condi_4": true
    },
    {
        "symbol": "CODX_US",
        "rank_value": 6.173913043478261,
        "volume": 253317088.01,
        "adr": 44.99614800718233,
        "condi_4": true
    },
    {
        "symbol": "APT_US",
        "rank_value": 3.6550976138828633,
        "volume": 165471108.03000003,
        "adr": 42.996124952112645,
        "condi_4": true
    },
    {
        "symbol": "S_US",
        "rank_value": 2.1495093457943923,
        "volume": 389497959.820505,
        "adr": 9.338344744422212,
        "condi_4": true
    },
    {
        "symbol": "TCO_US",
        "rank_value": 1.9111842105263157,
        "volume": 280279793.7135,
        "adr": 3.5027171379393263,
        "condi_4": true
    },
    {
        "symbol": "STMP_US",
        "rank_value": 1.7453213995117982,
        "volume": 119044629.98999998,
        "adr": 9.76304844185336,
        "condi_4": true
    },
    {
        "symbol": "MRNA_US",
        "rank_value": 1.5633724176437744,
        "volume": 516436236.40000004,
        "adr": 16.548720120524862,
        "condi_4": true
    },
    {
        "symbol": "REGN_US",
        "rank_value": 1.431079971857411,
        "volume": 492207336.7595,
        "adr": 4.86070130564944,
        "condi_4": true
    },
    {
        "symbol": "EHTH_US",
        "rank_value": 1.4169858291842208,
        "volume": 106757255.58450001,
        "adr": 9.397931032461692,
        "condi_4": true
    },
    {
        "symbol": "SPCE_US",
        "rank_value": 1.3303769401330379,
        "volume": 887282714.4000001,
        "adr": 20.89082425073421,
        "condi_4": true
    },
    {
        "symbol": "MRVL_US",
        "rank_value": 1.2820512820512822,
        "volume": 292084690.0,
        "adr": 5.709701734677175,
        "condi_4": true
    },
    {
        "symbol": "ETSY_US",
        "rank_value": 1.278395061728395,
        "volume": 187217596.452,
        "adr": 5.2576418389554735,
        "condi_4": true
    },
    {
        "symbol": "PLUG_US",
        "rank_value": 1.274787535410765,
        "volume": 102996154.575,
        "adr": 12.348781437886181,
        "condi_4": true
    },
    {
        "symbol": "GSX_US",
        "rank_value": 1.26883611844034,
        "volume": 136123734.476,
        "adr": 9.452758524733751,
        "condi_4": true
    }
]