[
    {
        "symbol": "OAS_US",
        "rank_value": 271.965690376569,
        "volume": 1483296796.1208148,
        "adr": 109.27983290484504,
        "condi_4": true
    },
    {
        "symbol": "MGEN_US",
        "rank_value": 38.35732430143946,
        "volume": 302418974.86800003,
        "adr": 32.654040416808485,
        "condi_4": true
    },
    {
        "symbol": "APVO_US",
        "rank_value": 7.358350000000001,
        "volume": 217501430.123355,
        "adr": 50.88622997422303,
        "condi_4": true
    },
    {
        "symbol": "SOLO_US",
        "rank_value": 4.1959183673469385,
        "volume": 383440251.398,
        "adr": 23.716769258118454,
        "condi_4": true
    },
    {
        "symbol": "FPRX_US",
        "rank_value": 4.087677725118484,
        "volume": 100381131.8625,
        "adr": 33.38002277981875,
        "condi_4": true
    },
    {
        "symbol": "CBAT_US",
        "rank_value": 3.3333333333333335,
        "volume": 123822251.2,
        "adr": 27.755759220753685,
        "condi_4": true
    },
    {
        "symbol": "SRRK_US",
        "rank_value": 3.1104432757325315,
        "volume": 234518275.71,
        "adr": 20.92570114575203,
        "condi_4": true
    },
    {
        "symbol": "LK_US",
        "rank_value": 2.064935064935065,
        "volume": 198791688.52800003,
        "adr": 29.12297405710205,
        "condi_4": true
    },
    {
        "symbol": "UPWK_US",
        "rank_value": 1.9368131868131868,
        "volume": 115273800.9375,
        "adr": 10.117611340208876,
        "condi_4": true
    },
    {
        "symbol": "LYFT_US",
        "rank_value": 1.8603561387066543,
        "volume": 598930506.7750001,
        "adr": 8.294338163236347,
        "condi_4": true
    },
    {
        "symbol": "VSLR_US",
        "rank_value": 1.857451403887689,
        "volume": 111232331.2,
        "adr": 7.61046406019541,
        "condi_4": true
    },
    {
        "symbol": "TUP_US",
        "rank_value": 1.6957136128120585,
        "volume": 109114309.8,
        "adr": 11.004310311109066,
        "condi_4": true
    },
    {
        "symbol": "FUTU_US",
        "rank_value": 1.6716723549488053,
        "volume": 123598105.89399998,
        "adr": 7.933654458944472,
        "condi_4": true
    },
    {
        "symbol": "PDD_US",
        "rank_value": 1.6711079943899017,
        "volume": 1355651022.3869998,
        "adr": 9.35614422913622,
        "condi_4": true
    },
    {
        "symbol": "HTZ_US",
        "rank_value": 1.6038613861386137,
        "volume": 146224317.90433,
        "adr": 22.32959405133508,
        "condi_4": true
    },
    {
        "symbol": "SHLL_US",
        "rank_value": 1.58837699488106,
        "volume": 326494481.8375,
        "adr": 16.75419373910849,
        "condi_4": true
    },
    {
        "symbol": "SPWR_US",
        "rank_value": 1.5555555555555554,
        "volume": 183014036.79999998,
        "adr": 10.440686411948574,
        "condi_4": true
    },
    {
        "symbol": "UBER_US",
        "rank_value": 1.5382978723404255,
        "volume": 1243590091.6215,
        "adr": 5.746767129035657,
        "condi_4": true
    }
]