[
    {
        "symbol": "GEVO_US",
        "rank_value": 2.380952380952381,
        "volume": 111257057.0625,
        "adr": 32.223814240656054,
        "condi_4": true
    },
    {
        "symbol": "GRPN_US",
        "rank_value": 2.1337792642140467,
        "volume": 140690973.665,
        "adr": 11.835523701883144,
        "condi_4": true
    },
    {
        "symbol": "LK_US",
        "rank_value": 2.064935064935065,
        "volume": 198791688.52800003,
        "adr": 29.12297405710205,
        "condi_4": true
    },
    {
        "symbol": "GRWG_US",
        "rank_value": 1.9583843329253365,
        "volume": 184605683.2,
        "adr": 16.68336527537648,
        "condi_4": true
    },
    {
        "symbol": "MNTA_US",
        "rank_value": 1.9411764705882353,
        "volume": 273598377.558,
        "adr": 7.42425329969385,
        "condi_4": true
    },
    {
        "symbol": "APPS_US",
        "rank_value": 1.8419062027231468,
        "volume": 123412140.74000001,
        "adr": 11.536964377264948,
        "condi_4": true
    },
    {
        "symbol": "PLUG_US",
        "rank_value": 1.8359264497878358,
        "volume": 404712193.182,
        "adr": 10.00501139445027,
        "condi_4": true
    },
    {
        "symbol": "IRTC_US",
        "rank_value": 1.8069815195071868,
        "volume": 105887518.0,
        "adr": 8.837235954777212,
        "condi_4": true
    },
    {
        "symbol": "EAT_US",
        "rank_value": 1.757126122608356,
        "volume": 101038763.25,
        "adr": 6.466885014809631,
        "condi_4": true
    },
    {
        "symbol": "NIO_US",
        "rank_value": 1.6342710997442456,
        "volume": 2223969016.3830004,
        "adr": 10.099548565721328,
        "condi_4": true
    },
    {
        "symbol": "PENN_US",
        "rank_value": 1.5362188157499248,
        "volume": 380525194.2,
        "adr": 7.789155290152583,
        "condi_4": true
    },
    {
        "symbol": "CZR_US",
        "rank_value": 1.5263241884649652,
        "volume": 197814824.9795,
        "adr": 6.66235270737352,
        "condi_4": true
    },
    {
        "symbol": "RCL_US",
        "rank_value": 1.516517173485014,
        "volume": 613135739.668,
        "adr": 6.399892865994383,
        "condi_4": true
    },
    {
        "symbol": "PLAN_US",
        "rank_value": 1.469525415562515,
        "volume": 174139011.9,
        "adr": 5.9671807160724954,
        "condi_4": true
    },
    {
        "symbol": "MGM_US",
        "rank_value": 1.4467265725288831,
        "volume": 427464374.064,
        "adr": 6.884360483752028,
        "condi_4": true
    },
    {
        "symbol": "CNK_US",
        "rank_value": 1.4320154291224687,
        "volume": 118905368.175,
        "adr": 10.013383181694646,
        "condi_4": true
    },
    {
        "symbol": "CVNA_US",
        "rank_value": 1.427958267300581,
        "volume": 360706308.3125,
        "adr": 7.65314851622132,
        "condi_4": true
    },
    {
        "symbol": "CRM_US",
        "rank_value": 1.4252403109882226,
        "volume": 2350974578.7000003,
        "adr": 4.683798769378766,
        "condi_4": true
    },
    {
        "symbol": "NKLA_US",
        "rank_value": 1.3836413415468858,
        "volume": 643400634.63,
        "adr": 10.294198407109256,
        "condi_4": true
    },
    {
        "symbol": "WDAY_US",
        "rank_value": 1.3734815493926196,
        "volume": 413972794.36499995,
        "adr": 4.217902179037658,
        "condi_4": true
    },
    {
        "symbol": "NCLH_US",
        "rank_value": 1.3609561752988046,
        "volume": 515065702.928,
        "adr": 7.754369718674359,
        "condi_4": true
    },
    {
        "symbol": "SEDG_US",
        "rank_value": 1.3600861008610088,
        "volume": 162253320.9425,
        "adr": 5.415696220956834,
        "condi_4": true
    },
    {
        "symbol": "UTX_US",
        "rank_value": 1.3554042306577805,
        "volume": 950956822.1374999,
        "adr": 12.586647686893482,
        "condi_4": true
    },
    {
        "symbol": "ESTC_US",
        "rank_value": 1.3542030431529057,
        "volume": 102203954.382,
        "adr": 5.7091544723149035,
        "condi_4": true
    },
    {
        "symbol": "GPS_US",
        "rank_value": 1.3438948995363216,
        "volume": 185766452.558,
        "adr": 5.959737117770314,
        "condi_4": true
    }
]