[
    {
        "symbol": "OAS_US",
        "rank_value": 305.9414225941423,
        "volume": 1331408735.4520001,
        "adr": 102.73456285615619,
        "condi_4": true
    },
    {
        "symbol": "TTNP_US",
        "rank_value": 40.44444444444445,
        "volume": 304208407.594,
        "adr": 27.342785411643522,
        "condi_4": true
    },
    {
        "symbol": "SNDL_US",
        "rank_value": 4.706948640483383,
        "volume": 371566461.79105,
        "adr": 51.37770940805244,
        "condi_4": true
    },
    {
        "symbol": "FPRX_US",
        "rank_value": 4.085308056872038,
        "volume": 102976360.36999999,
        "adr": 32.58839607246471,
        "condi_4": true
    },
    {
        "symbol": "FCEL_US",
        "rank_value": 3.509345794392523,
        "volume": 746224587.762,
        "adr": 26.947885730130693,
        "condi_4": true
    },
    {
        "symbol": "DPW_US",
        "rank_value": 3.076388888888889,
        "volume": 101857967.77749999,
        "adr": 35.98369458363591,
        "condi_4": true
    },
    {
        "symbol": "MARA_US",
        "rank_value": 2.8980582524271843,
        "volume": 155429678.6385,
        "adr": 21.7777866465751,
        "condi_4": true
    },
    {
        "symbol": "BLNK_US",
        "rank_value": 2.85609756097561,
        "volume": 369006305.74100006,
        "adr": 24.533130328706942,
        "condi_4": true
    },
    {
        "symbol": "CBAT_US",
        "rank_value": 2.7206477732793517,
        "volume": 115442511.07200001,
        "adr": 30.387179906732587,
        "condi_4": true
    },
    {
        "symbol": "AYRO_US",
        "rank_value": 2.7058823529411766,
        "volume": 105435981.64500001,
        "adr": 24.057049646425945,
        "condi_4": true
    },
    {
        "symbol": "IDEX_US",
        "rank_value": 2.654320987654321,
        "volume": 132832548.07499999,
        "adr": 31.996789235216603,
        "condi_4": true
    },
    {
        "symbol": "XPEV_US",
        "rank_value": 2.5812345679012347,
        "volume": 2911879547.241,
        "adr": 21.909407937667137,
        "condi_4": true
    },
    {
        "symbol": "ACB_US",
        "rank_value": 2.5753424657534247,
        "volume": 936390690.6479999,
        "adr": 26.617943158523527,
        "condi_4": true
    },
    {
        "symbol": "SOLO_US",
        "rank_value": 2.5750915750915753,
        "volume": 291549935.075,
        "adr": 27.461020900774468,
        "condi_4": true
    },
    {
        "symbol": "KXIN_US",
        "rank_value": 2.3709090909090906,
        "volume": 100653449.31199999,
        "adr": 31.62628975138919,
        "condi_4": true
    },
    {
        "symbol": "PLTR_US",
        "rank_value": 2.2940613026819925,
        "volume": 2176995823.1425,
        "adr": 18.349960640295258,
        "condi_4": true
    },
    {
        "symbol": "VXRT_US",
        "rank_value": 2.202857142857143,
        "volume": 111344645.022,
        "adr": 16.321636923977188,
        "condi_4": true
    },
    {
        "symbol": "LK_US",
        "rank_value": 2.064935064935065,
        "volume": 198791688.52800003,
        "adr": 29.12297405710205,
        "condi_4": true
    },
    {
        "symbol": "GRWG_US",
        "rank_value": 1.9704103719902706,
        "volume": 176478343.792,
        "adr": 13.16408232674271,
        "condi_4": true
    },
    {
        "symbol": "FUBO_US",
        "rank_value": 1.9550398839738943,
        "volume": 146263203.28,
        "adr": 16.461473322934552,
        "condi_4": true
    },
    {
        "symbol": "BE_US",
        "rank_value": 1.9032006245120998,
        "volume": 153412809.059,
        "adr": 10.448290610935373,
        "condi_4": true
    },
    {
        "symbol": "VSLR_US",
        "rank_value": 1.857451403887689,
        "volume": 111232331.2,
        "adr": 7.61046406019541,
        "condi_4": true
    },
    {
        "symbol": "OXY_US",
        "rank_value": 1.7682403433476395,
        "volume": 466166968.28800005,
        "adr": 9.186641392805361,
        "condi_4": true
    },
    {
        "symbol": "WORK_US",
        "rank_value": 1.763802407638024,
        "volume": 1216672273.796,
        "adr": 7.870385185369355,
        "condi_4": true
    },
    {
        "symbol": "LYFT_US",
        "rank_value": 1.757085020242915,
        "volume": 493331423.9,
        "adr": 7.447843836041268,
        "condi_4": true
    },
    {
        "symbol": "UPWK_US",
        "rank_value": 1.7384327360256753,
        "volume": 105684580.625,
        "adr": 9.323249465221227,
        "condi_4": true
    },
    {
        "symbol": "FANG_US",
        "rank_value": 1.7216117216117215,
        "volume": 179655489.81,
        "adr": 8.622188430714228,
        "condi_4": true
    },
    {
        "symbol": "AA_US",
        "rank_value": 1.7200622083981338,
        "volume": 111246808.70800002,
        "adr": 6.249929210616423,
        "condi_4": true
    },
    {
        "symbol": "X_US",
        "rank_value": 1.706473214285714,
        "volume": 184967502.94,
        "adr": 7.120002015661653,
        "condi_4": true
    },
    {
        "symbol": "CNK_US",
        "rank_value": 1.6998754669987548,
        "volume": 170632353.255,
        "adr": 14.28840795960249,
        "condi_4": true
    },
    {
        "symbol": "FSR_US",
        "rank_value": 1.693423597678917,
        "volume": 293300470.552,
        "adr": 14.721187804616553,
        "condi_4": true
    },
    {
        "symbol": "NVAX_US",
        "rank_value": 1.6777362441948367,
        "volume": 564693102.2249999,
        "adr": 13.149060451516359,
        "condi_4": true
    },
    {
        "symbol": "AMC_US",
        "rank_value": 1.653153153153153,
        "volume": 111117955.97399999,
        "adr": 21.000729199564528,
        "condi_4": true
    },
    {
        "symbol": "BB_US",
        "rank_value": 1.6442953020134228,
        "volume": 215254891.1625,
        "adr": 9.038217180012719,
        "condi_4": true
    },
    {
        "symbol": "DVN_US",
        "rank_value": 1.635483870967742,
        "volume": 152721198.4545,
        "adr": 7.315026826057025,
        "condi_4": true
    },
    {
        "symbol": "HTZ_US",
        "rank_value": 1.6038613861386137,
        "volume": 146224317.90433,
        "adr": 22.32959405133508,
        "condi_4": true
    },
    {
        "symbol": "SHLL_US",
        "rank_value": 1.58837699488106,
        "volume": 326494481.8375,
        "adr": 16.75419373910849,
        "condi_4": true
    },
    {
        "symbol": "CLF_US",
        "rank_value": 1.5849802371541502,
        "volume": 127463599.73849998,
        "adr": 6.036612745647063,
        "condi_4": true
    },
    {
        "symbol": "SPCE_US",
        "rank_value": 1.5837910300863733,
        "volume": 336789866.0,
        "adr": 10.066599708439528,
        "condi_4": true
    },
    {
        "symbol": "PLUG_US",
        "rank_value": 1.579016393442623,
        "volume": 917587601.3919998,
        "adr": 11.008516271871516,
        "condi_4": true
    },
    {
        "symbol": "MRO_US",
        "rank_value": 1.5669586983729662,
        "volume": 204065134.518,
        "adr": 7.935339904831151,
        "condi_4": true
    }
]