[
    {
        "symbol": "ATNM_US",
        "rank_value": 29.1005291005291,
        "volume": 267519734.955,
        "adr": 20.86417037681492,
        "condi_4": true
    },
    {
        "symbol": "ACHV_US",
        "rank_value": 24.12209616423555,
        "volume": 115965166.637,
        "adr": 31.62964504675667,
        "condi_4": true
    },
    {
        "symbol": "CPE_US",
        "rank_value": 11.710843373493978,
        "volume": 144067687.02,
        "adr": 12.952457489229019,
        "condi_4": true
    },
    {
        "symbol": "MARA_US",
        "rank_value": 4.5681818181818175,
        "volume": 157385641.14,
        "adr": 33.559210536461094,
        "condi_4": true
    },
    {
        "symbol": "KODK_US",
        "rank_value": 4.496314496314496,
        "volume": 426857956.62,
        "adr": 64.5725618916265,
        "condi_4": true
    },
    {
        "symbol": "MIST_US",
        "rank_value": 2.722741433021807,
        "volume": 126393129.373,
        "adr": 21.41815585653022,
        "condi_4": true
    },
    {
        "symbol": "KNDI_US",
        "rank_value": 2.2902374670184695,
        "volume": 128732176.412,
        "adr": 34.70895844036392,
        "condi_4": true
    },
    {
        "symbol": "SRNE_US",
        "rank_value": 2.2130872483221475,
        "volume": 852967243.2875,
        "adr": 21.396632774176826,
        "condi_4": true
    },
    {
        "symbol": "LK_US",
        "rank_value": 2.064935064935065,
        "volume": 198791688.52800003,
        "adr": 29.12297405710205,
        "condi_4": true
    },
    {
        "symbol": "JMIA_US",
        "rank_value": 1.9126213592233008,
        "volume": 222239548.29649997,
        "adr": 24.21122080303595,
        "condi_4": true
    },
    {
        "symbol": "LB_US",
        "rank_value": 1.577398469688052,
        "volume": 173235083.42000002,
        "adr": 6.147869408729312,
        "condi_4": true
    },
    {
        "symbol": "AMD_US",
        "rank_value": 1.5292032095540213,
        "volume": 6659619727.09,
        "adr": 7.131264214963218,
        "condi_4": true
    },
    {
        "symbol": "ADT_US",
        "rank_value": 1.5089514066496164,
        "volume": 152822331.0,
        "adr": 12.44077268705015,
        "condi_4": true
    },
    {
        "symbol": "W_US",
        "rank_value": 1.5061627739676755,
        "volume": 619875360.2525,
        "adr": 7.207834868262264,
        "condi_4": true
    },
    {
        "symbol": "PINS_US",
        "rank_value": 1.4855687606112056,
        "volume": 640461076.5,
        "adr": 7.30299552703495,
        "condi_4": true
    },
    {
        "symbol": "CVNA_US",
        "rank_value": 1.4809751651856917,
        "volume": 335950777.5,
        "adr": 7.344310544978039,
        "condi_4": true
    },
    {
        "symbol": "MGM_US",
        "rank_value": 1.4580304302418445,
        "volume": 496727106.51600003,
        "adr": 7.575038330905537,
        "condi_4": true
    }
]