[
    {
        "symbol": "ACB_US",
        "rank_value": 23.727272727272727,
        "volume": 422949515.247,
        "adr": 21.01122579141832,
        "condi_4": true
    },
    {
        "symbol": "MGNX_US",
        "rank_value": 3.5606758832565286,
        "volume": 169032973.472,
        "adr": 28.865895860523196,
        "condi_4": true
    },
    {
        "symbol": "NVAX_US",
        "rank_value": 2.982937233394272,
        "volume": 583230331.3100001,
        "adr": 21.37792464473658,
        "condi_4": true
    },
    {
        "symbol": "PENN_US",
        "rank_value": 2.2310977479600003,
        "volume": 496998592.0175,
        "adr": 14.25877770526347,
        "condi_4": true
    },
    {
        "symbol": "FSLY_US",
        "rank_value": 1.9453658536585368,
        "volume": 169204297.68600002,
        "adr": 12.379693899105737,
        "condi_4": true
    },
    {
        "symbol": "TWLO_US",
        "rank_value": 1.8820871647509578,
        "volume": 1168263838.471635,
        "adr": 8.67341734169047,
        "condi_4": true
    },
    {
        "symbol": "DDOG_US",
        "rank_value": 1.7790262172284645,
        "volume": 355456802.25,
        "adr": 7.918643440977058,
        "condi_4": true
    },
    {
        "symbol": "WIX_US",
        "rank_value": 1.7015706806282722,
        "volume": 219125920.0,
        "adr": 6.2068682783108065,
        "condi_4": true
    },
    {
        "symbol": "CHGG_US",
        "rank_value": 1.6582914572864322,
        "volume": 315595556.26500005,
        "adr": 7.742201063238885,
        "condi_4": true
    },
    {
        "symbol": "CODX_US",
        "rank_value": 1.6535288725939503,
        "volume": 177744651.81,
        "adr": 20.42029723892074,
        "condi_4": true
    },
    {
        "symbol": "RH_US",
        "rank_value": 1.5864244360151727,
        "volume": 186936964.137,
        "adr": 7.548449107085942,
        "condi_4": true
    },
    {
        "symbol": "ENPH_US",
        "rank_value": 1.5835816851801683,
        "volume": 365772542.415,
        "adr": 10.392592341355321,
        "condi_4": true
    }
]