[
    {
        "symbol": "ACB_US",
        "rank_value": 25.21212121212121,
        "volume": 438057962.36800003,
        "adr": 20.182046948206555,
        "condi_4": true
    },
    {
        "symbol": "MARK_US",
        "rank_value": 5.027027027027027,
        "volume": 119333462.244,
        "adr": 39.94856059341907,
        "condi_4": true
    },
    {
        "symbol": "MGNX_US",
        "rank_value": 4.006144393241168,
        "volume": 188967183.136,
        "adr": 28.89028736967132,
        "condi_4": true
    },
    {
        "symbol": "NVAX_US",
        "rank_value": 3.275441803778184,
        "volume": 600119709.4375,
        "adr": 20.254442951093708,
        "condi_4": true
    },
    {
        "symbol": "PTLA_US",
        "rank_value": 2.7452793834296725,
        "volume": 151815328.78199998,
        "adr": 4.809533770186336,
        "condi_4": true
    },
    {
        "symbol": "SRNE_US",
        "rank_value": 2.568807339449541,
        "volume": 301655076.23999995,
        "adr": 29.12725643817218,
        "condi_4": true
    },
    {
        "symbol": "OSTK_US",
        "rank_value": 2.4897400820793436,
        "volume": 107345967.82,
        "adr": 18.992441010712867,
        "condi_4": true
    },
    {
        "symbol": "NKLA_US",
        "rank_value": 2.0618374558303887,
        "volume": 150484003.482,
        "adr": 16.107895831518903,
        "condi_4": true
    },
    {
        "symbol": "VTIQ_US",
        "rank_value": 2.0618374558303887,
        "volume": 150484003.482,
        "adr": 16.107895831518903,
        "condi_4": true
    },
    {
        "symbol": "MYOK_US",
        "rank_value": 1.9409937888198758,
        "volume": 109305118.25,
        "adr": 10.492498815663964,
        "condi_4": true
    },
    {
        "symbol": "DDOG_US",
        "rank_value": 1.8589407446250656,
        "volume": 336638981.89500004,
        "adr": 7.504282767543247,
        "condi_4": true
    },
    {
        "symbol": "DKNG_US",
        "rank_value": 1.8535071384233395,
        "volume": 257643244.654,
        "adr": 13.16877321501928,
        "condi_4": true
    },
    {
        "symbol": "ENPH_US",
        "rank_value": 1.8345898817999948,
        "volume": 373876117.65,
        "adr": 10.116719151187015,
        "condi_4": true
    },
    {
        "symbol": "CHGG_US",
        "rank_value": 1.7950186086458633,
        "volume": 308210960.31,
        "adr": 7.570071816821988,
        "condi_4": true
    },
    {
        "symbol": "BYND_US",
        "rank_value": 1.7575455225742078,
        "volume": 1700874954.766,
        "adr": 11.460697540305208,
        "condi_4": true
    },
    {
        "symbol": "W_US",
        "rank_value": 1.7470733540973042,
        "volume": 664951795.5155,
        "adr": 12.128929294682278,
        "condi_4": true
    },
    {
        "symbol": "MRNA_US",
        "rank_value": 1.7211783808861054,
        "volume": 1588104295.4700003,
        "adr": 13.125502414367695,
        "condi_4": true
    },
    {
        "symbol": "CODX_US",
        "rank_value": 1.7066911090742438,
        "volume": 198760170.34300002,
        "adr": 20.16755408203119,
        "condi_4": true
    },
    {
        "symbol": "LVGO_US",
        "rank_value": 1.6468682505399568,
        "volume": 152903313.70000002,
        "adr": 8.96741992747132,
        "condi_4": true
    },
    {
        "symbol": "TREX_US",
        "rank_value": 1.5939947780678851,
        "volume": 105280773.84,
        "adr": 6.429785779211961,
        "condi_4": true
    },
    {
        "symbol": "APA_US",
        "rank_value": 1.5866666666666667,
        "volume": 262750708.255,
        "adr": 13.507841796532794,
        "condi_4": true
    }
]