[
    {
        "symbol": "APVO_US",
        "rank_value": 7.27,
        "volume": 210612832.014,
        "adr": 47.763624300425576,
        "condi_4": true
    },
    {
        "symbol": "FPRX_US",
        "rank_value": 5.071090047393365,
        "volume": 119527690.53999998,
        "adr": 32.54314967419314,
        "condi_4": true
    },
    {
        "symbol": "SRRK_US",
        "rank_value": 3.2556390977443606,
        "volume": 241882403.70999998,
        "adr": 20.069765768330306,
        "condi_4": true
    },
    {
        "symbol": "XPEV_US",
        "rank_value": 2.1972972972972973,
        "volume": 1318473439.1174998,
        "adr": 15.235825634023259,
        "condi_4": true
    },
    {
        "symbol": "LK_US",
        "rank_value": 2.064935064935065,
        "volume": 198791688.52800003,
        "adr": 29.12297405710205,
        "condi_4": true
    },
    {
        "symbol": "ACB_US",
        "rank_value": 1.9326145552560647,
        "volume": 425859327.171,
        "adr": 23.030662551025927,
        "condi_4": true
    },
    {
        "symbol": "VSLR_US",
        "rank_value": 1.857451403887689,
        "volume": 111232331.2,
        "adr": 7.61046406019541,
        "condi_4": true
    },
    {
        "symbol": "FTCH_US",
        "rank_value": 1.7764661081492763,
        "volume": 267688480.81499997,
        "adr": 10.267144688404484,
        "condi_4": true
    },
    {
        "symbol": "LYFT_US",
        "rank_value": 1.766635426429241,
        "volume": 560409915.6500001,
        "adr": 8.157605209741025,
        "condi_4": true
    },
    {
        "symbol": "PLTR_US",
        "rank_value": 1.7555066079295154,
        "volume": 546946842.549,
        "adr": 10.573779987275778,
        "condi_4": true
    },
    {
        "symbol": "PLUG_US",
        "rank_value": 1.720964207450694,
        "volume": 726594149.5739999,
        "adr": 10.392709115503784,
        "condi_4": true
    },
    {
        "symbol": "NIO_US",
        "rank_value": 1.7132757266300076,
        "volume": 8318992936.806,
        "adr": 11.277735535967292,
        "condi_4": true
    },
    {
        "symbol": "LI_US",
        "rank_value": 1.6964285714285712,
        "volume": 731121082.24,
        "adr": 13.795700856282899,
        "condi_4": true
    },
    {
        "symbol": "HTZ_US",
        "rank_value": 1.6038613861386137,
        "volume": 146224317.90433,
        "adr": 22.32959405133508,
        "condi_4": true
    },
    {
        "symbol": "SHLL_US",
        "rank_value": 1.58837699488106,
        "volume": 326494481.8375,
        "adr": 16.75419373910849,
        "condi_4": true
    },
    {
        "symbol": "SNAP_US",
        "rank_value": 1.5152772538664654,
        "volume": 2553879170.2515,
        "adr": 9.138422497965104,
        "condi_4": true
    },
    {
        "symbol": "DVN_US",
        "rank_value": 1.5148771021992238,
        "volume": 123078055.706,
        "adr": 7.4690409179894335,
        "condi_4": true
    },
    {
        "symbol": "APPS_US",
        "rank_value": 1.4754552652414885,
        "volume": 138929226.6575,
        "adr": 10.900559925962838,
        "condi_4": true
    },
    {
        "symbol": "CGC_US",
        "rank_value": 1.4681107099879662,
        "volume": 236622712.46,
        "adr": 8.769705076661172,
        "condi_4": true
    },
    {
        "symbol": "TLRY_US",
        "rank_value": 1.4476190476190476,
        "volume": 160396824.28,
        "adr": 18.80350824179573,
        "condi_4": true
    },
    {
        "symbol": "HALO_US",
        "rank_value": 1.4259463432561557,
        "volume": 108564627.11999999,
        "adr": 5.747848280412193,
        "condi_4": true
    },
    {
        "symbol": "ALGN_US",
        "rank_value": 1.4162356366339393,
        "volume": 334116749.769,
        "adr": 5.9134417717320975,
        "condi_4": true
    },
    {
        "symbol": "BNTX_US",
        "rank_value": 1.3962439445218662,
        "volume": 282057185.14000005,
        "adr": 7.635833099044342,
        "condi_4": true
    },
    {
        "symbol": "VIPS_US",
        "rank_value": 1.389768574908648,
        "volume": 198983241.36600003,
        "adr": 6.483510519765323,
        "condi_4": true
    },
    {
        "symbol": "PBR_US",
        "rank_value": 1.3892508143322475,
        "volume": 210327494.903,
        "adr": 5.353615076636209,
        "condi_4": true
    }
]