[
    {
        "symbol": "OAS_US",
        "rank_value": 322.34309623430966,
        "volume": 612868109.1660001,
        "adr": 93.06028224942739,
        "condi_4": true
    },
    {
        "symbol": "AI_US",
        "rank_value": 45.46511627906977,
        "volume": 315109306.605,
        "adr": 7.128600270526331,
        "condi_4": true
    },
    {
        "symbol": "TTNP_US",
        "rank_value": 33.699999999999996,
        "volume": 232795137.95150003,
        "adr": 22.929828475170645,
        "condi_4": true
    },
    {
        "symbol": "CRIS_US",
        "rank_value": 7.238532110091742,
        "volume": 187270391.88599998,
        "adr": 41.74432353235717,
        "condi_4": true
    },
    {
        "symbol": "QS_US",
        "rank_value": 4.62043795620438,
        "volume": 722597826.75,
        "adr": 27.46588874635243,
        "condi_4": true
    },
    {
        "symbol": "FCEL_US",
        "rank_value": 3.2875,
        "volume": 858158904.2189999,
        "adr": 28.150457898416903,
        "condi_4": true
    },
    {
        "symbol": "BLNK_US",
        "rank_value": 3.235294117647059,
        "volume": 477280722.87499994,
        "adr": 23.62516222071296,
        "condi_4": true
    },
    {
        "symbol": "JMIA_US",
        "rank_value": 2.9421296296296298,
        "volume": 747357868.044,
        "adr": 19.866710150060364,
        "condi_4": true
    },
    {
        "symbol": "CIIC_US",
        "rank_value": 2.859706066165353,
        "volume": 267820272.65800002,
        "adr": 23.53589845814095,
        "condi_4": true
    },
    {
        "symbol": "LAZR_US",
        "rank_value": 2.7843719090009893,
        "volume": 461859427.2675,
        "adr": 20.625790881356608,
        "condi_4": true
    },
    {
        "symbol": "RIG_US",
        "rank_value": 2.705263157894737,
        "volume": 132814205.02999999,
        "adr": 17.109985806977555,
        "condi_4": true
    },
    {
        "symbol": "RIOT_US",
        "rank_value": 2.5768667642752563,
        "volume": 230845875.04000002,
        "adr": 21.87782206970452,
        "condi_4": true
    },
    {
        "symbol": "SBE_US",
        "rank_value": 2.3566477630749842,
        "volume": 301794484.75,
        "adr": 18.047966358868894,
        "condi_4": true
    },
    {
        "symbol": "SNDL_US",
        "rank_value": 2.2543478260869563,
        "volume": 238527830.463175,
        "adr": 35.52058374212934,
        "condi_4": true
    },
    {
        "symbol": "EDIT_US",
        "rank_value": 2.2319795096963047,
        "volume": 110404348.35000001,
        "adr": 9.868697876281374,
        "condi_4": true
    },
    {
        "symbol": "MARA_US",
        "rank_value": 2.201834862385321,
        "volume": 133933950.0,
        "adr": 23.021287356367193,
        "condi_4": true
    },
    {
        "symbol": "IDEX_US",
        "rank_value": 2.1679909194097617,
        "volume": 131366167.17999999,
        "adr": 31.71707546880689,
        "condi_4": true
    },
    {
        "symbol": "MRNA_US",
        "rank_value": 2.1249178172255094,
        "volume": 4838527363.5199995,
        "adr": 12.316967417114633,
        "condi_4": true
    },
    {
        "symbol": "LK_US",
        "rank_value": 2.064935064935065,
        "volume": 198791688.52800003,
        "adr": 29.12297405710205,
        "condi_4": true
    },
    {
        "symbol": "PLTR_US",
        "rank_value": 2.0390097524381097,
        "volume": 2597691847.77,
        "adr": 16.734553925909324,
        "condi_4": true
    },
    {
        "symbol": "JWN_US",
        "rank_value": 1.9973890339425588,
        "volume": 368955887.67,
        "adr": 8.717901194323074,
        "condi_4": true
    },
    {
        "symbol": "FATE_US",
        "rank_value": 1.9562955254942769,
        "volume": 109402445.2,
        "adr": 8.656554742101763,
        "condi_4": true
    },
    {
        "symbol": "SOLO_US",
        "rank_value": 1.911764705882353,
        "volume": 261643875.35,
        "adr": 24.932563153101817,
        "condi_4": true
    },
    {
        "symbol": "FUBO_US",
        "rank_value": 1.895090786819099,
        "volume": 164013602.34,
        "adr": 13.615664378736735,
        "condi_4": true
    },
    {
        "symbol": "NNDM_US",
        "rank_value": 1.890909090909091,
        "volume": 178928681.88,
        "adr": 18.721516715412957,
        "condi_4": true
    },
    {
        "symbol": "X_US",
        "rank_value": 1.8584615384615386,
        "volume": 270848252.43600005,
        "adr": 8.17660051451401,
        "condi_4": true
    },
    {
        "symbol": "VSLR_US",
        "rank_value": 1.857451403887689,
        "volume": 111232331.2,
        "adr": 7.61046406019541,
        "condi_4": true
    },
    {
        "symbol": "OXY_US",
        "rank_value": 1.8508137432188063,
        "volume": 624728136.5849999,
        "adr": 8.401740955829062,
        "condi_4": true
    },
    {
        "symbol": "GRWG_US",
        "rank_value": 1.7301587301587305,
        "volume": 124362954.31500001,
        "adr": 10.130343692408772,
        "condi_4": true
    },
    {
        "symbol": "WORK_US",
        "rank_value": 1.7151639344262297,
        "volume": 1465335565.2,
        "adr": 6.584845534118622,
        "condi_4": true
    },
    {
        "symbol": "APPN_US",
        "rank_value": 1.715135195781443,
        "volume": 281943552.598,
        "adr": 13.224312464149657,
        "condi_4": true
    },
    {
        "symbol": "KSS_US",
        "rank_value": 1.7140295831465713,
        "volume": 360744779.776,
        "adr": 6.766577809570529,
        "condi_4": true
    },
    {
        "symbol": "CLF_US",
        "rank_value": 1.680246913580247,
        "volume": 175140044.10300002,
        "adr": 7.288108681407035,
        "condi_4": true
    },
    {
        "symbol": "LMND_US",
        "rank_value": 1.6741613780598368,
        "volume": 236567007.31649998,
        "adr": 12.139335571777622,
        "condi_4": true
    },
    {
        "symbol": "APA_US",
        "rank_value": 1.6739811912225704,
        "volume": 164067009.327,
        "adr": 8.39745154869096,
        "condi_4": true
    },
    {
        "symbol": "BB_US",
        "rank_value": 1.6506024096385543,
        "volume": 305671032.12900007,
        "adr": 10.213740445496612,
        "condi_4": true
    },
    {
        "symbol": "U_US",
        "rank_value": 1.631567751542225,
        "volume": 288097495.01,
        "adr": 8.549448018311212,
        "condi_4": true
    },
    {
        "symbol": "SPCE_US",
        "rank_value": 1.6219808467741936,
        "volume": 450309370.14811504,
        "adr": 11.284608602339441,
        "condi_4": true
    },
    {
        "symbol": "COTY_US",
        "rank_value": 1.6177156177156178,
        "volume": 120869639.37700002,
        "adr": 11.032083049112673,
        "condi_4": true
    },
    {
        "symbol": "M_US",
        "rank_value": 1.6066763425253991,
        "volume": 409842771.82650006,
        "adr": 8.63053015150217,
        "condi_4": true
    },
    {
        "symbol": "HTZ_US",
        "rank_value": 1.6038613861386137,
        "volume": 146224317.90433,
        "adr": 22.32959405133508,
        "condi_4": true
    },
    {
        "symbol": "FANG_US",
        "rank_value": 1.5946640951462552,
        "volume": 194086943.2645,
        "adr": 7.103045199504154,
        "condi_4": true
    },
    {
        "symbol": "SHLL_US",
        "rank_value": 1.58837699488106,
        "volume": 326494481.8375,
        "adr": 16.75419373910849,
        "condi_4": true
    },
    {
        "symbol": "KODK_US",
        "rank_value": 1.5550314465408805,
        "volume": 140921763.416,
        "adr": 14.334471829251626,
        "condi_4": true
    },
    {
        "symbol": "ACB_US",
        "rank_value": 1.5420320555754585,
        "volume": 443385889.15500003,
        "adr": 14.979911571060267,
        "condi_4": true
    },
    {
        "symbol": "MSTR_US",
        "rank_value": 1.5406162464985995,
        "volume": 110131235.5,
        "adr": 9.113990117236813,
        "condi_4": true
    },
    {
        "symbol": "SNOW_US",
        "rank_value": 1.5383279044516829,
        "volume": 1323817381.81,
        "adr": 9.395870734677603,
        "condi_4": true
    },
    {
        "symbol": "BE_US",
        "rank_value": 1.5379746835443038,
        "volume": 159142600.26000002,
        "adr": 12.349358140629763,
        "condi_4": true
    },
    {
        "symbol": "TSLA_US",
        "rank_value": 1.5128217895732707,
        "volume": 20918561471.5,
        "adr": 7.756914127711889,
        "condi_4": true
    },
    {
        "symbol": "AA_US",
        "rank_value": 1.512532981530343,
        "volume": 111669684.715,
        "adr": 6.186214678584645,
        "condi_4": true
    }
]