[
    {
        "symbol": "MGEN_US",
        "rank_value": 36.52542372881356,
        "volume": 288362533.462,
        "adr": 32.75081176549182,
        "condi_4": true
    },
    {
        "symbol": "APVO_US",
        "rank_value": 7.5,
        "volume": 221294036.25,
        "adr": 50.65589331625593,
        "condi_4": true
    },
    {
        "symbol": "FPRX_US",
        "rank_value": 4.194312796208531,
        "volume": 102670652.74499999,
        "adr": 33.42541674950057,
        "condi_4": true
    },
    {
        "symbol": "CBAT_US",
        "rank_value": 3.329166666666667,
        "volume": 120313029.289,
        "adr": 27.047449411169744,
        "condi_4": true
    },
    {
        "symbol": "FCEL_US",
        "rank_value": 2.823232323232323,
        "volume": 288240383.9705,
        "adr": 14.955186473744586,
        "condi_4": true
    },
    {
        "symbol": "KNDI_US",
        "rank_value": 2.120689655172414,
        "volume": 199926060.375,
        "adr": 20.587032408380736,
        "condi_4": true
    },
    {
        "symbol": "COTY_US",
        "rank_value": 2.1184668989547037,
        "volume": 105776244.896,
        "adr": 10.419399986780675,
        "condi_4": true
    },
    {
        "symbol": "LK_US",
        "rank_value": 2.064935064935065,
        "volume": 198791688.52800003,
        "adr": 29.12297405710205,
        "condi_4": true
    },
    {
        "symbol": "PLTR_US",
        "rank_value": 1.9836956521739133,
        "volume": 920566111.2750001,
        "adr": 12.675417646168597,
        "condi_4": true
    },
    {
        "symbol": "UPWK_US",
        "rank_value": 1.9532967032967032,
        "volume": 114832666.1475,
        "adr": 10.123095206715128,
        "condi_4": true
    },
    {
        "symbol": "ACB_US",
        "rank_value": 1.940700808625337,
        "volume": 452115342.0,
        "adr": 22.43004471844168,
        "condi_4": true
    },
    {
        "symbol": "VSLR_US",
        "rank_value": 1.857451403887689,
        "volume": 111232331.2,
        "adr": 7.61046406019541,
        "condi_4": true
    },
    {
        "symbol": "CNK_US",
        "rank_value": 1.849747474747475,
        "volume": 150246334.625,
        "adr": 12.041032620877035,
        "condi_4": true
    },
    {
        "symbol": "GRWG_US",
        "rank_value": 1.8434343434343434,
        "volume": 143282703.48000002,
        "adr": 13.146645872925422,
        "condi_4": true
    },
    {
        "symbol": "SPR_US",
        "rank_value": 1.8289585097375105,
        "volume": 171086975.28,
        "adr": 9.207663368229134,
        "condi_4": true
    },
    {
        "symbol": "JWN_US",
        "rank_value": 1.808080808080808,
        "volume": 254328815.94599998,
        "adr": 9.625915721271783,
        "condi_4": true
    },
    {
        "symbol": "PLUG_US",
        "rank_value": 1.7881665449233017,
        "volume": 903861109.6560001,
        "adr": 10.591241810409402,
        "condi_4": true
    },
    {
        "symbol": "LYFT_US",
        "rank_value": 1.7853795688847236,
        "volume": 571363723.92,
        "adr": 8.336287741732606,
        "condi_4": true
    },
    {
        "symbol": "TUP_US",
        "rank_value": 1.719056974459725,
        "volume": 105710104.5,
        "adr": 11.114790336525559,
        "condi_4": true
    },
    {
        "symbol": "DVN_US",
        "rank_value": 1.702457956015524,
        "volume": 138891003.216,
        "adr": 7.923275529588181,
        "condi_4": true
    },
    {
        "symbol": "FUTU_US",
        "rank_value": 1.6723549488054608,
        "volume": 119869432.55000001,
        "adr": 7.990554677851169,
        "condi_4": true
    },
    {
        "symbol": "BE_US",
        "rank_value": 1.6391304347826088,
        "volume": 112178937.16250001,
        "adr": 10.045368488614702,
        "condi_4": true
    },
    {
        "symbol": "HTZ_US",
        "rank_value": 1.6038613861386137,
        "volume": 146224317.90433,
        "adr": 22.32959405133508,
        "condi_4": true
    },
    {
        "symbol": "SHLL_US",
        "rank_value": 1.58837699488106,
        "volume": 326494481.8375,
        "adr": 16.75419373910849,
        "condi_4": true
    },
    {
        "symbol": "APA_US",
        "rank_value": 1.5339153794492948,
        "volume": 139998865.47100002,
        "adr": 8.026667964449041,
        "condi_4": true
    },
    {
        "symbol": "M_US",
        "rank_value": 1.5108153078202995,
        "volume": 260365296.722,
        "adr": 8.818764260710887,
        "condi_4": true
    },
    {
        "symbol": "MRO_US",
        "rank_value": 1.5067024128686328,
        "volume": 184807049.011,
        "adr": 7.569745357977986,
        "condi_4": true
    },
    {
        "symbol": "NKLA_US",
        "rank_value": 1.4923251847640706,
        "volume": 351572870.25,
        "adr": 10.493430845927975,
        "condi_4": true
    },
    {
        "symbol": "CZR_US",
        "rank_value": 1.4857209194334804,
        "volume": 192520457.9775,
        "adr": 8.230970037461738,
        "condi_4": true
    },
    {
        "symbol": "SLB_US",
        "rank_value": 1.4744525547445255,
        "volume": 302870912.91,
        "adr": 6.043836849921735,
        "condi_4": true
    },
    {
        "symbol": "PBR_US",
        "rank_value": 1.4706840390879479,
        "volume": 226906468.03649998,
        "adr": 5.447836700208097,
        "condi_4": true
    }
]