[
    {
        "symbol": "PENN_US",
        "rank_value": 2.9866666666666664,
        "volume": 145744154.64,
        "adr": 38.251820452691796,
        "condi_4": true
    },
    {
        "symbol": "TLRY_US",
        "rank_value": 2.633744855967078,
        "volume": 113646809.92000002,
        "adr": 35.56447241468359,
        "condi_4": true
    },
    {
        "symbol": "NVAX_US",
        "rank_value": 2.200886262924668,
        "volume": 104817628.98,
        "adr": 21.893776838567057,
        "condi_4": true
    },
    {
        "symbol": "WEN_US",
        "rank_value": 2.1686217008797652,
        "volume": 108618904.74599999,
        "adr": 18.825964392856463,
        "condi_4": true
    },
    {
        "symbol": "IMMU_US",
        "rank_value": 2.1590909090909087,
        "volume": 119456971.0,
        "adr": 24.31057130496459,
        "condi_4": true
    },
    {
        "symbol": "USFD_US",
        "rank_value": 2.019230769230769,
        "volume": 103085996.16000001,
        "adr": 23.75865612872761,
        "condi_4": true
    },
    {
        "symbol": "CNQ_US",
        "rank_value": 1.96274217585693,
        "volume": 121645845.522,
        "adr": 17.661769029590204,
        "condi_4": true
    },
    {
        "symbol": "HAL_US",
        "rank_value": 1.9294117647058822,
        "volume": 301241983.45,
        "adr": 19.220528957725236,
        "condi_4": true
    },
    {
        "symbol": "DVN_US",
        "rank_value": 1.9127659574468086,
        "volume": 128851778.9535,
        "adr": 19.44557868146335,
        "condi_4": true
    },
    {
        "symbol": "UBER_US",
        "rank_value": 1.8825674690007292,
        "volume": 1223946632.1054997,
        "adr": 16.44728792567749,
        "condi_4": true
    },
    {
        "symbol": "Z_US",
        "rank_value": 1.8687624750499003,
        "volume": 181212571.27750003,
        "adr": 16.480426281251525,
        "condi_4": true
    },
    {
        "symbol": "CRWD_US",
        "rank_value": 1.865414710485133,
        "volume": 322946056.8,
        "adr": 11.20165567246767,
        "condi_4": true
    }
]