[
    {
        "symbol": "CHK_US",
        "rank_value": 109.9236641221374,
        "volume": 259422819.12,
        "adr": 32.73482965245855,
        "condi_4": true
    },
    {
        "symbol": "MGNX_US",
        "rank_value": 4.21202,
        "volume": 119665540.506745,
        "adr": 22.278966057390768,
        "condi_4": true
    },
    {
        "symbol": "SHOP_US",
        "rank_value": 1.8787271096100058,
        "volume": 2297894061.6,
        "adr": 8.188743889234429,
        "condi_4": true
    },
    {
        "symbol": "CVNA_US",
        "rank_value": 1.8734575065518533,
        "volume": 303942683.23542005,
        "adr": 13.159712238452848,
        "condi_4": true
    },
    {
        "symbol": "DKNG_US",
        "rank_value": 1.83359375,
        "volume": 107090961.4105,
        "adr": 11.954946550088508,
        "condi_4": true
    },
    {
        "symbol": "IMMU_US",
        "rank_value": 1.8330513254371121,
        "volume": 169151047.0,
        "adr": 9.633747424339912,
        "condi_4": true
    },
    {
        "symbol": "LVGO_US",
        "rank_value": 1.7333753545540498,
        "volume": 132582780.0,
        "adr": 8.643399247469885,
        "condi_4": true
    },
    {
        "symbol": "PENN_US",
        "rank_value": 1.6594594594594596,
        "volume": 148839840.696,
        "adr": 13.221144934954099,
        "condi_4": true
    },
    {
        "symbol": "TTD_US",
        "rank_value": 1.6376683937823835,
        "volume": 535716493.493,
        "adr": 8.076992489167157,
        "condi_4": true
    },
    {
        "symbol": "DXCM_US",
        "rank_value": 1.6203148725325662,
        "volume": 452574697.75,
        "adr": 5.7496091757664125,
        "condi_4": true
    }
]