[
    {
        "symbol": "MFA_US",
        "rank_value": 5.618752154429506,
        "volume": 104317946.77049999,
        "adr": 32.524013513084846,
        "condi_4": true
    },
    {
        "symbol": "IMMU_US",
        "rank_value": 2.9670454545454543,
        "volume": 196047211.76599997,
        "adr": 20.46818552313894,
        "condi_4": true
    },
    {
        "symbol": "CVNA_US",
        "rank_value": 2.2922875816993464,
        "volume": 316421114.01600003,
        "adr": 15.203633836988683,
        "condi_4": true
    },
    {
        "symbol": "EQT_US",
        "rank_value": 2.206056838365897,
        "volume": 114382407.31494498,
        "adr": 14.423754675644695,
        "condi_4": true
    },
    {
        "symbol": "ETSY_US",
        "rank_value": 2.02258064516129,
        "volume": 227403074.91,
        "adr": 9.205183401063888,
        "condi_4": true
    },
    {
        "symbol": "MRNA_US",
        "rank_value": 1.9581280788177342,
        "volume": 612347211.6750001,
        "adr": 12.492129719490297,
        "condi_4": true
    },
    {
        "symbol": "INO_US",
        "rank_value": 1.887366818873668,
        "volume": 316480998.88,
        "adr": 15.066536173144573,
        "condi_4": true
    },
    {
        "symbol": "NRZ_US",
        "rank_value": 1.872852233676976,
        "volume": 112733806.99,
        "adr": 24.432348110437818,
        "condi_4": true
    },
    {
        "symbol": "NVAX_US",
        "rank_value": 1.8632558139534885,
        "volume": 140838077.7055,
        "adr": 13.666170186228598,
        "condi_4": true
    },
    {
        "symbol": "SHOP_US",
        "rank_value": 1.8353011507995816,
        "volume": 1699816020.0,
        "adr": 9.209588533281131,
        "condi_4": true
    },
    {
        "symbol": "TLRY_US",
        "rank_value": 1.825268817204301,
        "volume": 113642868.605,
        "adr": 21.220824315707997,
        "condi_4": true
    }
]