[
    {
        "symbol": "MCRB_US",
        "rank_value": 6.670299727520436,
        "volume": 165272919.48,
        "adr": 41.15726379064897,
        "condi_4": true
    },
    {
        "symbol": "GEVO_US",
        "rank_value": 2.3428571428571425,
        "volume": 106897429.2315,
        "adr": 31.88175730769003,
        "condi_4": true
    },
    {
        "symbol": "LK_US",
        "rank_value": 2.064935064935065,
        "volume": 198791688.52800003,
        "adr": 29.12297405710205,
        "condi_4": true
    },
    {
        "symbol": "SHLL_US",
        "rank_value": 2.052375809935205,
        "volume": 190457558.424,
        "adr": 11.984645057751763,
        "condi_4": true
    },
    {
        "symbol": "PLUG_US",
        "rank_value": 1.8528995756718527,
        "volume": 417665553.11499995,
        "adr": 10.709911991072808,
        "condi_4": true
    },
    {
        "symbol": "FLDM_US",
        "rank_value": 1.6312741312741312,
        "volume": 100680613.05249998,
        "adr": 19.319995378874168,
        "condi_4": true
    },
    {
        "symbol": "TSLA_US",
        "rank_value": 1.624168498168498,
        "volume": 16603718060.832998,
        "adr": 6.225765698149366,
        "condi_4": true
    },
    {
        "symbol": "PENN_US",
        "rank_value": 1.6092575894198977,
        "volume": 399843685.55399996,
        "adr": 7.908123426607738,
        "condi_4": true
    },
    {
        "symbol": "NIO_US",
        "rank_value": 1.5856777493606138,
        "volume": 2066162289.3300002,
        "adr": 10.029093504986154,
        "condi_4": true
    },
    {
        "symbol": "OSTK_US",
        "rank_value": 1.582828117319351,
        "volume": 661540418.6999999,
        "adr": 13.153409312925746,
        "condi_4": true
    },
    {
        "symbol": "PLAN_US",
        "rank_value": 1.5037340399903638,
        "volume": 178562219.303,
        "adr": 6.011263542986223,
        "condi_4": true
    },
    {
        "symbol": "CRM_US",
        "rank_value": 1.4436142392058493,
        "volume": 2231602589.3535004,
        "adr": 4.742297414506003,
        "condi_4": true
    },
    {
        "symbol": "WDAY_US",
        "rank_value": 1.3952555581022232,
        "volume": 399645068.975,
        "adr": 4.127621834130979,
        "condi_4": true
    },
    {
        "symbol": "ESTC_US",
        "rank_value": 1.3594412571713643,
        "volume": 101339441.85000001,
        "adr": 5.675777234466883,
        "condi_4": true
    },
    {
        "symbol": "UTX_US",
        "rank_value": 1.3554042306577805,
        "volume": 950956822.1374999,
        "adr": 12.586647686893482,
        "condi_4": true
    },
    {
        "symbol": "GPS_US",
        "rank_value": 1.3539412673879443,
        "volume": 185903667.924,
        "adr": 6.094213873634358,
        "condi_4": true
    },
    {
        "symbol": "ENPH_US",
        "rank_value": 1.3371338361690932,
        "volume": 197795299.77899998,
        "adr": 7.654414442339652,
        "condi_4": true
    }
]