[
    {
        "symbol": "CHK_US",
        "rank_value": 117.17557251908396,
        "volume": 625427921.5,
        "adr": 32.879644547995724,
        "condi_4": true
    },
    {
        "symbol": "NBR_US",
        "rank_value": 72.44050913115662,
        "volume": 139226431.19,
        "adr": 21.261547110087676,
        "condi_4": true
    },
    {
        "symbol": "APA_US",
        "rank_value": 3.0273631840796025,
        "volume": 372439362.5085,
        "adr": 18.27865040904446,
        "condi_4": true
    },
    {
        "symbol": "ERI_US",
        "rank_value": 1.980146290491118,
        "volume": 130636950.975,
        "adr": 16.92724377557271,
        "condi_4": true
    },
    {
        "symbol": "CLR_US",
        "rank_value": 1.9410977242302545,
        "volume": 100659738.05000001,
        "adr": 15.057611545731087,
        "condi_4": true
    },
    {
        "symbol": "CCL_US",
        "rank_value": 1.9171052631578949,
        "volume": 1108173105.5540001,
        "adr": 12.99147020721061,
        "condi_4": true
    },
    {
        "symbol": "NAT_US",
        "rank_value": 1.880503144654088,
        "volume": 123268720.13300002,
        "adr": 16.049894327810897,
        "condi_4": true
    },
    {
        "symbol": "MRO_US",
        "rank_value": 1.8749999999999998,
        "volume": 290583815.24249995,
        "adr": 13.220753745848835,
        "condi_4": true
    },
    {
        "symbol": "RCL_US",
        "rank_value": 1.8656179775280899,
        "volume": 956748639.6019999,
        "adr": 14.51801879312371,
        "condi_4": true
    },
    {
        "symbol": "NCLH_US",
        "rank_value": 1.813118811881188,
        "volume": 483417491.65000004,
        "adr": 15.181386658468,
        "condi_4": true
    },
    {
        "symbol": "PENN_US",
        "rank_value": 1.8066535482905837,
        "volume": 132419605.07499999,
        "adr": 14.61817251671289,
        "condi_4": true
    },
    {
        "symbol": "WYNN_US",
        "rank_value": 1.7528673447305778,
        "volume": 506282752.34999996,
        "adr": 10.510243424672838,
        "condi_4": true
    },
    {
        "symbol": "SHAK_US",
        "rank_value": 1.7500817795224075,
        "volume": 114729284.10000001,
        "adr": 10.114062939723102,
        "condi_4": true
    },
    {
        "symbol": "BYND_US",
        "rank_value": 1.724561403508772,
        "volume": 551634155.0450001,
        "adr": 10.071508879610747,
        "condi_4": true
    },
    {
        "symbol": "TSLA_US",
        "rank_value": 1.7226702508960574,
        "volume": 9764062748.3,
        "adr": 9.664291310234251,
        "condi_4": true
    },
    {
        "symbol": "BBBY_US",
        "rank_value": 1.7201166180758019,
        "volume": 100583223.00999999,
        "adr": 15.262228569607995,
        "condi_4": true
    },
    {
        "symbol": "AMRN_US",
        "rank_value": 1.7101548672566373,
        "volume": 124257809.72780499,
        "adr": 11.314560766772196,
        "condi_4": true
    }
]