[
    {
        "symbol": "OAS_US",
        "rank_value": 320.58577405857744,
        "volume": 1031240664.8895,
        "adr": 96.5410452472645,
        "condi_4": true
    },
    {
        "symbol": "TTNP_US",
        "rank_value": 37.22222222222222,
        "volume": 245313067.52249998,
        "adr": 24.228561482965148,
        "condi_4": true
    },
    {
        "symbol": "CRIS_US",
        "rank_value": 7.037383177570093,
        "volume": 170135993.5185,
        "adr": 40.554496160755484,
        "condi_4": true
    },
    {
        "symbol": "QS_US",
        "rank_value": 5.450381679389314,
        "volume": 699718140.03,
        "adr": 26.443746022600045,
        "condi_4": true
    },
    {
        "symbol": "LAZR_US",
        "rank_value": 3.5628090999010884,
        "volume": 533341496.11100006,
        "adr": 18.777979600930152,
        "condi_4": true
    },
    {
        "symbol": "FCEL_US",
        "rank_value": 3.4377682403433476,
        "volume": 868099286.5965,
        "adr": 28.284947665052762,
        "condi_4": true
    },
    {
        "symbol": "BLNK_US",
        "rank_value": 3.1482352941176472,
        "volume": 463668467.5080001,
        "adr": 24.877159148087657,
        "condi_4": true
    },
    {
        "symbol": "CIIC_US",
        "rank_value": 3.139931052557305,
        "volume": 283343960.445,
        "adr": 22.38021215168322,
        "condi_4": true
    },
    {
        "symbol": "ARCT_US",
        "rank_value": 2.827554744525547,
        "volume": 101833480.89,
        "adr": 15.57644951070718,
        "condi_4": true
    },
    {
        "symbol": "JMIA_US",
        "rank_value": 2.7914529914529913,
        "volume": 621050366.3889999,
        "adr": 18.852305908866775,
        "condi_4": true
    },
    {
        "symbol": "RIOT_US",
        "rank_value": 2.7468749999999997,
        "volume": 226363710.70949998,
        "adr": 21.598040078704383,
        "condi_4": true
    },
    {
        "symbol": "JWN_US",
        "rank_value": 2.4404304381245194,
        "volume": 400405231.7,
        "adr": 9.129577680459388,
        "condi_4": true
    },
    {
        "symbol": "AYRO_US",
        "rank_value": 2.4344569288389515,
        "volume": 101316110.35000001,
        "adr": 24.794753104617207,
        "condi_4": true
    },
    {
        "symbol": "IDEX_US",
        "rank_value": 2.411764705882353,
        "volume": 137893757.2725,
        "adr": 32.01584806857882,
        "condi_4": true
    },
    {
        "symbol": "RIG_US",
        "rank_value": 2.368421052631579,
        "volume": 105558899.85000001,
        "adr": 16.944250916225556,
        "condi_4": true
    },
    {
        "symbol": "MARA_US",
        "rank_value": 2.3543689320388346,
        "volume": 134153241.9125,
        "adr": 22.59036612466916,
        "condi_4": true
    },
    {
        "symbol": "SOLO_US",
        "rank_value": 2.242138364779874,
        "volume": 298095487.3375,
        "adr": 26.349843605769085,
        "condi_4": true
    },
    {
        "symbol": "MRNA_US",
        "rank_value": 2.23764339328707,
        "volume": 4722882050.900001,
        "adr": 12.377104299043506,
        "condi_4": true
    },
    {
        "symbol": "SNDL_US",
        "rank_value": 2.1304347826086953,
        "volume": 228583389.958,
        "adr": 37.927331495377615,
        "condi_4": true
    },
    {
        "symbol": "LK_US",
        "rank_value": 2.064935064935065,
        "volume": 198791688.52800003,
        "adr": 29.12297405710205,
        "condi_4": true
    },
    {
        "symbol": "FUBO_US",
        "rank_value": 2.0585365853658537,
        "volume": 181573076.377,
        "adr": 15.17384937477473,
        "condi_4": true
    },
    {
        "symbol": "NNDM_US",
        "rank_value": 2.0303030303030303,
        "volume": 185552917.51000002,
        "adr": 19.42264303323926,
        "condi_4": true
    },
    {
        "symbol": "PLTR_US",
        "rank_value": 1.9863429438543247,
        "volume": 2548807407.993,
        "adr": 18.001181658520448,
        "condi_4": true
    },
    {
        "symbol": "X_US",
        "rank_value": 1.8820512820512822,
        "volume": 261013902.09750003,
        "adr": 7.872168790800571,
        "condi_4": true
    },
    {
        "symbol": "VSLR_US",
        "rank_value": 1.857451403887689,
        "volume": 111232331.2,
        "adr": 7.61046406019541,
        "condi_4": true
    },
    {
        "symbol": "COTY_US",
        "rank_value": 1.8218829516539439,
        "volume": 129900989.15,
        "adr": 11.451413469741457,
        "condi_4": true
    },
    {
        "symbol": "KSS_US",
        "rank_value": 1.8086363636363636,
        "volume": 401611032.25549996,
        "adr": 7.292189520458581,
        "condi_4": true
    },
    {
        "symbol": "SPR_US",
        "rank_value": 1.7497733454215776,
        "volume": 199101733.6,
        "adr": 8.868407556857072,
        "condi_4": true
    },
    {
        "symbol": "WORK_US",
        "rank_value": 1.746782897467829,
        "volume": 1420695626.6560001,
        "adr": 6.830128171486938,
        "condi_4": true
    },
    {
        "symbol": "M_US",
        "rank_value": 1.7462686567164178,
        "volume": 432856790.72999996,
        "adr": 8.68847226499887,
        "condi_4": true
    },
    {
        "symbol": "APA_US",
        "rank_value": 1.7126567844925884,
        "volume": 154983064.177,
        "adr": 8.064163459839424,
        "condi_4": true
    },
    {
        "symbol": "GRWG_US",
        "rank_value": 1.712179137083561,
        "volume": 144346800.4275,
        "adr": 11.645774189361324,
        "condi_4": true
    },
    {
        "symbol": "BB_US",
        "rank_value": 1.7107438016528924,
        "volume": 302375515.788,
        "adr": 10.218579368591229,
        "condi_4": true
    },
    {
        "symbol": "BILI_US",
        "rank_value": 1.686416861826698,
        "volume": 364385142.41950005,
        "adr": 7.214977297481373,
        "condi_4": true
    },
    {
        "symbol": "CNK_US",
        "rank_value": 1.6851441241685143,
        "volume": 166504337.04,
        "adr": 10.680618538069409,
        "condi_4": true
    },
    {
        "symbol": "BE_US",
        "rank_value": 1.6810918774966712,
        "volume": 168477807.10000002,
        "adr": 12.128262359853647,
        "condi_4": true
    },
    {
        "symbol": "SABR_US",
        "rank_value": 1.6741258741258742,
        "volume": 118757789.829,
        "adr": 6.389771170495218,
        "condi_4": true
    },
    {
        "symbol": "SPCE_US",
        "rank_value": 1.6577708006279435,
        "volume": 429135966.864,
        "adr": 10.85429023081912,
        "condi_4": true
    },
    {
        "symbol": "APPN_US",
        "rank_value": 1.6525273044774456,
        "volume": 267664602.49249998,
        "adr": 13.183790686512475,
        "condi_4": true
    },
    {
        "symbol": "CCL_US",
        "rank_value": 1.6441893830703014,
        "volume": 1493689156.134,
        "adr": 8.407743459418615,
        "condi_4": true
    },
    {
        "symbol": "HTZ_US",
        "rank_value": 1.6038613861386137,
        "volume": 146224317.90433,
        "adr": 22.32959405133508,
        "condi_4": true
    },
    {
        "symbol": "U_US",
        "rank_value": 1.5954052329291641,
        "volume": 292591717.5,
        "adr": 8.833279600804778,
        "condi_4": true
    },
    {
        "symbol": "NCLH_US",
        "rank_value": 1.5932597327135387,
        "volume": 800162654.0910001,
        "adr": 7.58865297960174,
        "condi_4": true
    },
    {
        "symbol": "SNOW_US",
        "rank_value": 1.5914862161927124,
        "volume": 1253677619.151,
        "adr": 9.113934329720742,
        "condi_4": true
    },
    {
        "symbol": "LYFT_US",
        "rank_value": 1.59,
        "volume": 430071979.18500006,
        "adr": 5.6961384324885955,
        "condi_4": true
    },
    {
        "symbol": "SHLL_US",
        "rank_value": 1.58837699488106,
        "volume": 326494481.8375,
        "adr": 16.75419373910849,
        "condi_4": true
    },
    {
        "symbol": "HAL_US",
        "rank_value": 1.5766129032258065,
        "volume": 215394427.99,
        "adr": 5.544507368757445,
        "condi_4": true
    },
    {
        "symbol": "LMND_US",
        "rank_value": 1.5766092475067996,
        "volume": 191363051.0425,
        "adr": 11.156149458683572,
        "condi_4": true
    },
    {
        "symbol": "MSTR_US",
        "rank_value": 1.5747771541762956,
        "volume": 105188574.24,
        "adr": 9.080014173700368,
        "condi_4": true
    },
    {
        "symbol": "SRNE_US",
        "rank_value": 1.574468085106383,
        "volume": 129467947.04800001,
        "adr": 11.584652166294163,
        "condi_4": true
    },
    {
        "symbol": "AA_US",
        "rank_value": 1.5730103806228375,
        "volume": 112493545.33299999,
        "adr": 5.912633398645939,
        "condi_4": true
    },
    {
        "symbol": "FTCH_US",
        "rank_value": 1.5708984892658364,
        "volume": 384996393.13600004,
        "adr": 6.7493991685037,
        "condi_4": true
    },
    {
        "symbol": "CRSP_US",
        "rank_value": 1.5693158846685817,
        "volume": 132224125.625,
        "adr": 6.256096557349244,
        "condi_4": true
    },
    {
        "symbol": "VLDR_US",
        "rank_value": 1.5636314445089878,
        "volume": 107117169.5925,
        "adr": 11.29581570830589,
        "condi_4": true
    },
    {
        "symbol": "CLF_US",
        "rank_value": 1.5617283950617284,
        "volume": 147967564.855,
        "adr": 6.509089546697622,
        "condi_4": true
    },
    {
        "symbol": "DVN_US",
        "rank_value": 1.5517241379310345,
        "volume": 149608505.02499998,
        "adr": 6.829519274981455,
        "condi_4": true
    },
    {
        "symbol": "AMC_US",
        "rank_value": 1.5450980392156863,
        "volume": 102474520.507,
        "adr": 16.040181692564516,
        "condi_4": true
    },
    {
        "symbol": "KODK_US",
        "rank_value": 1.5404120443740097,
        "volume": 136196165.664,
        "adr": 13.942079657043083,
        "condi_4": true
    }
]