[
    {
        "symbol": "CODX_US",
        "rank_value": 4.044444444444444,
        "volume": 230823320.364,
        "adr": 58.90233676114707,
        "condi_4": true
    },
    {
        "symbol": "APT_US",
        "rank_value": 2.723404255319149,
        "volume": 146455162.24,
        "adr": 54.092883554550085,
        "condi_4": true
    },
    {
        "symbol": "FTSV_US",
        "rank_value": 2.2191648563842628,
        "volume": 285527843.46599996,
        "adr": 10.751957575483662,
        "condi_4": true
    },
    {
        "symbol": "EQT_US",
        "rank_value": 2.1140142517814726,
        "volume": 124965177.67999999,
        "adr": 18.527052956386193,
        "condi_4": true
    },
    {
        "symbol": "INO_US",
        "rank_value": 2.025210084033614,
        "volume": 429377292.597,
        "adr": 46.00845102562694,
        "condi_4": true
    },
    {
        "symbol": "MRNA_US",
        "rank_value": 1.5298715801228364,
        "volume": 638184649.0699999,
        "adr": 23.56272983351282,
        "condi_4": true
    },
    {
        "symbol": "CZR_US",
        "rank_value": 1.5046749226006193,
        "volume": 123868340.05983502,
        "adr": 13.082697964154665,
        "condi_4": true
    },
    {
        "symbol": "CY_US",
        "rank_value": 1.4896042924211939,
        "volume": 338684261.148,
        "adr": 7.890115096675565,
        "condi_4": true
    },
    {
        "symbol": "COG_US",
        "rank_value": 1.4621502299752336,
        "volume": 283023094.665,
        "adr": 10.708810754536046,
        "condi_4": true
    }
]