[
    {
        "symbol": "MFA_US",
        "rank_value": 5.7221647707687,
        "volume": 123382874.11599998,
        "adr": 45.769205820777145,
        "condi_4": true
    },
    {
        "symbol": "W_US",
        "rank_value": 3.6723809523809527,
        "volume": 414739989.62,
        "adr": 15.965288425686165,
        "condi_4": true
    },
    {
        "symbol": "CVNA_US",
        "rank_value": 3.130550284629981,
        "volume": 316915390.23149997,
        "adr": 16.442206308693684,
        "condi_4": true
    },
    {
        "symbol": "EQT_US",
        "rank_value": 2.532859680284192,
        "volume": 126812840.273,
        "adr": 14.473017360712204,
        "condi_4": true
    },
    {
        "symbol": "NVAX_US",
        "rank_value": 2.1635094715852445,
        "volume": 154802913.16,
        "adr": 14.327239985039153,
        "condi_4": true
    },
    {
        "symbol": "MRNA_US",
        "rank_value": 2.0894909688013135,
        "volume": 640697756.525,
        "adr": 12.624162317175692,
        "condi_4": true
    },
    {
        "symbol": "TLRY_US",
        "rank_value": 2.0892307692307694,
        "volume": 119696245.6095,
        "adr": 23.68290188867266,
        "condi_4": true
    },
    {
        "symbol": "ETSY_US",
        "rank_value": 2.0701168614357264,
        "volume": 232735091.6,
        "adr": 9.895286697815386,
        "condi_4": true
    },
    {
        "symbol": "PENN_US",
        "rank_value": 2.0447530864197527,
        "volume": 124080571.71249999,
        "adr": 18.22758240946132,
        "condi_4": true
    },
    {
        "symbol": "NRZ_US",
        "rank_value": 1.8934707903780068,
        "volume": 119412789.1505,
        "adr": 25.382484257476623,
        "condi_4": true
    },
    {
        "symbol": "SHOP_US",
        "rank_value": 1.866163141993958,
        "volume": 1689051203.1150002,
        "adr": 9.570373135085287,
        "condi_4": true
    },
    {
        "symbol": "MTCH_US",
        "rank_value": 1.788779615556549,
        "volume": 157136636.14949998,
        "adr": 7.805249507400536,
        "condi_4": true
    },
    {
        "symbol": "TSLA_US",
        "rank_value": 1.782758620689655,
        "volume": 8844692832.359999,
        "adr": 9.836754283236582,
        "condi_4": true
    },
    {
        "symbol": "IAC_US",
        "rank_value": 1.7756019261637241,
        "volume": 182402391.014,
        "adr": 5.767944034153771,
        "condi_4": true
    }
]