[
    {
        "symbol": "SPI_US",
        "rank_value": 10.0,
        "volume": 184401971.10750002,
        "adr": 230.64036092358293,
        "condi_4": true
    },
    {
        "symbol": "MRNS_US",
        "rank_value": 6.433526011560694,
        "volume": 124861368.53400002,
        "adr": 18.281099373441336,
        "condi_4": true
    },
    {
        "symbol": "IMMU_US",
        "rank_value": 2.257331571994716,
        "volume": 658666102.0799999,
        "adr": 3.9552700421702003,
        "condi_4": true
    },
    {
        "symbol": "GOGO_US",
        "rank_value": 2.0843091334894615,
        "volume": 122767283.965,
        "adr": 15.883752956185626,
        "condi_4": true
    },
    {
        "symbol": "GME_US",
        "rank_value": 2.07115759253563,
        "volume": 133760127.195,
        "adr": 15.969606127038505,
        "condi_4": true
    },
    {
        "symbol": "LK_US",
        "rank_value": 2.064935064935065,
        "volume": 198791688.52800003,
        "adr": 29.12297405710205,
        "condi_4": true
    },
    {
        "symbol": "ZM_US",
        "rank_value": 1.701339854648159,
        "volume": 5827104094.635,
        "adr": 10.450735810527823,
        "condi_4": true
    },
    {
        "symbol": "KODK_US",
        "rank_value": 1.6978021978021978,
        "volume": 359895631.79249996,
        "adr": 23.737122400782475,
        "condi_4": true
    },
    {
        "symbol": "DPHC_US",
        "rank_value": 1.6758620689655173,
        "volume": 113787622.26,
        "adr": 15.882386600691811,
        "condi_4": true
    },
    {
        "symbol": "SRNE_US",
        "rank_value": 1.6568457538994803,
        "volume": 273683919.95600003,
        "adr": 14.573537382491297,
        "condi_4": true
    },
    {
        "symbol": "ITCI_US",
        "rank_value": 1.5573580533024332,
        "volume": 103908709.632,
        "adr": 9.637480400324128,
        "condi_4": true
    },
    {
        "symbol": "APPS_US",
        "rank_value": 1.4684466019417475,
        "volume": 160849088.8125,
        "adr": 12.549317219375222,
        "condi_4": true
    },
    {
        "symbol": "QDEL_US",
        "rank_value": 1.4516367945489557,
        "volume": 211705450.60000002,
        "adr": 8.082554400173114,
        "condi_4": true
    },
    {
        "symbol": "GSX_US",
        "rank_value": 1.3640877120397186,
        "volume": 343640288.0295,
        "adr": 7.608311284668701,
        "condi_4": true
    },
    {
        "symbol": "UTX_US",
        "rank_value": 1.3554042306577805,
        "volume": 950956822.1374999,
        "adr": 12.586647686893482,
        "condi_4": true
    },
    {
        "symbol": "S_US",
        "rank_value": 1.3140172278778388,
        "volume": 218909290.00700003,
        "adr": 8.7828881490855,
        "condi_4": true
    },
    {
        "symbol": "BBBY_US",
        "rank_value": 1.3031674208144797,
        "volume": 107108753.76,
        "adr": 7.080474759208455,
        "condi_4": true
    },
    {
        "symbol": "CVNA_US",
        "rank_value": 1.3012820512820513,
        "volume": 358184649.2,
        "adr": 8.08309155690672,
        "condi_4": true
    },
    {
        "symbol": "NNOX_US",
        "rank_value": 1.2771300448430494,
        "volume": 136782935.16799998,
        "adr": 26.43102289428716,
        "condi_4": true
    },
    {
        "symbol": "RTN_US",
        "rank_value": 1.2718446601941749,
        "volume": 503104524.04999995,
        "adr": 11.81115037072653,
        "condi_4": true
    }
]