[
    {
        "symbol": "UONE_US",
        "rank_value": 16.576,
        "volume": 174609728.524,
        "adr": 107.2892955163966,
        "condi_4": true
    },
    {
        "symbol": "GRPN_US",
        "rank_value": 15.974137931034484,
        "volume": 149179625.7255,
        "adr": 15.295819629343676,
        "condi_4": true
    },
    {
        "symbol": "XSPA_US",
        "rank_value": 5.373333333333334,
        "volume": 169652749.8965,
        "adr": 32.644030163672234,
        "condi_4": true
    },
    {
        "symbol": "WKHS_US",
        "rank_value": 4.077868852459016,
        "volume": 165951633.6925,
        "adr": 20.572120638991965,
        "condi_4": true
    },
    {
        "symbol": "INO_US",
        "rank_value": 2.5615453728661275,
        "volume": 1181097819.728,
        "adr": 15.854953708544572,
        "condi_4": true
    },
    {
        "symbol": "NKLA_US",
        "rank_value": 2.4640354112873477,
        "volume": 1196912072.7199998,
        "adr": 26.644870388788465,
        "condi_4": true
    },
    {
        "symbol": "LK_US",
        "rank_value": 2.064935064935065,
        "volume": 198791688.52800003,
        "adr": 29.12297405710205,
        "condi_4": true
    },
    {
        "symbol": "GSX_US",
        "rank_value": 2.0401420959147427,
        "volume": 305699798.11200005,
        "adr": 9.892302639960459,
        "condi_4": true
    },
    {
        "symbol": "HTZ_US",
        "rank_value": 1.9342105263157894,
        "volume": 228639575.88149998,
        "adr": 59.40754522749212,
        "condi_4": true
    },
    {
        "symbol": "NIO_US",
        "rank_value": 1.9138888888888888,
        "volume": 660495908.7739999,
        "adr": 11.727714304643012,
        "condi_4": true
    },
    {
        "symbol": "NVAX_US",
        "rank_value": 1.8641975308641976,
        "volume": 502928384.04999995,
        "adr": 13.433008186822203,
        "condi_4": true
    },
    {
        "symbol": "NVTA_US",
        "rank_value": 1.8298291721419186,
        "volume": 114210723.6525,
        "adr": 10.671076193380348,
        "condi_4": true
    },
    {
        "symbol": "PLUG_US",
        "rank_value": 1.6870415647921762,
        "volume": 159391766.055,
        "adr": 11.068825728721343,
        "condi_4": true
    },
    {
        "symbol": "ZM_US",
        "rank_value": 1.6234177215189873,
        "volume": 3059157125.25,
        "adr": 7.044915853627209,
        "condi_4": true
    },
    {
        "symbol": "YY_US",
        "rank_value": 1.5702940182494087,
        "volume": 113338264.37,
        "adr": 6.211923681234355,
        "condi_4": true
    },
    {
        "symbol": "SRNE_US",
        "rank_value": 1.5485564304461943,
        "volume": 155689348.09,
        "adr": 14.222223782523447,
        "condi_4": true
    },
    {
        "symbol": "GDS_US",
        "rank_value": 1.536528181562412,
        "volume": 118155878.4,
        "adr": 4.735345585180539,
        "condi_4": true
    },
    {
        "symbol": "SPOT_US",
        "rank_value": 1.5093609514596258,
        "volume": 861840432.972,
        "adr": 6.34469122700434,
        "condi_4": true
    },
    {
        "symbol": "GNUS_US",
        "rank_value": 1.5031055900621118,
        "volume": 245411493.48099998,
        "adr": 52.77082761266414,
        "condi_4": true
    },
    {
        "symbol": "SONO_US",
        "rank_value": 1.4734629325841593,
        "volume": 100580593.5,
        "adr": 10.620037894243662,
        "condi_4": true
    },
    {
        "symbol": "IQ_US",
        "rank_value": 1.4709677419354839,
        "volume": 260913505.44000003,
        "adr": 8.315001992762049,
        "condi_4": true
    },
    {
        "symbol": "BILI_US",
        "rank_value": 1.4586070959264126,
        "volume": 216850812.11999997,
        "adr": 5.561954575279526,
        "condi_4": true
    },
    {
        "symbol": "PDD_US",
        "rank_value": 1.4576213260423785,
        "volume": 611888124.0649999,
        "adr": 6.554795935639346,
        "condi_4": true
    },
    {
        "symbol": "ZS_US",
        "rank_value": 1.4305084745762713,
        "volume": 389447690.15,
        "adr": 6.525123617958917,
        "condi_4": true
    },
    {
        "symbol": "AVLR_US",
        "rank_value": 1.4286931515603365,
        "volume": 129361222.25799999,
        "adr": 4.7115989628051524,
        "condi_4": true
    }
]