[
    {
        "symbol": "SRRK_US",
        "rank_value": 3.0691729323308268,
        "volume": 213080220.392,
        "adr": 18.369946579200857,
        "condi_4": true
    },
    {
        "symbol": "LK_US",
        "rank_value": 2.064935064935065,
        "volume": 198791688.52800003,
        "adr": 29.12297405710205,
        "condi_4": true
    },
    {
        "symbol": "VSLR_US",
        "rank_value": 1.857451403887689,
        "volume": 111232331.2,
        "adr": 7.61046406019541,
        "condi_4": true
    },
    {
        "symbol": "HTZ_US",
        "rank_value": 1.6038613861386137,
        "volume": 146224317.90433,
        "adr": 22.32959405133508,
        "condi_4": true
    },
    {
        "symbol": "SHLL_US",
        "rank_value": 1.58837699488106,
        "volume": 326494481.8375,
        "adr": 16.75419373910849,
        "condi_4": true
    },
    {
        "symbol": "SNAP_US",
        "rank_value": 1.5537533006412674,
        "volume": 2337424403.0235,
        "adr": 7.179013080324426,
        "condi_4": true
    },
    {
        "symbol": "TPR_US",
        "rank_value": 1.491358024691358,
        "volume": 141520577.568,
        "adr": 5.123322255567486,
        "condi_4": true
    },
    {
        "symbol": "CGC_US",
        "rank_value": 1.4676156583629894,
        "volume": 155364835.602,
        "adr": 8.141184753343689,
        "condi_4": true
    },
    {
        "symbol": "VIPS_US",
        "rank_value": 1.4463504877228388,
        "volume": 178345722.85,
        "adr": 6.234426390996495,
        "condi_4": true
    },
    {
        "symbol": "PINS_US",
        "rank_value": 1.4364508393285371,
        "volume": 1386075852.94,
        "adr": 7.783483994743734,
        "condi_4": true
    },
    {
        "symbol": "UTX_US",
        "rank_value": 1.3554042306577805,
        "volume": 950956822.1374999,
        "adr": 12.586647686893482,
        "condi_4": true
    },
    {
        "symbol": "HOG_US",
        "rank_value": 1.3196078431372549,
        "volume": 130908689.21999998,
        "adr": 5.322403830320144,
        "condi_4": true
    },
    {
        "symbol": "DQ_US",
        "rank_value": 1.3190535820206946,
        "volume": 109493281.68299998,
        "adr": 10.545229823776236,
        "condi_4": true
    },
    {
        "symbol": "S_US",
        "rank_value": 1.3140172278778388,
        "volume": 218909290.00700003,
        "adr": 8.7828881490855,
        "condi_4": true
    },
    {
        "symbol": "ARRY_US",
        "rank_value": 1.308089500860585,
        "volume": 223064280.70000002,
        "adr": 8.550581051882933,
        "condi_4": true
    },
    {
        "symbol": "FSLR_US",
        "rank_value": 1.3004285503177182,
        "volume": 298268740.0,
        "adr": 7.351368293375771,
        "condi_4": true
    },
    {
        "symbol": "EXAS_US",
        "rank_value": 1.2721774193548387,
        "volume": 243873416.89,
        "adr": 7.071965968369254,
        "condi_4": true
    },
    {
        "symbol": "RTN_US",
        "rank_value": 1.2718446601941749,
        "volume": 503104524.04999995,
        "adr": 11.81115037072653,
        "condi_4": true
    },
    {
        "symbol": "IPHI_US",
        "rank_value": 1.2684796495710897,
        "volume": 160144638.29999998,
        "adr": 5.610187848011039,
        "condi_4": true
    }
]