[
    {
        "symbol": "VXRT_US",
        "rank_value": 3.4984615384615383,
        "volume": 481347822.6645,
        "adr": 28.36050876395182,
        "condi_4": true
    },
    {
        "symbol": "HTBX_US",
        "rank_value": 3.155737704918033,
        "volume": 139779429.867,
        "adr": 31.216408765163916,
        "condi_4": true
    },
    {
        "symbol": "IBIO_US",
        "rank_value": 3.08,
        "volume": 206347068.312,
        "adr": 24.409827380125538,
        "condi_4": true
    },
    {
        "symbol": "ALT_US",
        "rank_value": 2.855,
        "volume": 187081858.722,
        "adr": 36.97495903024661,
        "condi_4": true
    },
    {
        "symbol": "CZR_US",
        "rank_value": 2.6444444444444444,
        "volume": 502014955.925,
        "adr": 15.48487906647229,
        "condi_4": true
    },
    {
        "symbol": "MIST_US",
        "rank_value": 2.5408490566037734,
        "volume": 111602036.301585,
        "adr": 19.128585322054768,
        "condi_4": true
    },
    {
        "symbol": "LK_US",
        "rank_value": 2.064935064935065,
        "volume": 198791688.52800003,
        "adr": 29.12297405710205,
        "condi_4": true
    },
    {
        "symbol": "NVAX_US",
        "rank_value": 1.955613963225924,
        "volume": 888629238.75,
        "adr": 14.346476363478743,
        "condi_4": true
    },
    {
        "symbol": "NIO_US",
        "rank_value": 1.7727272727272727,
        "volume": 2328394343.535,
        "adr": 15.824380893232393,
        "condi_4": true
    },
    {
        "symbol": "BNTX_US",
        "rank_value": 1.7032853077628778,
        "volume": 414944047.94,
        "adr": 13.613147110880996,
        "condi_4": true
    },
    {
        "symbol": "LVGO_US",
        "rank_value": 1.5727719907407405,
        "volume": 456571384.46849996,
        "adr": 9.970333722466806,
        "condi_4": true
    },
    {
        "symbol": "AMD_US",
        "rank_value": 1.429161503510946,
        "volume": 4125476273.18,
        "adr": 5.37143639187323,
        "condi_4": true
    }
]