[
    {
        "symbol": "MFA_US",
        "rank_value": 5.687693898655636,
        "volume": 120277066.7175,
        "adr": 105.54881269493777,
        "condi_4": true
    },
    {
        "symbol": "W_US",
        "rank_value": 3.731331797235023,
        "volume": 391790500.4427149,
        "adr": 20.082000315789017,
        "condi_4": true
    },
    {
        "symbol": "PENN_US",
        "rank_value": 3.66136,
        "volume": 185308501.97450998,
        "adr": 33.000284108927815,
        "condi_4": true
    },
    {
        "symbol": "CVNA_US",
        "rank_value": 3.194043321299639,
        "volume": 337687225.214,
        "adr": 25.026432502391916,
        "condi_4": true
    },
    {
        "symbol": "TLRY_US",
        "rank_value": 2.744855967078189,
        "volume": 125840819.96549998,
        "adr": 30.144427518581974,
        "condi_4": true
    },
    {
        "symbol": "NVAX_US",
        "rank_value": 2.599704579025111,
        "volume": 117596417.84000002,
        "adr": 16.66276333216583,
        "condi_4": true
    },
    {
        "symbol": "ERI_US",
        "rank_value": 2.59468438538206,
        "volume": 118509618.689,
        "adr": 30.627967593068206,
        "condi_4": true
    },
    {
        "symbol": "WEN_US",
        "rank_value": 2.4530791788856305,
        "volume": 120493656.72049999,
        "adr": 16.021808930736125,
        "condi_4": true
    },
    {
        "symbol": "OHI_US",
        "rank_value": 2.396099024756189,
        "volume": 106510643.78800002,
        "adr": 14.675884358699287,
        "condi_4": true
    },
    {
        "symbol": "MGM_US",
        "rank_value": 2.3897900035592614,
        "volume": 489781706.625,
        "adr": 21.990184956673264,
        "condi_4": true
    },
    {
        "symbol": "CZR_US",
        "rank_value": 2.335403726708074,
        "volume": 149317556.53599998,
        "adr": 18.37756251467182,
        "condi_4": true
    },
    {
        "symbol": "EQT_US",
        "rank_value": 2.3179396092362348,
        "volume": 119610673.4925,
        "adr": 16.999055546975228,
        "condi_4": true
    },
    {
        "symbol": "VTR_US",
        "rank_value": 2.2630198576245784,
        "volume": 198580438.24,
        "adr": 18.58789516393746,
        "condi_4": true
    },
    {
        "symbol": "IMMU_US",
        "rank_value": 2.2568181818181814,
        "volume": 128468544.852,
        "adr": 21.451362892536487,
        "condi_4": true
    },
    {
        "symbol": "OKE_US",
        "rank_value": 2.2541118421052633,
        "volume": 229530680.7895,
        "adr": 19.91781413939413,
        "condi_4": true
    },
    {
        "symbol": "H_US",
        "rank_value": 2.2481265611990007,
        "volume": 109493761.5,
        "adr": 16.460074250829095,
        "condi_4": true
    },
    {
        "symbol": "DRI_US",
        "rank_value": 2.2202676864244744,
        "volume": 297837590.14900005,
        "adr": 19.04718654653086,
        "condi_4": true
    },
    {
        "symbol": "KGC_US",
        "rank_value": 2.202205882352941,
        "volume": 145835906.0805,
        "adr": 13.006771764517278,
        "condi_4": true
    },
    {
        "symbol": "ARMK_US",
        "rank_value": 2.1689119170984457,
        "volume": 104463924.9745,
        "adr": 19.31451866204337,
        "condi_4": true
    },
    {
        "symbol": "PLNT_US",
        "rank_value": 2.166596550273454,
        "volume": 175726245.15,
        "adr": 15.986069503977207,
        "condi_4": true
    },
    {
        "symbol": "SPCE_US",
        "rank_value": 2.161147902869757,
        "volume": 289148551.659,
        "adr": 18.984190698019354,
        "condi_4": true
    },
    {
        "symbol": "APTV_US",
        "rank_value": 2.095482546201232,
        "volume": 165362657.8305,
        "adr": 14.12971543661834,
        "condi_4": true
    },
    {
        "symbol": "TSLA_US",
        "rank_value": 2.0356052609055375,
        "volume": 9840404777.6,
        "adr": 11.977759210959915,
        "condi_4": true
    }
]