[
    {
        "symbol": "MGEN_US",
        "rank_value": 38.813559322033896,
        "volume": 307070648.856,
        "adr": 32.61535311792443,
        "condi_4": true
    },
    {
        "symbol": "APVO_US",
        "rank_value": 7.608333333333333,
        "volume": 224151600.0625,
        "adr": 50.58021212563184,
        "condi_4": true
    },
    {
        "symbol": "FPRX_US",
        "rank_value": 4.267772511848342,
        "volume": 104032938.786,
        "adr": 33.338824722691164,
        "condi_4": true
    },
    {
        "symbol": "CBAT_US",
        "rank_value": 3.1625,
        "volume": 109528539.0045,
        "adr": 26.362828911502234,
        "condi_4": true
    },
    {
        "symbol": "SRRK_US",
        "rank_value": 3.005259203606311,
        "volume": 226040770.0,
        "adr": 20.730650417865704,
        "condi_4": true
    },
    {
        "symbol": "FCEL_US",
        "rank_value": 2.6212121212121215,
        "volume": 245048665.8345,
        "adr": 14.455345009777565,
        "condi_4": true
    },
    {
        "symbol": "LK_US",
        "rank_value": 2.064935064935065,
        "volume": 198791688.52800003,
        "adr": 29.12297405710205,
        "condi_4": true
    },
    {
        "symbol": "PLTR_US",
        "rank_value": 2.0413043478260873,
        "volume": 894696424.077,
        "adr": 12.414940114782947,
        "condi_4": true
    },
    {
        "symbol": "LI_US",
        "rank_value": 2.0368303571428568,
        "volume": 1147499782.3,
        "adr": 14.800911042602793,
        "condi_4": true
    },
    {
        "symbol": "UPWK_US",
        "rank_value": 1.9093406593406594,
        "volume": 111390871.325,
        "adr": 10.06562176277126,
        "condi_4": true
    },
    {
        "symbol": "ACB_US",
        "rank_value": 1.9002695417789757,
        "volume": 435033116.25,
        "adr": 22.323070346390182,
        "condi_4": true
    },
    {
        "symbol": "NIO_US",
        "rank_value": 1.8833464257659074,
        "volume": 10959423218.0125,
        "adr": 13.162755424737238,
        "condi_4": true
    },
    {
        "symbol": "LYFT_US",
        "rank_value": 1.8603561387066543,
        "volume": 587559035.29,
        "adr": 8.224916462397713,
        "condi_4": true
    },
    {
        "symbol": "VSLR_US",
        "rank_value": 1.857451403887689,
        "volume": 111232331.2,
        "adr": 7.61046406019541,
        "condi_4": true
    },
    {
        "symbol": "GRWG_US",
        "rank_value": 1.8396464646464648,
        "volume": 143839862.67000002,
        "adr": 13.409648859609536,
        "condi_4": true
    },
    {
        "symbol": "SPR_US",
        "rank_value": 1.8193621224950605,
        "volume": 169945276.92999998,
        "adr": 9.218453719604902,
        "condi_4": true
    },
    {
        "symbol": "CNK_US",
        "rank_value": 1.805568181818182,
        "volume": 149072946.155865,
        "adr": 12.244247397153218,
        "condi_4": true
    },
    {
        "symbol": "JWN_US",
        "rank_value": 1.7702104377104377,
        "volume": 251285590.29938003,
        "adr": 9.78756306749833,
        "condi_4": true
    },
    {
        "symbol": "DVN_US",
        "rank_value": 1.7399741267787838,
        "volume": 141858078.7225,
        "adr": 7.865875570320435,
        "condi_4": true
    },
    {
        "symbol": "TUP_US",
        "rank_value": 1.7398901647528706,
        "volume": 103674620.275,
        "adr": 10.975988325361218,
        "condi_4": true
    },
    {
        "symbol": "PLUG_US",
        "rank_value": 1.720964207450694,
        "volume": 865821365.26,
        "adr": 10.672106335445486,
        "condi_4": true
    },
    {
        "symbol": "FTCH_US",
        "rank_value": 1.7107344632768362,
        "volume": 282386711.505,
        "adr": 10.451391357027928,
        "condi_4": true
    },
    {
        "symbol": "FANG_US",
        "rank_value": 1.6398645789250952,
        "volume": 143993081.875,
        "adr": 8.553143217873993,
        "condi_4": true
    },
    {
        "symbol": "BE_US",
        "rank_value": 1.6339130434782607,
        "volume": 112454925.636,
        "adr": 10.295631485080703,
        "condi_4": true
    },
    {
        "symbol": "HTZ_US",
        "rank_value": 1.6038613861386137,
        "volume": 146224317.90433,
        "adr": 22.32959405133508,
        "condi_4": true
    },
    {
        "symbol": "SHLL_US",
        "rank_value": 1.58837699488106,
        "volume": 326494481.8375,
        "adr": 16.75419373910849,
        "condi_4": true
    },
    {
        "symbol": "CPRI_US",
        "rank_value": 1.5666666666666667,
        "volume": 131562329.5,
        "adr": 6.533543156633814,
        "condi_4": true
    },
    {
        "symbol": "OXY_US",
        "rank_value": 1.5492957746478873,
        "volume": 333933657.42,
        "adr": 8.078434404851853,
        "condi_4": true
    },
    {
        "symbol": "WKHS_US",
        "rank_value": 1.5399867812293457,
        "volume": 341566967.45,
        "adr": 10.995401716599451,
        "condi_4": true
    },
    {
        "symbol": "CZR_US",
        "rank_value": 1.5022057116322267,
        "volume": 196641251.01500002,
        "adr": 8.218659496574299,
        "condi_4": true
    },
    {
        "symbol": "APA_US",
        "rank_value": 1.4922766957689724,
        "volume": 136571321.50199997,
        "adr": 8.110634217597879,
        "condi_4": true
    },
    {
        "symbol": "M_US",
        "rank_value": 1.4891846921797005,
        "volume": 254038808.37999997,
        "adr": 8.821329864542626,
        "condi_4": true
    },
    {
        "symbol": "MRO_US",
        "rank_value": 1.487935656836461,
        "volume": 182615921.0025,
        "adr": 7.688136727959494,
        "condi_4": true
    },
    {
        "symbol": "CCL_US",
        "rank_value": 1.4830718414533446,
        "volume": 1103224972.3920002,
        "adr": 10.59785096267536,
        "condi_4": true
    },
    {
        "symbol": "UBER_US",
        "rank_value": 1.4823708206686932,
        "volume": 1181330708.0595002,
        "adr": 5.624953288813472,
        "condi_4": true
    },
    {
        "symbol": "APPS_US",
        "rank_value": 1.4726840855106889,
        "volume": 141450191.4,
        "adr": 10.640411301872454,
        "condi_4": true
    },
    {
        "symbol": "NKLA_US",
        "rank_value": 1.4724275156338829,
        "volume": 333475832.025,
        "adr": 10.357306268314058,
        "condi_4": true
    },
    {
        "symbol": "PBR_US",
        "rank_value": 1.4723127035830619,
        "volume": 227771378.95999998,
        "adr": 5.58324639191885,
        "condi_4": true
    },
    {
        "symbol": "SLB_US",
        "rank_value": 1.4635036496350367,
        "volume": 303870290.2725,
        "adr": 6.114728859792318,
        "condi_4": true
    }
]