[
    {
        "symbol": "IMMU_US",
        "rank_value": 3.1999999999999997,
        "volume": 216237120.0,
        "adr": 20.69560389173377,
        "condi_4": true
    },
    {
        "symbol": "APA_US",
        "rank_value": 2.774611398963731,
        "volume": 348957513.10350007,
        "adr": 18.875151237145804,
        "condi_4": true
    },
    {
        "symbol": "CODX_US",
        "rank_value": 2.1145374449339207,
        "volume": 104972754.96000001,
        "adr": 18.14178708101113,
        "condi_4": true
    },
    {
        "symbol": "EQT_US",
        "rank_value": 2.079192546583851,
        "volume": 129408447.01850002,
        "adr": 13.859294177127545,
        "condi_4": true
    },
    {
        "symbol": "MRNA_US",
        "rank_value": 2.033211826650466,
        "volume": 658451891.8100001,
        "adr": 12.64720356939284,
        "condi_4": true
    },
    {
        "symbol": "DVN_US",
        "rank_value": 1.9413919413919414,
        "volume": 139862804.51999998,
        "adr": 14.59836556592078,
        "condi_4": true
    },
    {
        "symbol": "LVGO_US",
        "rank_value": 1.855855855855856,
        "volume": 107175562.32000001,
        "adr": 9.276681228057715,
        "condi_4": true
    },
    {
        "symbol": "KGC_US",
        "rank_value": 1.8112244897959182,
        "volume": 152758711.295,
        "adr": 9.332384327129017,
        "condi_4": true
    },
    {
        "symbol": "NRZ_US",
        "rank_value": 1.804123711340206,
        "volume": 102195069.375,
        "adr": 22.23600503190295,
        "condi_4": true
    },
    {
        "symbol": "PE_US",
        "rank_value": 1.7828947368421055,
        "volume": 106299861.78750001,
        "adr": 14.617487958795872,
        "condi_4": true
    },
    {
        "symbol": "AUY_US",
        "rank_value": 1.7435897435897436,
        "volume": 107392657.652,
        "adr": 8.97662017879095,
        "condi_4": true
    },
    {
        "symbol": "NVAX_US",
        "rank_value": 1.736842105263158,
        "volume": 138809866.14000002,
        "adr": 13.822887768953729,
        "condi_4": true
    },
    {
        "symbol": "TTD_US",
        "rank_value": 1.6794788273615635,
        "volume": 390261481.21999997,
        "adr": 8.778069671903488,
        "condi_4": true
    }
]