[
    {
        "symbol": "INPX_US",
        "rank_value": 156.16164383561647,
        "volume": 596432834.15249,
        "adr": 66.50769634074636,
        "condi_4": true
    },
    {
        "symbol": "ITCI_US",
        "rank_value": 2.73190621814475,
        "volume": 159185561.3,
        "adr": 20.89640094481984,
        "condi_4": true
    },
    {
        "symbol": "AXSM_US",
        "rank_value": 2.1291696238466997,
        "volume": 157415386.5,
        "adr": 12.724503449186075,
        "condi_4": true
    },
    {
        "symbol": "APA_US",
        "rank_value": 1.782324058919804,
        "volume": 235748642.6295,
        "adr": 5.739900158430067,
        "condi_4": true
    },
    {
        "symbol": "RAD_US",
        "rank_value": 1.7783711615487316,
        "volume": 190706772.33,
        "adr": 16.637392604648184,
        "condi_4": true
    },
    {
        "symbol": "NIO_US",
        "rank_value": 1.6255924170616116,
        "volume": 263750342.205,
        "adr": 15.014997223918169,
        "condi_4": true
    },
    {
        "symbol": "PCG_US",
        "rank_value": 1.3456162642947902,
        "volume": 202137822.729,
        "adr": 9.762898909808836,
        "condi_4": true
    },
    {
        "symbol": "SRPT_US",
        "rank_value": 1.3403772806927121,
        "volume": 173081509.1715,
        "adr": 5.573531913877505,
        "condi_4": true
    },
    {
        "symbol": "WPX_US",
        "rank_value": 1.3287128712871288,
        "volume": 109502219.838,
        "adr": 4.417154123801592,
        "condi_4": true
    }
]