[
    {
        "symbol": "OVV_US",
        "rank_value": 4.372972972972972,
        "volume": 158049209.83900002,
        "adr": 10.837178239477318,
        "condi_4": true
    },
    {
        "symbol": "S_US",
        "rank_value": 2.035211267605634,
        "volume": 255818312.2635,
        "adr": 9.20475646693053,
        "condi_4": true
    },
    {
        "symbol": "TCO_US",
        "rank_value": 2.026676829268293,
        "volume": 204557135.9,
        "adr": 6.612816627686646,
        "condi_4": true
    },
    {
        "symbol": "SPCE_US",
        "rank_value": 1.7394160583941605,
        "volume": 315197881.3055,
        "adr": 11.14878357037914,
        "condi_4": true
    },
    {
        "symbol": "PCG_US",
        "rank_value": 1.5376238532110091,
        "volume": 198695860.175085,
        "adr": 7.456120573090486,
        "condi_4": true
    },
    {
        "symbol": "SDC_US",
        "rank_value": 1.4565004887585533,
        "volume": 146911642.82000002,
        "adr": 7.887779358006131,
        "condi_4": true
    },
    {
        "symbol": "ENPH_US",
        "rank_value": 1.4214677640603568,
        "volume": 185047784.175,
        "adr": 5.688834938015619,
        "condi_4": true
    },
    {
        "symbol": "LK_US",
        "rank_value": 1.416822429906542,
        "volume": 814852298.6349999,
        "adr": 11.291844386102756,
        "condi_4": true
    },
    {
        "symbol": "TEVA_US",
        "rank_value": 1.375137513751375,
        "volume": 251794358.75,
        "adr": 5.518600682985797,
        "condi_4": true
    },
    {
        "symbol": "BILI_US",
        "rank_value": 1.3592375366568914,
        "volume": 146830991.8815,
        "adr": 6.112129383051101,
        "condi_4": true
    },
    {
        "symbol": "GSX_US",
        "rank_value": 1.357142857142857,
        "volume": 115825728.52499999,
        "adr": 10.078442008551614,
        "condi_4": true
    },
    {
        "symbol": "TAL_US",
        "rank_value": 1.3490241102181402,
        "volume": 276114145.9375,
        "adr": 5.4100589951199485,
        "condi_4": true
    },
    {
        "symbol": "WORK_US",
        "rank_value": 1.3409090909090908,
        "volume": 295220015.5725,
        "adr": 5.959579394298364,
        "condi_4": true
    },
    {
        "symbol": "IQ_US",
        "rank_value": 1.3261296660117878,
        "volume": 201926362.05,
        "adr": 4.9976247306306565,
        "condi_4": true
    },
    {
        "symbol": "NLOK_US",
        "rank_value": 1.2991239048811014,
        "volume": 221316973.81800002,
        "adr": 4.000748408454635,
        "condi_4": true
    },
    {
        "symbol": "ZM_US",
        "rank_value": 1.2795331625391404,
        "volume": 235623679.195,
        "adr": 5.012206318899537,
        "condi_4": true
    },
    {
        "symbol": "BIIB_US",
        "rank_value": 1.2491124481482867,
        "volume": 543029285.1374999,
        "adr": 4.499494188511943,
        "condi_4": true
    },
    {
        "symbol": "SHOP_US",
        "rank_value": 1.24580691154311,
        "volume": 928446935.5520002,
        "adr": 4.578538241118402,
        "condi_4": true
    }
]