[
    {
        "symbol": "CHK_US",
        "rank_value": 98.47328244274809,
        "volume": 156467855.835,
        "adr": 33.050407937273654,
        "condi_4": true
    },
    {
        "symbol": "PTLA_US",
        "rank_value": 2.929491803278689,
        "volume": 130680400.35919,
        "adr": 7.599984988998942,
        "condi_4": true
    },
    {
        "symbol": "W_US",
        "rank_value": 2.608874281018899,
        "volume": 788627013.6750001,
        "adr": 12.515341287302784,
        "condi_4": true
    },
    {
        "symbol": "BYND_US",
        "rank_value": 1.9188397304424256,
        "volume": 1250237454.057,
        "adr": 11.462730410870137,
        "condi_4": true
    },
    {
        "symbol": "IMMU_US",
        "rank_value": 1.7923705722070844,
        "volume": 168652093.8245,
        "adr": 9.371498156637426,
        "condi_4": true
    },
    {
        "symbol": "CHGG_US",
        "rank_value": 1.760664185513885,
        "volume": 258218515.575,
        "adr": 6.999115611778151,
        "condi_4": true
    },
    {
        "symbol": "CVNA_US",
        "rank_value": 1.730013783597519,
        "volume": 294900304.215,
        "adr": 11.727789779059217,
        "condi_4": true
    },
    {
        "symbol": "APA_US",
        "rank_value": 1.7161016949152543,
        "volume": 295753780.6425,
        "adr": 15.175332912441819,
        "condi_4": true
    },
    {
        "symbol": "LVGO_US",
        "rank_value": 1.7004086765168187,
        "volume": 133000232.3235,
        "adr": 8.552048376609056,
        "condi_4": true
    },
    {
        "symbol": "Z_US",
        "rank_value": 1.6856106408706166,
        "volume": 173840565.472,
        "adr": 8.459814612269145,
        "condi_4": true
    },
    {
        "symbol": "FSLY_US",
        "rank_value": 1.656815404916671,
        "volume": 101401521.46865,
        "adr": 10.156959132656107,
        "condi_4": true
    },
    {
        "symbol": "HAL_US",
        "rank_value": 1.6186830015313936,
        "volume": 323959587.532,
        "adr": 10.767698382157764,
        "condi_4": true
    },
    {
        "symbol": "ETSY_US",
        "rank_value": 1.5897029702970298,
        "volume": 298747886.70600003,
        "adr": 8.056236398118877,
        "condi_4": true
    }
]