[
    {
        "symbol": "TTNP_US",
        "rank_value": 38.333333333333336,
        "volume": 283241902.935,
        "adr": 27.27812773070677,
        "condi_4": true
    },
    {
        "symbol": "FPRX_US",
        "rank_value": 4.087677725118484,
        "volume": 103321546.1625,
        "adr": 32.72320887439706,
        "condi_4": true
    },
    {
        "symbol": "SNDL_US",
        "rank_value": 3.7740181268882176,
        "volume": 317326466.34513,
        "adr": 51.65662095308874,
        "condi_4": true
    },
    {
        "symbol": "FCEL_US",
        "rank_value": 3.7453703703703702,
        "volume": 820723131.628,
        "adr": 27.129222098996884,
        "condi_4": true
    },
    {
        "symbol": "DPW_US",
        "rank_value": 2.9395973154362416,
        "volume": 101279928.294,
        "adr": 36.28275404481875,
        "condi_4": true
    },
    {
        "symbol": "RIOT_US",
        "rank_value": 2.846875,
        "volume": 214222686.2625,
        "adr": 20.001806304474236,
        "condi_4": true
    },
    {
        "symbol": "BLNK_US",
        "rank_value": 2.8289053941808815,
        "volume": 373886276.05,
        "adr": 24.691464086305515,
        "condi_4": true
    },
    {
        "symbol": "JMIA_US",
        "rank_value": 2.6854700854700857,
        "volume": 613070131.728,
        "adr": 20.276421495241294,
        "condi_4": true
    },
    {
        "symbol": "AYRO_US",
        "rank_value": 2.6484375,
        "volume": 103672169.451,
        "adr": 24.275114484547665,
        "condi_4": true
    },
    {
        "symbol": "MARA_US",
        "rank_value": 2.6310679611650483,
        "volume": 142161145.041,
        "adr": 22.038676467213357,
        "condi_4": true
    },
    {
        "symbol": "IDEX_US",
        "rank_value": 2.5165562913907285,
        "volume": 132506935.5885,
        "adr": 32.37670912375719,
        "condi_4": true
    },
    {
        "symbol": "SOLO_US",
        "rank_value": 2.5054945054945055,
        "volume": 277428641.094,
        "adr": 26.55478243639646,
        "condi_4": true
    },
    {
        "symbol": "NNDM_US",
        "rank_value": 2.4878048780487805,
        "volume": 173725573.035,
        "adr": 20.713418512727966,
        "condi_4": true
    },
    {
        "symbol": "ACB_US",
        "rank_value": 2.4337899543379,
        "volume": 870290787.821,
        "adr": 25.445717615586695,
        "condi_4": true
    },
    {
        "symbol": "CBAT_US",
        "rank_value": 2.31640625,
        "volume": 102477917.7575,
        "adr": 30.08990060688479,
        "condi_4": true
    },
    {
        "symbol": "MRNA_US",
        "rank_value": 2.273944080904224,
        "volume": 4190471991.585,
        "adr": 12.30782365418046,
        "condi_4": true
    },
    {
        "symbol": "PLTR_US",
        "rank_value": 2.263507109004739,
        "volume": 2177247893.412,
        "adr": 18.114202545396928,
        "condi_4": true
    },
    {
        "symbol": "XPEV_US",
        "rank_value": 2.2386363636363638,
        "volume": 2595929456.8374996,
        "adr": 20.46288119522135,
        "condi_4": true
    },
    {
        "symbol": "LK_US",
        "rank_value": 2.064935064935065,
        "volume": 198791688.52800003,
        "adr": 29.12297405710205,
        "condi_4": true
    },
    {
        "symbol": "SPR_US",
        "rank_value": 2.015946502057613,
        "volume": 228308522.6485,
        "adr": 10.209824415035506,
        "condi_4": true
    },
    {
        "symbol": "GRWG_US",
        "rank_value": 1.9433333333333331,
        "volume": 166958983.81799996,
        "adr": 12.551426953818057,
        "condi_4": true
    },
    {
        "symbol": "FUBO_US",
        "rank_value": 1.906049822064057,
        "volume": 149228320.33200002,
        "adr": 16.337276338031526,
        "condi_4": true
    },
    {
        "symbol": "VSLR_US",
        "rank_value": 1.857451403887689,
        "volume": 111232331.2,
        "adr": 7.61046406019541,
        "condi_4": true
    },
    {
        "symbol": "APHA_US",
        "rank_value": 1.8387096774193548,
        "volume": 122275176.21000001,
        "adr": 10.37853525109207,
        "condi_4": true
    },
    {
        "symbol": "SABR_US",
        "rank_value": 1.8017366136034731,
        "volume": 143836268.67749998,
        "adr": 9.220382040022068,
        "condi_4": true
    },
    {
        "symbol": "CNK_US",
        "rank_value": 1.7957658779576589,
        "volume": 186732891.688,
        "adr": 13.901415004848271,
        "condi_4": true
    },
    {
        "symbol": "WORK_US",
        "rank_value": 1.7779161477791614,
        "volume": 1311091885.579,
        "adr": 7.728682212810556,
        "condi_4": true
    },
    {
        "symbol": "CPRI_US",
        "rank_value": 1.7398119122257054,
        "volume": 155235631.4775,
        "adr": 6.393027371135984,
        "condi_4": true
    },
    {
        "symbol": "FSR_US",
        "rank_value": 1.6779497098646037,
        "volume": 292015138.195,
        "adr": 14.652833360034979,
        "condi_4": true
    },
    {
        "symbol": "NVAX_US",
        "rank_value": 1.6537126279355487,
        "volume": 555533185.539,
        "adr": 13.036389942795212,
        "condi_4": true
    },
    {
        "symbol": "CLF_US",
        "rank_value": 1.6469038208168643,
        "volume": 135471270.0,
        "adr": 5.929598240342893,
        "condi_4": true
    }
]