[
    {
        "symbol": "INPX_US",
        "rank_value": 145.75342465753425,
        "volume": 554479823.0580001,
        "adr": 66.66570072691411,
        "condi_4": true
    },
    {
        "symbol": "ITCI_US",
        "rank_value": 2.4471153846153846,
        "volume": 152089612.29,
        "adr": 20.620121309859442,
        "condi_4": true
    },
    {
        "symbol": "AXSM_US",
        "rank_value": 1.9899013082396144,
        "volume": 149896007.145,
        "adr": 12.544378842437576,
        "condi_4": true
    },
    {
        "symbol": "RAD_US",
        "rank_value": 1.7009345794392523,
        "volume": 185956008.42000002,
        "adr": 16.822224251605643,
        "condi_4": true
    },
    {
        "symbol": "APA_US",
        "rank_value": 1.6653019447287616,
        "volume": 236975050.69899997,
        "adr": 5.738298933498864,
        "condi_4": true
    },
    {
        "symbol": "NIO_US",
        "rank_value": 1.6303317535545025,
        "volume": 269294399.78,
        "adr": 15.039905309573909,
        "condi_4": true
    },
    {
        "symbol": "WDC_US",
        "rank_value": 1.442378401092552,
        "volume": 317775234.43000007,
        "adr": 3.779658123273455,
        "condi_4": true
    },
    {
        "symbol": "TSLA_US",
        "rank_value": 1.432851856273129,
        "volume": 4869756550.854,
        "adr": 4.133185528513894,
        "condi_4": true
    },
    {
        "symbol": "WPX_US",
        "rank_value": 1.3465346534653466,
        "volume": 112641989.12,
        "adr": 4.5029539476301395,
        "condi_4": true
    },
    {
        "symbol": "GRUB_US",
        "rank_value": 1.3332477535301668,
        "volume": 153678048.44399998,
        "adr": 5.460859891974712,
        "condi_4": true
    }
]