[
    {
        "symbol": "ACHV_US",
        "rank_value": 29.189189189189193,
        "volume": 145597819.68,
        "adr": 30.283105183365123,
        "condi_4": true
    },
    {
        "symbol": "MARA_US",
        "rank_value": 5.459770114942529,
        "volume": 167556715.5,
        "adr": 28.48040620484018,
        "condi_4": true
    },
    {
        "symbol": "JMIA_US",
        "rank_value": 2.8668941979522184,
        "volume": 221566574.88,
        "adr": 20.530173816833685,
        "condi_4": true
    },
    {
        "symbol": "MIST_US",
        "rank_value": 2.767295597484277,
        "volume": 126079254.84000002,
        "adr": 20.019368881371612,
        "condi_4": true
    },
    {
        "symbol": "HTBX_US",
        "rank_value": 2.511904761904762,
        "volume": 144925153.6645,
        "adr": 34.11977734542526,
        "condi_4": true
    },
    {
        "symbol": "OSTK_US",
        "rank_value": 2.4480789200415365,
        "volume": 463554484.745,
        "adr": 13.072371003455196,
        "condi_4": true
    },
    {
        "symbol": "ALT_US",
        "rank_value": 2.4047186932849365,
        "volume": 122071241.67500001,
        "adr": 29.306864324583294,
        "condi_4": true
    },
    {
        "symbol": "BLNK_US",
        "rank_value": 2.4039603960396043,
        "volume": 113043656.804,
        "adr": 22.0454269731974,
        "condi_4": true
    },
    {
        "symbol": "SRNE_US",
        "rank_value": 2.248322147651007,
        "volume": 554803833.41,
        "adr": 15.495238593134818,
        "condi_4": true
    },
    {
        "symbol": "LK_US",
        "rank_value": 2.064935064935065,
        "volume": 198791688.52800003,
        "adr": 29.12297405710205,
        "condi_4": true
    },
    {
        "symbol": "IBIO_US",
        "rank_value": 1.943127962085308,
        "volume": 182466817.17499998,
        "adr": 24.30465765340322,
        "condi_4": true
    },
    {
        "symbol": "NVAX_US",
        "rank_value": 1.8150537634408603,
        "volume": 1018155306.6,
        "adr": 15.452182881171339,
        "condi_4": true
    },
    {
        "symbol": "RUN_US",
        "rank_value": 1.7875528236650018,
        "volume": 273675633.6105,
        "adr": 9.254046075910495,
        "condi_4": true
    },
    {
        "symbol": "LB_US",
        "rank_value": 1.6823687752355316,
        "volume": 148831816.25,
        "adr": 6.633748427886799,
        "condi_4": true
    },
    {
        "symbol": "AMD_US",
        "rank_value": 1.6629537161513348,
        "volume": 6581624301.913501,
        "adr": 6.719414063820084,
        "condi_4": true
    },
    {
        "symbol": "ADT_US",
        "rank_value": 1.6046039268788084,
        "volume": 145625150.6625,
        "adr": 11.97136666074774,
        "condi_4": true
    },
    {
        "symbol": "LRN_US",
        "rank_value": 1.5639810426540286,
        "volume": 115954237.575,
        "adr": 9.55151793676896,
        "condi_4": true
    },
    {
        "symbol": "PINS_US",
        "rank_value": 1.5195246179966044,
        "volume": 622732232.58,
        "adr": 7.465243040165759,
        "condi_4": true
    },
    {
        "symbol": "LVGO_US",
        "rank_value": 1.4933259790402647,
        "volume": 710155304.4605001,
        "adr": 10.487236936269317,
        "condi_4": true
    },
    {
        "symbol": "EBS_US",
        "rank_value": 1.4636152954808808,
        "volume": 147568434.03149998,
        "adr": 7.312808798397419,
        "condi_4": true
    },
    {
        "symbol": "SAM_US",
        "rank_value": 1.459292066018477,
        "volume": 109463230.27499999,
        "adr": 4.661968828247054,
        "condi_4": true
    },
    {
        "symbol": "GFI_US",
        "rank_value": 1.4213197969543148,
        "volume": 138754674.79999998,
        "adr": 5.452284131196317,
        "condi_4": true
    },
    {
        "symbol": "ENPH_US",
        "rank_value": 1.4119273301737756,
        "volume": 229110864.125,
        "adr": 8.407867507765987,
        "condi_4": true
    },
    {
        "symbol": "SEDG_US",
        "rank_value": 1.3986013986013988,
        "volume": 178218737.0,
        "adr": 7.166393899656498,
        "condi_4": true
    }
]