[
    {
        "symbol": "CHK_US",
        "rank_value": 160.3053435114504,
        "volume": 1126136659.2,
        "adr": 29.71064110438433,
        "condi_4": true
    },
    {
        "symbol": "ERI_US",
        "rank_value": 2.4022988505747125,
        "volume": 159210452.6045,
        "adr": 17.89040666310364,
        "condi_4": true
    },
    {
        "symbol": "ETSY_US",
        "rank_value": 2.2241935483870967,
        "volume": 253881319.02,
        "adr": 8.803964934402053,
        "condi_4": true
    },
    {
        "symbol": "NAT_US",
        "rank_value": 2.031446540880503,
        "volume": 120160353.07100001,
        "adr": 18.540364038534697,
        "condi_4": true
    },
    {
        "symbol": "BBBY_US",
        "rank_value": 1.9708454810495626,
        "volume": 118187124.89999999,
        "adr": 15.891712772724386,
        "condi_4": true
    },
    {
        "symbol": "INO_US",
        "rank_value": 1.9694767441860466,
        "volume": 509046401.355,
        "adr": 16.092953596679305,
        "condi_4": true
    },
    {
        "symbol": "CVNA_US",
        "rank_value": 1.938819572282448,
        "volume": 275654806.62299997,
        "adr": 13.350976984920827,
        "condi_4": true
    },
    {
        "symbol": "SHOP_US",
        "rank_value": 1.9339112240322822,
        "volume": 1962503444.675,
        "adr": 9.150697408853237,
        "condi_4": true
    },
    {
        "symbol": "KSS_US",
        "rank_value": 1.8640955004591369,
        "volume": 226049753.755,
        "adr": 13.878913248665548,
        "condi_4": true
    }
]