[
    {
        "symbol": "ITCI_US",
        "rank_value": 2.3008583690987123,
        "volume": 162407844.15899998,
        "adr": 20.088946710530074,
        "condi_4": true
    },
    {
        "symbol": "AXSM_US",
        "rank_value": 1.9996320232332156,
        "volume": 156483437.54127,
        "adr": 12.69345055171003,
        "condi_4": true
    },
    {
        "symbol": "BYND_US",
        "rank_value": 1.6707073498561686,
        "volume": 989120451.375,
        "adr": 7.0112258670131045,
        "condi_4": true
    },
    {
        "symbol": "NIO_US",
        "rank_value": 1.6681415929203542,
        "volume": 308140286.6685,
        "adr": 15.281569936809758,
        "condi_4": true
    },
    {
        "symbol": "RAD_US",
        "rank_value": 1.6422029372496663,
        "volume": 188974789.91291502,
        "adr": 17.40804528688362,
        "condi_4": true
    },
    {
        "symbol": "LK_US",
        "rank_value": 1.5639355502228316,
        "volume": 601375018.259,
        "adr": 9.142372731206393,
        "condi_4": true
    },
    {
        "symbol": "ZS_US",
        "rank_value": 1.3349786852142698,
        "volume": 102385080.175,
        "adr": 4.475464824355813,
        "condi_4": true
    },
    {
        "symbol": "SRPT_US",
        "rank_value": 1.3187300278321823,
        "volume": 120364897.82900001,
        "adr": 3.937198659620522,
        "condi_4": true
    },
    {
        "symbol": "BILI_US",
        "rank_value": 1.310344827586207,
        "volume": 110771252.10000001,
        "adr": 5.216520047443085,
        "condi_4": true
    }
]