[
    {
        "symbol": "ACHV_US",
        "rank_value": 24.315789473684212,
        "volume": 117675102.00600001,
        "adr": 31.467867118430636,
        "condi_4": true
    },
    {
        "symbol": "CPE_US",
        "rank_value": 10.036144578313253,
        "volume": 117909124.977,
        "adr": 13.468992329553963,
        "condi_4": true
    },
    {
        "symbol": "MCRB_US",
        "rank_value": 7.335149863760218,
        "volume": 176063311.948,
        "adr": 41.071231067349224,
        "condi_4": true
    },
    {
        "symbol": "MARA_US",
        "rank_value": 4.25,
        "volume": 155117065.11400002,
        "adr": 34.957585207367025,
        "condi_4": true
    },
    {
        "symbol": "KODK_US",
        "rank_value": 3.581778846153846,
        "volume": 354368139.07047004,
        "adr": 65.51881830861892,
        "condi_4": true
    },
    {
        "symbol": "MIST_US",
        "rank_value": 2.685975609756098,
        "volume": 127538279.95750001,
        "adr": 21.04224868739366,
        "condi_4": true
    },
    {
        "symbol": "LK_US",
        "rank_value": 2.064935064935065,
        "volume": 198791688.52800003,
        "adr": 29.12297405710205,
        "condi_4": true
    },
    {
        "symbol": "BLNK_US",
        "rank_value": 1.8842105263157896,
        "volume": 100049853.312,
        "adr": 20.432030783769473,
        "condi_4": true
    },
    {
        "symbol": "SRNE_US",
        "rank_value": 1.8141719913596472,
        "volume": 783968223.0835,
        "adr": 21.63356244098067,
        "condi_4": true
    },
    {
        "symbol": "PENN_US",
        "rank_value": 1.674513496547395,
        "volume": 457355510.9475,
        "adr": 9.808754427534083,
        "condi_4": true
    },
    {
        "symbol": "JMIA_US",
        "rank_value": 1.6142473118279568,
        "volume": 194266158.2705,
        "adr": 23.66956559673026,
        "condi_4": true
    },
    {
        "symbol": "EBS_US",
        "rank_value": 1.541135573580533,
        "volume": 161239311.45,
        "adr": 7.1263209243445536,
        "condi_4": true
    },
    {
        "symbol": "AMD_US",
        "rank_value": 1.508046817849305,
        "volume": 6680923766.559,
        "adr": 7.022949049323124,
        "condi_4": true
    },
    {
        "symbol": "NKLA_US",
        "rank_value": 1.5051724137931033,
        "volume": 888865074.8325,
        "adr": 12.018037402358207,
        "condi_4": true
    },
    {
        "symbol": "W_US",
        "rank_value": 1.503921193573068,
        "volume": 634416287.55,
        "adr": 6.898401550542865,
        "condi_4": true
    },
    {
        "symbol": "FTCH_US",
        "rank_value": 1.4965312190287414,
        "volume": 144690268.7,
        "adr": 7.401900359190661,
        "condi_4": true
    },
    {
        "symbol": "MGM_US",
        "rank_value": 1.4607608243059678,
        "volume": 487271346.74,
        "adr": 7.45958008912071,
        "condi_4": true
    },
    {
        "symbol": "ADT_US",
        "rank_value": 1.4603580562659846,
        "volume": 149711261.99199998,
        "adr": 12.48222661579399,
        "condi_4": true
    },
    {
        "symbol": "CVNA_US",
        "rank_value": 1.4180405258188684,
        "volume": 336490911.4875,
        "adr": 7.322039175880435,
        "condi_4": true
    }
]