[
    {
        "symbol": "JE_US",
        "rank_value": 19.705882352941178,
        "volume": 136063382.384,
        "adr": 28.15212446905808,
        "condi_4": true
    },
    {
        "symbol": "WWR_US",
        "rank_value": 3.3688524590163937,
        "volume": 150272503.83,
        "adr": 58.589201267533774,
        "condi_4": true
    },
    {
        "symbol": "JKS_US",
        "rank_value": 2.533818181818182,
        "volume": 945465552.7200001,
        "adr": 13.721132388809165,
        "condi_4": true
    },
    {
        "symbol": "LK_US",
        "rank_value": 2.064935064935065,
        "volume": 198791688.52800003,
        "adr": 29.12297405710205,
        "condi_4": true
    },
    {
        "symbol": "BBBY_US",
        "rank_value": 1.8976674191121143,
        "volume": 362904041.175,
        "adr": 9.067687358138588,
        "condi_4": true
    },
    {
        "symbol": "VSLR_US",
        "rank_value": 1.857451403887689,
        "volume": 111232331.2,
        "adr": 7.61046406019541,
        "condi_4": true
    },
    {
        "symbol": "DQ_US",
        "rank_value": 1.7758729585852207,
        "volume": 109262507.185,
        "adr": 10.555260021002066,
        "condi_4": true
    },
    {
        "symbol": "MYOK_US",
        "rank_value": 1.7745646269372102,
        "volume": 479147516.46599996,
        "adr": 3.9921481695758043,
        "condi_4": true
    },
    {
        "symbol": "HTZ_US",
        "rank_value": 1.7623762376237624,
        "volume": 156813991.70700002,
        "adr": 22.227449054815175,
        "condi_4": true
    },
    {
        "symbol": "EV_US",
        "rank_value": 1.7376135726303983,
        "volume": 142790003.76854497,
        "adr": 4.687316792055851,
        "condi_4": true
    },
    {
        "symbol": "SPWR_US",
        "rank_value": 1.72048869423081,
        "volume": 176695932.80100003,
        "adr": 11.032803936780788,
        "condi_4": true
    },
    {
        "symbol": "NIO_US",
        "rank_value": 1.6376119402985074,
        "volume": 3055715215.7739997,
        "adr": 7.3523288512239215,
        "condi_4": true
    },
    {
        "symbol": "SHLL_US",
        "rank_value": 1.58837699488106,
        "volume": 326494481.8375,
        "adr": 16.75419373910849,
        "condi_4": true
    },
    {
        "symbol": "SEDG_US",
        "rank_value": 1.5701451278507257,
        "volume": 309822742.59999996,
        "adr": 7.582504062554163,
        "condi_4": true
    },
    {
        "symbol": "ENPH_US",
        "rank_value": 1.5385754479490596,
        "volume": 325341508.94000006,
        "adr": 7.689880710327435,
        "condi_4": true
    },
    {
        "symbol": "BNTX_US",
        "rank_value": 1.4701581363713652,
        "volume": 181130025.45,
        "adr": 6.6598010586944145,
        "condi_4": true
    },
    {
        "symbol": "NET_US",
        "rank_value": 1.4681186040409342,
        "volume": 324091944.3975,
        "adr": 6.428994043708758,
        "condi_4": true
    },
    {
        "symbol": "CGC_US",
        "rank_value": 1.4642082429501084,
        "volume": 127139841.675,
        "adr": 7.112814929447375,
        "condi_4": true
    },
    {
        "symbol": "PAYC_US",
        "rank_value": 1.4226035903804901,
        "volume": 120964025.7,
        "adr": 3.963631591281813,
        "condi_4": true
    },
    {
        "symbol": "NKLA_US",
        "rank_value": 1.3993808049535605,
        "volume": 698969480.0600001,
        "adr": 13.140854932173562,
        "condi_4": true
    },
    {
        "symbol": "SPCE_US",
        "rank_value": 1.3954356568364612,
        "volume": 339006530.05074,
        "adr": 8.572152292914614,
        "condi_4": true
    },
    {
        "symbol": "CSIQ_US",
        "rank_value": 1.3919860627177703,
        "volume": 104895059.0725,
        "adr": 8.463849511441435,
        "condi_4": true
    },
    {
        "symbol": "PLUG_US",
        "rank_value": 1.3907407407407406,
        "volume": 412902668.069,
        "adr": 9.137367667774132,
        "condi_4": true
    },
    {
        "symbol": "TTD_US",
        "rank_value": 1.3888647436923849,
        "volume": 415324043.3835,
        "adr": 4.4121419916587135,
        "condi_4": true
    },
    {
        "symbol": "FSLR_US",
        "rank_value": 1.3860887096774193,
        "volume": 189459088.49999997,
        "adr": 5.567530579495328,
        "condi_4": true
    },
    {
        "symbol": "PTON_US",
        "rank_value": 1.381931818181818,
        "volume": 2745720819.562,
        "adr": 6.869308173445665,
        "condi_4": true
    }
]