[
    {
        "symbol": "APVO_US",
        "rank_value": 7.266666666666667,
        "volume": 202386074.82000002,
        "adr": 44.78261944263402,
        "condi_4": true
    },
    {
        "symbol": "SRRK_US",
        "rank_value": 3.1654135338345863,
        "volume": 230775964.135,
        "adr": 19.51506387137776,
        "condi_4": true
    },
    {
        "symbol": "LK_US",
        "rank_value": 2.064935064935065,
        "volume": 198791688.52800003,
        "adr": 29.12297405710205,
        "condi_4": true
    },
    {
        "symbol": "NIO_US",
        "rank_value": 1.9437883797827111,
        "volume": 7587778352.94,
        "adr": 10.435384484044485,
        "condi_4": true
    },
    {
        "symbol": "ACB_US",
        "rank_value": 1.8706199460916444,
        "volume": 350093008.443,
        "adr": 21.287606454088028,
        "condi_4": true
    },
    {
        "symbol": "VSLR_US",
        "rank_value": 1.857451403887689,
        "volume": 111232331.2,
        "adr": 7.61046406019541,
        "condi_4": true
    },
    {
        "symbol": "CIT_US",
        "rank_value": 1.8371474188398087,
        "volume": 125269954.21400002,
        "adr": 7.175211373565071,
        "condi_4": true
    },
    {
        "symbol": "CNK_US",
        "rank_value": 1.8029490616621984,
        "volume": 144892457.23,
        "adr": 11.54517384676803,
        "condi_4": true
    },
    {
        "symbol": "LYFT_US",
        "rank_value": 1.7778819119025304,
        "volume": 514312591.23999995,
        "adr": 7.67663691095728,
        "condi_4": true
    },
    {
        "symbol": "XPEV_US",
        "rank_value": 1.7648648648648648,
        "volume": 677058895.2875,
        "adr": 12.411974935307635,
        "condi_4": true
    },
    {
        "symbol": "HTZ_US",
        "rank_value": 1.6038613861386137,
        "volume": 146224317.90433,
        "adr": 22.32959405133508,
        "condi_4": true
    },
    {
        "symbol": "FTCH_US",
        "rank_value": 1.5977142857142856,
        "volume": 214920598.93199998,
        "adr": 9.01274300796202,
        "condi_4": true
    },
    {
        "symbol": "SHLL_US",
        "rank_value": 1.58837699488106,
        "volume": 326494481.8375,
        "adr": 16.75419373910849,
        "condi_4": true
    },
    {
        "symbol": "DVN_US",
        "rank_value": 1.5355756791720567,
        "volume": 129358027.30049999,
        "adr": 7.481496081740113,
        "condi_4": true
    },
    {
        "symbol": "PLTR_US",
        "rank_value": 1.5308370044052864,
        "volume": 354245184.195,
        "adr": 8.37716113361604,
        "condi_4": true
    },
    {
        "symbol": "BNTX_US",
        "rank_value": 1.5064038755060056,
        "volume": 301240140.025,
        "adr": 8.247328399827246,
        "condi_4": true
    },
    {
        "symbol": "TLRY_US",
        "rank_value": 1.4952190476190477,
        "volume": 151404676.21344,
        "adr": 17.740229508527317,
        "condi_4": true
    },
    {
        "symbol": "PLUG_US",
        "rank_value": 1.481373265157049,
        "volume": 543656699.274,
        "adr": 10.051070480337865,
        "condi_4": true
    },
    {
        "symbol": "OXY_US",
        "rank_value": 1.4612676056338028,
        "volume": 308529742.85249996,
        "adr": 7.099929019651663,
        "condi_4": true
    },
    {
        "symbol": "SNAP_US",
        "rank_value": 1.4560543191248585,
        "volume": 2397796042.17,
        "adr": 8.947542205588155,
        "condi_4": true
    },
    {
        "symbol": "ALGN_US",
        "rank_value": 1.43810202248583,
        "volume": 345114453.13600004,
        "adr": 5.8704377671898955,
        "condi_4": true
    },
    {
        "symbol": "UBER_US",
        "rank_value": 1.4285714285714286,
        "volume": 1143975715.95,
        "adr": 5.7838770420989505,
        "condi_4": true
    },
    {
        "symbol": "WYNN_US",
        "rank_value": 1.4231905465288035,
        "volume": 332846904.17499995,
        "adr": 5.885955532856535,
        "condi_4": true
    },
    {
        "symbol": "RCL_US",
        "rank_value": 1.415936099746737,
        "volume": 537699660.6220001,
        "adr": 6.966333014198933,
        "condi_4": true
    },
    {
        "symbol": "EXPE_US",
        "rank_value": 1.4106939704209327,
        "volume": 343147810.2,
        "adr": 5.636252332466607,
        "condi_4": true
    },
    {
        "symbol": "VLO_US",
        "rank_value": 1.409706546275395,
        "volume": 252612165.966,
        "adr": 6.608256678878921,
        "condi_4": true
    },
    {
        "symbol": "MPC_US",
        "rank_value": 1.4082928651475533,
        "volume": 257363924.61,
        "adr": 6.08528986550283,
        "condi_4": true
    },
    {
        "symbol": "LI_US",
        "rank_value": 1.4020442930153323,
        "volume": 323605327.88850003,
        "adr": 10.32472605661463,
        "condi_4": true
    },
    {
        "symbol": "BKR_US",
        "rank_value": 1.4000000000000001,
        "volume": 136605530.62800002,
        "adr": 5.923370870687639,
        "condi_4": true
    },
    {
        "symbol": "TPR_US",
        "rank_value": 1.3955984970477724,
        "volume": 153646669.79999998,
        "adr": 5.9679253639828955,
        "condi_4": true
    },
    {
        "symbol": "CZR_US",
        "rank_value": 1.394706292082656,
        "volume": 168383526.526,
        "adr": 7.62839654831684,
        "condi_4": true
    },
    {
        "symbol": "CGC_US",
        "rank_value": 1.3929001203369433,
        "volume": 215316254.015,
        "adr": 8.797162979322003,
        "condi_4": true
    },
    {
        "symbol": "ESS_US",
        "rank_value": 1.3899087493290392,
        "volume": 109981139.84,
        "adr": 3.5955101727864314,
        "condi_4": true
    },
    {
        "symbol": "SU_US",
        "rank_value": 1.37863167760075,
        "volume": 119024100.50750001,
        "adr": 5.660809977418846,
        "condi_4": true
    },
    {
        "symbol": "GE_US",
        "rank_value": 1.3732928679817906,
        "volume": 1058650036.63,
        "adr": 5.699365444667448,
        "condi_4": true
    }
]