[
    {
        "symbol": "ACHV_US",
        "rank_value": 28.918918918918916,
        "volume": 143731672.085,
        "adr": 30.636912286907258,
        "condi_4": true
    },
    {
        "symbol": "KODK_US",
        "rank_value": 7.4,
        "volume": 631753019.04,
        "adr": 59.20512439383068,
        "condi_4": true
    },
    {
        "symbol": "MARA_US",
        "rank_value": 5.172413793103448,
        "volume": 164446593.975,
        "adr": 29.321512487385128,
        "condi_4": true
    },
    {
        "symbol": "CZR_US",
        "rank_value": 3.0723192019950125,
        "volume": 402552064.992,
        "adr": 17.49073861652233,
        "condi_4": true
    },
    {
        "symbol": "HTBX_US",
        "rank_value": 2.5595238095238093,
        "volume": 145813920.63,
        "adr": 33.613663576153606,
        "condi_4": true
    },
    {
        "symbol": "KNDI_US",
        "rank_value": 2.401055408970976,
        "volume": 131863364.35999998,
        "adr": 35.37301409788296,
        "condi_4": true
    },
    {
        "symbol": "BLNK_US",
        "rank_value": 2.3029702970297032,
        "volume": 106851486.20150001,
        "adr": 21.893315027097373,
        "condi_4": true
    },
    {
        "symbol": "LK_US",
        "rank_value": 2.064935064935065,
        "volume": 198791688.52800003,
        "adr": 29.12297405710205,
        "condi_4": true
    },
    {
        "symbol": "NVAX_US",
        "rank_value": 1.840537634408602,
        "volume": 1052368411.2469999,
        "adr": 15.520472540197394,
        "condi_4": true
    },
    {
        "symbol": "IBIO_US",
        "rank_value": 1.8388625592417063,
        "volume": 174606737.81399998,
        "adr": 24.774009071276538,
        "condi_4": true
    },
    {
        "symbol": "RUN_US",
        "rank_value": 1.750947687642153,
        "volume": 272827403.6745,
        "adr": 9.265471835216243,
        "condi_4": true
    },
    {
        "symbol": "ADT_US",
        "rank_value": 1.6519972918077184,
        "volume": 152649292.61999997,
        "adr": 12.101304290685388,
        "condi_4": true
    },
    {
        "symbol": "AMD_US",
        "rank_value": 1.6218886337543055,
        "volume": 6468844923.058155,
        "adr": 6.761030516437572,
        "condi_4": true
    },
    {
        "symbol": "PLUG_US",
        "rank_value": 1.611032531824611,
        "volume": 239210185.358,
        "adr": 10.470993388206384,
        "condi_4": true
    },
    {
        "symbol": "LRN_US",
        "rank_value": 1.5734597156398105,
        "volume": 117781038.78,
        "adr": 9.300745218862483,
        "condi_4": true
    },
    {
        "symbol": "CVNA_US",
        "rank_value": 1.536392024981984,
        "volume": 335332251.07199997,
        "adr": 7.580169722719043,
        "condi_4": true
    },
    {
        "symbol": "W_US",
        "rank_value": 1.5068027210884354,
        "volume": 485606847.3550001,
        "adr": 6.747121051718441,
        "condi_4": true
    },
    {
        "symbol": "EBS_US",
        "rank_value": 1.5063731170336037,
        "volume": 153472904.0,
        "adr": 7.32047844768442,
        "condi_4": true
    },
    {
        "symbol": "OPK_US",
        "rank_value": 1.4986737400530505,
        "volume": 136377754.705,
        "adr": 11.213565486664322,
        "condi_4": true
    },
    {
        "symbol": "GSX_US",
        "rank_value": 1.4929577464788732,
        "volume": 386741434.6,
        "adr": 10.717659300470217,
        "condi_4": true
    },
    {
        "symbol": "PINS_US",
        "rank_value": 1.4834465195246183,
        "volume": 618897504.3450001,
        "adr": 7.626063534021776,
        "condi_4": true
    },
    {
        "symbol": "FTCH_US",
        "rank_value": 1.422550052687039,
        "volume": 106474132.8,
        "adr": 6.017099072040111,
        "condi_4": true
    },
    {
        "symbol": "AA_US",
        "rank_value": 1.4213592233009709,
        "volume": 100720716.324,
        "adr": 6.659207154829305,
        "condi_4": true
    },
    {
        "symbol": "ENPH_US",
        "rank_value": 1.41914847195599,
        "volume": 237752713.62499997,
        "adr": 8.587252314465953,
        "condi_4": true
    },
    {
        "symbol": "HCA_US",
        "rank_value": 1.4151322578893053,
        "volume": 248805219.77850002,
        "adr": 4.240855843554137,
        "condi_4": true
    },
    {
        "symbol": "Z_US",
        "rank_value": 1.4093411472207422,
        "volume": 284397864.832,
        "adr": 6.621976270269814,
        "condi_4": true
    },
    {
        "symbol": "SAM_US",
        "rank_value": 1.409318971864993,
        "volume": 106514964.4,
        "adr": 4.694993179074958,
        "condi_4": true
    }
]