[
    {
        "symbol": "JE_US",
        "rank_value": 23.24375294672324,
        "volume": 271818710.13,
        "adr": 48.29015007166111,
        "condi_4": true
    },
    {
        "symbol": "SPI_US",
        "rank_value": 6.114093264248705,
        "volume": 121832022.77453999,
        "adr": 235.9035030921068,
        "condi_4": true
    },
    {
        "symbol": "SAVA_US",
        "rank_value": 4.064748201438849,
        "volume": 209473404.22,
        "adr": 24.572260654184632,
        "condi_4": true
    },
    {
        "symbol": "LK_US",
        "rank_value": 2.064935064935065,
        "volume": 198791688.52800003,
        "adr": 29.12297405710205,
        "condi_4": true
    },
    {
        "symbol": "SGMS_US",
        "rank_value": 1.9961154273029966,
        "volume": 106190813.85,
        "adr": 10.615904217562955,
        "condi_4": true
    },
    {
        "symbol": "SRNE_US",
        "rank_value": 1.8474696707105722,
        "volume": 342074464.62919503,
        "adr": 14.951750584487966,
        "condi_4": true
    },
    {
        "symbol": "IPOB_US",
        "rank_value": 1.7637209302325583,
        "volume": 107185824.768,
        "adr": 12.367249920229284,
        "condi_4": true
    },
    {
        "symbol": "KCAC_US",
        "rank_value": 1.685858585858586,
        "volume": 148221370.64450002,
        "adr": 16.11180684886717,
        "condi_4": true
    },
    {
        "symbol": "QS_US",
        "rank_value": 1.685858585858586,
        "volume": 148221370.64450002,
        "adr": 16.11180684886717,
        "condi_4": true
    },
    {
        "symbol": "GME_US",
        "rank_value": 1.6780238500851787,
        "volume": 104415589.875,
        "adr": 14.275271896336994,
        "condi_4": true
    },
    {
        "symbol": "DPHC_US",
        "rank_value": 1.6215344938749194,
        "volume": 116031036.51499999,
        "adr": 15.525540380262438,
        "condi_4": true
    },
    {
        "symbol": "KODK_US",
        "rank_value": 1.6135531135531136,
        "volume": 286510173.42550004,
        "adr": 18.904463769639545,
        "condi_4": true
    },
    {
        "symbol": "SHLL_US",
        "rank_value": 1.58837699488106,
        "volume": 326494481.8375,
        "adr": 16.75419373910849,
        "condi_4": true
    },
    {
        "symbol": "WKHS_US",
        "rank_value": 1.5238095238095237,
        "volume": 728202464.0,
        "adr": 14.786345409198475,
        "condi_4": true
    },
    {
        "symbol": "NVTA_US",
        "rank_value": 1.5065068493150686,
        "volume": 116859533.9775,
        "adr": 8.904113542018166,
        "condi_4": true
    },
    {
        "symbol": "ITCI_US",
        "rank_value": 1.4913093858632676,
        "volume": 101365955.262,
        "adr": 9.973238263016103,
        "condi_4": true
    },
    {
        "symbol": "NVCR_US",
        "rank_value": 1.4778376956464554,
        "volume": 132999256.71399999,
        "adr": 5.415297791409501,
        "condi_4": true
    },
    {
        "symbol": "BEKE_US",
        "rank_value": 1.445039590125757,
        "volume": 145981724.6325,
        "adr": 9.263958963378261,
        "condi_4": true
    },
    {
        "symbol": "PENN_US",
        "rank_value": 1.436107854630715,
        "volume": 800059146.0749999,
        "adr": 9.765753848698422,
        "condi_4": true
    },
    {
        "symbol": "BYND_US",
        "rank_value": 1.4173372044794692,
        "volume": 853740578.731,
        "adr": 7.829598676647409,
        "condi_4": true
    },
    {
        "symbol": "ZI_US",
        "rank_value": 1.405449237755433,
        "volume": 106803503.8805,
        "adr": 7.980386582589616,
        "condi_4": true
    },
    {
        "symbol": "DDOG_US",
        "rank_value": 1.3867535576539434,
        "volume": 532121643.631,
        "adr": 6.944613946437128,
        "condi_4": true
    },
    {
        "symbol": "NIO_US",
        "rank_value": 1.384368994234465,
        "volume": 1813687777.4709997,
        "adr": 8.873534651332516,
        "condi_4": true
    },
    {
        "symbol": "UTX_US",
        "rank_value": 1.3554042306577805,
        "volume": 950956822.1374999,
        "adr": 12.586647686893482,
        "condi_4": true
    },
    {
        "symbol": "SPCE_US",
        "rank_value": 1.3479047920269718,
        "volume": 274777074.28900003,
        "adr": 8.577544575696239,
        "condi_4": true
    },
    {
        "symbol": "INO_US",
        "rank_value": 1.3405466970387245,
        "volume": 337271524.5075,
        "adr": 20.053722400836406,
        "condi_4": true
    },
    {
        "symbol": "S_US",
        "rank_value": 1.3140172278778388,
        "volume": 218909290.00700003,
        "adr": 8.7828881490855,
        "condi_4": true
    }
]