[
    {
        "symbol": "S_US",
        "rank_value": 2.312206572769953,
        "volume": 371089359.5025,
        "adr": 9.374927054591197,
        "condi_4": true
    },
    {
        "symbol": "SPCE_US",
        "rank_value": 2.2888459058671824,
        "volume": 1041817956.85,
        "adr": 15.10286172463513,
        "condi_4": true
    },
    {
        "symbol": "STMP_US",
        "rank_value": 2.134399781241455,
        "volume": 130531189.16800001,
        "adr": 8.405322225464328,
        "condi_4": true
    },
    {
        "symbol": "TCO_US",
        "rank_value": 2.0255335365853657,
        "volume": 237161951.72250003,
        "adr": 5.869194110414222,
        "condi_4": true
    },
    {
        "symbol": "ENPH_US",
        "rank_value": 1.9096160380564051,
        "volume": 409071400.91,
        "adr": 8.586335472194628,
        "condi_4": true
    },
    {
        "symbol": "TSLA_US",
        "rank_value": 1.5664003414901218,
        "volume": 13281518730.4,
        "adr": 10.175552044297165,
        "condi_4": true
    },
    {
        "symbol": "PENN_US",
        "rank_value": 1.4621676891615543,
        "volume": 119463937.45,
        "adr": 6.549330626079586,
        "condi_4": true
    },
    {
        "symbol": "WORK_US",
        "rank_value": 1.4186868686868686,
        "volume": 361928362.0335,
        "adr": 6.704496002835492,
        "condi_4": true
    },
    {
        "symbol": "SEDG_US",
        "rank_value": 1.4166666666666667,
        "volume": 180980986.8,
        "adr": 6.541311969803454,
        "condi_4": true
    },
    {
        "symbol": "LK_US",
        "rank_value": 1.400373831775701,
        "volume": 738731829.222,
        "adr": 10.675944696148099,
        "condi_4": true
    },
    {
        "symbol": "CVNA_US",
        "rank_value": 1.3960937500000001,
        "volume": 145197018.42299998,
        "adr": 5.968153508664065,
        "condi_4": true
    },
    {
        "symbol": "DPZ_US",
        "rank_value": 1.37603672985782,
        "volume": 303379914.936,
        "adr": 3.807829866826107,
        "condi_4": true
    },
    {
        "symbol": "BILI_US",
        "rank_value": 1.3343108504398826,
        "volume": 154446130.02,
        "adr": 6.491613737213209,
        "condi_4": true
    },
    {
        "symbol": "PCG_US",
        "rank_value": 1.3325599381283837,
        "volume": 183761063.461,
        "adr": 7.186451765745883,
        "condi_4": true
    },
    {
        "symbol": "Z_US",
        "rank_value": 1.3258575197889182,
        "volume": 173791848.06,
        "adr": 4.806289521666263,
        "condi_4": true
    },
    {
        "symbol": "TAL_US",
        "rank_value": 1.320321469575201,
        "volume": 203602434.25,
        "adr": 4.750055021436017,
        "condi_4": true
    },
    {
        "symbol": "TEVA_US",
        "rank_value": 1.3134276729559748,
        "volume": 284925437.29188,
        "adr": 5.900966591867851,
        "condi_4": true
    },
    {
        "symbol": "DBX_US",
        "rank_value": 1.3108839446782923,
        "volume": 160976067.94,
        "adr": 5.061697397187426,
        "condi_4": true
    },
    {
        "symbol": "DXCM_US",
        "rank_value": 1.3003418237953468,
        "volume": 210998472.815,
        "adr": 4.647263667087187,
        "condi_4": true
    },
    {
        "symbol": "WWE_US",
        "rank_value": 1.2559278350515464,
        "volume": 167710961.26399997,
        "adr": 7.476881364106847,
        "condi_4": true
    },
    {
        "symbol": "ZNGA_US",
        "rank_value": 1.2535714285714286,
        "volume": 174906603.96299997,
        "adr": 4.239155574337072,
        "condi_4": true
    },
    {
        "symbol": "NLOK_US",
        "rank_value": 1.2484355444305382,
        "volume": 185903869.515,
        "adr": 4.0628955509416365,
        "condi_4": true
    }
]