[
    {
        "symbol": "OAS_US",
        "rank_value": 291.2133891213389,
        "volume": 1363563722.8799999,
        "adr": 104.68714886924401,
        "condi_4": true
    },
    {
        "symbol": "APVO_US",
        "rank_value": 7.288333333333333,
        "volume": 216016734.64149997,
        "adr": 50.69377917020936,
        "condi_4": true
    },
    {
        "symbol": "FCEL_US",
        "rank_value": 5.141414141414141,
        "volume": 893890931.601,
        "adr": 24.50801544231438,
        "condi_4": true
    },
    {
        "symbol": "FPRX_US",
        "rank_value": 4.372037914691943,
        "volume": 108539828.7975,
        "adr": 33.2941975865791,
        "condi_4": true
    },
    {
        "symbol": "DPW_US",
        "rank_value": 3.7430555555555554,
        "volume": 120992873.1165,
        "adr": 33.9945076820334,
        "condi_4": true
    },
    {
        "symbol": "IDEX_US",
        "rank_value": 3.6753246753246755,
        "volume": 152046803.1065,
        "adr": 27.923284441016417,
        "condi_4": true
    },
    {
        "symbol": "BLNK_US",
        "rank_value": 3.398384925975774,
        "volume": 370788512.13750005,
        "adr": 23.17165915640773,
        "condi_4": true
    },
    {
        "symbol": "CBAT_US",
        "rank_value": 3.291666666666667,
        "volume": 132625010.79500002,
        "adr": 29.509617689254974,
        "condi_4": true
    },
    {
        "symbol": "SOLO_US",
        "rank_value": 3.084677419354839,
        "volume": 311850208.21500003,
        "adr": 26.30164040368279,
        "condi_4": true
    },
    {
        "symbol": "AYRO_US",
        "rank_value": 3.024193548387097,
        "volume": 110345493.0,
        "adr": 21.63705422768667,
        "condi_4": true
    },
    {
        "symbol": "XPEV_US",
        "rank_value": 2.998952331063384,
        "volume": 3051724282.9625,
        "adr": 21.304807028111703,
        "condi_4": true
    },
    {
        "symbol": "PLTR_US",
        "rank_value": 2.7401015228426395,
        "volume": 2116898046.695,
        "adr": 16.662014719217932,
        "condi_4": true
    },
    {
        "symbol": "JMIA_US",
        "rank_value": 2.705982905982906,
        "volume": 553269704.474,
        "adr": 18.024499425911156,
        "condi_4": true
    },
    {
        "symbol": "SBE_US",
        "rank_value": 2.6328125,
        "volume": 196301057.64000002,
        "adr": 16.08904775427209,
        "condi_4": true
    },
    {
        "symbol": "COTY_US",
        "rank_value": 2.5017421602787455,
        "volume": 148842208.109,
        "adr": 13.086409349895579,
        "condi_4": true
    },
    {
        "symbol": "NNDM_US",
        "rank_value": 2.4007490636704123,
        "volume": 130262686.3995,
        "adr": 20.261720245949057,
        "condi_4": true
    },
    {
        "symbol": "APPN_US",
        "rank_value": 2.324610691924868,
        "volume": 209724895.48000002,
        "adr": 12.56703677955584,
        "condi_4": true
    },
    {
        "symbol": "CIIC_US",
        "rank_value": 2.217741935483871,
        "volume": 137133859.5,
        "adr": 13.896749882088088,
        "condi_4": true
    },
    {
        "symbol": "GRWG_US",
        "rank_value": 2.1938131313131315,
        "volume": 176318233.5,
        "adr": 13.260891751345971,
        "condi_4": true
    },
    {
        "symbol": "JWN_US",
        "rank_value": 2.191077441077441,
        "volume": 366482014.6055,
        "adr": 10.903306014198044,
        "condi_4": true
    },
    {
        "symbol": "BE_US",
        "rank_value": 2.1478260869565218,
        "volume": 168329050.10999998,
        "adr": 10.794811150409988,
        "condi_4": true
    },
    {
        "symbol": "LK_US",
        "rank_value": 2.064935064935065,
        "volume": 198791688.52800003,
        "adr": 29.12297405710205,
        "condi_4": true
    },
    {
        "symbol": "AMC_US",
        "rank_value": 2.0191387559808613,
        "volume": 116136999.942,
        "adr": 20.64046437188982,
        "condi_4": true
    },
    {
        "symbol": "FTCH_US",
        "rank_value": 1.986206896551724,
        "volume": 410807902.03199995,
        "adr": 10.29469903414122,
        "condi_4": true
    },
    {
        "symbol": "CNK_US",
        "rank_value": 1.9583333333333333,
        "volume": 162068900.466,
        "adr": 12.482885264960153,
        "condi_4": true
    },
    {
        "symbol": "SPR_US",
        "rank_value": 1.9333897826700537,
        "volume": 184613349.9,
        "adr": 9.654693181105344,
        "condi_4": true
    },
    {
        "symbol": "RIDE_US",
        "rank_value": 1.8906249999999998,
        "volume": 142512678.33,
        "adr": 14.478644526690543,
        "condi_4": true
    },
    {
        "symbol": "PLUG_US",
        "rank_value": 1.8889700511322134,
        "volume": 1043035572.03,
        "adr": 11.564454060165374,
        "condi_4": true
    },
    {
        "symbol": "LI_US",
        "rank_value": 1.8806366047745358,
        "volume": 1473681758.125,
        "adr": 16.856571683307962,
        "condi_4": true
    },
    {
        "symbol": "OXY_US",
        "rank_value": 1.865023474178404,
        "volume": 433586635.468,
        "adr": 9.027343133471955,
        "condi_4": true
    },
    {
        "symbol": "VSLR_US",
        "rank_value": 1.857451403887689,
        "volume": 111232331.2,
        "adr": 7.61046406019541,
        "condi_4": true
    },
    {
        "symbol": "SABR_US",
        "rank_value": 1.8520325203252033,
        "volume": 118410460.50200002,
        "adr": 8.934838084466246,
        "condi_4": true
    },
    {
        "symbol": "DVN_US",
        "rank_value": 1.8305304010349288,
        "volume": 146647412.7125,
        "adr": 7.257368225055139,
        "condi_4": true
    },
    {
        "symbol": "UPWK_US",
        "rank_value": 1.794407894736842,
        "volume": 108849529.31099999,
        "adr": 10.630969126552948,
        "condi_4": true
    },
    {
        "symbol": "NIO_US",
        "rank_value": 1.788717211642113,
        "volume": 12613944352.133,
        "adr": 14.013693279977923,
        "condi_4": true
    },
    {
        "symbol": "PK_US",
        "rank_value": 1.765843179377014,
        "volume": 105541623.79200001,
        "adr": 9.130701568136356,
        "condi_4": true
    },
    {
        "symbol": "APA_US",
        "rank_value": 1.7595701813297513,
        "volume": 159977150.875,
        "adr": 8.822222913616828,
        "condi_4": true
    },
    {
        "symbol": "LYFT_US",
        "rank_value": 1.7507987220447283,
        "volume": 536429291.53800005,
        "adr": 7.71435892198542,
        "condi_4": true
    },
    {
        "symbol": "FANG_US",
        "rank_value": 1.713922979263648,
        "volume": 171899864.54999998,
        "adr": 9.008877480110167,
        "condi_4": true
    },
    {
        "symbol": "CRSR_US",
        "rank_value": 1.7003126395712371,
        "volume": 107558887.3785,
        "adr": 12.83720689952812,
        "condi_4": true
    },
    {
        "symbol": "CPRI_US",
        "rank_value": 1.6904761904761905,
        "volume": 150452519.82500002,
        "adr": 6.734399267875513,
        "condi_4": true
    },
    {
        "symbol": "M_US",
        "rank_value": 1.6821963394342763,
        "volume": 376199048.2185,
        "adr": 10.271200812127779,
        "condi_4": true
    },
    {
        "symbol": "CCL_US",
        "rank_value": 1.6771263418662263,
        "volume": 1348030738.3365,
        "adr": 10.621860080696877,
        "condi_4": true
    },
    {
        "symbol": "WKHS_US",
        "rank_value": 1.6728354263053535,
        "volume": 405023725.518,
        "adr": 12.240953564590074,
        "condi_4": true
    },
    {
        "symbol": "SPCE_US",
        "rank_value": 1.6598119858989424,
        "volume": 315306120.45,
        "adr": 9.631357496652138,
        "condi_4": true
    },
    {
        "symbol": "HTZ_US",
        "rank_value": 1.6038613861386137,
        "volume": 146224317.90433,
        "adr": 22.32959405133508,
        "condi_4": true
    },
    {
        "symbol": "MRO_US",
        "rank_value": 1.5978552278820375,
        "volume": 197332282.366,
        "adr": 8.058653349446177,
        "condi_4": true
    },
    {
        "symbol": "CZR_US",
        "rank_value": 1.596238681216624,
        "volume": 194759324.375,
        "adr": 7.398423208289784,
        "condi_4": true
    },
    {
        "symbol": "SRNE_US",
        "rank_value": 1.5957446808510638,
        "volume": 134644196.775,
        "adr": 12.14729779909105,
        "condi_4": true
    },
    {
        "symbol": "X_US",
        "rank_value": 1.5937499999999998,
        "volume": 171292690.50599998,
        "adr": 6.94316566910671,
        "condi_4": true
    },
    {
        "symbol": "CGC_US",
        "rank_value": 1.5901820187534472,
        "volume": 269676993.381,
        "adr": 8.797925982952615,
        "condi_4": true
    },
    {
        "symbol": "SHLL_US",
        "rank_value": 1.58837699488106,
        "volume": 326494481.8375,
        "adr": 16.75419373910849,
        "condi_4": true
    },
    {
        "symbol": "NCLH_US",
        "rank_value": 1.5748138117806365,
        "volume": 667753362.3460001,
        "adr": 9.053231263282878,
        "condi_4": true
    },
    {
        "symbol": "KSS_US",
        "rank_value": 1.5740107474352711,
        "volume": 329148945.396,
        "adr": 7.9863229003374725,
        "condi_4": true
    }
]