[
    {
        "symbol": "INPX_US",
        "rank_value": 110.0,
        "volume": 365952467.07799995,
        "adr": 59.84820106977848,
        "condi_4": true
    },
    {
        "symbol": "ITCI_US",
        "rank_value": 2.257510729613734,
        "volume": 156122843.74,
        "adr": 19.49711449192271,
        "condi_4": true
    },
    {
        "symbol": "RAD_US",
        "rank_value": 1.6901595744680853,
        "volume": 205346123.066,
        "adr": 17.806010753517555,
        "condi_4": true
    },
    {
        "symbol": "SDC_US",
        "rank_value": 1.6883116883116882,
        "volume": 175929982.79999998,
        "adr": 11.435306066636407,
        "condi_4": true
    },
    {
        "symbol": "BYND_US",
        "rank_value": 1.4924637089538233,
        "volume": 1062431590.4,
        "adr": 7.700451430105915,
        "condi_4": true
    },
    {
        "symbol": "APA_US",
        "rank_value": 1.4883826879271072,
        "volume": 235506298.20300004,
        "adr": 5.448994775413607,
        "condi_4": true
    },
    {
        "symbol": "CGC_US",
        "rank_value": 1.3446969696969697,
        "volume": 223499601.5875,
        "adr": 7.107148838533783,
        "condi_4": true
    },
    {
        "symbol": "TSLA_US",
        "rank_value": 1.341048151104017,
        "volume": 6199881614.815001,
        "adr": 4.5386941907560985,
        "condi_4": true
    },
    {
        "symbol": "AYX_US",
        "rank_value": 1.337896635890905,
        "volume": 126218680.6545,
        "adr": 3.8356019146793985,
        "condi_4": true
    }
]