[
    {
        "symbol": "WLL_US",
        "rank_value": 45.82222222222222,
        "volume": 110763779.726,
        "adr": 19.18736378449857,
        "condi_4": true
    },
    {
        "symbol": "SHLL_US",
        "rank_value": 2.5380710659898478,
        "volume": 396166975.0,
        "adr": 17.743715947492554,
        "condi_4": true
    },
    {
        "symbol": "LK_US",
        "rank_value": 2.064935064935065,
        "volume": 198791688.52800003,
        "adr": 29.12297405710205,
        "condi_4": true
    },
    {
        "symbol": "MNTA_US",
        "rank_value": 1.9411764705882353,
        "volume": 329812701.438,
        "adr": 5.083281157566555,
        "condi_4": true
    },
    {
        "symbol": "ZM_US",
        "rank_value": 1.6848695652173913,
        "volume": 3312150859.0239997,
        "adr": 9.342103105968103,
        "condi_4": true
    },
    {
        "symbol": "GRWG_US",
        "rank_value": 1.6666666666666665,
        "volume": 171170381.9,
        "adr": 17.69615125348638,
        "condi_4": true
    },
    {
        "symbol": "WKHS_US",
        "rank_value": 1.5670103092783505,
        "volume": 469174391.76,
        "adr": 11.922852169963317,
        "condi_4": true
    },
    {
        "symbol": "CORT_US",
        "rank_value": 1.5270409836065575,
        "volume": 114138956.01207499,
        "adr": 9.21308003274457,
        "condi_4": true
    },
    {
        "symbol": "NIO_US",
        "rank_value": 1.4242424242424243,
        "volume": 2248250199.9859996,
        "adr": 11.284132008334646,
        "condi_4": true
    },
    {
        "symbol": "CRWD_US",
        "rank_value": 1.3896326443183034,
        "volume": 742847638.8375001,
        "adr": 7.569707009321824,
        "condi_4": true
    },
    {
        "symbol": "PLAN_US",
        "rank_value": 1.3652194656488548,
        "volume": 155802494.16,
        "adr": 6.37588645183258,
        "condi_4": true
    },
    {
        "symbol": "UTX_US",
        "rank_value": 1.3554042306577805,
        "volume": 950956822.1374999,
        "adr": 12.586647686893482,
        "condi_4": true
    },
    {
        "symbol": "RUN_US",
        "rank_value": 1.3389952153110047,
        "volume": 174631400.9195,
        "adr": 8.412877904874483,
        "condi_4": true
    },
    {
        "symbol": "RH_US",
        "rank_value": 1.3167808219178083,
        "volume": 183721309.375,
        "adr": 5.77206970341837,
        "condi_4": true
    },
    {
        "symbol": "S_US",
        "rank_value": 1.3140172278778388,
        "volume": 218909290.00700003,
        "adr": 8.7828881490855,
        "condi_4": true
    },
    {
        "symbol": "CRM_US",
        "rank_value": 1.300333820154392,
        "volume": 2681310126.15,
        "adr": 5.724844741860191,
        "condi_4": true
    },
    {
        "symbol": "BIGC_US",
        "rank_value": 1.2975995584241262,
        "volume": 376287196.575,
        "adr": 18.90774882320274,
        "condi_4": true
    },
    {
        "symbol": "RTN_US",
        "rank_value": 1.2718446601941749,
        "volume": 503104524.04999995,
        "adr": 11.81115037072653,
        "condi_4": true
    },
    {
        "symbol": "RKT_US",
        "rank_value": 1.2703440742763519,
        "volume": 585574485.6010001,
        "adr": 12.91263902178692,
        "condi_4": true
    },
    {
        "symbol": "CCL_US",
        "rank_value": 1.2702893436838392,
        "volume": 629351044.1999999,
        "adr": 6.747058972975495,
        "condi_4": true
    }
]