[
    {
        "symbol": "APRN_US",
        "rank_value": 6.119402985074628,
        "volume": 103437143.355,
        "adr": 51.86320263598883,
        "condi_4": true
    },
    {
        "symbol": "TLRY_US",
        "rank_value": 2.5309053497942386,
        "volume": 100621981.05816999,
        "adr": 35.72762398740294,
        "condi_4": true
    },
    {
        "symbol": "PENN_US",
        "rank_value": 2.504,
        "volume": 114078430.63350001,
        "adr": 37.55941157845197,
        "condi_4": true
    },
    {
        "symbol": "W_US",
        "rank_value": 2.188018433179723,
        "volume": 211716197.28799996,
        "adr": 21.884197412273075,
        "condi_4": true
    },
    {
        "symbol": "CVNA_US",
        "rank_value": 2.1101083032490973,
        "volume": 212699592.08400002,
        "adr": 26.112001884955525,
        "condi_4": true
    },
    {
        "symbol": "CNQ_US",
        "rank_value": 2.0819672131147544,
        "volume": 127328940.54100002,
        "adr": 19.799334898326105,
        "condi_4": true
    },
    {
        "symbol": "NVAX_US",
        "rank_value": 2.0502215657311673,
        "volume": 107451369.028,
        "adr": 25.445480321199376,
        "condi_4": true
    },
    {
        "symbol": "CZR_US",
        "rank_value": 2.0031055900621118,
        "volume": 175059532.88250002,
        "adr": 25.10416688526074,
        "condi_4": true
    },
    {
        "symbol": "MGM_US",
        "rank_value": 1.9745597532245216,
        "volume": 376890687.68043,
        "adr": 25.7173042682858,
        "condi_4": true
    },
    {
        "symbol": "ARMK_US",
        "rank_value": 1.8601036269430051,
        "volume": 104648228.05749999,
        "adr": 24.449957354051797,
        "condi_4": true
    },
    {
        "symbol": "LK_US",
        "rank_value": 1.8181818181818181,
        "volume": 147241208.51999998,
        "adr": 43.16490002740638,
        "condi_4": true
    },
    {
        "symbol": "HIG_US",
        "rank_value": 1.7473739495798322,
        "volume": 135914843.54400003,
        "adr": 14.35706044169416,
        "condi_4": true
    },
    {
        "symbol": "ZS_US",
        "rank_value": 1.7285714285714286,
        "volume": 199749646.52499998,
        "adr": 10.720531888984697,
        "condi_4": true
    },
    {
        "symbol": "UBER_US",
        "rank_value": 1.7264770240700218,
        "volume": 1119949278.588,
        "adr": 16.21487344798411,
        "condi_4": true
    }
]