[
    {
        "symbol": "SHIP_US",
        "rank_value": 11.332666666666666,
        "volume": 173128102.94485,
        "adr": 73.48075355731474,
        "condi_4": true
    },
    {
        "symbol": "ODP_US",
        "rank_value": 9.662650602409638,
        "volume": 124096920.63,
        "adr": 45.483811750338575,
        "condi_4": true
    },
    {
        "symbol": "UONE_US",
        "rank_value": 9.40268456375839,
        "volume": 123731478.84449999,
        "adr": 104.84643318258611,
        "condi_4": true
    },
    {
        "symbol": "WIMI_US",
        "rank_value": 6.13905325443787,
        "volume": 211888712.14999998,
        "adr": 36.53626007076652,
        "condi_4": true
    },
    {
        "symbol": "WKHS_US",
        "rank_value": 4.705882352941177,
        "volume": 827545940.8,
        "adr": 27.987796660891217,
        "condi_4": true
    },
    {
        "symbol": "ALT_US",
        "rank_value": 4.22608695652174,
        "volume": 168913853.82000002,
        "adr": 32.98229377350233,
        "condi_4": true
    },
    {
        "symbol": "NIO_US",
        "rank_value": 2.591651542649728,
        "volume": 2466692840.892,
        "adr": 14.107190926625135,
        "condi_4": true
    },
    {
        "symbol": "SOLO_US",
        "rank_value": 2.555555555555556,
        "volume": 106439848.408,
        "adr": 24.59543954442718,
        "condi_4": true
    },
    {
        "symbol": "OSTK_US",
        "rank_value": 2.3164893617021276,
        "volume": 191253113.02499998,
        "adr": 12.84473007743625,
        "condi_4": true
    },
    {
        "symbol": "SHLL_US",
        "rank_value": 2.269126117179742,
        "volume": 204915314.15082,
        "adr": 17.966512945391667,
        "condi_4": true
    },
    {
        "symbol": "NVTA_US",
        "rank_value": 2.1419185282522997,
        "volume": 143513009.33,
        "adr": 10.741017589784207,
        "condi_4": true
    },
    {
        "symbol": "GSX_US",
        "rank_value": 2.1356744068011673,
        "volume": 502550523.0945,
        "adr": 11.203460285993705,
        "condi_4": true
    },
    {
        "symbol": "LK_US",
        "rank_value": 2.064935064935065,
        "volume": 198791688.52800003,
        "adr": 29.12297405710205,
        "condi_4": true
    },
    {
        "symbol": "FSLY_US",
        "rank_value": 1.9090909090909092,
        "volume": 1045682899.8,
        "adr": 11.379576051760122,
        "condi_4": true
    },
    {
        "symbol": "PLUG_US",
        "rank_value": 1.827659574468085,
        "volume": 282027477.4345,
        "adr": 11.462144307695187,
        "condi_4": true
    },
    {
        "symbol": "SRNE_US",
        "rank_value": 1.8167053364269143,
        "volume": 183111524.5725,
        "adr": 12.314831764570178,
        "condi_4": true
    },
    {
        "symbol": "LVGO_US",
        "rank_value": 1.775325803649001,
        "volume": 432489926.6825,
        "adr": 9.232483103188471,
        "condi_4": true
    },
    {
        "symbol": "TSLA_US",
        "rank_value": 1.7056927075780057,
        "volume": 13178994941.75,
        "adr": 7.3132511348145135,
        "condi_4": true
    },
    {
        "symbol": "SPAQ_US",
        "rank_value": 1.563431661750246,
        "volume": 120530298.622425,
        "adr": 8.891352115297014,
        "condi_4": true
    },
    {
        "symbol": "CRSP_US",
        "rank_value": 1.5482758620689654,
        "volume": 102839377.57,
        "adr": 7.926162742040277,
        "condi_4": true
    },
    {
        "symbol": "QDEL_US",
        "rank_value": 1.4966527725148413,
        "volume": 282929687.362,
        "adr": 6.758478936723522,
        "condi_4": true
    },
    {
        "symbol": "SPOT_US",
        "rank_value": 1.4887005649717515,
        "volume": 1074435307.7250001,
        "adr": 6.758037871204947,
        "condi_4": true
    },
    {
        "symbol": "CLGX_US",
        "rank_value": 1.4705357142857143,
        "volume": 125427340.998,
        "adr": 3.7190757348404713,
        "condi_4": true
    },
    {
        "symbol": "ROKU_US",
        "rank_value": 1.4527612083894554,
        "volume": 1630442620.75,
        "adr": 7.323222850853872,
        "condi_4": true
    },
    {
        "symbol": "SQ_US",
        "rank_value": 1.4450589083914402,
        "volume": 1728888454.28,
        "adr": 6.840959020641835,
        "condi_4": true
    },
    {
        "symbol": "ENPH_US",
        "rank_value": 1.4017455699550383,
        "volume": 422985169.25,
        "adr": 9.262005067176094,
        "condi_4": true
    },
    {
        "symbol": "PTON_US",
        "rank_value": 1.395295539441881,
        "volume": 517805124.432575,
        "adr": 6.814299663333778,
        "condi_4": true
    },
    {
        "symbol": "ETSY_US",
        "rank_value": 1.3847559383972852,
        "volume": 288961334.09999996,
        "adr": 5.4365281314655345,
        "condi_4": true
    },
    {
        "symbol": "SHOP_US",
        "rank_value": 1.3740308175483364,
        "volume": 1883867524.0,
        "adr": 5.522219979544474,
        "condi_4": true
    },
    {
        "symbol": "WIX_US",
        "rank_value": 1.3737799043062202,
        "volume": 163167123.324,
        "adr": 5.238374617760155,
        "condi_4": true
    },
    {
        "symbol": "IMMU_US",
        "rank_value": 1.3590604026845636,
        "volume": 144211336.875,
        "adr": 5.757157028809989,
        "condi_4": true
    },
    {
        "symbol": "DOCU_US",
        "rank_value": 1.358198451794511,
        "volume": 1013324922.6,
        "adr": 6.362248655298264,
        "condi_4": true
    }
]