[
    {
        "symbol": "WLL_US",
        "rank_value": 48.62222222222222,
        "volume": 121708870.782,
        "adr": 19.196909958371645,
        "condi_4": true
    },
    {
        "symbol": "GOGO_US",
        "rank_value": 2.923076923076923,
        "volume": 126361074.14999999,
        "adr": 16.392383512817197,
        "condi_4": true
    },
    {
        "symbol": "AIMT_US",
        "rank_value": 2.8908629441624365,
        "volume": 129808156.72500001,
        "adr": 3.8216157971085574,
        "condi_4": true
    },
    {
        "symbol": "SHLL_US",
        "rank_value": 2.6747547754259164,
        "volume": 404092633.82400006,
        "adr": 17.431345377021714,
        "condi_4": true
    },
    {
        "symbol": "LK_US",
        "rank_value": 2.064935064935065,
        "volume": 198791688.52800003,
        "adr": 29.12297405710205,
        "condi_4": true
    },
    {
        "symbol": "MNTA_US",
        "rank_value": 1.9411764705882353,
        "volume": 326983926.555,
        "adr": 5.347108474101914,
        "condi_4": true
    },
    {
        "symbol": "GRWG_US",
        "rank_value": 1.7476190476190474,
        "volume": 178567713.776,
        "adr": 17.60644782825662,
        "condi_4": true
    },
    {
        "symbol": "CORT_US",
        "rank_value": 1.639344262295082,
        "volume": 121387239.0,
        "adr": 8.998092892225507,
        "condi_4": true
    },
    {
        "symbol": "RCL_US",
        "rank_value": 1.385375494071146,
        "volume": 536639442.655,
        "adr": 6.0098509377266796,
        "condi_4": true
    },
    {
        "symbol": "CZR_US",
        "rank_value": 1.367047308319739,
        "volume": 186718405.18800002,
        "adr": 6.64593245656242,
        "condi_4": true
    },
    {
        "symbol": "BIGC_US",
        "rank_value": 1.364243644506332,
        "volume": 377696279.84999996,
        "adr": 18.92443136792594,
        "condi_4": true
    },
    {
        "symbol": "UTX_US",
        "rank_value": 1.3554042306577805,
        "volume": 950956822.1374999,
        "adr": 12.586647686893482,
        "condi_4": true
    },
    {
        "symbol": "CRM_US",
        "rank_value": 1.3159816398915085,
        "volume": 2696232951.8849998,
        "adr": 5.617594357942046,
        "condi_4": true
    },
    {
        "symbol": "S_US",
        "rank_value": 1.3140172278778388,
        "volume": 218909290.00700003,
        "adr": 8.7828881490855,
        "condi_4": true
    },
    {
        "symbol": "NCLH_US",
        "rank_value": 1.3116788321167883,
        "volume": 516834093.597,
        "adr": 7.220704734284955,
        "condi_4": true
    },
    {
        "symbol": "NKLA_US",
        "rank_value": 1.3109756097560976,
        "volume": 718459428.4,
        "adr": 12.23326901109003,
        "condi_4": true
    },
    {
        "symbol": "RKT_US",
        "rank_value": 1.3052976515565264,
        "volume": 609881267.1349999,
        "adr": 13.097247549662171,
        "condi_4": true
    },
    {
        "symbol": "JD_US",
        "rank_value": 1.2929883138564275,
        "volume": 1022771222.2375001,
        "adr": 4.873937858367738,
        "condi_4": true
    },
    {
        "symbol": "CNK_US",
        "rank_value": 1.2765957446808511,
        "volume": 107261247.96000001,
        "adr": 10.34209019848744,
        "condi_4": true
    }
]