[
    {
        "symbol": "KODK_US",
        "rank_value": 14.605,
        "volume": 905625186.714,
        "adr": 50.097794364934444,
        "condi_4": true
    },
    {
        "symbol": "CZR_US",
        "rank_value": 3.017777777777778,
        "volume": 550348547.6475,
        "adr": 16.360093635755035,
        "condi_4": true
    },
    {
        "symbol": "BLNK_US",
        "rank_value": 2.990498812351544,
        "volume": 145582607.3455,
        "adr": 22.924864519405965,
        "condi_4": true
    },
    {
        "symbol": "HTBX_US",
        "rank_value": 2.7990135635018496,
        "volume": 153395972.995,
        "adr": 33.58954714393456,
        "condi_4": true
    },
    {
        "symbol": "MIST_US",
        "rank_value": 2.7232704402515724,
        "volume": 122414983.604,
        "adr": 19.49411650972024,
        "condi_4": true
    },
    {
        "symbol": "IBIO_US",
        "rank_value": 2.486486486486486,
        "volume": 203048919.01,
        "adr": 24.783909647475365,
        "condi_4": true
    },
    {
        "symbol": "LK_US",
        "rank_value": 2.064935064935065,
        "volume": 198791688.52800003,
        "adr": 29.12297405710205,
        "condi_4": true
    },
    {
        "symbol": "NVAX_US",
        "rank_value": 1.9480106100795753,
        "volume": 906815227.536,
        "adr": 13.64567779303596,
        "condi_4": true
    },
    {
        "symbol": "RUN_US",
        "rank_value": 1.9145388223032829,
        "volume": 216478505.82600003,
        "adr": 9.888158245812551,
        "condi_4": true
    },
    {
        "symbol": "OPK_US",
        "rank_value": 1.9006849315068493,
        "volume": 130507282.35749999,
        "adr": 11.474141142538329,
        "condi_4": true
    },
    {
        "symbol": "LRN_US",
        "rank_value": 1.7939074840165476,
        "volume": 104582044.89000002,
        "adr": 9.410405208354033,
        "condi_4": true
    },
    {
        "symbol": "NIO_US",
        "rank_value": 1.7415730337078652,
        "volume": 2484003403.24,
        "adr": 15.994471595639759,
        "condi_4": true
    },
    {
        "symbol": "LB_US",
        "rank_value": 1.6814764183185236,
        "volume": 148252570.35,
        "adr": 6.880901417978635,
        "condi_4": true
    },
    {
        "symbol": "VXRT_US",
        "rank_value": 1.6411960132890369,
        "volume": 345462724.95800006,
        "adr": 23.306395809514434,
        "condi_4": true
    },
    {
        "symbol": "GSX_US",
        "rank_value": 1.597900165776386,
        "volume": 333191529.7125,
        "adr": 9.842038308655354,
        "condi_4": true
    },
    {
        "symbol": "SPCE_US",
        "rank_value": 1.5665551839464884,
        "volume": 554859080.024,
        "adr": 10.914789265246604,
        "condi_4": true
    },
    {
        "symbol": "TSLA_US",
        "rank_value": 1.5044955044955044,
        "volume": 14499458893.5,
        "adr": 9.516093688884242,
        "condi_4": true
    },
    {
        "symbol": "TSM_US",
        "rank_value": 1.4447218259629102,
        "volume": 1161017705.9229999,
        "adr": 4.6733144002016,
        "condi_4": true
    },
    {
        "symbol": "GFI_US",
        "rank_value": 1.4427860696517414,
        "volume": 124780984.96500002,
        "adr": 5.005113865301247,
        "condi_4": true
    },
    {
        "symbol": "AG_US",
        "rank_value": 1.4167573449401523,
        "volume": 113995186.91399999,
        "adr": 7.034056519881338,
        "condi_4": true
    },
    {
        "symbol": "MRNA_US",
        "rank_value": 1.3913351980032147,
        "volume": 2368302893.045,
        "adr": 11.739002267232213,
        "condi_4": true
    },
    {
        "symbol": "HCA_US",
        "rank_value": 1.3910162402911304,
        "volume": 243140923.83750004,
        "adr": 4.4942383860663515,
        "condi_4": true
    },
    {
        "symbol": "PENN_US",
        "rank_value": 1.3798219584569733,
        "volume": 293836970.76,
        "adr": 8.764148000907102,
        "condi_4": true
    }
]