[
    {
        "symbol": "MCRB_US",
        "rank_value": 6.730245231607629,
        "volume": 167026614.17,
        "adr": 41.38723998679812,
        "condi_4": true
    },
    {
        "symbol": "GRPN_US",
        "rank_value": 2.11371237458194,
        "volume": 138728281.8,
        "adr": 11.768014982824582,
        "condi_4": true
    },
    {
        "symbol": "LK_US",
        "rank_value": 2.064935064935065,
        "volume": 198791688.52800003,
        "adr": 29.12297405710205,
        "condi_4": true
    },
    {
        "symbol": "GRWG_US",
        "rank_value": 2.0345285524568393,
        "volume": 165289623.268,
        "adr": 16.29228214320184,
        "condi_4": true
    },
    {
        "symbol": "SHLL_US",
        "rank_value": 1.9913606911447086,
        "volume": 178519487.688,
        "adr": 11.658198912772754,
        "condi_4": true
    },
    {
        "symbol": "MNTA_US",
        "rank_value": 1.9370811615785555,
        "volume": 262541764.46850002,
        "adr": 8.254563093642876,
        "condi_4": true
    },
    {
        "symbol": "APPS_US",
        "rank_value": 1.8875,
        "volume": 108838535.37749998,
        "adr": 11.526414230842974,
        "condi_4": true
    },
    {
        "symbol": "PLUG_US",
        "rank_value": 1.8274398868458273,
        "volume": 411913408.33,
        "adr": 11.282525500384155,
        "condi_4": true
    },
    {
        "symbol": "IRTC_US",
        "rank_value": 1.7938333333333332,
        "volume": 102367108.25999999,
        "adr": 9.023739060333579,
        "condi_4": true
    },
    {
        "symbol": "OSTK_US",
        "rank_value": 1.6951994352276738,
        "volume": 661042825.9125,
        "adr": 13.116203874858545,
        "condi_4": true
    },
    {
        "symbol": "FLDM_US",
        "rank_value": 1.6804123711340209,
        "volume": 118860543.77000001,
        "adr": 22.16532539132747,
        "condi_4": true
    },
    {
        "symbol": "PENN_US",
        "rank_value": 1.664457831325301,
        "volume": 426253353.642,
        "adr": 8.398761111617613,
        "condi_4": true
    },
    {
        "symbol": "NIO_US",
        "rank_value": 1.5396419437340152,
        "volume": 1924726604.3459997,
        "adr": 9.98636862939386,
        "condi_4": true
    },
    {
        "symbol": "PINS_US",
        "rank_value": 1.4413483689018676,
        "volume": 712644866.77,
        "adr": 7.118185329489224,
        "condi_4": true
    },
    {
        "symbol": "W_US",
        "rank_value": 1.44,
        "volume": 730549715.7599999,
        "adr": 6.379937509944744,
        "condi_4": true
    },
    {
        "symbol": "CVNA_US",
        "rank_value": 1.4008350730688934,
        "volume": 346617005.878,
        "adr": 7.606095913048194,
        "condi_4": true
    },
    {
        "symbol": "GNRC_US",
        "rank_value": 1.396484995544548,
        "volume": 114876864.89999999,
        "adr": 3.8290508240929277,
        "condi_4": true
    },
    {
        "symbol": "ADT_US",
        "rank_value": 1.39386189258312,
        "volume": 143655130.275,
        "adr": 12.111438370028015,
        "condi_4": true
    },
    {
        "symbol": "ESTC_US",
        "rank_value": 1.3875031179845347,
        "volume": 100079254.0,
        "adr": 5.616546793617716,
        "condi_4": true
    },
    {
        "symbol": "LB_US",
        "rank_value": 1.3875,
        "volume": 182705253.858,
        "adr": 4.938449559575964,
        "condi_4": true
    },
    {
        "symbol": "ELAN_US",
        "rank_value": 1.3730769230769229,
        "volume": 111230234.388,
        "adr": 4.451246125130104,
        "condi_4": true
    },
    {
        "symbol": "NKLA_US",
        "rank_value": 1.356206896551724,
        "volume": 648571707.1709999,
        "adr": 11.053704021498522,
        "condi_4": true
    },
    {
        "symbol": "UTX_US",
        "rank_value": 1.3554042306577805,
        "volume": 950956822.1374999,
        "adr": 12.586647686893482,
        "condi_4": true
    },
    {
        "symbol": "HUBS_US",
        "rank_value": 1.3307805358178169,
        "volume": 128511204.885,
        "adr": 4.351174343934461,
        "condi_4": true
    }
]