[
    {
        "symbol": "ACHV_US",
        "rank_value": 30.026756756756757,
        "volume": 147269651.969145,
        "adr": 30.131747967658452,
        "condi_4": true
    },
    {
        "symbol": "KODK_US",
        "rank_value": 5.3,
        "volume": 476028884.17999995,
        "adr": 62.689792685836785,
        "condi_4": true
    },
    {
        "symbol": "MARA_US",
        "rank_value": 5.172413793103448,
        "volume": 168054881.85,
        "adr": 30.358262094020326,
        "condi_4": true
    },
    {
        "symbol": "CZR_US",
        "rank_value": 3.1612635078969245,
        "volume": 393853384.29950005,
        "adr": 17.557716892756893,
        "condi_4": true
    },
    {
        "symbol": "MIST_US",
        "rank_value": 3.009433962264151,
        "volume": 137857500.3465,
        "adr": 20.763871509108036,
        "condi_4": true
    },
    {
        "symbol": "JMIA_US",
        "rank_value": 2.8445747800586507,
        "volume": 271148261.29999995,
        "adr": 21.251094987102892,
        "condi_4": true
    },
    {
        "symbol": "OSTK_US",
        "rank_value": 2.4727414330218065,
        "volume": 509358118.95,
        "adr": 13.13314470883915,
        "condi_4": true
    },
    {
        "symbol": "KNDI_US",
        "rank_value": 2.3482849604221636,
        "volume": 129772500.665,
        "adr": 35.00648077777409,
        "condi_4": true
    },
    {
        "symbol": "HTBX_US",
        "rank_value": 2.322222222222222,
        "volume": 132538923.24749999,
        "adr": 31.913166193167687,
        "condi_4": true
    },
    {
        "symbol": "LK_US",
        "rank_value": 2.064935064935065,
        "volume": 198791688.52800003,
        "adr": 29.12297405710205,
        "condi_4": true
    },
    {
        "symbol": "NVAX_US",
        "rank_value": 1.8729032258064517,
        "volume": 1055810924.985,
        "adr": 15.014855665044124,
        "condi_4": true
    },
    {
        "symbol": "IBIO_US",
        "rank_value": 1.7962085308056874,
        "volume": 176527936.1115,
        "adr": 25.806898706841295,
        "condi_4": true
    },
    {
        "symbol": "RUN_US",
        "rank_value": 1.7348066298342544,
        "volume": 262100669.355,
        "adr": 9.045793864284345,
        "condi_4": true
    },
    {
        "symbol": "PENN_US",
        "rank_value": 1.6306085856680357,
        "volume": 378744545.419,
        "adr": 10.23841423800189,
        "condi_4": true
    },
    {
        "symbol": "BBBY_US",
        "rank_value": 1.6238159675236807,
        "volume": 105612174.60000001,
        "adr": 7.520262670186506,
        "condi_4": true
    },
    {
        "symbol": "ADT_US",
        "rank_value": 1.5945945945945945,
        "volume": 150100495.21,
        "adr": 12.251670102651202,
        "condi_4": true
    },
    {
        "symbol": "AMD_US",
        "rank_value": 1.5662074244163795,
        "volume": 6296518068.579999,
        "adr": 6.703829181721188,
        "condi_4": true
    },
    {
        "symbol": "CVNA_US",
        "rank_value": 1.5222996236688286,
        "volume": 331796064.642,
        "adr": 7.4386370008574065,
        "condi_4": true
    },
    {
        "symbol": "LRN_US",
        "rank_value": 1.5165876777251186,
        "volume": 113351047.19999999,
        "adr": 9.516136399060171,
        "condi_4": true
    },
    {
        "symbol": "PINS_US",
        "rank_value": 1.5089134125636672,
        "volume": 646662045.4875,
        "adr": 7.385878849844074,
        "condi_4": true
    },
    {
        "symbol": "EBS_US",
        "rank_value": 1.4936268829663963,
        "volume": 154242287.82500002,
        "adr": 7.330586251657545,
        "condi_4": true
    },
    {
        "symbol": "OPK_US",
        "rank_value": 1.4429708222811672,
        "volume": 130121718.24000001,
        "adr": 11.050928197781174,
        "condi_4": true
    },
    {
        "symbol": "W_US",
        "rank_value": 1.4382896015549076,
        "volume": 457942206.8,
        "adr": 6.782122632035614,
        "condi_4": true
    }
]