[
    {
        "symbol": "ACHV_US",
        "rank_value": 27.027027027027028,
        "volume": 130850243.0,
        "adr": 30.254472733240355,
        "condi_4": true
    },
    {
        "symbol": "CPE_US",
        "rank_value": 12.578313253012048,
        "volume": 169106762.42999998,
        "adr": 13.064980079916655,
        "condi_4": true
    },
    {
        "symbol": "MCRB_US",
        "rank_value": 5.5040871934604905,
        "volume": 109177182.2,
        "adr": 38.67818762231674,
        "condi_4": true
    },
    {
        "symbol": "KODK_US",
        "rank_value": 5.225,
        "volume": 478767757.9025,
        "adr": 63.713347962218705,
        "condi_4": true
    },
    {
        "symbol": "MARA_US",
        "rank_value": 4.448275862068965,
        "volume": 146992917.807,
        "adr": 31.315562369502416,
        "condi_4": true
    },
    {
        "symbol": "CZR_US",
        "rank_value": 3.1753948462177894,
        "volume": 374905396.68000007,
        "adr": 17.77706773101042,
        "condi_4": true
    },
    {
        "symbol": "MIST_US",
        "rank_value": 2.735849056603773,
        "volume": 125483625.675,
        "adr": 20.83799317469035,
        "condi_4": true
    },
    {
        "symbol": "JMIA_US",
        "rank_value": 2.4413489736070377,
        "volume": 238994996.60249996,
        "adr": 21.654215470818162,
        "condi_4": true
    },
    {
        "symbol": "SRNE_US",
        "rank_value": 2.4077181208053693,
        "volume": 806429680.805,
        "adr": 20.166604696313904,
        "condi_4": true
    },
    {
        "symbol": "KNDI_US",
        "rank_value": 2.300791556728232,
        "volume": 127830193.84800002,
        "adr": 34.718651853636764,
        "condi_4": true
    },
    {
        "symbol": "OSTK_US",
        "rank_value": 2.294911734164071,
        "volume": 489983749.84,
        "adr": 13.346953752705915,
        "condi_4": true
    },
    {
        "symbol": "LK_US",
        "rank_value": 2.064935064935065,
        "volume": 198791688.52800003,
        "adr": 29.12297405710205,
        "condi_4": true
    },
    {
        "symbol": "HTBX_US",
        "rank_value": 1.927981230235642,
        "volume": 119068535.91149999,
        "adr": 31.60989944327173,
        "condi_4": true
    },
    {
        "symbol": "LB_US",
        "rank_value": 1.694006309148265,
        "volume": 164718143.5575,
        "adr": 6.51133674406752,
        "condi_4": true
    },
    {
        "symbol": "PENN_US",
        "rank_value": 1.681632477066198,
        "volume": 399268502.09999996,
        "adr": 10.118081795598677,
        "condi_4": true
    },
    {
        "symbol": "BBBY_US",
        "rank_value": 1.6373477672530448,
        "volume": 103202007.75500001,
        "adr": 7.092466060017033,
        "condi_4": true
    },
    {
        "symbol": "NVAX_US",
        "rank_value": 1.619047619047619,
        "volume": 985478729.85,
        "adr": 15.523480019174652,
        "condi_4": true
    },
    {
        "symbol": "ADT_US",
        "rank_value": 1.5226666666666666,
        "volume": 145837053.829,
        "adr": 12.249797009089324,
        "condi_4": true
    },
    {
        "symbol": "W_US",
        "rank_value": 1.5160349854227404,
        "volume": 577821176.4,
        "adr": 7.153349144579879,
        "condi_4": true
    },
    {
        "symbol": "CVNA_US",
        "rank_value": 1.513331731924093,
        "volume": 323595272.7,
        "adr": 7.293284184184801,
        "condi_4": true
    },
    {
        "symbol": "PLUG_US",
        "rank_value": 1.4908062234794905,
        "volume": 224916411.193,
        "adr": 10.586969416919878,
        "condi_4": true
    },
    {
        "symbol": "AMD_US",
        "rank_value": 1.4846919249904327,
        "volume": 6051759929.958501,
        "adr": 6.915397188246719,
        "condi_4": true
    },
    {
        "symbol": "RUN_US",
        "rank_value": 1.4775574407917993,
        "volume": 224520912.660085,
        "adr": 8.701089072322743,
        "condi_4": true
    },
    {
        "symbol": "MGM_US",
        "rank_value": 1.4764605901746768,
        "volume": 513416636.208,
        "adr": 7.604352797699221,
        "condi_4": true
    },
    {
        "symbol": "HBI_US",
        "rank_value": 1.4660633484162895,
        "volume": 128891710.08,
        "adr": 5.248096633831922,
        "condi_4": true
    },
    {
        "symbol": "LRN_US",
        "rank_value": 1.4652367684768197,
        "volume": 107936380.176,
        "adr": 9.251024519330864,
        "condi_4": true
    },
    {
        "symbol": "PINS_US",
        "rank_value": 1.4622241086587437,
        "volume": 620686399.2875,
        "adr": 7.236633726109143,
        "condi_4": true
    },
    {
        "symbol": "NKLA_US",
        "rank_value": 1.4441379310344828,
        "volume": 884590737.852,
        "adr": 13.48229118749067,
        "condi_4": true
    },
    {
        "symbol": "EBS_US",
        "rank_value": 1.4171494785631518,
        "volume": 149515400.655,
        "adr": 7.327143069439446,
        "condi_4": true
    }
]