[
    {
        "symbol": "ATNM_US",
        "rank_value": 26.916666666666668,
        "volume": 182617198.329,
        "adr": 16.527968832263106,
        "condi_4": true
    },
    {
        "symbol": "MCRB_US",
        "rank_value": 6.9891008174386915,
        "volume": 171224991.11249998,
        "adr": 41.64292222294914,
        "condi_4": true
    },
    {
        "symbol": "MARA_US",
        "rank_value": 3.555902352023186,
        "volume": 131600324.9165,
        "adr": 33.21945494898224,
        "condi_4": true
    },
    {
        "symbol": "KODK_US",
        "rank_value": 3.3588516746411483,
        "volume": 373797175.869,
        "adr": 71.74094583901183,
        "condi_4": true
    },
    {
        "symbol": "GRWG_US",
        "rank_value": 2.590290323039502,
        "volume": 138907322.23200002,
        "adr": 14.046559510203792,
        "condi_4": true
    },
    {
        "symbol": "OSTK_US",
        "rank_value": 2.5269631598198807,
        "volume": 821115085.0860001,
        "adr": 13.85566439748558,
        "condi_4": true
    },
    {
        "symbol": "APPS_US",
        "rank_value": 2.396098388464801,
        "volume": 103407637.6375,
        "adr": 10.037447279532131,
        "condi_4": true
    },
    {
        "symbol": "LK_US",
        "rank_value": 2.064935064935065,
        "volume": 198791688.52800003,
        "adr": 29.12297405710205,
        "condi_4": true
    },
    {
        "symbol": "KNDI_US",
        "rank_value": 1.9815303430079154,
        "volume": 122614173.74949999,
        "adr": 36.32756663547614,
        "condi_4": true
    },
    {
        "symbol": "MNTA_US",
        "rank_value": 1.9422933730454208,
        "volume": 220655793.0525,
        "adr": 9.746713830120491,
        "condi_4": true
    },
    {
        "symbol": "GRPN_US",
        "rank_value": 1.9324414715719065,
        "volume": 113370294.006,
        "adr": 10.638615106532257,
        "condi_4": true
    },
    {
        "symbol": "PLUG_US",
        "rank_value": 1.9236209335219234,
        "volume": 379952069.91999996,
        "adr": 11.228858408861297,
        "condi_4": true
    },
    {
        "symbol": "PENN_US",
        "rank_value": 1.7849968612680476,
        "volume": 495474822.1005,
        "adr": 9.547814694435397,
        "condi_4": true
    },
    {
        "symbol": "LB_US",
        "rank_value": 1.6185197900828876,
        "volume": 228927897.0,
        "adr": 6.950213404659955,
        "condi_4": true
    },
    {
        "symbol": "W_US",
        "rank_value": 1.5811495791889822,
        "volume": 730802663.0649999,
        "adr": 6.821781815739825,
        "condi_4": true
    },
    {
        "symbol": "SRNE_US",
        "rank_value": 1.5491408934707902,
        "volume": 763896770.196,
        "adr": 22.56177124776797,
        "condi_4": true
    },
    {
        "symbol": "SE_US",
        "rank_value": 1.5009832841691249,
        "volume": 552812739.6750001,
        "adr": 7.20238147751342,
        "condi_4": true
    },
    {
        "symbol": "PINS_US",
        "rank_value": 1.4647707979626485,
        "volume": 685739442.7344999,
        "adr": 7.170808144674634,
        "condi_4": true
    },
    {
        "symbol": "ADT_US",
        "rank_value": 1.4641943734015344,
        "volume": 151473268.8525,
        "adr": 12.624722975765401,
        "condi_4": true
    },
    {
        "symbol": "FTCH_US",
        "rank_value": 1.4444995044598612,
        "volume": 148928253.65,
        "adr": 7.275736662319954,
        "condi_4": true
    },
    {
        "symbol": "MGM_US",
        "rank_value": 1.4252657014723649,
        "volume": 450301457.34,
        "adr": 7.140355386155495,
        "condi_4": true
    },
    {
        "symbol": "CVNA_US",
        "rank_value": 1.4204545454545454,
        "volume": 340743742.875,
        "adr": 7.52299946671573,
        "condi_4": true
    },
    {
        "symbol": "NKLA_US",
        "rank_value": 1.4158620689655173,
        "volume": 786225192.597,
        "adr": 11.772067513857154,
        "condi_4": true
    },
    {
        "symbol": "NVAX_US",
        "rank_value": 1.3863106796116504,
        "volume": 937159506.4875,
        "adr": 15.70454728008228,
        "condi_4": true
    },
    {
        "symbol": "LVGO_US",
        "rank_value": 1.3746012759170656,
        "volume": 677536402.7600001,
        "adr": 8.916550210349161,
        "condi_4": true
    },
    {
        "symbol": "UPS_US",
        "rank_value": 1.3591117917304747,
        "volume": 753055581.2625,
        "adr": 3.55591692365842,
        "condi_4": true
    },
    {
        "symbol": "GNRC_US",
        "rank_value": 1.35892657472978,
        "volume": 111105104.9,
        "adr": 3.9531357392199373,
        "condi_4": true
    },
    {
        "symbol": "UTX_US",
        "rank_value": 1.3554042306577805,
        "volume": 950956822.1374999,
        "adr": 12.586647686893482,
        "condi_4": true
    },
    {
        "symbol": "RCL_US",
        "rank_value": 1.3476263399693722,
        "volume": 512046960.04,
        "adr": 6.343378569527269,
        "condi_4": true
    },
    {
        "symbol": "SEDG_US",
        "rank_value": 1.3407134071340714,
        "volume": 166392413.1,
        "adr": 6.560223034577772,
        "condi_4": true
    },
    {
        "symbol": "ETSY_US",
        "rank_value": 1.3384601656818813,
        "volume": 412498918.125,
        "adr": 6.070394419447989,
        "condi_4": true
    }
]