[
    {
        "symbol": "NBR_US",
        "rank_value": 91.31156613171002,
        "volume": 104677272.14999999,
        "adr": 20.941458462714646,
        "condi_4": true
    },
    {
        "symbol": "ACB_US",
        "rank_value": 9.114503816793892,
        "volume": 110521004.07,
        "adr": 8.814318707259128,
        "condi_4": true
    },
    {
        "symbol": "CAPR_US",
        "rank_value": 5.292307692307692,
        "volume": 100470037.328,
        "adr": 37.43596541532832,
        "condi_4": true
    },
    {
        "symbol": "MGNX_US",
        "rank_value": 4.25,
        "volume": 150634354.375,
        "adr": 29.89767607907179,
        "condi_4": true
    },
    {
        "symbol": "PTLA_US",
        "rank_value": 2.921311475409836,
        "volume": 140246445.43800002,
        "adr": 7.181952677808212,
        "condi_4": true
    },
    {
        "symbol": "OSTK_US",
        "rank_value": 2.6511627906976742,
        "volume": 100022034.666,
        "adr": 19.286697252273832,
        "condi_4": true
    },
    {
        "symbol": "NKLA_US",
        "rank_value": 2.5865636042402826,
        "volume": 133376077.17505501,
        "adr": 12.415875230525408,
        "condi_4": true
    },
    {
        "symbol": "VTIQ_US",
        "rank_value": 2.5865636042402826,
        "volume": 133376077.17505501,
        "adr": 12.415875230525408,
        "condi_4": true
    },
    {
        "symbol": "NVAX_US",
        "rank_value": 2.4680073126142594,
        "volume": 432249523.875,
        "adr": 20.4387921901144,
        "condi_4": true
    },
    {
        "symbol": "W_US",
        "rank_value": 2.349603884487605,
        "volume": 749950415.118,
        "adr": 12.581491082958651,
        "condi_4": true
    },
    {
        "symbol": "MRNA_US",
        "rank_value": 1.9662141779788842,
        "volume": 1155907314.846,
        "adr": 14.309411741497623,
        "condi_4": true
    },
    {
        "symbol": "INO_US",
        "rank_value": 1.9476744186046513,
        "volume": 602646137.49,
        "adr": 18.567720567978576,
        "condi_4": true
    },
    {
        "symbol": "TWLO_US",
        "rank_value": 1.9462941964745901,
        "volume": 932778279.0125,
        "adr": 8.29330515761395,
        "condi_4": true
    },
    {
        "symbol": "DKNG_US",
        "rank_value": 1.903914590747331,
        "volume": 162311667.82500002,
        "adr": 12.98308239732522,
        "condi_4": true
    },
    {
        "symbol": "BYND_US",
        "rank_value": 1.9003029468465986,
        "volume": 1526401384.8,
        "adr": 12.139428967236965,
        "condi_4": true
    },
    {
        "symbol": "QDEL_US",
        "rank_value": 1.8804353486434413,
        "volume": 137524402.37750003,
        "adr": 8.797374861459106,
        "condi_4": true
    },
    {
        "symbol": "FSLY_US",
        "rank_value": 1.7853658536585366,
        "volume": 120556703.4,
        "adr": 11.021662560624046,
        "condi_4": true
    },
    {
        "symbol": "ENPH_US",
        "rank_value": 1.6889875102285665,
        "volume": 323480076.6,
        "adr": 10.122524225477235,
        "condi_4": true
    },
    {
        "symbol": "IMMU_US",
        "rank_value": 1.6864583333333336,
        "volume": 165706774.128,
        "adr": 9.515646042272262,
        "condi_4": true
    },
    {
        "symbol": "LVGO_US",
        "rank_value": 1.6635957565605808,
        "volume": 154070257.8475,
        "adr": 8.969291287100024,
        "condi_4": true
    },
    {
        "symbol": "SHOP_US",
        "rank_value": 1.6525054466230937,
        "volume": 2500804119.4249997,
        "adr": 7.969625506903988,
        "condi_4": true
    },
    {
        "symbol": "PTON_US",
        "rank_value": 1.5461984316399593,
        "volume": 555183316.5,
        "adr": 9.584380906079959,
        "condi_4": true
    },
    {
        "symbol": "APA_US",
        "rank_value": 1.519774011299435,
        "volume": 251659682.726,
        "adr": 14.738502105714035,
        "condi_4": true
    },
    {
        "symbol": "TREX_US",
        "rank_value": 1.499934167215273,
        "volume": 102186462.144,
        "adr": 6.7704698135907515,
        "condi_4": true
    },
    {
        "symbol": "ETSY_US",
        "rank_value": 1.4990859232175502,
        "volume": 307624799.90000004,
        "adr": 8.228043756999458,
        "condi_4": true
    },
    {
        "symbol": "DXCM_US",
        "rank_value": 1.496398647655446,
        "volume": 814701694.4799999,
        "adr": 5.407911249416886,
        "condi_4": true
    },
    {
        "symbol": "EXEL_US",
        "rank_value": 1.4896125772038182,
        "volume": 115045842.0755,
        "adr": 7.065721980910178,
        "condi_4": true
    },
    {
        "symbol": "HZNP_US",
        "rank_value": 1.4894736842105265,
        "volume": 103012088.296,
        "adr": 5.462907675768647,
        "condi_4": true
    },
    {
        "symbol": "HAL_US",
        "rank_value": 1.4854517611026032,
        "volume": 285198382.46999997,
        "adr": 10.598256205200762,
        "condi_4": true
    },
    {
        "symbol": "GRUB_US",
        "rank_value": 1.4813775510204081,
        "volume": 326581493.153,
        "adr": 8.874127775723784,
        "condi_4": true
    }
]