[
    {
        "symbol": "ODP_US",
        "rank_value": 11.098795180722892,
        "volume": 100296937.37700002,
        "adr": 45.19259405258116,
        "condi_4": true
    },
    {
        "symbol": "SHIP_US",
        "rank_value": 10.8,
        "volume": 135465706.77300003,
        "adr": 72.91571995466104,
        "condi_4": true
    },
    {
        "symbol": "VXRT_US",
        "rank_value": 6.481012658227848,
        "volume": 868560073.7279999,
        "adr": 38.65055330025229,
        "condi_4": true
    },
    {
        "symbol": "WIMI_US",
        "rank_value": 4.088757396449704,
        "volume": 154669255.995,
        "adr": 42.20692282351066,
        "condi_4": true
    },
    {
        "symbol": "BOXL_US",
        "rank_value": 3.8421052631578947,
        "volume": 104182997.98799999,
        "adr": 29.805823684657852,
        "condi_4": true
    },
    {
        "symbol": "NVAX_US",
        "rank_value": 2.624977276858753,
        "volume": 1062704984.32,
        "adr": 15.796548062699166,
        "condi_4": true
    },
    {
        "symbol": "VBIV_US",
        "rank_value": 2.469635627530364,
        "volume": 109355745.235,
        "adr": 21.633461260440168,
        "condi_4": true
    },
    {
        "symbol": "SHLL_US",
        "rank_value": 2.1442492639842987,
        "volume": 187535417.12541002,
        "adr": 18.05877142434047,
        "condi_4": true
    },
    {
        "symbol": "SOLO_US",
        "rank_value": 2.1234567901234565,
        "volume": 101109428.58,
        "adr": 24.24320958742392,
        "condi_4": true
    },
    {
        "symbol": "LK_US",
        "rank_value": 2.064935064935065,
        "volume": 198791688.52800003,
        "adr": 29.12297405710205,
        "condi_4": true
    },
    {
        "symbol": "NIO_US",
        "rank_value": 2.0215384615384617,
        "volume": 2540283326.2170005,
        "adr": 15.519265075110166,
        "condi_4": true
    },
    {
        "symbol": "NVTA_US",
        "rank_value": 1.9017341040462425,
        "volume": 140419320.405,
        "adr": 10.624625796445963,
        "condi_4": true
    },
    {
        "symbol": "INO_US",
        "rank_value": 1.8892988929889298,
        "volume": 1538802740.48,
        "adr": 23.22297074494668,
        "condi_4": true
    },
    {
        "symbol": "PLUG_US",
        "rank_value": 1.7058823529411764,
        "volume": 296284864.92,
        "adr": 11.610377472642552,
        "condi_4": true
    },
    {
        "symbol": "SPCE_US",
        "rank_value": 1.5822525597269623,
        "volume": 517860892.569,
        "adr": 11.287615768461222,
        "condi_4": true
    },
    {
        "symbol": "MRNA_US",
        "rank_value": 1.4676678068507805,
        "volume": 2118671362.17534,
        "adr": 11.291192505449832,
        "condi_4": true
    },
    {
        "symbol": "SPAQ_US",
        "rank_value": 1.429126213592233,
        "volume": 156699878.048,
        "adr": 12.011408255136713,
        "condi_4": true
    },
    {
        "symbol": "CAR_US",
        "rank_value": 1.425870646766169,
        "volume": 112443653.797,
        "adr": 10.062112647587806,
        "condi_4": true
    }
]