[
    {
        "symbol": "CHK_US",
        "rank_value": 226.18320610687022,
        "volume": 1678589487.2914999,
        "adr": 26.093672739051897,
        "condi_4": true
    },
    {
        "symbol": "NBR_US",
        "rank_value": 63.475373547315996,
        "volume": 141379788.33850002,
        "adr": 21.734838689254275,
        "condi_4": true
    },
    {
        "symbol": "IMMU_US",
        "rank_value": 3.293181818181818,
        "volume": 230368520.214,
        "adr": 20.731090507361927,
        "condi_4": true
    },
    {
        "symbol": "W_US",
        "rank_value": 2.8835129557440955,
        "volume": 527016678.125,
        "adr": 13.54517885965667,
        "condi_4": true
    },
    {
        "symbol": "APA_US",
        "rank_value": 2.761658031088083,
        "volume": 346994574.628,
        "adr": 17.77499353480756,
        "condi_4": true
    },
    {
        "symbol": "NAT_US",
        "rank_value": 2.389937106918239,
        "volume": 122372413.08,
        "adr": 17.812650860240133,
        "condi_4": true
    },
    {
        "symbol": "INO_US",
        "rank_value": 2.1613372093023253,
        "volume": 538089706.2745,
        "adr": 15.761262299470747,
        "condi_4": true
    },
    {
        "symbol": "ETSY_US",
        "rank_value": 2.161290322580645,
        "volume": 247462282.29999998,
        "adr": 8.943308202481305,
        "condi_4": true
    },
    {
        "symbol": "EQT_US",
        "rank_value": 2.079192546583851,
        "volume": 128243919.388,
        "adr": 13.45932929631335,
        "condi_4": true
    },
    {
        "symbol": "AMRN_US",
        "rank_value": 2.0670103092783503,
        "volume": 227963637.47399998,
        "adr": 13.180496249786277,
        "condi_4": true
    },
    {
        "symbol": "CODX_US",
        "rank_value": 1.9911894273127755,
        "volume": 105903804.078,
        "adr": 18.202722059920017,
        "condi_4": true
    },
    {
        "symbol": "BBBY_US",
        "rank_value": 1.9679300291545188,
        "volume": 116120343.82499999,
        "adr": 15.735683067141393,
        "condi_4": true
    },
    {
        "symbol": "PE_US",
        "rank_value": 1.9407894736842106,
        "volume": 113008013.835,
        "adr": 14.558872872897632,
        "condi_4": true
    },
    {
        "symbol": "SHOP_US",
        "rank_value": 1.9141832312060976,
        "volume": 1924016949.8035,
        "adr": 9.292174903191587,
        "condi_4": true
    },
    {
        "symbol": "LVGO_US",
        "rank_value": 1.9118169912285043,
        "volume": 104836315.536,
        "adr": 8.593064380395688,
        "condi_4": true
    },
    {
        "symbol": "CVNA_US",
        "rank_value": 1.897684143542192,
        "volume": 278143510.0,
        "adr": 13.629445533340556,
        "condi_4": true
    },
    {
        "symbol": "PENN_US",
        "rank_value": 1.8699439592179607,
        "volume": 138114387.9375,
        "adr": 15.332098974320951,
        "condi_4": true
    },
    {
        "symbol": "WYNN_US",
        "rank_value": 1.7952824064055397,
        "volume": 521435659.89199996,
        "adr": 10.849797059895728,
        "condi_4": true
    },
    {
        "symbol": "KGC_US",
        "rank_value": 1.7729591836734695,
        "volume": 147664496.89,
        "adr": 8.538129210872537,
        "condi_4": true
    },
    {
        "symbol": "BYND_US",
        "rank_value": 1.763157894736842,
        "volume": 526595935.275,
        "adr": 9.877213249848804,
        "condi_4": true
    }
]