[
    {
        "symbol": "VXRT_US",
        "rank_value": 6.135458167330678,
        "volume": 884559547.41,
        "adr": 39.13907679627555,
        "condi_4": true
    },
    {
        "symbol": "ALT_US",
        "rank_value": 4.345070422535212,
        "volume": 255881766.45250002,
        "adr": 37.60242069325448,
        "condi_4": true
    },
    {
        "symbol": "HTBX_US",
        "rank_value": 4.271428571428572,
        "volume": 173241764.1565,
        "adr": 29.101397903046223,
        "condi_4": true
    },
    {
        "symbol": "IBIO_US",
        "rank_value": 4.233576642335766,
        "volume": 283473172.13,
        "adr": 26.917549070652804,
        "condi_4": true
    },
    {
        "symbol": "WIMI_US",
        "rank_value": 3.630177514792899,
        "volume": 138784245.4515,
        "adr": 43.578627449724735,
        "condi_4": true
    },
    {
        "symbol": "WKHS_US",
        "rank_value": 3.425576519916143,
        "volume": 877400933.367,
        "adr": 25.076511214261398,
        "condi_4": true
    },
    {
        "symbol": "OSTK_US",
        "rank_value": 2.391387755102041,
        "volume": 248243698.10277,
        "adr": 13.095470379639451,
        "condi_4": true
    },
    {
        "symbol": "NVAX_US",
        "rank_value": 2.3646443504058854,
        "volume": 1031859858.68,
        "adr": 15.466436354550739,
        "condi_4": true
    },
    {
        "symbol": "VBIV_US",
        "rank_value": 2.234817813765182,
        "volume": 101248591.54799998,
        "adr": 21.46348154441582,
        "condi_4": true
    },
    {
        "symbol": "BE_US",
        "rank_value": 2.230869001297017,
        "volume": 103464431.08,
        "adr": 14.428449332916049,
        "condi_4": true
    },
    {
        "symbol": "RUN_US",
        "rank_value": 2.1000596917733882,
        "volume": 178297473.006825,
        "adr": 8.895423483695563,
        "condi_4": true
    },
    {
        "symbol": "LK_US",
        "rank_value": 2.064935064935065,
        "volume": 198791688.52800003,
        "adr": 29.12297405710205,
        "condi_4": true
    },
    {
        "symbol": "NIO_US",
        "rank_value": 1.996923076923077,
        "volume": 2519409395.558,
        "adr": 15.509075630901958,
        "condi_4": true
    },
    {
        "symbol": "INO_US",
        "rank_value": 1.9071580439404678,
        "volume": 1625172283.7415,
        "adr": 23.471878498435217,
        "condi_4": true
    },
    {
        "symbol": "BNTX_US",
        "rank_value": 1.8513323983169707,
        "volume": 296876663.16,
        "adr": 12.478036850014496,
        "condi_4": true
    },
    {
        "symbol": "SHLL_US",
        "rank_value": 1.7719999999999998,
        "volume": 167323863.21249998,
        "adr": 16.451890001032353,
        "condi_4": true
    },
    {
        "symbol": "SRNE_US",
        "rank_value": 1.7669491525423728,
        "volume": 237203807.19,
        "adr": 15.621845132728286,
        "condi_4": true
    },
    {
        "symbol": "TSLA_US",
        "rank_value": 1.6859627594301874,
        "volume": 14458553614.000002,
        "adr": 8.588304773203026,
        "condi_4": true
    },
    {
        "symbol": "LVGO_US",
        "rank_value": 1.6477768090671319,
        "volume": 504132860.07,
        "adr": 9.697605441824987,
        "condi_4": true
    },
    {
        "symbol": "MRNA_US",
        "rank_value": 1.4486729009473263,
        "volume": 2133962479.6874998,
        "adr": 11.302595998291709,
        "condi_4": true
    },
    {
        "symbol": "CAR_US",
        "rank_value": 1.4427860696517412,
        "volume": 111597963.85,
        "adr": 9.90821301911351,
        "condi_4": true
    },
    {
        "symbol": "SPAQ_US",
        "rank_value": 1.4144927536231886,
        "volume": 160179247.05600002,
        "adr": 12.048876519052776,
        "condi_4": true
    },
    {
        "symbol": "ENPH_US",
        "rank_value": 1.4067250115154306,
        "volume": 213143256.26999998,
        "adr": 6.8590589557000925,
        "condi_4": true
    },
    {
        "symbol": "CRSP_US",
        "rank_value": 1.39477589789255,
        "volume": 105245429.59,
        "adr": 7.513341531806983,
        "condi_4": true
    }
]