[
    {
        "symbol": "INPX_US",
        "rank_value": 63.333333333333336,
        "volume": 286774450.28,
        "adr": 54.041261548688865,
        "condi_4": true
    },
    {
        "symbol": "NIO_US",
        "rank_value": 1.9744680851063827,
        "volume": 548064963.36,
        "adr": 18.282846191341907,
        "condi_4": true
    },
    {
        "symbol": "BYND_US",
        "rank_value": 1.6319562990781837,
        "volume": 1491999139.7749999,
        "adr": 9.58177639506479,
        "condi_4": true
    },
    {
        "symbol": "SPCE_US",
        "rank_value": 1.6302281368821292,
        "volume": 152354522.8975,
        "adr": 9.788244242062149,
        "condi_4": true
    },
    {
        "symbol": "SDC_US",
        "rank_value": 1.626716604244694,
        "volume": 189787440.1905,
        "adr": 11.79459795235147,
        "condi_4": true
    },
    {
        "symbol": "TSLA_US",
        "rank_value": 1.3902705929168326,
        "volume": 7376140473.65,
        "adr": 5.138777645738335,
        "condi_4": true
    },
    {
        "symbol": "AYX_US",
        "rank_value": 1.3795230263157894,
        "volume": 139137734.67,
        "adr": 4.171921581975657,
        "condi_4": true
    },
    {
        "symbol": "APA_US",
        "rank_value": 1.3262599469496021,
        "volume": 183476850.0,
        "adr": 4.5962425195950285,
        "condi_4": true
    },
    {
        "symbol": "ENPH_US",
        "rank_value": 1.3078787878787879,
        "volume": 140203773.138,
        "adr": 5.414340083015978,
        "condi_4": true
    },
    {
        "symbol": "GRUB_US",
        "rank_value": 1.28868258178603,
        "volume": 183365334.9,
        "adr": 5.2180116583423475,
        "condi_4": true
    }
]