[
    {
        "symbol": "APVO_US",
        "rank_value": 7.8500000000000005,
        "volume": 224251648.65,
        "adr": 45.94444388325365,
        "condi_4": true
    },
    {
        "symbol": "SRRK_US",
        "rank_value": 3.1578947368421053,
        "volume": 231203496.3,
        "adr": 19.347497206859245,
        "condi_4": true
    },
    {
        "symbol": "ACB_US",
        "rank_value": 2.0754716981132075,
        "volume": 429816851.31,
        "adr": 22.18300679590717,
        "condi_4": true
    },
    {
        "symbol": "LK_US",
        "rank_value": 2.064935064935065,
        "volume": 198791688.52800003,
        "adr": 29.12297405710205,
        "condi_4": true
    },
    {
        "symbol": "NIO_US",
        "rank_value": 2.056683986773736,
        "volume": 7588981277.037999,
        "adr": 9.83583926434861,
        "condi_4": true
    },
    {
        "symbol": "XPEV_US",
        "rank_value": 1.8875675675675676,
        "volume": 734385466.818,
        "adr": 12.361624081349065,
        "condi_4": true
    },
    {
        "symbol": "VSLR_US",
        "rank_value": 1.857451403887689,
        "volume": 111232331.2,
        "adr": 7.61046406019541,
        "condi_4": true
    },
    {
        "symbol": "CNK_US",
        "rank_value": 1.7654155495978552,
        "volume": 137161814.3295,
        "adr": 11.221097430830596,
        "condi_4": true
    },
    {
        "symbol": "CIT_US",
        "rank_value": 1.7642362959020756,
        "volume": 122038593.98249999,
        "adr": 7.254832737042927,
        "condi_4": true
    },
    {
        "symbol": "LYFT_US",
        "rank_value": 1.6954076850984068,
        "volume": 528193516.842,
        "adr": 7.947346237926434,
        "condi_4": true
    },
    {
        "symbol": "FTCH_US",
        "rank_value": 1.6224761904761906,
        "volume": 219070555.66250002,
        "adr": 9.08162592028452,
        "condi_4": true
    },
    {
        "symbol": "HTZ_US",
        "rank_value": 1.6038613861386137,
        "volume": 146224317.90433,
        "adr": 22.32959405133508,
        "condi_4": true
    },
    {
        "symbol": "SHLL_US",
        "rank_value": 1.58837699488106,
        "volume": 326494481.8375,
        "adr": 16.75419373910849,
        "condi_4": true
    },
    {
        "symbol": "SPR_US",
        "rank_value": 1.559090909090909,
        "volume": 128986438.30800001,
        "adr": 7.225123587187987,
        "condi_4": true
    },
    {
        "symbol": "TLRY_US",
        "rank_value": 1.5142857142857142,
        "volume": 161248068.405,
        "adr": 18.208955332448106,
        "condi_4": true
    },
    {
        "symbol": "DVN_US",
        "rank_value": 1.5135834411384215,
        "volume": 126151144.46999998,
        "adr": 7.415416305529865,
        "condi_4": true
    },
    {
        "symbol": "CGC_US",
        "rank_value": 1.4717208182912154,
        "volume": 232064978.90800002,
        "adr": 8.958244922661995,
        "condi_4": true
    },
    {
        "symbol": "SNAP_US",
        "rank_value": 1.4560580912863068,
        "volume": 2426560631.3302197,
        "adr": 9.04179683774684,
        "condi_4": true
    },
    {
        "symbol": "BNTX_US",
        "rank_value": 1.4420333134249121,
        "volume": 283800797.06,
        "adr": 7.7596343375542665,
        "condi_4": true
    },
    {
        "symbol": "ALGN_US",
        "rank_value": 1.4302350791340166,
        "volume": 341676055.402,
        "adr": 5.8799536653293405,
        "condi_4": true
    },
    {
        "symbol": "LI_US",
        "rank_value": 1.4151785714285712,
        "volume": 326300807.89599997,
        "adr": 10.306314509650072,
        "condi_4": true
    },
    {
        "symbol": "PBR_US",
        "rank_value": 1.4104234527687298,
        "volume": 210371214.08,
        "adr": 5.117644826123113,
        "condi_4": true
    },
    {
        "symbol": "UBER_US",
        "rank_value": 1.4006079027355622,
        "volume": 1131090356.7359998,
        "adr": 5.817434766980023,
        "condi_4": true
    },
    {
        "symbol": "VLO_US",
        "rank_value": 1.399548532731377,
        "volume": 255884758.24000004,
        "adr": 6.712830887815868,
        "condi_4": true
    },
    {
        "symbol": "APPS_US",
        "rank_value": 1.3978622327790975,
        "volume": 131259001.7475,
        "adr": 10.974635770377317,
        "condi_4": true
    },
    {
        "symbol": "BKR_US",
        "rank_value": 1.3936507936507936,
        "volume": 132766128.182,
        "adr": 5.743636930907092,
        "condi_4": true
    },
    {
        "symbol": "MPC_US",
        "rank_value": 1.3892416884572283,
        "volume": 254096228.9355,
        "adr": 6.110921805821978,
        "condi_4": true
    },
    {
        "symbol": "OXY_US",
        "rank_value": 1.3884976525821597,
        "volume": 297922048.9245,
        "adr": 7.333924032366768,
        "condi_4": true
    },
    {
        "symbol": "FANG_US",
        "rank_value": 1.3838341091832418,
        "volume": 114113010.15,
        "adr": 7.965554106150519,
        "condi_4": true
    },
    {
        "symbol": "CI_US",
        "rank_value": 1.3787491426077196,
        "volume": 403909497.46050006,
        "adr": 4.53946873063622,
        "condi_4": true
    },
    {
        "symbol": "RCL_US",
        "rank_value": 1.3754139879212934,
        "volume": 499972146.57,
        "adr": 7.101135227767297,
        "condi_4": true
    }
]