[
    {
        "symbol": "TTNP_US",
        "rank_value": 34.7,
        "volume": 224672020.60000002,
        "adr": 21.463713063199897,
        "condi_4": true
    },
    {
        "symbol": "CRIS_US",
        "rank_value": 6.697247706422018,
        "volume": 177715318.66,
        "adr": 42.898889935864084,
        "condi_4": true
    },
    {
        "symbol": "QS_US",
        "rank_value": 3.801682692307692,
        "volume": 787148994.086,
        "adr": 25.657805284324642,
        "condi_4": true
    },
    {
        "symbol": "VERU_US",
        "rank_value": 3.7878787878787876,
        "volume": 161764053.0,
        "adr": 20.098023617908687,
        "condi_4": true
    },
    {
        "symbol": "FCEL_US",
        "rank_value": 2.910652920962199,
        "volume": 842025974.2895,
        "adr": 25.530207952211125,
        "condi_4": true
    },
    {
        "symbol": "ARVN_US",
        "rank_value": 2.8916064431485604,
        "volume": 123952726.85000001,
        "adr": 14.122282106010564,
        "condi_4": true
    },
    {
        "symbol": "LAZR_US",
        "rank_value": 2.4886699507389163,
        "volume": 507052068.25200003,
        "adr": 23.984694555030227,
        "condi_4": true
    },
    {
        "symbol": "ARCT_US",
        "rank_value": 2.367271891519191,
        "volume": 111927051.19999999,
        "adr": 14.505970820474623,
        "condi_4": true
    },
    {
        "symbol": "RIG_US",
        "rank_value": 2.3365384615384617,
        "volume": 130754666.17800002,
        "adr": 16.562613669005486,
        "condi_4": true
    },
    {
        "symbol": "EDIT_US",
        "rank_value": 2.3234540797658254,
        "volume": 129928645.39999999,
        "adr": 10.35463899894511,
        "condi_4": true
    },
    {
        "symbol": "SBE_US",
        "rank_value": 2.1108448172558414,
        "volume": 289131563.66899997,
        "adr": 17.547314416111746,
        "condi_4": true
    },
    {
        "symbol": "SNDL_US",
        "rank_value": 2.0869565217391304,
        "volume": 221706935.232,
        "adr": 33.916167393869024,
        "condi_4": true
    },
    {
        "symbol": "LK_US",
        "rank_value": 2.064935064935065,
        "volume": 198791688.52800003,
        "adr": 29.12297405710205,
        "condi_4": true
    },
    {
        "symbol": "FATE_US",
        "rank_value": 1.9161290322580644,
        "volume": 113678258.166,
        "adr": 8.971191831458558,
        "condi_4": true
    },
    {
        "symbol": "IDEX_US",
        "rank_value": 1.88,
        "volume": 127965046.602,
        "adr": 29.347017768099626,
        "condi_4": true
    },
    {
        "symbol": "VSLR_US",
        "rank_value": 1.857451403887689,
        "volume": 111232331.2,
        "adr": 7.61046406019541,
        "condi_4": true
    },
    {
        "symbol": "JWN_US",
        "rank_value": 1.7758620689655173,
        "volume": 315680507.385,
        "adr": 7.796256916592181,
        "condi_4": true
    },
    {
        "symbol": "PLTR_US",
        "rank_value": 1.7381745502998,
        "volume": 2340476884.2185,
        "adr": 15.078150353805553,
        "condi_4": true
    },
    {
        "symbol": "NNDM_US",
        "rank_value": 1.7027027027027026,
        "volume": 184925148.66,
        "adr": 17.751306728561577,
        "condi_4": true
    },
    {
        "symbol": "BILI_US",
        "rank_value": 1.6712619300106044,
        "volume": 394356964.0,
        "adr": 7.46049899274428,
        "condi_4": true
    },
    {
        "symbol": "OXY_US",
        "rank_value": 1.6401673640167367,
        "volume": 616129736.74,
        "adr": 8.596461629668228,
        "condi_4": true
    },
    {
        "symbol": "BB_US",
        "rank_value": 1.6176470588235294,
        "volume": 315097605.075,
        "adr": 10.44856408382473,
        "condi_4": true
    },
    {
        "symbol": "HTZ_US",
        "rank_value": 1.6038613861386137,
        "volume": 146224317.90433,
        "adr": 22.32959405133508,
        "condi_4": true
    },
    {
        "symbol": "SHLL_US",
        "rank_value": 1.58837699488106,
        "volume": 326494481.8375,
        "adr": 16.75419373910849,
        "condi_4": true
    },
    {
        "symbol": "MRNA_US",
        "rank_value": 1.578494623655914,
        "volume": 4009957531.6000004,
        "adr": 12.267688647902597,
        "condi_4": true
    },
    {
        "symbol": "TSLA_US",
        "rank_value": 1.5358086430935136,
        "volume": 22156254738.03,
        "adr": 7.142264448714264,
        "condi_4": true
    },
    {
        "symbol": "BILL_US",
        "rank_value": 1.5341935483870968,
        "volume": 164236600.914,
        "adr": 5.223535193465323,
        "condi_4": true
    },
    {
        "symbol": "APA_US",
        "rank_value": 1.5061611374407582,
        "volume": 159905260.193,
        "adr": 8.472056463347633,
        "condi_4": true
    },
    {
        "symbol": "ACB_US",
        "rank_value": 1.4931714719271625,
        "volume": 412411473.876,
        "adr": 14.631372723393564,
        "condi_4": true
    },
    {
        "symbol": "VLDR_US",
        "rank_value": 1.4785714285714284,
        "volume": 151454305.17,
        "adr": 12.0278450375497,
        "condi_4": true
    },
    {
        "symbol": "NVAX_US",
        "rank_value": 1.4657210401891254,
        "volume": 515950676.2,
        "adr": 11.67781205530558,
        "condi_4": true
    }
]