[
    {
        "symbol": "GLBS_US",
        "rank_value": 100.68493150684931,
        "volume": 107219284.09499998,
        "adr": 21.813590858401312,
        "condi_4": true
    },
    {
        "symbol": "PLL_US",
        "rank_value": 3.1981981981981984,
        "volume": 128615224.3075,
        "adr": 29.809013340095248,
        "condi_4": true
    },
    {
        "symbol": "JMIA_US",
        "rank_value": 2.510310202617895,
        "volume": 281036093.52,
        "adr": 12.648460429072127,
        "condi_4": true
    },
    {
        "symbol": "LK_US",
        "rank_value": 2.064935064935065,
        "volume": 198791688.52800003,
        "adr": 29.12297405710205,
        "condi_4": true
    },
    {
        "symbol": "JKS_US",
        "rank_value": 2.0291351518908867,
        "volume": 959137222.15333,
        "adr": 14.323054653363743,
        "condi_4": true
    },
    {
        "symbol": "CIT_US",
        "rank_value": 1.944479897894065,
        "volume": 101999796.70099999,
        "adr": 6.660770139926209,
        "condi_4": true
    },
    {
        "symbol": "VSLR_US",
        "rank_value": 1.857451403887689,
        "volume": 111232331.2,
        "adr": 7.61046406019541,
        "condi_4": true
    },
    {
        "symbol": "BBBY_US",
        "rank_value": 1.7848375451263538,
        "volume": 345678327.192,
        "adr": 8.944204790900056,
        "condi_4": true
    },
    {
        "symbol": "EV_US",
        "rank_value": 1.707922041503085,
        "volume": 147285419.34495,
        "adr": 4.504596064933808,
        "condi_4": true
    },
    {
        "symbol": "SNAP_US",
        "rank_value": 1.7040596960415682,
        "volume": 1930812514.638,
        "adr": 6.300846548017969,
        "condi_4": true
    },
    {
        "symbol": "HTZ_US",
        "rank_value": 1.6534653465346534,
        "volume": 150826120.808,
        "adr": 22.297047968385787,
        "condi_4": true
    },
    {
        "symbol": "SPWR_US",
        "rank_value": 1.6392785571142283,
        "volume": 177215868.488,
        "adr": 10.675599581736872,
        "condi_4": true
    },
    {
        "symbol": "SHLL_US",
        "rank_value": 1.58837699488106,
        "volume": 326494481.8375,
        "adr": 16.75419373910849,
        "condi_4": true
    },
    {
        "symbol": "ENPH_US",
        "rank_value": 1.5094202898550726,
        "volume": 327889524.0725,
        "adr": 7.740201071477815,
        "condi_4": true
    },
    {
        "symbol": "DQ_US",
        "rank_value": 1.5083087304934628,
        "volume": 104048215.806,
        "adr": 11.110582212218233,
        "condi_4": true
    },
    {
        "symbol": "GME_US",
        "rank_value": 1.502217294900222,
        "volume": 217520577.48250002,
        "adr": 13.324657395909822,
        "condi_4": true
    },
    {
        "symbol": "ALGN_US",
        "rank_value": 1.479376241169385,
        "volume": 288198707.92399997,
        "adr": 5.342135366062251,
        "condi_4": true
    },
    {
        "symbol": "NIO_US",
        "rank_value": 1.459977452085682,
        "volume": 2931108980.31,
        "adr": 7.4719281232749735,
        "condi_4": true
    },
    {
        "symbol": "NET_US",
        "rank_value": 1.4246503725003266,
        "volume": 320221584.3,
        "adr": 6.413111024649587,
        "condi_4": true
    },
    {
        "symbol": "SEDG_US",
        "rank_value": 1.423929484170448,
        "volume": 293141252.3315,
        "adr": 7.605408343458353,
        "condi_4": true
    },
    {
        "symbol": "TPR_US",
        "rank_value": 1.4039603960396039,
        "volume": 106014284.955,
        "adr": 4.647772816366014,
        "condi_4": true
    },
    {
        "symbol": "PAYC_US",
        "rank_value": 1.400466303985789,
        "volume": 122024253.62400001,
        "adr": 3.898255812389584,
        "condi_4": true
    },
    {
        "symbol": "BNTX_US",
        "rank_value": 1.386138613861386,
        "volume": 181305230.4,
        "adr": 6.854100146991771,
        "condi_4": true
    },
    {
        "symbol": "FSLR_US",
        "rank_value": 1.3832781456953642,
        "volume": 195057893.685,
        "adr": 5.6493611618643635,
        "condi_4": true
    },
    {
        "symbol": "TTD_US",
        "rank_value": 1.3570389816318331,
        "volume": 412354091.904,
        "adr": 4.477227885294965,
        "condi_4": true
    },
    {
        "symbol": "UTX_US",
        "rank_value": 1.3554042306577805,
        "volume": 950956822.1374999,
        "adr": 12.586647686893482,
        "condi_4": true
    },
    {
        "symbol": "ARRY_US",
        "rank_value": 1.3545611015490533,
        "volume": 259129412.3925,
        "adr": 6.785952647437399,
        "condi_4": true
    },
    {
        "symbol": "PLUG_US",
        "rank_value": 1.3416666666666666,
        "volume": 393282616.4505,
        "adr": 8.901707862833863,
        "condi_4": true
    },
    {
        "symbol": "CGC_US",
        "rank_value": 1.3405639913232104,
        "volume": 118492725.636,
        "adr": 7.423885815534392,
        "condi_4": true
    },
    {
        "symbol": "PINS_US",
        "rank_value": 1.3378947368421052,
        "volume": 732479986.894,
        "adr": 5.563916538032254,
        "condi_4": true
    },
    {
        "symbol": "PTON_US",
        "rank_value": 1.3363533408833523,
        "volume": 2342506936.6,
        "adr": 6.677981610113726,
        "condi_4": true
    }
]