[
    {
        "symbol": "S_US",
        "rank_value": 2.1220657276995305,
        "volume": 352862171.944,
        "adr": 9.29903896391755,
        "condi_4": true
    },
    {
        "symbol": "STMP_US",
        "rank_value": 1.9414820891441071,
        "volume": 127743739.60000001,
        "adr": 9.207730897752864,
        "condi_4": true
    },
    {
        "symbol": "ENPH_US",
        "rank_value": 1.6172057352450817,
        "volume": 377602780.97499996,
        "adr": 9.395307491641125,
        "condi_4": true
    },
    {
        "symbol": "MRNA_US",
        "rank_value": 1.5360134003350085,
        "volume": 393403689.0105,
        "adr": 13.884977782833108,
        "condi_4": true
    },
    {
        "symbol": "LK_US",
        "rank_value": 1.4093457943925234,
        "volume": 695592873.4950001,
        "adr": 11.049357344542488,
        "condi_4": true
    },
    {
        "symbol": "GSX_US",
        "rank_value": 1.3258785942492013,
        "volume": 146313155.3,
        "adr": 10.49037489828275,
        "condi_4": true
    },
    {
        "symbol": "SEDG_US",
        "rank_value": 1.3051813471502591,
        "volume": 171876483.57000002,
        "adr": 6.551750172001203,
        "condi_4": true
    },
    {
        "symbol": "REGN_US",
        "rank_value": 1.2921904761904761,
        "volume": 383819555.20000005,
        "adr": 4.32630131121523,
        "condi_4": true
    },
    {
        "symbol": "DPZ_US",
        "rank_value": 1.2879887440758295,
        "volume": 323490215.482,
        "adr": 4.2067165020923225,
        "condi_4": true
    },
    {
        "symbol": "WORK_US",
        "rank_value": 1.2879164594728991,
        "volume": 336053845.50499994,
        "adr": 7.145619244005852,
        "condi_4": true
    },
    {
        "symbol": "SPCE_US",
        "rank_value": 1.2846803377563332,
        "volume": 724452987.5550001,
        "adr": 18.783449761995954,
        "condi_4": true
    },
    {
        "symbol": "BILI_US",
        "rank_value": 1.2521655437921078,
        "volume": 167221521.468,
        "adr": 6.983832986153438,
        "condi_4": true
    },
    {
        "symbol": "DXCM_US",
        "rank_value": 1.2132758620689656,
        "volume": 219249233.458,
        "adr": 5.456918644222619,
        "condi_4": true
    },
    {
        "symbol": "ZNGA_US",
        "rank_value": 1.205357142857143,
        "volume": 165255162.1875,
        "adr": 4.321328466571939,
        "condi_4": true
    },
    {
        "symbol": "RNG_US",
        "rank_value": 1.2042401021711366,
        "volume": 231279417.6,
        "adr": 4.333844685855381,
        "condi_4": true
    },
    {
        "symbol": "PTON_US",
        "rank_value": 1.1975051975051976,
        "volume": 180386710.56,
        "adr": 7.462442653813683,
        "condi_4": true
    },
    {
        "symbol": "TEVA_US",
        "rank_value": 1.1968190854870775,
        "volume": 292866152.25,
        "adr": 6.166307731746423,
        "condi_4": true
    },
    {
        "symbol": "TAL_US",
        "rank_value": 1.1860715825786976,
        "volume": 186606151.47349998,
        "adr": 4.269490149844257,
        "condi_4": true
    }
]