[
    {
        "symbol": "WLL_US",
        "rank_value": 46.266666666666666,
        "volume": 123236485.431,
        "adr": 19.8018706359276,
        "condi_4": true
    },
    {
        "symbol": "GOGO_US",
        "rank_value": 2.971518987341772,
        "volume": 123686147.643,
        "adr": 16.616440892563176,
        "condi_4": true
    },
    {
        "symbol": "AIMT_US",
        "rank_value": 2.890016920473773,
        "volume": 129294778.45199999,
        "adr": 4.119176757090104,
        "condi_4": true
    },
    {
        "symbol": "LK_US",
        "rank_value": 2.064935064935065,
        "volume": 198791688.52800003,
        "adr": 29.12297405710205,
        "condi_4": true
    },
    {
        "symbol": "MNTA_US",
        "rank_value": 1.941921072226359,
        "volume": 324142256.4,
        "adr": 5.663394942659417,
        "condi_4": true
    },
    {
        "symbol": "GRWG_US",
        "rank_value": 1.6369047619047619,
        "volume": 166369130.8125,
        "adr": 17.8984383180818,
        "condi_4": true
    },
    {
        "symbol": "ZM_US",
        "rank_value": 1.5334782608695652,
        "volume": 2818420039.165,
        "adr": 9.013738320586784,
        "condi_4": true
    },
    {
        "symbol": "CORT_US",
        "rank_value": 1.5278688524590165,
        "volume": 109665356.012,
        "adr": 8.691520159088029,
        "condi_4": true
    },
    {
        "symbol": "BIGC_US",
        "rank_value": 1.5053722973862973,
        "volume": 407809867.20000005,
        "adr": 18.234536739742225,
        "condi_4": true
    },
    {
        "symbol": "PLAY_US",
        "rank_value": 1.4453978159126366,
        "volume": 101187298.17850001,
        "adr": 9.140235036911704,
        "condi_4": true
    },
    {
        "symbol": "RCL_US",
        "rank_value": 1.4007278608976952,
        "volume": 566902897.944,
        "adr": 6.138646530814151,
        "condi_4": true
    },
    {
        "symbol": "CNK_US",
        "rank_value": 1.3837994214079075,
        "volume": 112156524.795,
        "adr": 10.433636632139143,
        "condi_4": true
    },
    {
        "symbol": "PLAN_US",
        "rank_value": 1.3678631655022886,
        "volume": 167767065.402,
        "adr": 6.318763020626106,
        "condi_4": true
    },
    {
        "symbol": "NIO_US",
        "rank_value": 1.3668261562998407,
        "volume": 2232379551.292,
        "adr": 11.98262391561984,
        "condi_4": true
    },
    {
        "symbol": "CZR_US",
        "rank_value": 1.358981455853861,
        "volume": 191476787.19,
        "adr": 6.619059298729324,
        "condi_4": true
    },
    {
        "symbol": "UTX_US",
        "rank_value": 1.3554042306577805,
        "volume": 950956822.1374999,
        "adr": 12.586647686893482,
        "condi_4": true
    },
    {
        "symbol": "NCLH_US",
        "rank_value": 1.3474387527839642,
        "volume": 548287926.78,
        "adr": 7.424679217223562,
        "condi_4": true
    },
    {
        "symbol": "CCL_US",
        "rank_value": 1.345086271567892,
        "volume": 639800844.628,
        "adr": 6.887280881215974,
        "condi_4": true
    },
    {
        "symbol": "CRWD_US",
        "rank_value": 1.3398307807646994,
        "volume": 712123768.62,
        "adr": 7.550614576231429,
        "condi_4": true
    },
    {
        "symbol": "S_US",
        "rank_value": 1.3140172278778388,
        "volume": 218909290.00700003,
        "adr": 8.7828881490855,
        "condi_4": true
    },
    {
        "symbol": "GPS_US",
        "rank_value": 1.2880475129918338,
        "volume": 184407357.70250002,
        "adr": 5.938905275645601,
        "condi_4": true
    },
    {
        "symbol": "PENN_US",
        "rank_value": 1.2745234774523475,
        "volume": 334099137.154,
        "adr": 7.246169913158562,
        "condi_4": true
    },
    {
        "symbol": "RTN_US",
        "rank_value": 1.2718446601941749,
        "volume": 503104524.04999995,
        "adr": 11.81115037072653,
        "condi_4": true
    },
    {
        "symbol": "JD_US",
        "rank_value": 1.2687813021702838,
        "volume": 1001767305.0,
        "adr": 4.880027285017285,
        "condi_4": true
    },
    {
        "symbol": "MGM_US",
        "rank_value": 1.2632450331125828,
        "volume": 331206249.55950004,
        "adr": 5.55404625617224,
        "condi_4": true
    }
]