[
    {
        "symbol": "GNUS_US",
        "rank_value": 10.158415841584159,
        "volume": 428522190.80399996,
        "adr": 52.06245457085523,
        "condi_4": true
    },
    {
        "symbol": "XSPA_US",
        "rank_value": 5.731804852039456,
        "volume": 141016902.2275,
        "adr": 32.737627718320674,
        "condi_4": true
    },
    {
        "symbol": "LK_US",
        "rank_value": 3.669172932330827,
        "volume": 493431571.02799994,
        "adr": 68.04240099415111,
        "condi_4": true
    },
    {
        "symbol": "CAR_US",
        "rank_value": 3.510593220338983,
        "volume": 292950428.504,
        "adr": 16.332807338153764,
        "condi_4": true
    },
    {
        "symbol": "SAVE_US",
        "rank_value": 3.496551724137931,
        "volume": 856659921.78,
        "adr": 15.609319856191162,
        "condi_4": true
    },
    {
        "symbol": "MARK_US",
        "rank_value": 3.33716915995397,
        "volume": 158774554.908,
        "adr": 33.10013396832392,
        "condi_4": true
    },
    {
        "symbol": "NVAX_US",
        "rank_value": 2.6418439716312054,
        "volume": 598781362.14,
        "adr": 23.359936712561733,
        "condi_4": true
    },
    {
        "symbol": "ERI_US",
        "rank_value": 2.5787037037037037,
        "volume": 357785064.36800003,
        "adr": 12.717943122715125,
        "condi_4": true
    },
    {
        "symbol": "PLAY_US",
        "rank_value": 2.556346381969158,
        "volume": 200208862.39749998,
        "adr": 15.719288181777857,
        "condi_4": true
    },
    {
        "symbol": "AAL_US",
        "rank_value": 2.4593939393939395,
        "volume": 2010286307.7810001,
        "adr": 12.092837734640316,
        "condi_4": true
    },
    {
        "symbol": "PENN_US",
        "rank_value": 2.2993288590604024,
        "volume": 698521778.31,
        "adr": 12.744167535940276,
        "condi_4": true
    },
    {
        "symbol": "DAL_US",
        "rank_value": 2.1387778412335807,
        "volume": 2350092955.455,
        "adr": 9.010033212436387,
        "condi_4": true
    },
    {
        "symbol": "JBLU_US",
        "rank_value": 2.1348773841961854,
        "volume": 329733678.5615,
        "adr": 10.027760690778686,
        "condi_4": true
    },
    {
        "symbol": "AA_US",
        "rank_value": 2.0454545454545454,
        "volume": 118996490.90250002,
        "adr": 9.122190752920512,
        "condi_4": true
    },
    {
        "symbol": "SABR_US",
        "rank_value": 2.0338028169014084,
        "volume": 116881047.615,
        "adr": 12.470717587726487,
        "condi_4": true
    },
    {
        "symbol": "BBBY_US",
        "rank_value": 1.9745098039215687,
        "volume": 111094676.4365,
        "adr": 10.361480029401537,
        "condi_4": true
    },
    {
        "symbol": "LB_US",
        "rank_value": 1.9351944167497508,
        "volume": 192833326.692,
        "adr": 10.43864386433697,
        "condi_4": true
    },
    {
        "symbol": "NIO_US",
        "rank_value": 1.9025157232704402,
        "volume": 361742532.305,
        "adr": 9.96434243753579,
        "condi_4": true
    },
    {
        "symbol": "KIM_US",
        "rank_value": 1.8838323353293414,
        "volume": 155763759.437,
        "adr": 8.211834821315422,
        "condi_4": true
    }
]