[
    {
        "symbol": "INPX_US",
        "rank_value": 44.08450704225352,
        "volume": 185785639.5155,
        "adr": 48.92712846313789,
        "condi_4": true
    },
    {
        "symbol": "OVV_US",
        "rank_value": 4.308108108108108,
        "volume": 277235153.28099996,
        "adr": 11.239925898693537,
        "condi_4": true
    },
    {
        "symbol": "NIO_US",
        "rank_value": 1.6872427983539091,
        "volume": 393659307.72999996,
        "adr": 13.877717375157307,
        "condi_4": true
    },
    {
        "symbol": "SDC_US",
        "rank_value": 1.6853932584269664,
        "volume": 206432912.475,
        "adr": 12.315995538634517,
        "condi_4": true
    },
    {
        "symbol": "SPCE_US",
        "rank_value": 1.625475285171103,
        "volume": 166481609.71500003,
        "adr": 9.920683700453669,
        "condi_4": true
    },
    {
        "symbol": "TSLA_US",
        "rank_value": 1.6019448865897334,
        "volume": 9006057000.153,
        "adr": 5.865055707012234,
        "condi_4": true
    },
    {
        "symbol": "BYND_US",
        "rank_value": 1.599180607715944,
        "volume": 1661033879.555,
        "adr": 10.963742687832001,
        "condi_4": true
    },
    {
        "symbol": "PCG_US",
        "rank_value": 1.492,
        "volume": 166813201.74,
        "adr": 6.775136336656762,
        "condi_4": true
    },
    {
        "symbol": "LB_US",
        "rank_value": 1.3538070175438595,
        "volume": 184313161.503225,
        "adr": 5.034500657912755,
        "condi_4": true
    },
    {
        "symbol": "TEAM_US",
        "rank_value": 1.2940565792888659,
        "volume": 244747582.56000003,
        "adr": 4.0474018111472665,
        "condi_4": true
    },
    {
        "symbol": "UBER_US",
        "rank_value": 1.2768166089965398,
        "volume": 873577915.425,
        "adr": 4.0281852033727805,
        "condi_4": true
    },
    {
        "symbol": "CGC_US",
        "rank_value": 1.2743506493506493,
        "volume": 222318709.395,
        "adr": 7.538130184525893,
        "condi_4": true
    }
]