[
    {
        "symbol": "JMIA_US",
        "rank_value": 2.3337730870712403,
        "volume": 283717671.1735,
        "adr": 12.940530095046077,
        "condi_4": true
    },
    {
        "symbol": "LK_US",
        "rank_value": 2.064935064935065,
        "volume": 198791688.52800003,
        "adr": 29.12297405710205,
        "condi_4": true
    },
    {
        "symbol": "WWR_US",
        "rank_value": 2.04387586827245,
        "volume": 133293708.592,
        "adr": 42.57759445290792,
        "condi_4": true
    },
    {
        "symbol": "VSLR_US",
        "rank_value": 1.857451403887689,
        "volume": 111232331.2,
        "adr": 7.61046406019541,
        "condi_4": true
    },
    {
        "symbol": "JKS_US",
        "rank_value": 1.625781887408213,
        "volume": 888774107.557,
        "adr": 14.831366783792799,
        "condi_4": true
    },
    {
        "symbol": "HTZ_US",
        "rank_value": 1.6038613861386137,
        "volume": 146224317.90433,
        "adr": 22.32959405133508,
        "condi_4": true
    },
    {
        "symbol": "EV_US",
        "rank_value": 1.588942307692308,
        "volume": 150701858.64900002,
        "adr": 4.357479365087569,
        "condi_4": true
    },
    {
        "symbol": "SHLL_US",
        "rank_value": 1.58837699488106,
        "volume": 326494481.8375,
        "adr": 16.75419373910849,
        "condi_4": true
    },
    {
        "symbol": "BBBY_US",
        "rank_value": 1.5136842105263157,
        "volume": 307908334.3905,
        "adr": 9.719910995123238,
        "condi_4": true
    },
    {
        "symbol": "NIO_US",
        "rank_value": 1.4937736870600975,
        "volume": 2915799548.698,
        "adr": 7.120546353688972,
        "condi_4": true
    },
    {
        "symbol": "FSLR_US",
        "rank_value": 1.4582689335394126,
        "volume": 278184177.0825,
        "adr": 6.85991445504619,
        "condi_4": true
    },
    {
        "symbol": "HOG_US",
        "rank_value": 1.4527128458074199,
        "volume": 133791590.66099998,
        "adr": 5.501580959093388,
        "condi_4": true
    },
    {
        "symbol": "TPR_US",
        "rank_value": 1.446864686468647,
        "volume": 112122534.96800001,
        "adr": 4.802039460305463,
        "condi_4": true
    },
    {
        "symbol": "ALGN_US",
        "rank_value": 1.4224429893881239,
        "volume": 284270606.55,
        "adr": 5.347483994183522,
        "condi_4": true
    },
    {
        "symbol": "DQ_US",
        "rank_value": 1.4028310002346132,
        "volume": 106147379.542,
        "adr": 11.438351951160918,
        "condi_4": true
    },
    {
        "symbol": "NET_US",
        "rank_value": 1.3759398496240602,
        "volume": 324979904.925,
        "adr": 6.504789771346031,
        "condi_4": true
    },
    {
        "symbol": "SPWR_US",
        "rank_value": 1.370981754995656,
        "volume": 165844020.69,
        "adr": 10.63163284280597,
        "condi_4": true
    },
    {
        "symbol": "UTX_US",
        "rank_value": 1.3554042306577805,
        "volume": 950956822.1374999,
        "adr": 12.586647686893482,
        "condi_4": true
    },
    {
        "symbol": "CGC_US",
        "rank_value": 1.3412870571221982,
        "volume": 119113728.3875,
        "adr": 7.478134696208194,
        "condi_4": true
    },
    {
        "symbol": "QDEL_US",
        "rank_value": 1.3291869388574007,
        "volume": 161289560.25,
        "adr": 6.263387346694915,
        "condi_4": true
    },
    {
        "symbol": "GME_US",
        "rank_value": 1.319290465631929,
        "volume": 192177400.065,
        "adr": 13.804166905783477,
        "condi_4": true
    },
    {
        "symbol": "ENPH_US",
        "rank_value": 1.318146915792168,
        "volume": 331151051.25,
        "adr": 8.254643997056533,
        "condi_4": true
    },
    {
        "symbol": "S_US",
        "rank_value": 1.3140172278778388,
        "volume": 218909290.00700003,
        "adr": 8.7828881490855,
        "condi_4": true
    },
    {
        "symbol": "ARRY_US",
        "rank_value": 1.3074010327022374,
        "volume": 241425677.142,
        "adr": 7.461752534748944,
        "condi_4": true
    },
    {
        "symbol": "EXAS_US",
        "rank_value": 1.3024193548387095,
        "volume": 242461765.26,
        "adr": 6.713874583353729,
        "condi_4": true
    },
    {
        "symbol": "PDD_US",
        "rank_value": 1.289884103591358,
        "volume": 423270914.2275,
        "adr": 4.633330838090677,
        "condi_4": true
    },
    {
        "symbol": "PAYC_US",
        "rank_value": 1.2812068965517243,
        "volume": 106785067.66499999,
        "adr": 3.6506778112966654,
        "condi_4": true
    },
    {
        "symbol": "RTN_US",
        "rank_value": 1.2718446601941749,
        "volume": 503104524.04999995,
        "adr": 11.81115037072653,
        "condi_4": true
    }
]