[
    {
        "symbol": "CODX_US",
        "rank_value": 3.833333333333333,
        "volume": 211935459.08249998,
        "adr": 54.59908046635022,
        "condi_4": true
    },
    {
        "symbol": "APT_US",
        "rank_value": 2.759219088937093,
        "volume": 141565066.78800002,
        "adr": 51.75197827461429,
        "condi_4": true
    },
    {
        "symbol": "FTSV_US",
        "rank_value": 2.2510258266956313,
        "volume": 281626664.575,
        "adr": 11.558783830148233,
        "condi_4": true
    },
    {
        "symbol": "INO_US",
        "rank_value": 2.1124620060790273,
        "volume": 409734730.625,
        "adr": 43.4774868663733,
        "condi_4": true
    },
    {
        "symbol": "CY_US",
        "rank_value": 1.5258215962441315,
        "volume": 320468269.7125,
        "adr": 6.882070430987519,
        "condi_4": true
    },
    {
        "symbol": "OXY_US",
        "rank_value": 1.4915254237288136,
        "volume": 451712971.77599996,
        "adr": 17.375046330275733,
        "condi_4": true
    },
    {
        "symbol": "AMRN_US",
        "rank_value": 1.4335664335664335,
        "volume": 100742991.33,
        "adr": 10.472018983602505,
        "condi_4": true
    },
    {
        "symbol": "GH_US",
        "rank_value": 1.4147999999999998,
        "volume": 124167148.992,
        "adr": 12.055721774941318,
        "condi_4": true
    },
    {
        "symbol": "LYV_US",
        "rank_value": 1.322327044025157,
        "volume": 217650575.0325,
        "adr": 10.355519277184456,
        "condi_4": true
    },
    {
        "symbol": "ABEV_US",
        "rank_value": 1.3004926108374386,
        "volume": 125909143.536,
        "adr": 7.57115793593659,
        "condi_4": true
    }
]