[
    {
        "symbol": "SHIP_US",
        "rank_value": 17.871986699916874,
        "volume": 345025433.03999996,
        "adr": 77.5107718363986,
        "condi_4": true
    },
    {
        "symbol": "UONE_US",
        "rank_value": 14.65909090909091,
        "volume": 165584940.1875,
        "adr": 107.78064238659626,
        "condi_4": true
    },
    {
        "symbol": "GRPN_US",
        "rank_value": 14.460843616420679,
        "volume": 119179808.121,
        "adr": 15.419305272996887,
        "condi_4": true
    },
    {
        "symbol": "ODP_US",
        "rank_value": 10.506024096385541,
        "volume": 178827656.3,
        "adr": 46.189018690468544,
        "condi_4": true
    },
    {
        "symbol": "WKHS_US",
        "rank_value": 7.395604395604396,
        "volume": 844331628.639,
        "adr": 26.75822187008894,
        "condi_4": true
    },
    {
        "symbol": "IDEX_US",
        "rank_value": 4.134017833018103,
        "volume": 131728203.144,
        "adr": 49.22483833250213,
        "condi_4": true
    },
    {
        "symbol": "VXRT_US",
        "rank_value": 3.5428571428571427,
        "volume": 233800290.28800002,
        "adr": 27.999883291607986,
        "condi_4": true
    },
    {
        "symbol": "SHLL_US",
        "rank_value": 2.686939182452642,
        "volume": 209833129.8525,
        "adr": 13.469383348531693,
        "condi_4": true
    },
    {
        "symbol": "PLUG_US",
        "rank_value": 2.2014563106796117,
        "volume": 257460480.335,
        "adr": 11.722929528652482,
        "condi_4": true
    },
    {
        "symbol": "LK_US",
        "rank_value": 2.064935064935065,
        "volume": 198791688.52800003,
        "adr": 29.12297405710205,
        "condi_4": true
    },
    {
        "symbol": "FSLY_US",
        "rank_value": 1.9922607879924954,
        "volume": 838564084.9275,
        "adr": 10.79708024175412,
        "condi_4": true
    },
    {
        "symbol": "NVAX_US",
        "rank_value": 1.9851851851851854,
        "volume": 495101531.70000005,
        "adr": 12.440088225888402,
        "condi_4": true
    },
    {
        "symbol": "HTZ_US",
        "rank_value": 1.9605263157894737,
        "volume": 206770108.50100002,
        "adr": 52.755247467405255,
        "condi_4": true
    },
    {
        "symbol": "NKLA_US",
        "rank_value": 1.9348404255319152,
        "volume": 1045557977.34,
        "adr": 24.525944121594346,
        "condi_4": true
    },
    {
        "symbol": "INO_US",
        "rank_value": 1.9047619047619047,
        "volume": 1089362012.72,
        "adr": 20.343958377293035,
        "condi_4": true
    },
    {
        "symbol": "SRNE_US",
        "rank_value": 1.779527559055118,
        "volume": 186422213.187,
        "adr": 14.965624526521326,
        "condi_4": true
    },
    {
        "symbol": "ETSY_US",
        "rank_value": 1.4866345896819033,
        "volume": 311649252.719,
        "adr": 5.665364585800559,
        "condi_4": true
    },
    {
        "symbol": "CLGX_US",
        "rank_value": 1.4839285714285717,
        "volume": 116362134.516,
        "adr": 4.056962637644812,
        "condi_4": true
    },
    {
        "symbol": "AVLR_US",
        "rank_value": 1.4098752598752597,
        "volume": 133632732.9645,
        "adr": 4.460249400262639,
        "condi_4": true
    }
]