[
    {
        "symbol": "SPI_US",
        "rank_value": 9.782383419689118,
        "volume": 185190146.832,
        "adr": 232.19880248202452,
        "condi_4": true
    },
    {
        "symbol": "MRNS_US",
        "rank_value": 6.508670520231214,
        "volume": 124471339.17999999,
        "adr": 17.886948443534155,
        "condi_4": true
    },
    {
        "symbol": "SAVA_US",
        "rank_value": 3.9496402877697845,
        "volume": 199097397.36,
        "adr": 23.792041172797653,
        "condi_4": true
    },
    {
        "symbol": "LK_US",
        "rank_value": 2.064935064935065,
        "volume": 198791688.52800003,
        "adr": 29.12297405710205,
        "condi_4": true
    },
    {
        "symbol": "GOGO_US",
        "rank_value": 2.035010940919037,
        "volume": 124245293.7,
        "adr": 15.000219372999247,
        "condi_4": true
    },
    {
        "symbol": "KODK_US",
        "rank_value": 1.6886446886446889,
        "volume": 354943881.58400005,
        "adr": 23.530339527734355,
        "condi_4": true
    },
    {
        "symbol": "ZM_US",
        "rank_value": 1.687769090345469,
        "volume": 5995451154.649,
        "adr": 10.718850010633085,
        "condi_4": true
    },
    {
        "symbol": "VXRT_US",
        "rank_value": 1.5476718403547673,
        "volume": 225393250.26800004,
        "adr": 23.335680264536272,
        "condi_4": true
    },
    {
        "symbol": "NVTA_US",
        "rank_value": 1.523972602739726,
        "volume": 116740258.7,
        "adr": 9.587752579867303,
        "condi_4": true
    },
    {
        "symbol": "APPS_US",
        "rank_value": 1.5145631067961163,
        "volume": 159298708.92,
        "adr": 12.347461855796915,
        "condi_4": true
    },
    {
        "symbol": "PTON_US",
        "rank_value": 1.431945674638323,
        "volume": 3423883854.9,
        "adr": 11.503451080050443,
        "condi_4": true
    },
    {
        "symbol": "UTX_US",
        "rank_value": 1.3554042306577805,
        "volume": 950956822.1374999,
        "adr": 12.586647686893482,
        "condi_4": true
    },
    {
        "symbol": "GSX_US",
        "rank_value": 1.3482278306440492,
        "volume": 346071885.952,
        "adr": 7.815569270752198,
        "condi_4": true
    },
    {
        "symbol": "INO_US",
        "rank_value": 1.3325740318906607,
        "volume": 331318694.655,
        "adr": 20.08676671177312,
        "condi_4": true
    },
    {
        "symbol": "NVAX_US",
        "rank_value": 1.3205960105743813,
        "volume": 503986162.365,
        "adr": 12.049044786480634,
        "condi_4": true
    },
    {
        "symbol": "S_US",
        "rank_value": 1.3140172278778388,
        "volume": 218909290.00700003,
        "adr": 8.7828881490855,
        "condi_4": true
    },
    {
        "symbol": "Z_US",
        "rank_value": 1.2835103692463328,
        "volume": 272533757.47499996,
        "adr": 5.776959514075264,
        "condi_4": true
    }
]