[
    {
        "symbol": "GOGO_US",
        "rank_value": 2.9940476190476195,
        "volume": 149539863.35300002,
        "adr": 17.82050558657271,
        "condi_4": true
    },
    {
        "symbol": "IMMU_US",
        "rank_value": 2.2612945838837515,
        "volume": 574412249.9250001,
        "adr": 4.952447598308307,
        "condi_4": true
    },
    {
        "symbol": "KODK_US",
        "rank_value": 2.15018315018315,
        "volume": 436946437.375,
        "adr": 22.775040522407906,
        "condi_4": true
    },
    {
        "symbol": "GME_US",
        "rank_value": 2.0776053215077606,
        "volume": 104521576.975,
        "adr": 15.47829544074486,
        "condi_4": true
    },
    {
        "symbol": "LK_US",
        "rank_value": 2.064935064935065,
        "volume": 198791688.52800003,
        "adr": 29.12297405710205,
        "condi_4": true
    },
    {
        "symbol": "INO_US",
        "rank_value": 1.9202733485193622,
        "volume": 393954098.28,
        "adr": 16.4903895047418,
        "condi_4": true
    },
    {
        "symbol": "VXRT_US",
        "rank_value": 1.862527716186253,
        "volume": 245773214.4,
        "adr": 22.26660532037028,
        "condi_4": true
    },
    {
        "symbol": "KCAC_US",
        "rank_value": 1.8449691991786445,
        "volume": 144990147.13199997,
        "adr": 12.27833661459432,
        "condi_4": true
    },
    {
        "symbol": "QS_US",
        "rank_value": 1.8449691991786445,
        "volume": 144990147.13199997,
        "adr": 12.27833661459432,
        "condi_4": true
    },
    {
        "symbol": "ITCI_US",
        "rank_value": 1.822132097334878,
        "volume": 116490281.075,
        "adr": 9.353733260748465,
        "condi_4": true
    },
    {
        "symbol": "SRNE_US",
        "rank_value": 1.6533795493934142,
        "volume": 316556494.65,
        "adr": 17.534719030562496,
        "condi_4": true
    },
    {
        "symbol": "APPS_US",
        "rank_value": 1.591747572815534,
        "volume": 191866441.97399998,
        "adr": 13.723788531010083,
        "condi_4": true
    },
    {
        "symbol": "GSX_US",
        "rank_value": 1.4680733691904564,
        "volume": 374921663.6375,
        "adr": 7.964729971449125,
        "condi_4": true
    },
    {
        "symbol": "BEKE_US",
        "rank_value": 1.437593984962406,
        "volume": 201938461.2,
        "adr": 9.309207065416691,
        "condi_4": true
    },
    {
        "symbol": "NIO_US",
        "rank_value": 1.4316334072431636,
        "volume": 2480446930.117,
        "adr": 11.362575443431822,
        "condi_4": true
    },
    {
        "symbol": "RUN_US",
        "rank_value": 1.419854494250176,
        "volume": 208970336.575,
        "adr": 8.123213201247449,
        "condi_4": true
    },
    {
        "symbol": "PENN_US",
        "rank_value": 1.382093068918123,
        "volume": 540354709.0455,
        "adr": 8.636496718309704,
        "condi_4": true
    },
    {
        "symbol": "AEO_US",
        "rank_value": 1.3706816059757234,
        "volume": 110728616.684,
        "adr": 5.657365905371847,
        "condi_4": true
    },
    {
        "symbol": "UTX_US",
        "rank_value": 1.3554042306577805,
        "volume": 950956822.1374999,
        "adr": 12.586647686893482,
        "condi_4": true
    },
    {
        "symbol": "CZR_US",
        "rank_value": 1.3294117647058823,
        "volume": 205757945.575,
        "adr": 6.823965269851651,
        "condi_4": true
    }
]