[
    {
        "symbol": "ATNM_US",
        "rank_value": 28.77777777777778,
        "volume": 220215223.452,
        "adr": 17.817442121740967,
        "condi_4": true
    },
    {
        "symbol": "ACHV_US",
        "rank_value": 21.512195121951223,
        "volume": 104467217.715,
        "adr": 30.236385636949148,
        "condi_4": true
    },
    {
        "symbol": "CPE_US",
        "rank_value": 9.903614457831326,
        "volume": 109006881.105,
        "adr": 13.500066009747691,
        "condi_4": true
    },
    {
        "symbol": "MCRB_US",
        "rank_value": 6.6730245231607626,
        "volume": 161536796.741,
        "adr": 41.28570128934088,
        "condi_4": true
    },
    {
        "symbol": "KODK_US",
        "rank_value": 3.923444976076555,
        "volume": 418622968.29999995,
        "adr": 70.5343428151614,
        "condi_4": true
    },
    {
        "symbol": "MARA_US",
        "rank_value": 3.75,
        "volume": 137837202.69,
        "adr": 35.37545388336274,
        "condi_4": true
    },
    {
        "symbol": "MIST_US",
        "rank_value": 2.4390243902439024,
        "volume": 116021561.2,
        "adr": 21.360938522912477,
        "condi_4": true
    },
    {
        "symbol": "OSTK_US",
        "rank_value": 2.3851407284768213,
        "volume": 725158549.2875,
        "adr": 13.871742642890306,
        "condi_4": true
    },
    {
        "symbol": "KNDI_US",
        "rank_value": 2.350923482849604,
        "volume": 141539483.7945,
        "adr": 36.124242347335645,
        "condi_4": true
    },
    {
        "symbol": "LK_US",
        "rank_value": 2.064935064935065,
        "volume": 198791688.52800003,
        "adr": 29.12297405710205,
        "condi_4": true
    },
    {
        "symbol": "JMIA_US",
        "rank_value": 1.5954832281634008,
        "volume": 193879572.584,
        "adr": 23.200768588725285,
        "condi_4": true
    },
    {
        "symbol": "LB_US",
        "rank_value": 1.585818795723129,
        "volume": 192134641.326,
        "adr": 6.4105459148595,
        "condi_4": true
    },
    {
        "symbol": "SRNE_US",
        "rank_value": 1.5193133047210299,
        "volume": 696802375.8989999,
        "adr": 22.361016151049242,
        "condi_4": true
    },
    {
        "symbol": "EBS_US",
        "rank_value": 1.5091541135573583,
        "volume": 151371146.96,
        "adr": 6.8732922002265,
        "condi_4": true
    },
    {
        "symbol": "AMD_US",
        "rank_value": 1.4937888198757763,
        "volume": 6570784048.256999,
        "adr": 6.958127706656536,
        "condi_4": true
    },
    {
        "symbol": "FTCH_US",
        "rank_value": 1.487611496531219,
        "volume": 145410727.401,
        "adr": 7.531823624950507,
        "condi_4": true
    },
    {
        "symbol": "ADT_US",
        "rank_value": 1.4462915601023019,
        "volume": 148764515.7375,
        "adr": 12.49776595146801,
        "condi_4": true
    },
    {
        "symbol": "NKLA_US",
        "rank_value": 1.4344827586206896,
        "volume": 832508603.6800001,
        "adr": 12.154186146096846,
        "condi_4": true
    },
    {
        "symbol": "MGM_US",
        "rank_value": 1.4300438910845807,
        "volume": 472739500.735,
        "adr": 7.467822685987446,
        "condi_4": true
    },
    {
        "symbol": "NVAX_US",
        "rank_value": 1.3932038834951457,
        "volume": 958353155.2,
        "adr": 16.334020592774714,
        "condi_4": true
    },
    {
        "symbol": "GNRC_US",
        "rank_value": 1.3566902720834886,
        "volume": 112688830.8,
        "adr": 3.9624324429654134,
        "condi_4": true
    },
    {
        "symbol": "UTX_US",
        "rank_value": 1.3554042306577805,
        "volume": 950956822.1374999,
        "adr": 12.586647686893482,
        "condi_4": true
    },
    {
        "symbol": "SEDG_US",
        "rank_value": 1.3469864698646987,
        "volume": 177432668.567,
        "adr": 6.848995816153947,
        "condi_4": true
    }
]