[
    {
        "symbol": "APVO_US",
        "rank_value": 6.833333333333333,
        "volume": 197038320.70000002,
        "adr": 47.1513644914181,
        "condi_4": true
    },
    {
        "symbol": "FPRX_US",
        "rank_value": 5.402843601895735,
        "volume": 119075716.62,
        "adr": 32.12846713451061,
        "condi_4": true
    },
    {
        "symbol": "LK_US",
        "rank_value": 2.064935064935065,
        "volume": 198791688.52800003,
        "adr": 29.12297405710205,
        "condi_4": true
    },
    {
        "symbol": "ACB_US",
        "rank_value": 1.881401617250674,
        "volume": 407809270.362,
        "adr": 22.74494826531164,
        "condi_4": true
    },
    {
        "symbol": "VSLR_US",
        "rank_value": 1.857451403887689,
        "volume": 111232331.2,
        "adr": 7.61046406019541,
        "condi_4": true
    },
    {
        "symbol": "CIT_US",
        "rank_value": 1.763704097924428,
        "volume": 122193295.98699999,
        "adr": 7.226601076080241,
        "condi_4": true
    },
    {
        "symbol": "LYFT_US",
        "rank_value": 1.710402999062793,
        "volume": 540047267.575,
        "adr": 8.048807131391778,
        "condi_4": true
    },
    {
        "symbol": "CNK_US",
        "rank_value": 1.6313672922252012,
        "volume": 128264736.53199999,
        "adr": 11.454225259255878,
        "condi_4": true
    },
    {
        "symbol": "PLTR_US",
        "rank_value": 1.6134361233480177,
        "volume": 457108873.685,
        "adr": 9.98107568242741,
        "condi_4": true
    },
    {
        "symbol": "HTZ_US",
        "rank_value": 1.6038613861386137,
        "volume": 146224317.90433,
        "adr": 22.32959405133508,
        "condi_4": true
    },
    {
        "symbol": "SHLL_US",
        "rank_value": 1.58837699488106,
        "volume": 326494481.8375,
        "adr": 16.75419373910849,
        "condi_4": true
    },
    {
        "symbol": "SPR_US",
        "rank_value": 1.5568181818181817,
        "volume": 128498375.94999999,
        "adr": 7.55585173779274,
        "condi_4": true
    },
    {
        "symbol": "CGC_US",
        "rank_value": 1.4344163658243079,
        "volume": 228688395.752,
        "adr": 8.69684065752796,
        "condi_4": true
    },
    {
        "symbol": "HALO_US",
        "rank_value": 1.4314590224182286,
        "volume": 107752986.01,
        "adr": 5.899623584156299,
        "condi_4": true
    },
    {
        "symbol": "DVN_US",
        "rank_value": 1.426908150064683,
        "volume": 117452066.53349999,
        "adr": 7.488922695006206,
        "condi_4": true
    },
    {
        "symbol": "ALGN_US",
        "rank_value": 1.4261798866416824,
        "volume": 339321296.277165,
        "adr": 5.93308085734392,
        "condi_4": true
    },
    {
        "symbol": "APPS_US",
        "rank_value": 1.4251781472684084,
        "volume": 133534047.60000001,
        "adr": 10.992880913907976,
        "condi_4": true
    },
    {
        "symbol": "TLRY_US",
        "rank_value": 1.424761904761905,
        "volume": 155163068.98400003,
        "adr": 18.475563418561514,
        "condi_4": true
    },
    {
        "symbol": "UBER_US",
        "rank_value": 1.411550151975684,
        "volume": 1141405224.822,
        "adr": 5.933173958067561,
        "condi_4": true
    },
    {
        "symbol": "CI_US",
        "rank_value": 1.3727629855958097,
        "volume": 403468673.8425,
        "adr": 4.496547736059542,
        "condi_4": true
    },
    {
        "symbol": "BKR_US",
        "rank_value": 1.3706349206349207,
        "volume": 130910733.5745,
        "adr": 5.630184867734744,
        "condi_4": true
    },
    {
        "symbol": "BNTX_US",
        "rank_value": 1.3667794810538192,
        "volume": 275245664.86,
        "adr": 7.560043568855113,
        "condi_4": true
    },
    {
        "symbol": "TTD_US",
        "rank_value": 1.3653258749493982,
        "volume": 482998964.0,
        "adr": 6.77979321868345,
        "condi_4": true
    },
    {
        "symbol": "UTX_US",
        "rank_value": 1.3554042306577805,
        "volume": 950956822.1374999,
        "adr": 12.586647686893482,
        "condi_4": true
    },
    {
        "symbol": "TPR_US",
        "rank_value": 1.3526570048309179,
        "volume": 151448978.51999998,
        "adr": 6.176966456045863,
        "condi_4": true
    },
    {
        "symbol": "PBR_US",
        "rank_value": 1.3517915309446256,
        "volume": 202279729.11,
        "adr": 5.297803870317219,
        "condi_4": true
    }
]