[
    {
        "symbol": "SAVA_US",
        "rank_value": 3.3561151079136695,
        "volume": 160652359.8585,
        "adr": 22.104112415084987,
        "condi_4": true
    },
    {
        "symbol": "GOGO_US",
        "rank_value": 2.5242165242165244,
        "volume": 129570701.279,
        "adr": 17.057239422359906,
        "condi_4": true
    },
    {
        "symbol": "IMMU_US",
        "rank_value": 2.249669749009247,
        "volume": 634090779.5300001,
        "adr": 4.353129714110415,
        "condi_4": true
    },
    {
        "symbol": "GME_US",
        "rank_value": 2.171052631578948,
        "volume": 126747347.265,
        "adr": 15.417855976360716,
        "condi_4": true
    },
    {
        "symbol": "LK_US",
        "rank_value": 2.064935064935065,
        "volume": 198791688.52800003,
        "adr": 29.12297405710205,
        "condi_4": true
    },
    {
        "symbol": "INO_US",
        "rank_value": 1.8018223234624147,
        "volume": 400641421.69100004,
        "adr": 16.416244878799535,
        "condi_4": true
    },
    {
        "symbol": "DPHC_US",
        "rank_value": 1.7773584905660378,
        "volume": 110942058.84750001,
        "adr": 15.26647011470037,
        "condi_4": true
    },
    {
        "symbol": "KCAC_US",
        "rank_value": 1.726530612244898,
        "volume": 144221191.812,
        "adr": 14.115020793038902,
        "condi_4": true
    },
    {
        "symbol": "QS_US",
        "rank_value": 1.726530612244898,
        "volume": 144221191.812,
        "adr": 14.115020793038902,
        "condi_4": true
    },
    {
        "symbol": "SRNE_US",
        "rank_value": 1.6533795493934142,
        "volume": 297915449.607,
        "adr": 15.172388399793203,
        "condi_4": true
    },
    {
        "symbol": "KODK_US",
        "rank_value": 1.6117216117216118,
        "volume": 339686377.3600001,
        "adr": 23.004381391300722,
        "condi_4": true
    },
    {
        "symbol": "ITCI_US",
        "rank_value": 1.5648899188876013,
        "volume": 102129679.903,
        "adr": 9.574191073761673,
        "condi_4": true
    },
    {
        "symbol": "VXRT_US",
        "rank_value": 1.558758314855876,
        "volume": 221896561.1535,
        "adr": 22.572659155043297,
        "condi_4": true
    },
    {
        "symbol": "APPS_US",
        "rank_value": 1.5533980582524272,
        "volume": 176700523.2,
        "adr": 12.793961608106198,
        "condi_4": true
    },
    {
        "symbol": "WKHS_US",
        "rank_value": 1.4762210796915165,
        "volume": 608381430.798,
        "adr": 14.390012459716006,
        "condi_4": true
    },
    {
        "symbol": "SHLL_US",
        "rank_value": 1.462809917355372,
        "volume": 260555566.95000002,
        "adr": 15.501857619428371,
        "condi_4": true
    },
    {
        "symbol": "DKNG_US",
        "rank_value": 1.4612018669778297,
        "volume": 1160340730.566,
        "adr": 10.792242713005784,
        "condi_4": true
    },
    {
        "symbol": "GSX_US",
        "rank_value": 1.4431112949937939,
        "volume": 357731067.6,
        "adr": 7.713650242197256,
        "condi_4": true
    },
    {
        "symbol": "PTON_US",
        "rank_value": 1.4427936896921427,
        "volume": 2952410795.1,
        "adr": 11.226146480355293,
        "condi_4": true
    },
    {
        "symbol": "QDEL_US",
        "rank_value": 1.440601392386313,
        "volume": 313120758.626,
        "adr": 10.999151488935377,
        "condi_4": true
    },
    {
        "symbol": "RUN_US",
        "rank_value": 1.4360478760854258,
        "volume": 208663835.42999998,
        "adr": 8.318077167083192,
        "condi_4": true
    },
    {
        "symbol": "CVNA_US",
        "rank_value": 1.4038461538461537,
        "volume": 379044115.95,
        "adr": 7.950159388197253,
        "condi_4": true
    },
    {
        "symbol": "CORT_US",
        "rank_value": 1.3983606557377048,
        "volume": 113139536.718,
        "adr": 10.404858600686895,
        "condi_4": true
    },
    {
        "symbol": "UTX_US",
        "rank_value": 1.3554042306577805,
        "volume": 950956822.1374999,
        "adr": 12.586647686893482,
        "condi_4": true
    },
    {
        "symbol": "PENN_US",
        "rank_value": 1.3483212252110741,
        "volume": 563988467.952,
        "adr": 9.135927120047471,
        "condi_4": true
    },
    {
        "symbol": "NNOX_US",
        "rank_value": 1.3476190476190477,
        "volume": 135031054.405,
        "adr": 26.898210710865953,
        "condi_4": true
    },
    {
        "symbol": "AEO_US",
        "rank_value": 1.3165266106442575,
        "volume": 102299021.475,
        "adr": 5.402921234862901,
        "condi_4": true
    },
    {
        "symbol": "S_US",
        "rank_value": 1.3140172278778388,
        "volume": 218909290.00700003,
        "adr": 8.7828881490855,
        "condi_4": true
    },
    {
        "symbol": "BEKE_US",
        "rank_value": 1.280047789725209,
        "volume": 163385840.2495,
        "adr": 9.04800802015635,
        "condi_4": true
    },
    {
        "symbol": "FVRR_US",
        "rank_value": 1.279936701312226,
        "volume": 122799263.39999999,
        "adr": 8.43747302879998,
        "condi_4": true
    },
    {
        "symbol": "CRWD_US",
        "rank_value": 1.2764640679844816,
        "volume": 946616528.1625,
        "adr": 8.08344494248232,
        "condi_4": true
    },
    {
        "symbol": "RTN_US",
        "rank_value": 1.2718446601941749,
        "volume": 503104524.04999995,
        "adr": 11.81115037072653,
        "condi_4": true
    },
    {
        "symbol": "ROKU_US",
        "rank_value": 1.2706043956043958,
        "volume": 1866363555.25,
        "adr": 7.809735019753683,
        "condi_4": true
    },
    {
        "symbol": "CZR_US",
        "rank_value": 1.2629161882893227,
        "volume": 194850067.5,
        "adr": 7.205068308011331,
        "condi_4": true
    },
    {
        "symbol": "PLAN_US",
        "rank_value": 1.2606837606837609,
        "volume": 150676353.5,
        "adr": 6.380705659256636,
        "condi_4": true
    },
    {
        "symbol": "NIO_US",
        "rank_value": 1.2492957746478872,
        "volume": 2047052442.5979998,
        "adr": 10.55823628548791,
        "condi_4": true
    },
    {
        "symbol": "SGEN_US",
        "rank_value": 1.2481721328598285,
        "volume": 154674269.32500002,
        "adr": 3.9975075932218607,
        "condi_4": true
    }
]