[
    {
        "symbol": "CRIS_US",
        "rank_value": 7.064220183486238,
        "volume": 191869353.82999998,
        "adr": 44.0524432656318,
        "condi_4": true
    },
    {
        "symbol": "VERU_US",
        "rank_value": 3.2646290675513514,
        "volume": 161163547.35,
        "adr": 21.25127978997994,
        "condi_4": true
    },
    {
        "symbol": "EDIT_US",
        "rank_value": 2.9710940358580316,
        "volume": 226951019.95999998,
        "adr": 13.437703226750797,
        "condi_4": true
    },
    {
        "symbol": "TGTX_US",
        "rank_value": 2.079018028385117,
        "volume": 156304778.4,
        "adr": 10.011174539645351,
        "condi_4": true
    },
    {
        "symbol": "LK_US",
        "rank_value": 2.064935064935065,
        "volume": 198791688.52800003,
        "adr": 29.12297405710205,
        "condi_4": true
    },
    {
        "symbol": "SNDL_US",
        "rank_value": 2.0458333333333334,
        "volume": 244278136.9255,
        "adr": 32.09667053397236,
        "condi_4": true
    },
    {
        "symbol": "VLDR_US",
        "rank_value": 1.9335714285714285,
        "volume": 274791331.3765,
        "adr": 15.007327918625823,
        "condi_4": true
    },
    {
        "symbol": "VSLR_US",
        "rank_value": 1.857451403887689,
        "volume": 111232331.2,
        "adr": 7.61046406019541,
        "condi_4": true
    },
    {
        "symbol": "RIG_US",
        "rank_value": 1.6842105263157896,
        "volume": 110768076.832,
        "adr": 13.92855718764694,
        "condi_4": true
    },
    {
        "symbol": "RAD_US",
        "rank_value": 1.655597722960152,
        "volume": 116728767.4925,
        "adr": 10.570804964887737,
        "condi_4": true
    },
    {
        "symbol": "XL_US",
        "rank_value": 1.609009009009009,
        "volume": 104829177.12799999,
        "adr": 15.257374145203295,
        "condi_4": true
    },
    {
        "symbol": "HTZ_US",
        "rank_value": 1.6038613861386137,
        "volume": 146224317.90433,
        "adr": 22.32959405133508,
        "condi_4": true
    },
    {
        "symbol": "CHWY_US",
        "rank_value": 1.5911477869467365,
        "volume": 499725920.1375,
        "adr": 6.888218487668896,
        "condi_4": true
    },
    {
        "symbol": "SHLL_US",
        "rank_value": 1.58837699488106,
        "volume": 326494481.8375,
        "adr": 16.75419373910849,
        "condi_4": true
    },
    {
        "symbol": "SKLZ_US",
        "rank_value": 1.5851910828025477,
        "volume": 105630490.108,
        "adr": 13.933859034906693,
        "condi_4": true
    },
    {
        "symbol": "CRSP_US",
        "rank_value": 1.5784586815227484,
        "volume": 239267358.5,
        "adr": 8.166995461971371,
        "condi_4": true
    },
    {
        "symbol": "X_US",
        "rank_value": 1.5426214482126488,
        "volume": 263175723.65699998,
        "adr": 9.079977804459705,
        "condi_4": true
    },
    {
        "symbol": "WORK_US",
        "rank_value": 1.5405697800216371,
        "volume": 1547593096.008,
        "adr": 5.249214735689667,
        "condi_4": true
    },
    {
        "symbol": "PLTR_US",
        "rank_value": 1.528888888888889,
        "volume": 2417851846.272,
        "adr": 14.770373748563204,
        "condi_4": true
    },
    {
        "symbol": "CLF_US",
        "rank_value": 1.5266666666666666,
        "volume": 180190319.868,
        "adr": 7.505554999069974,
        "condi_4": true
    }
]