[
    {
        "symbol": "CHK_US",
        "rank_value": 108.77862595419847,
        "volume": 1151907700.425,
        "adr": 19.065515002568745,
        "condi_4": true
    },
    {
        "symbol": "MFA_US",
        "rank_value": 5.8600482592209575,
        "volume": 128688981.105,
        "adr": 95.44264682569784,
        "condi_4": true
    },
    {
        "symbol": "PENN_US",
        "rank_value": 3.495,
        "volume": 153464883.81,
        "adr": 22.779462721331313,
        "condi_4": true
    },
    {
        "symbol": "TLRY_US",
        "rank_value": 2.721115537848606,
        "volume": 121411025.6135,
        "adr": 25.161428521998054,
        "condi_4": true
    },
    {
        "symbol": "WEN_US",
        "rank_value": 2.563120567375887,
        "volume": 114050958.944,
        "adr": 10.985234429927138,
        "condi_4": true
    },
    {
        "symbol": "ERI_US",
        "rank_value": 2.4909365558912384,
        "volume": 113948474.9135,
        "adr": 25.57291049990034,
        "condi_4": true
    },
    {
        "symbol": "CZR_US",
        "rank_value": 2.44311377245509,
        "volume": 136830765.792,
        "adr": 13.368479909909547,
        "condi_4": true
    },
    {
        "symbol": "PLNT_US",
        "rank_value": 2.2467481277098935,
        "volume": 161786477.25,
        "adr": 13.366843178342492,
        "condi_4": true
    },
    {
        "symbol": "CODX_US",
        "rank_value": 2.140969162995595,
        "volume": 103727824.425,
        "adr": 20.4675255983648,
        "condi_4": true
    },
    {
        "symbol": "TSLA_US",
        "rank_value": 2.131054131054131,
        "volume": 9308873052.6,
        "adr": 10.275411144269375,
        "condi_4": true
    },
    {
        "symbol": "MGM_US",
        "rank_value": 2.125581395348837,
        "volume": 434449395.324,
        "adr": 17.31884153065677,
        "condi_4": true
    },
    {
        "symbol": "FANG_US",
        "rank_value": 2.0419122462344466,
        "volume": 158305714.726,
        "adr": 15.445951218668096,
        "condi_4": true
    },
    {
        "symbol": "OKE_US",
        "rank_value": 2.0401146131805157,
        "volume": 205424918.528,
        "adr": 13.837602155911144,
        "condi_4": true
    },
    {
        "symbol": "APTV_US",
        "rank_value": 2.028639618138425,
        "volume": 128122748.25,
        "adr": 8.59791401787955,
        "condi_4": true
    },
    {
        "symbol": "SPCE_US",
        "rank_value": 2.021276595744681,
        "volume": 275808408.95,
        "adr": 16.482889138391844,
        "condi_4": true
    },
    {
        "symbol": "DRI_US",
        "rank_value": 2.019365609348915,
        "volume": 255771988.416,
        "adr": 14.4584982193809,
        "condi_4": true
    },
    {
        "symbol": "UBER_US",
        "rank_value": 1.9604441360166551,
        "volume": 978069632.675,
        "adr": 10.57212927594775,
        "condi_4": true
    },
    {
        "symbol": "WYNN_US",
        "rank_value": 1.949223888450408,
        "volume": 517196136.23,
        "adr": 13.923002560920805,
        "condi_4": true
    }
]