[
    {
        "symbol": "ACB_US",
        "rank_value": 21.62121212121212,
        "volume": 354517377.87450004,
        "adr": 22.073413494810048,
        "condi_4": true
    },
    {
        "symbol": "MGNX_US",
        "rank_value": 3.2242703533026114,
        "volume": 160131590.1835,
        "adr": 29.99241204632672,
        "condi_4": true
    },
    {
        "symbol": "NVAX_US",
        "rank_value": 2.7133333333333334,
        "volume": 581846970.0450001,
        "adr": 22.77073620687218,
        "condi_4": true
    },
    {
        "symbol": "NKLA_US",
        "rank_value": 2.6899147286821705,
        "volume": 301179576.03483,
        "adr": 19.208417634219856,
        "condi_4": true
    },
    {
        "symbol": "FSLY_US",
        "rank_value": 2.3687756097560975,
        "volume": 241829620.40128502,
        "adr": 13.043787190006828,
        "condi_4": true
    },
    {
        "symbol": "PENN_US",
        "rank_value": 2.29769392033543,
        "volume": 633082760.0280001,
        "adr": 12.779486134779239,
        "condi_4": true
    },
    {
        "symbol": "DKNG_US",
        "rank_value": 2.0168711656441722,
        "volume": 507458723.55,
        "adr": 12.459085513894209,
        "condi_4": true
    },
    {
        "symbol": "NCLH_US",
        "rank_value": 1.9696969696969695,
        "volume": 1230575053.89,
        "adr": 12.38797070905231,
        "condi_4": true
    },
    {
        "symbol": "TWLO_US",
        "rank_value": 1.8867924528301887,
        "volume": 1224600800.0,
        "adr": 8.279493324379628,
        "condi_4": true
    },
    {
        "symbol": "WIX_US",
        "rank_value": 1.8637107329842932,
        "volume": 237197583.795,
        "adr": 6.3673293015034105,
        "condi_4": true
    },
    {
        "symbol": "SRNE_US",
        "rank_value": 1.8565022421524662,
        "volume": 269380078.866,
        "adr": 30.71422290293566,
        "condi_4": true
    },
    {
        "symbol": "MYOK_US",
        "rank_value": 1.8357333333333334,
        "volume": 108704037.579,
        "adr": 10.372089337357426,
        "condi_4": true
    },
    {
        "symbol": "DDOG_US",
        "rank_value": 1.6356996119607394,
        "volume": 423478356.58299994,
        "adr": 8.782007933968107,
        "condi_4": true
    }
]