[
    {
        "symbol": "ALT_US",
        "rank_value": 2.563953488372093,
        "volume": 176727726.94500002,
        "adr": 35.54941056535106,
        "condi_4": true
    },
    {
        "symbol": "IBIO_US",
        "rank_value": 2.351351351351351,
        "volume": 190223030.2875,
        "adr": 24.523527313922287,
        "condi_4": true
    },
    {
        "symbol": "OPK_US",
        "rank_value": 2.1563636363636363,
        "volume": 143439228.793,
        "adr": 11.616021404900522,
        "condi_4": true
    },
    {
        "symbol": "LK_US",
        "rank_value": 2.064935064935065,
        "volume": 198791688.52800003,
        "adr": 29.12297405710205,
        "condi_4": true
    },
    {
        "symbol": "RUN_US",
        "rank_value": 2.024911995667479,
        "volume": 214905990.757,
        "adr": 9.778288496793252,
        "condi_4": true
    },
    {
        "symbol": "NVAX_US",
        "rank_value": 1.9278514588859417,
        "volume": 905388816.3120002,
        "adr": 13.861252378133027,
        "condi_4": true
    },
    {
        "symbol": "VXRT_US",
        "rank_value": 1.6893687707641196,
        "volume": 365012156.475,
        "adr": 23.664365679021593,
        "condi_4": true
    },
    {
        "symbol": "TSLA_US",
        "rank_value": 1.582623288636688,
        "volume": 14742035769.020002,
        "adr": 9.713013102847379,
        "condi_4": true
    },
    {
        "symbol": "WKHS_US",
        "rank_value": 1.5733855185909977,
        "volume": 494587879.41599995,
        "adr": 17.1680082264271,
        "condi_4": true
    },
    {
        "symbol": "SPCE_US",
        "rank_value": 1.5679112627986347,
        "volume": 550482792.074715,
        "adr": 10.929592458177906,
        "condi_4": true
    },
    {
        "symbol": "GSX_US",
        "rank_value": 1.5501934057837539,
        "volume": 333098770.224,
        "adr": 10.085169848037978,
        "condi_4": true
    },
    {
        "symbol": "GFI_US",
        "rank_value": 1.535195530726257,
        "volume": 125255987.562,
        "adr": 4.903851697342176,
        "condi_4": true
    },
    {
        "symbol": "AG_US",
        "rank_value": 1.4874863982589772,
        "volume": 117811085.171,
        "adr": 7.130761522205864,
        "condi_4": true
    },
    {
        "symbol": "TSM_US",
        "rank_value": 1.4771828961552282,
        "volume": 1141193201.218,
        "adr": 4.543683779861052,
        "condi_4": true
    },
    {
        "symbol": "MRNA_US",
        "rank_value": 1.4217958526922738,
        "volume": 2437569095.2875,
        "adr": 11.939086744861305,
        "condi_4": true
    },
    {
        "symbol": "PHM_US",
        "rank_value": 1.416798732171157,
        "volume": 140662630.5,
        "adr": 4.8921474330299475,
        "condi_4": true
    },
    {
        "symbol": "SRNE_US",
        "rank_value": 1.3771929824561402,
        "volume": 186483703.53,
        "adr": 13.362323500679295,
        "condi_4": true
    }
]