[
    {
        "symbol": "WWR_US",
        "rank_value": 3.507936507936508,
        "volume": 144332256.172,
        "adr": 43.21161761516865,
        "condi_4": true
    },
    {
        "symbol": "JMIA_US",
        "rank_value": 2.298013245033113,
        "volume": 270745678.63750005,
        "adr": 12.6500838056955,
        "condi_4": true
    },
    {
        "symbol": "LK_US",
        "rank_value": 2.064935064935065,
        "volume": 198791688.52800003,
        "adr": 29.12297405710205,
        "condi_4": true
    },
    {
        "symbol": "VSLR_US",
        "rank_value": 1.857451403887689,
        "volume": 111232331.2,
        "adr": 7.61046406019541,
        "condi_4": true
    },
    {
        "symbol": "JKS_US",
        "rank_value": 1.7335039817974973,
        "volume": 900541494.7475001,
        "adr": 14.663302975139313,
        "condi_4": true
    },
    {
        "symbol": "MYOK_US",
        "rank_value": 1.708853967037179,
        "volume": 486167275.72400004,
        "adr": 3.5923153380603257,
        "condi_4": true
    },
    {
        "symbol": "BBBY_US",
        "rank_value": 1.6880804516584333,
        "volume": 332080377.81809,
        "adr": 8.874488615645127,
        "condi_4": true
    },
    {
        "symbol": "SNAP_US",
        "rank_value": 1.648066958947788,
        "volume": 2040141520.9350002,
        "adr": 6.351814956335899,
        "condi_4": true
    },
    {
        "symbol": "EV_US",
        "rank_value": 1.604967948717949,
        "volume": 148882607.427,
        "adr": 4.463633571389947,
        "condi_4": true
    },
    {
        "symbol": "HTZ_US",
        "rank_value": 1.6038613861386137,
        "volume": 146224317.90433,
        "adr": 22.32959405133508,
        "condi_4": true
    },
    {
        "symbol": "SHLL_US",
        "rank_value": 1.58837699488106,
        "volume": 326494481.8375,
        "adr": 16.75419373910849,
        "condi_4": true
    },
    {
        "symbol": "SPWR_US",
        "rank_value": 1.4876260311640697,
        "volume": 171683130.2385,
        "adr": 10.619316445086803,
        "condi_4": true
    },
    {
        "symbol": "ALGN_US",
        "rank_value": 1.4627616682256557,
        "volume": 292171796.625,
        "adr": 5.413329868412986,
        "condi_4": true
    },
    {
        "symbol": "NET_US",
        "rank_value": 1.409412955465587,
        "volume": 330108734.74,
        "adr": 6.535856268039764,
        "condi_4": true
    },
    {
        "symbol": "DQ_US",
        "rank_value": 1.4073060830383006,
        "volume": 103179815.14500001,
        "adr": 11.321998320592218,
        "condi_4": true
    },
    {
        "symbol": "TPR_US",
        "rank_value": 1.4026402640264026,
        "volume": 105770908.125,
        "adr": 4.672963463621338,
        "condi_4": true
    },
    {
        "symbol": "GME_US",
        "rank_value": 1.3968957871396896,
        "volume": 203316370.10999998,
        "adr": 13.555875436758846,
        "condi_4": true
    },
    {
        "symbol": "ENPH_US",
        "rank_value": 1.3836936814462562,
        "volume": 319880637.18,
        "adr": 7.912173626686192,
        "condi_4": true
    },
    {
        "symbol": "UTX_US",
        "rank_value": 1.3554042306577805,
        "volume": 950956822.1374999,
        "adr": 12.586647686893482,
        "condi_4": true
    },
    {
        "symbol": "CGC_US",
        "rank_value": 1.3420101229211858,
        "volume": 118279903.904,
        "adr": 7.406099929223742,
        "condi_4": true
    },
    {
        "symbol": "PAYC_US",
        "rank_value": 1.338111888111888,
        "volume": 118540100.36,
        "adr": 3.728667420285303,
        "condi_4": true
    },
    {
        "symbol": "ARRY_US",
        "rank_value": 1.332185886402754,
        "volume": 250271675.145,
        "adr": 7.0522359043505345,
        "condi_4": true
    },
    {
        "symbol": "S_US",
        "rank_value": 1.3140172278778388,
        "volume": 218909290.00700003,
        "adr": 8.7828881490855,
        "condi_4": true
    },
    {
        "symbol": "PINS_US",
        "rank_value": 1.3040439340988517,
        "volume": 766762042.38,
        "adr": 5.652479105643127,
        "condi_4": true
    },
    {
        "symbol": "SEDG_US",
        "rank_value": 1.3004155463211928,
        "volume": 287390895.4,
        "adr": 7.600254543257967,
        "condi_4": true
    }
]