[
    {
        "symbol": "CODX_US",
        "rank_value": 4.229629629629629,
        "volume": 244572775.6,
        "adr": 59.78296103476488,
        "condi_4": true
    },
    {
        "symbol": "APT_US",
        "rank_value": 2.6893617021276595,
        "volume": 146270466.784,
        "adr": 54.60848038109172,
        "condi_4": true
    },
    {
        "symbol": "FTSV_US",
        "rank_value": 2.123062470643495,
        "volume": 282165357.28000003,
        "adr": 10.448001909117298,
        "condi_4": true
    },
    {
        "symbol": "EQT_US",
        "rank_value": 2.066508313539192,
        "volume": 123208536.52499999,
        "adr": 19.08541378833233,
        "condi_4": true
    },
    {
        "symbol": "INO_US",
        "rank_value": 2.025210084033614,
        "volume": 430634922.5385001,
        "adr": 45.590042564282165,
        "condi_4": true
    },
    {
        "symbol": "MRNA_US",
        "rank_value": 1.7571189279731994,
        "volume": 768933560.0385,
        "adr": 24.553273408247733,
        "condi_4": true
    },
    {
        "symbol": "AGNC_US",
        "rank_value": 1.6576,
        "volume": 156725068.864,
        "adr": 12.696326956653747,
        "condi_4": true
    },
    {
        "symbol": "NLY_US",
        "rank_value": 1.5982905982905984,
        "volume": 146189560.85250002,
        "adr": 12.722972914735742,
        "condi_4": true
    },
    {
        "symbol": "PTON_US",
        "rank_value": 1.5841176470588234,
        "volume": 222396627.618,
        "adr": 11.913741825333934,
        "condi_4": true
    },
    {
        "symbol": "KGC_US",
        "rank_value": 1.5257352941176472,
        "volume": 103568672.39000002,
        "adr": 14.342129320654484,
        "condi_4": true
    },
    {
        "symbol": "CHD_US",
        "rank_value": 1.4460191746561066,
        "volume": 145819179.108,
        "adr": 6.974575753782264,
        "condi_4": true
    },
    {
        "symbol": "FNV_US",
        "rank_value": 1.4276209823398502,
        "volume": 126970880.575,
        "adr": 9.447783499393104,
        "condi_4": true
    },
    {
        "symbol": "WPM_US",
        "rank_value": 1.422949002217295,
        "volume": 111593372.28050001,
        "adr": 11.310927588374087,
        "condi_4": true
    },
    {
        "symbol": "COG_US",
        "rank_value": 1.4229236851416,
        "volume": 283820551.825,
        "adr": 11.022175416190173,
        "condi_4": true
    },
    {
        "symbol": "CY_US",
        "rank_value": 1.4171696847753186,
        "volume": 331346035.927,
        "adr": 8.425186189256273,
        "condi_4": true
    },
    {
        "symbol": "LYV_US",
        "rank_value": 1.4078341013824887,
        "volume": 195005475.3725,
        "adr": 14.331357396037747,
        "condi_4": true
    },
    {
        "symbol": "WELL_US",
        "rank_value": 1.3597033374536465,
        "volume": 154625885.70000002,
        "adr": 12.191994997053923,
        "condi_4": true
    },
    {
        "symbol": "MAR_US",
        "rank_value": 1.3530288517295146,
        "volume": 395481435.29999995,
        "adr": 11.880391657281276,
        "condi_4": true
    }
]