[
    {
        "symbol": "BNGO_US",
        "rank_value": 16.153846153846153,
        "volume": 1651699036.68,
        "adr": 42.30847869659424,
        "condi_4": true
    },
    {
        "symbol": "GRTS_US",
        "rank_value": 8.077669902912621,
        "volume": 173303623.58400002,
        "adr": 34.926727798726745,
        "condi_4": true
    },
    {
        "symbol": "OCGN_US",
        "rank_value": 7.789473684210527,
        "volume": 288793791.681,
        "adr": 55.82923509443356,
        "condi_4": true
    },
    {
        "symbol": "AVGR_US",
        "rank_value": 7.571428571428571,
        "volume": 118712135.86,
        "adr": 42.75677372925297,
        "condi_4": true
    },
    {
        "symbol": "SENS_US",
        "rank_value": 6.437768240343347,
        "volume": 160813949.445,
        "adr": 42.64984882432476,
        "condi_4": true
    },
    {
        "symbol": "ZOM_US",
        "rank_value": 6.355140186915888,
        "volume": 296718656.01299995,
        "adr": 35.287477969691786,
        "condi_4": true
    },
    {
        "symbol": "TRXC_US",
        "rank_value": 6.0754716981132075,
        "volume": 158337272.681,
        "adr": 35.332052965141926,
        "condi_4": true
    },
    {
        "symbol": "FRSX_US",
        "rank_value": 5.521472392638037,
        "volume": 247902844.5,
        "adr": 33.593296520803094,
        "condi_4": true
    },
    {
        "symbol": "UAVS_US",
        "rank_value": 4.339622641509434,
        "volume": 156569838.9,
        "adr": 27.009720402595285,
        "condi_4": true
    },
    {
        "symbol": "GEVO_US",
        "rank_value": 4.139639639639639,
        "volume": 458005472.574,
        "adr": 24.394384908716525,
        "condi_4": true
    },
    {
        "symbol": "EH_US",
        "rank_value": 3.8611745250885336,
        "volume": 243076999.27499998,
        "adr": 20.50107896968707,
        "condi_4": true
    },
    {
        "symbol": "OBLN_US",
        "rank_value": 3.673913043478261,
        "volume": 119238446.4375,
        "adr": 42.59365017283183,
        "condi_4": true
    },
    {
        "symbol": "ACRS_US",
        "rank_value": 3.505777568516666,
        "volume": 123104466.98050001,
        "adr": 24.76761911202423,
        "condi_4": true
    },
    {
        "symbol": "FTFT_US",
        "rank_value": 3.314102564102564,
        "volume": 140585622.056,
        "adr": 38.03229459451565,
        "condi_4": true
    },
    {
        "symbol": "DDD_US",
        "rank_value": 3.145,
        "volume": 804350148.03,
        "adr": 21.04613183918833,
        "condi_4": true
    },
    {
        "symbol": "BTBT_US",
        "rank_value": 3.1313725490196083,
        "volume": 280640547.2935,
        "adr": 33.79302604325258,
        "condi_4": true
    },
    {
        "symbol": "ACTC_US",
        "rank_value": 2.5631067961165046,
        "volume": 128616313.32,
        "adr": 14.407553593649203,
        "condi_4": true
    },
    {
        "symbol": "LAC_US",
        "rank_value": 2.5277777777777777,
        "volume": 214226736.5875,
        "adr": 14.93742092919148,
        "condi_4": true
    },
    {
        "symbol": "TLRY_US",
        "rank_value": 2.2151898734177213,
        "volume": 519800364.125,
        "adr": 12.943478046112888,
        "condi_4": true
    },
    {
        "symbol": "CLNE_US",
        "rank_value": 2.1234309623430963,
        "volume": 130175933.265,
        "adr": 18.19544570370435,
        "condi_4": true
    },
    {
        "symbol": "PLUG_US",
        "rank_value": 2.102177554438861,
        "volume": 3309288510.125,
        "adr": 13.618586972775958,
        "condi_4": true
    },
    {
        "symbol": "LK_US",
        "rank_value": 2.064935064935065,
        "volume": 198791688.52800003,
        "adr": 29.12297405710205,
        "condi_4": true
    },
    {
        "symbol": "IPOE_US",
        "rank_value": 2.038310412573674,
        "volume": 210767200.75349998,
        "adr": 11.467101790220614,
        "condi_4": true
    },
    {
        "symbol": "RIOT_US",
        "rank_value": 2.032211111111111,
        "volume": 640941999.9961051,
        "adr": 20.73381215670187,
        "condi_4": true
    },
    {
        "symbol": "FCEL_US",
        "rank_value": 2.020286396181384,
        "volume": 1178226822.0875,
        "adr": 17.174365704009897,
        "condi_4": true
    },
    {
        "symbol": "NGA_US",
        "rank_value": 1.971830985915493,
        "volume": 143953090.4,
        "adr": 15.21060245425061,
        "condi_4": true
    },
    {
        "symbol": "STPK_US",
        "rank_value": 1.9699519230769231,
        "volume": 103568873.837,
        "adr": 16.488618502786313,
        "condi_4": true
    },
    {
        "symbol": "BB_US",
        "rank_value": 1.9324635456638528,
        "volume": 425127434.5915,
        "adr": 10.082075830518766,
        "condi_4": true
    },
    {
        "symbol": "IDEX_US",
        "rank_value": 1.9277108433734942,
        "volume": 181979737.92000002,
        "adr": 18.26482792929771,
        "condi_4": true
    },
    {
        "symbol": "MARA_US",
        "rank_value": 1.9240806642941874,
        "volume": 864255379.8429999,
        "adr": 25.467985325638097,
        "condi_4": true
    },
    {
        "symbol": "APHA_US",
        "rank_value": 1.8932330827067667,
        "volume": 200497775.1015,
        "adr": 9.614708192405107,
        "condi_4": true
    },
    {
        "symbol": "PACB_US",
        "rank_value": 1.8743589743589741,
        "volume": 213846083.92749998,
        "adr": 13.583768032634126,
        "condi_4": true
    },
    {
        "symbol": "VSLR_US",
        "rank_value": 1.857451403887689,
        "volume": 111232331.2,
        "adr": 7.61046406019541,
        "condi_4": true
    },
    {
        "symbol": "CCIV_US",
        "rank_value": 1.786868686868687,
        "volume": 643610835.117,
        "adr": 10.025838820280075,
        "condi_4": true
    },
    {
        "symbol": "BLDP_US",
        "rank_value": 1.7543859649122808,
        "volume": 248795814.75,
        "adr": 9.775215667134729,
        "condi_4": true
    },
    {
        "symbol": "MSTR_US",
        "rank_value": 1.7237176585297906,
        "volume": 368850537.0,
        "adr": 10.14501944350592,
        "condi_4": true
    },
    {
        "symbol": "CELH_US",
        "rank_value": 1.6786842105263158,
        "volume": 103759633.885,
        "adr": 10.429933047779905,
        "condi_4": true
    },
    {
        "symbol": "ACIA_US",
        "rank_value": 1.6360777587192683,
        "volume": 297578476.17399997,
        "adr": 3.8908115304740587,
        "condi_4": true
    },
    {
        "symbol": "SKLZ_US",
        "rank_value": 1.6186203028603479,
        "volume": 164385236.769,
        "adr": 11.373774282352201,
        "condi_4": true
    },
    {
        "symbol": "HTZ_US",
        "rank_value": 1.6038613861386137,
        "volume": 146224317.90433,
        "adr": 22.32959405133508,
        "condi_4": true
    },
    {
        "symbol": "SHLL_US",
        "rank_value": 1.58837699488106,
        "volume": 326494481.8375,
        "adr": 16.75419373910849,
        "condi_4": true
    },
    {
        "symbol": "BILI_US",
        "rank_value": 1.5801513994910943,
        "volume": 621337261.62805,
        "adr": 8.569569835463199,
        "condi_4": true
    },
    {
        "symbol": "FLGT_US",
        "rank_value": 1.577113256416294,
        "volume": 135616026.916,
        "adr": 12.245397601460306,
        "condi_4": true
    },
    {
        "symbol": "AMC_US",
        "rank_value": 1.5706806282722514,
        "volume": 176197609.64999998,
        "adr": 12.744819364617888,
        "condi_4": true
    },
    {
        "symbol": "ARCT_US",
        "rank_value": 1.5706806282722514,
        "volume": 175588213.5,
        "adr": 20.81795442977534,
        "condi_4": true
    },
    {
        "symbol": "BE_US",
        "rank_value": 1.5688722430295465,
        "volume": 166712193.57,
        "adr": 9.892201504113851,
        "condi_4": true
    },
    {
        "symbol": "SNDL_US",
        "rank_value": 1.562945368171021,
        "volume": 205616093.34489998,
        "adr": 15.37679085421717,
        "condi_4": true
    },
    {
        "symbol": "FEYE_US",
        "rank_value": 1.5588437715072263,
        "volume": 239386866.98999998,
        "adr": 6.858154683309747,
        "condi_4": true
    },
    {
        "symbol": "SRNE_US",
        "rank_value": 1.536121673003802,
        "volume": 175081106.805,
        "adr": 10.162154341712881,
        "condi_4": true
    },
    {
        "symbol": "NTLA_US",
        "rank_value": 1.5261607142857143,
        "volume": 114313409.57134,
        "adr": 11.974588433662102,
        "condi_4": true
    }
]