[
    {
        "symbol": "AI_US",
        "rank_value": 56.569767441860456,
        "volume": 881399632.1025,
        "adr": 14.436127388681452,
        "condi_4": true
    },
    {
        "symbol": "CRIS_US",
        "rank_value": 7.110091743119265,
        "volume": 195341238.525,
        "adr": 45.37294657984445,
        "condi_4": true
    },
    {
        "symbol": "OCGN_US",
        "rank_value": 7.068903962870403,
        "volume": 214508834.1,
        "adr": 41.97438832160183,
        "condi_4": true
    },
    {
        "symbol": "ARVN_US",
        "rank_value": 3.523911187019641,
        "volume": 172605420.792,
        "adr": 15.400037796717658,
        "condi_4": true
    },
    {
        "symbol": "QS_US",
        "rank_value": 3.4673454418442193,
        "volume": 1573714029.602525,
        "adr": 23.649215989302984,
        "condi_4": true
    },
    {
        "symbol": "VERU_US",
        "rank_value": 2.9186440677966097,
        "volume": 154031385.50100002,
        "adr": 21.750906937581284,
        "condi_4": true
    },
    {
        "symbol": "MVIS_US",
        "rank_value": 2.840909090909091,
        "volume": 156006693.125,
        "adr": 22.18167776975093,
        "condi_4": true
    },
    {
        "symbol": "MARA_US",
        "rank_value": 2.566666666666667,
        "volume": 407898230.355,
        "adr": 21.822877498701267,
        "condi_4": true
    },
    {
        "symbol": "EDIT_US",
        "rank_value": 2.5636729222520107,
        "volume": 242347249.35,
        "adr": 15.327210077695463,
        "condi_4": true
    },
    {
        "symbol": "GEVO_US",
        "rank_value": 2.55625,
        "volume": 119552279.967,
        "adr": 21.123602206287106,
        "condi_4": true
    },
    {
        "symbol": "BLNK_US",
        "rank_value": 2.4667729930887825,
        "volume": 612711981.4399999,
        "adr": 17.38264633901685,
        "condi_4": true
    },
    {
        "symbol": "LK_US",
        "rank_value": 2.064935064935065,
        "volume": 198791688.52800003,
        "adr": 29.12297405710205,
        "condi_4": true
    },
    {
        "symbol": "RMO_US",
        "rank_value": 2.045807453416149,
        "volume": 153739047.3325,
        "adr": 19.86958055097481,
        "condi_4": true
    },
    {
        "symbol": "VSLR_US",
        "rank_value": 1.857451403887689,
        "volume": 111232331.2,
        "adr": 7.61046406019541,
        "condi_4": true
    },
    {
        "symbol": "XL_US",
        "rank_value": 1.8544,
        "volume": 290509858.944,
        "adr": 20.028201693517687,
        "condi_4": true
    },
    {
        "symbol": "MGNI_US",
        "rank_value": 1.8390129259694479,
        "volume": 180965316.35,
        "adr": 11.978680269165043,
        "condi_4": true
    },
    {
        "symbol": "FCEL_US",
        "rank_value": 1.815950920245399,
        "volume": 746798165.696,
        "adr": 15.31045949806542,
        "condi_4": true
    },
    {
        "symbol": "MP_US",
        "rank_value": 1.7762162162162163,
        "volume": 153839423.178,
        "adr": 13.070045226441373,
        "condi_4": true
    },
    {
        "symbol": "PACB_US",
        "rank_value": 1.769585253456221,
        "volume": 134231947.584,
        "adr": 12.697854977019851,
        "condi_4": true
    },
    {
        "symbol": "SFIX_US",
        "rank_value": 1.7448571428571429,
        "volume": 278304170.3265,
        "adr": 9.104742066451067,
        "condi_4": true
    },
    {
        "symbol": "FEYE_US",
        "rank_value": 1.738494811644223,
        "volume": 375165544.254,
        "adr": 8.869444067868582,
        "condi_4": true
    },
    {
        "symbol": "SBE_US",
        "rank_value": 1.7003298045602608,
        "volume": 225020559.233045,
        "adr": 13.526500150521926,
        "condi_4": true
    },
    {
        "symbol": "CIIC_US",
        "rank_value": 1.6979472140762462,
        "volume": 122938499.68499999,
        "adr": 16.42690060557066,
        "condi_4": true
    },
    {
        "symbol": "FATE_US",
        "rank_value": 1.6566979295699877,
        "volume": 123799394.69100001,
        "adr": 9.070276973423175,
        "condi_4": true
    },
    {
        "symbol": "HTZ_US",
        "rank_value": 1.6038613861386137,
        "volume": 146224317.90433,
        "adr": 22.32959405133508,
        "condi_4": true
    },
    {
        "symbol": "IPOC_US",
        "rank_value": 1.6009852216748768,
        "volume": 175816636.9375,
        "adr": 8.693166889394233,
        "condi_4": true
    },
    {
        "symbol": "GME_US",
        "rank_value": 1.5930807248764414,
        "volume": 201453230.152,
        "adr": 12.204319782841665,
        "condi_4": true
    },
    {
        "symbol": "SHLL_US",
        "rank_value": 1.58837699488106,
        "volume": 326494481.8375,
        "adr": 16.75419373910849,
        "condi_4": true
    },
    {
        "symbol": "DQ_US",
        "rank_value": 1.5532144786601836,
        "volume": 131329180.625,
        "adr": 10.424515672246603,
        "condi_4": true
    },
    {
        "symbol": "BFT_US",
        "rank_value": 1.551219512195122,
        "volume": 309407013.54,
        "adr": 9.666113912525741,
        "condi_4": true
    },
    {
        "symbol": "RDFN_US",
        "rank_value": 1.5343347639484979,
        "volume": 121796249.575,
        "adr": 6.163152227028146,
        "condi_4": true
    },
    {
        "symbol": "CRWD_US",
        "rank_value": 1.521195023148148,
        "volume": 1020930980.3075,
        "adr": 6.644382723092734,
        "condi_4": true
    },
    {
        "symbol": "SKLZ_US",
        "rank_value": 1.4746019711902958,
        "volume": 107354781.6725,
        "adr": 13.56585219308708,
        "condi_4": true
    }
]