[
    {
        "symbol": "JAGX_US",
        "rank_value": 11.5,
        "volume": 477118005.57600003,
        "adr": 48.10979708075098,
        "condi_4": true
    },
    {
        "symbol": "BNGO_US",
        "rank_value": 11.39917695473251,
        "volume": 890217127.0339999,
        "adr": 37.065421401315504,
        "condi_4": true
    },
    {
        "symbol": "OCGN_US",
        "rank_value": 8.711174580506961,
        "volume": 309349414.558,
        "adr": 53.09386692859619,
        "condi_4": true
    },
    {
        "symbol": "ZOM_US",
        "rank_value": 6.045751633986929,
        "volume": 243553630.39625,
        "adr": 33.486669471855215,
        "condi_4": true
    },
    {
        "symbol": "MARA_US",
        "rank_value": 5.266958424507658,
        "volume": 1404957977.3595002,
        "adr": 28.77395530505309,
        "condi_4": true
    },
    {
        "symbol": "NCTY_US",
        "rank_value": 5.231939163498099,
        "volume": 121793930.65599999,
        "adr": 39.095160906060755,
        "condi_4": true
    },
    {
        "symbol": "SOL_US",
        "rank_value": 4.251428571428572,
        "volume": 127086690.708,
        "adr": 22.330468890914766,
        "condi_4": true
    },
    {
        "symbol": "BTBT_US",
        "rank_value": 3.9979123173277658,
        "volume": 332341626.97249997,
        "adr": 35.18596056274732,
        "condi_4": true
    },
    {
        "symbol": "RIOT_US",
        "rank_value": 2.920616113744076,
        "volume": 897497018.3774999,
        "adr": 21.358543005512367,
        "condi_4": true
    },
    {
        "symbol": "ARVN_US",
        "rank_value": 2.8417241379310343,
        "volume": 114635017.1685,
        "adr": 9.095088104025596,
        "condi_4": true
    },
    {
        "symbol": "PLUG_US",
        "rank_value": 2.6817120622568096,
        "volume": 3205787227.894,
        "adr": 13.571091597379148,
        "condi_4": true
    },
    {
        "symbol": "FCEL_US",
        "rank_value": 2.5737265415549597,
        "volume": 1276630429.44,
        "adr": 16.932612929969682,
        "condi_4": true
    },
    {
        "symbol": "DDD_US",
        "rank_value": 2.4176954732510287,
        "volume": 524412854.1,
        "adr": 18.177320627958295,
        "condi_4": true
    },
    {
        "symbol": "STPK_US",
        "rank_value": 2.159375,
        "volume": 102408335.18999998,
        "adr": 15.536764711479556,
        "condi_4": true
    },
    {
        "symbol": "LK_US",
        "rank_value": 2.064935064935065,
        "volume": 198791688.52800003,
        "adr": 29.12297405710205,
        "condi_4": true
    },
    {
        "symbol": "LMND_US",
        "rank_value": 2.0446865373899605,
        "volume": 634895333.5500001,
        "adr": 13.681751789330331,
        "condi_4": true
    },
    {
        "symbol": "BLNK_US",
        "rank_value": 2.000790513833992,
        "volume": 767289303.98,
        "adr": 18.995966639111515,
        "condi_4": true
    },
    {
        "symbol": "BLDP_US",
        "rank_value": 1.9880174291939,
        "volume": 240356920.14999998,
        "adr": 8.989380029436544,
        "condi_4": true
    },
    {
        "symbol": "FUTU_US",
        "rank_value": 1.893256893256893,
        "volume": 265844764.29999998,
        "adr": 8.686765346719438,
        "condi_4": true
    },
    {
        "symbol": "DQ_US",
        "rank_value": 1.884391662627242,
        "volume": 205708936.275,
        "adr": 12.112887443188413,
        "condi_4": true
    },
    {
        "symbol": "VSLR_US",
        "rank_value": 1.857451403887689,
        "volume": 111232331.2,
        "adr": 7.61046406019541,
        "condi_4": true
    },
    {
        "symbol": "IPOE_US",
        "rank_value": 1.787037037037037,
        "volume": 133711461.5,
        "adr": 9.856206248864229,
        "condi_4": true
    },
    {
        "symbol": "PACB_US",
        "rank_value": 1.76,
        "volume": 198818466.132,
        "adr": 13.492553810265594,
        "condi_4": true
    },
    {
        "symbol": "FEYE_US",
        "rank_value": 1.7157894736842105,
        "volume": 371240653.749,
        "adr": 9.12240749350277,
        "condi_4": true
    },
    {
        "symbol": "IDEX_US",
        "rank_value": 1.680722891566265,
        "volume": 131133181.0185,
        "adr": 16.948409777441633,
        "condi_4": true
    },
    {
        "symbol": "FLGT_US",
        "rank_value": 1.6466346153846154,
        "volume": 129982027.72500001,
        "adr": 11.831175066993694,
        "condi_4": true
    },
    {
        "symbol": "ARCT_US",
        "rank_value": 1.6220393916728997,
        "volume": 175864844.068,
        "adr": 20.893014010329015,
        "condi_4": true
    },
    {
        "symbol": "NIO_US",
        "rank_value": 1.6081569437274135,
        "volume": 8226738708.264999,
        "adr": 7.613118079900616,
        "condi_4": true
    },
    {
        "symbol": "BILI_US",
        "rank_value": 1.6039378515938925,
        "volume": 578839490.825,
        "adr": 8.369155566053777,
        "condi_4": true
    },
    {
        "symbol": "HTZ_US",
        "rank_value": 1.6038613861386137,
        "volume": 146224317.90433,
        "adr": 22.32959405133508,
        "condi_4": true
    },
    {
        "symbol": "RUN_US",
        "rank_value": 1.58888220742951,
        "volume": 441279790.12799996,
        "adr": 8.202239617608264,
        "condi_4": true
    },
    {
        "symbol": "SHLL_US",
        "rank_value": 1.58837699488106,
        "volume": 326494481.8375,
        "adr": 16.75419373910849,
        "condi_4": true
    },
    {
        "symbol": "ENPH_US",
        "rank_value": 1.5751257894271535,
        "volume": 679338857.008,
        "adr": 7.587547081991297,
        "condi_4": true
    },
    {
        "symbol": "NTLA_US",
        "rank_value": 1.573920265780731,
        "volume": 116804650.50999999,
        "adr": 11.941548422214044,
        "condi_4": true
    },
    {
        "symbol": "GOEV_US",
        "rank_value": 1.5683333333333334,
        "volume": 124512961.912,
        "adr": 17.1989995051274,
        "condi_4": true
    },
    {
        "symbol": "SNDL_US",
        "rank_value": 1.5643705463182895,
        "volume": 201489083.31961,
        "adr": 15.6832164602831,
        "condi_4": true
    },
    {
        "symbol": "MGNI_US",
        "rank_value": 1.5551839464882942,
        "volume": 202099460.17499998,
        "adr": 13.507871633507506,
        "condi_4": true
    },
    {
        "symbol": "BIDU_US",
        "rank_value": 1.5298076923076924,
        "volume": 2590504224.9,
        "adr": 8.169018486255863,
        "condi_4": true
    },
    {
        "symbol": "FUBO_US",
        "rank_value": 1.5127319810099265,
        "volume": 1137380603.56,
        "adr": 21.084594523407276,
        "condi_4": true
    },
    {
        "symbol": "IPOC_US",
        "rank_value": 1.4955925563173358,
        "volume": 187995098.6145,
        "adr": 10.564335269985769,
        "condi_4": true
    }
]