[
    {
        "symbol": "XOG_US",
        "rank_value": 107.54716981132076,
        "volume": 516823695.603,
        "adr": 60.05696844068964,
        "condi_4": true
    },
    {
        "symbol": "JAGX_US",
        "rank_value": 9.97271900575932,
        "volume": 411555849.42149997,
        "adr": 46.157353499735684,
        "condi_4": true
    },
    {
        "symbol": "GRTS_US",
        "rank_value": 7.850467289719626,
        "volume": 183676826.34,
        "adr": 35.76178162197707,
        "condi_4": true
    },
    {
        "symbol": "OCGN_US",
        "rank_value": 7.719298245614036,
        "volume": 207270627.41,
        "adr": 35.35053009708553,
        "condi_4": true
    },
    {
        "symbol": "AVGR_US",
        "rank_value": 7.607142857142856,
        "volume": 118945828.986,
        "adr": 42.39693454870941,
        "condi_4": true
    },
    {
        "symbol": "SENS_US",
        "rank_value": 6.614491290078263,
        "volume": 183929458.115,
        "adr": 44.413443252335895,
        "condi_4": true
    },
    {
        "symbol": "ZOM_US",
        "rank_value": 5.405555555555556,
        "volume": 286146834.6051,
        "adr": 35.48453137668992,
        "condi_4": true
    },
    {
        "symbol": "FRSX_US",
        "rank_value": 5.343195266272189,
        "volume": 232231077.0675,
        "adr": 28.311640676647244,
        "condi_4": true
    },
    {
        "symbol": "OBLN_US",
        "rank_value": 4.297101449275362,
        "volume": 158974486.5375,
        "adr": 45.43512029691066,
        "condi_4": true
    },
    {
        "symbol": "EH_US",
        "rank_value": 3.8970217062089856,
        "volume": 252109438.35999998,
        "adr": 19.960467498658186,
        "condi_4": true
    },
    {
        "symbol": "UAVS_US",
        "rank_value": 3.7568306010928962,
        "volume": 127480206.5625,
        "adr": 25.23067551901683,
        "condi_4": true
    },
    {
        "symbol": "ACRS_US",
        "rank_value": 3.5999999999999996,
        "volume": 129755253.91499998,
        "adr": 24.47533625826597,
        "condi_4": true
    },
    {
        "symbol": "FTFT_US",
        "rank_value": 3.532051282051282,
        "volume": 150959687.49949998,
        "adr": 38.72852100960997,
        "condi_4": true
    },
    {
        "symbol": "TIGR_US",
        "rank_value": 3.147686832740214,
        "volume": 140150189.8865,
        "adr": 16.052756071951755,
        "condi_4": true
    },
    {
        "symbol": "BTBT_US",
        "rank_value": 3.127272727272727,
        "volume": 302085502.32,
        "adr": 33.621337990538876,
        "condi_4": true
    },
    {
        "symbol": "LAC_US",
        "rank_value": 2.6355555555555554,
        "volume": 214947049.978,
        "adr": 14.176948727395988,
        "condi_4": true
    },
    {
        "symbol": "ACTC_US",
        "rank_value": 2.488888888888889,
        "volume": 129046453.648,
        "adr": 14.815202206463196,
        "condi_4": true
    },
    {
        "symbol": "RIOT_US",
        "rank_value": 2.296666666666667,
        "volume": 684046261.2165,
        "adr": 19.56675028027577,
        "condi_4": true
    },
    {
        "symbol": "TLRY_US",
        "rank_value": 2.258227848101266,
        "volume": 537698475.944,
        "adr": 13.164489775785682,
        "condi_4": true
    },
    {
        "symbol": "LK_US",
        "rank_value": 2.064935064935065,
        "volume": 198791688.52800003,
        "adr": 29.12297405710205,
        "condi_4": true
    },
    {
        "symbol": "CLNE_US",
        "rank_value": 2.0530451866404715,
        "volume": 124526384.70249999,
        "adr": 15.459100351900702,
        "condi_4": true
    },
    {
        "symbol": "STPK_US",
        "rank_value": 2.043269230769231,
        "volume": 105288179.1,
        "adr": 16.42377962544743,
        "condi_4": true
    },
    {
        "symbol": "MARA_US",
        "rank_value": 2.039106145251397,
        "volume": 958651897.575,
        "adr": 25.054249891887558,
        "condi_4": true
    },
    {
        "symbol": "IPOE_US",
        "rank_value": 1.9739208633093526,
        "volume": 210961628.8925,
        "adr": 11.567751488439736,
        "condi_4": true
    },
    {
        "symbol": "PACB_US",
        "rank_value": 1.9282051282051282,
        "volume": 206299557.16,
        "adr": 13.113945915753167,
        "condi_4": true
    },
    {
        "symbol": "APHA_US",
        "rank_value": 1.9248120300751879,
        "volume": 206461373.44000003,
        "adr": 9.737740817559981,
        "condi_4": true
    },
    {
        "symbol": "NGA_US",
        "rank_value": 1.9119718309859155,
        "volume": 140620467.0075,
        "adr": 15.373898618660142,
        "condi_4": true
    },
    {
        "symbol": "VSLR_US",
        "rank_value": 1.857451403887689,
        "volume": 111232331.2,
        "adr": 7.61046406019541,
        "condi_4": true
    },
    {
        "symbol": "CELH_US",
        "rank_value": 1.702105263157895,
        "volume": 103908361.78800002,
        "adr": 10.505916654337287,
        "condi_4": true
    },
    {
        "symbol": "ARCT_US",
        "rank_value": 1.6721515831463474,
        "volume": 185947969.98749998,
        "adr": 20.808191891212125,
        "condi_4": true
    },
    {
        "symbol": "ACIA_US",
        "rank_value": 1.6363636363636365,
        "volume": 297487596.34800005,
        "adr": 3.8319812375420925,
        "condi_4": true
    },
    {
        "symbol": "FLGT_US",
        "rank_value": 1.6302046577275935,
        "volume": 139465297.125,
        "adr": 12.085172319072402,
        "condi_4": true
    },
    {
        "symbol": "HTZ_US",
        "rank_value": 1.6038613861386137,
        "volume": 146224317.90433,
        "adr": 22.32959405133508,
        "condi_4": true
    },
    {
        "symbol": "SKLZ_US",
        "rank_value": 1.598429613011778,
        "volume": 158267520.975,
        "adr": 11.082417145200685,
        "condi_4": true
    },
    {
        "symbol": "SHLL_US",
        "rank_value": 1.58837699488106,
        "volume": 326494481.8375,
        "adr": 16.75419373910849,
        "condi_4": true
    },
    {
        "symbol": "NTLA_US",
        "rank_value": 1.5440199335548175,
        "volume": 114694429.278,
        "adr": 11.790608497033483,
        "condi_4": true
    }
]