[
    {
        "symbol": "JAGX_US",
        "rank_value": 11.4375,
        "volume": 461854288.092,
        "adr": 47.24430414138696,
        "condi_4": true
    },
    {
        "symbol": "OCGN_US",
        "rank_value": 8.782577650838986,
        "volume": 300942583.40999997,
        "adr": 51.92072497866454,
        "condi_4": true
    },
    {
        "symbol": "MARA_US",
        "rank_value": 5.315555555555556,
        "volume": 1292023436.1840003,
        "adr": 28.408125190040877,
        "condi_4": true
    },
    {
        "symbol": "NCTY_US",
        "rank_value": 4.638783269961977,
        "volume": 107374419.17999999,
        "adr": 39.377670068973856,
        "condi_4": true
    },
    {
        "symbol": "BTBT_US",
        "rank_value": 4.041753653444676,
        "volume": 308162336.328,
        "adr": 31.167381733839772,
        "condi_4": true
    },
    {
        "symbol": "SOL_US",
        "rank_value": 3.9641434262948207,
        "volume": 119687255.505,
        "adr": 22.85466859724068,
        "condi_4": true
    },
    {
        "symbol": "FTFT_US",
        "rank_value": 3.9102564102564097,
        "volume": 149707106.155,
        "adr": 36.31570116572791,
        "condi_4": true
    },
    {
        "symbol": "VERU_US",
        "rank_value": 3.072327044025157,
        "volume": 161317463.447,
        "adr": 17.81073175207628,
        "condi_4": true
    },
    {
        "symbol": "ARVN_US",
        "rank_value": 3.025813692480359,
        "volume": 174212321.196,
        "adr": 15.568558373002016,
        "condi_4": true
    },
    {
        "symbol": "CLSK_US",
        "rank_value": 2.902973395931143,
        "volume": 132584270.0,
        "adr": 18.18008172618324,
        "condi_4": true
    },
    {
        "symbol": "DDD_US",
        "rank_value": 2.8292181069958846,
        "volume": 578583913.875,
        "adr": 17.202763874692284,
        "condi_4": true
    },
    {
        "symbol": "RIOT_US",
        "rank_value": 2.8124999999999996,
        "volume": 825382580.49,
        "adr": 21.25289398533594,
        "condi_4": true
    },
    {
        "symbol": "CLNE_US",
        "rank_value": 2.3855662650602407,
        "volume": 119300554.608935,
        "adr": 19.381786901541908,
        "condi_4": true
    },
    {
        "symbol": "MVIS_US",
        "rank_value": 2.3055555555555554,
        "volume": 167100426.07649997,
        "adr": 25.32798195451742,
        "condi_4": true
    },
    {
        "symbol": "FCEL_US",
        "rank_value": 2.1300268096514747,
        "volume": 941652569.081,
        "adr": 15.575326032247228,
        "condi_4": true
    },
    {
        "symbol": "PLUG_US",
        "rank_value": 2.087548638132296,
        "volume": 1937666588.25,
        "adr": 11.78814185212509,
        "condi_4": true
    },
    {
        "symbol": "LAC_US",
        "rank_value": 2.0707865168539326,
        "volume": 121440935.382,
        "adr": 12.02817194857959,
        "condi_4": true
    },
    {
        "symbol": "LK_US",
        "rank_value": 2.064935064935065,
        "volume": 198791688.52800003,
        "adr": 29.12297405710205,
        "condi_4": true
    },
    {
        "symbol": "DQ_US",
        "rank_value": 1.930794275762853,
        "volume": 200572622.775,
        "adr": 11.999624229603768,
        "condi_4": true
    },
    {
        "symbol": "VSLR_US",
        "rank_value": 1.857451403887689,
        "volume": 111232331.2,
        "adr": 7.61046406019541,
        "condi_4": true
    },
    {
        "symbol": "MSTR_US",
        "rank_value": 1.8470940202123391,
        "volume": 349066153.1605,
        "adr": 9.629951594779662,
        "condi_4": true
    },
    {
        "symbol": "EDIT_US",
        "rank_value": 1.8043981481481481,
        "volume": 219775496.105,
        "adr": 14.765436217606043,
        "condi_4": true
    },
    {
        "symbol": "TGTX_US",
        "rank_value": 1.802007144072121,
        "volume": 110400823.5255,
        "adr": 6.823160311971188,
        "condi_4": true
    },
    {
        "symbol": "PACB_US",
        "rank_value": 1.7927406628090476,
        "volume": 196487403.336,
        "adr": 13.369170659963213,
        "condi_4": true
    },
    {
        "symbol": "IDEX_US",
        "rank_value": 1.783132530120482,
        "volume": 132454522.52,
        "adr": 17.18904305178277,
        "condi_4": true
    },
    {
        "symbol": "IPOE_US",
        "rank_value": 1.7581395348837208,
        "volume": 120298004.82,
        "adr": 9.597136782892047,
        "condi_4": true
    },
    {
        "symbol": "FEYE_US",
        "rank_value": 1.7256840566386087,
        "volume": 380737222.84,
        "adr": 9.307808484402402,
        "condi_4": true
    },
    {
        "symbol": "ARCT_US",
        "rank_value": 1.7130391423585138,
        "volume": 179889688.7905,
        "adr": 20.499796951204296,
        "condi_4": true
    },
    {
        "symbol": "FUTU_US",
        "rank_value": 1.6912366912366912,
        "volume": 220455161.5875,
        "adr": 8.335145892864237,
        "condi_4": true
    },
    {
        "symbol": "RUN_US",
        "rank_value": 1.6901534070638602,
        "volume": 448802855.59999996,
        "adr": 7.942340564439676,
        "condi_4": true
    },
    {
        "symbol": "SNDL_US",
        "rank_value": 1.68646080760095,
        "volume": 206814445.068,
        "adr": 16.255792763352094,
        "condi_4": true
    },
    {
        "symbol": "ENPH_US",
        "rank_value": 1.6103740409207161,
        "volume": 672479524.1700001,
        "adr": 7.993496329596228,
        "condi_4": true
    },
    {
        "symbol": "HTZ_US",
        "rank_value": 1.6038613861386137,
        "volume": 146224317.90433,
        "adr": 22.32959405133508,
        "condi_4": true
    },
    {
        "symbol": "SHLL_US",
        "rank_value": 1.58837699488106,
        "volume": 326494481.8375,
        "adr": 16.75419373910849,
        "condi_4": true
    },
    {
        "symbol": "BLDP_US",
        "rank_value": 1.5833333333333335,
        "volume": 152213025.83400002,
        "adr": 7.656914731021147,
        "condi_4": true
    },
    {
        "symbol": "BILI_US",
        "rank_value": 1.583076923076923,
        "volume": 582986758.893,
        "adr": 8.50325102647249,
        "condi_4": true
    },
    {
        "symbol": "NTLA_US",
        "rank_value": 1.5470052414417919,
        "volume": 111884259.48,
        "adr": 12.388612463684234,
        "condi_4": true
    },
    {
        "symbol": "CSIQ_US",
        "rank_value": 1.5359584358764014,
        "volume": 113869219.82450001,
        "adr": 7.683898240186249,
        "condi_4": true
    },
    {
        "symbol": "NNDM_US",
        "rank_value": 1.5223880597014925,
        "volume": 285184332.252,
        "adr": 13.322786760895644,
        "condi_4": true
    },
    {
        "symbol": "BIDU_US",
        "rank_value": 1.5189596167008899,
        "volume": 2243099685.496,
        "adr": 7.7788293772973915,
        "condi_4": true
    },
    {
        "symbol": "AI_US",
        "rank_value": 1.5161612795734756,
        "volume": 723714345.9,
        "adr": 13.984235596947459,
        "condi_4": true
    },
    {
        "symbol": "IPOC_US",
        "rank_value": 1.4955925563173358,
        "volume": 187995098.6145,
        "adr": 10.564335269985769,
        "condi_4": true
    },
    {
        "symbol": "FLGT_US",
        "rank_value": 1.4831730769230769,
        "volume": 114395526.67999999,
        "adr": 11.827195648443478,
        "condi_4": true
    },
    {
        "symbol": "SPWR_US",
        "rank_value": 1.4768244575936882,
        "volume": 229139270.655,
        "adr": 11.709281481613033,
        "condi_4": true
    },
    {
        "symbol": "CLF_US",
        "rank_value": 1.4696847210994342,
        "volume": 223390631.43,
        "adr": 6.594579131067491,
        "condi_4": true
    },
    {
        "symbol": "BE_US",
        "rank_value": 1.4694449428027099,
        "volume": 150062234.2,
        "adr": 9.774057204448106,
        "condi_4": true
    },
    {
        "symbol": "XL_US",
        "rank_value": 1.4628975265017667,
        "volume": 294124765.09499997,
        "adr": 18.940313805225983,
        "condi_4": true
    }
]