[
    {
        "symbol": "XOG_US",
        "rank_value": 105.95634480207178,
        "volume": 504593772.696,
        "adr": 60.215698739728765,
        "condi_4": true
    },
    {
        "symbol": "BNGO_US",
        "rank_value": 23.52272727272727,
        "volume": 2578863471.894,
        "adr": 42.31877326766178,
        "condi_4": true
    },
    {
        "symbol": "JAGX_US",
        "rank_value": 6.6612674630492,
        "volume": 298001212.698,
        "adr": 37.43933271621289,
        "condi_4": true
    },
    {
        "symbol": "SENS_US",
        "rank_value": 6.5977929091336,
        "volume": 193325052.31,
        "adr": 35.11332901035331,
        "condi_4": true
    },
    {
        "symbol": "TRXC_US",
        "rank_value": 6.415094339622641,
        "volume": 184557756.54,
        "adr": 37.67467115941048,
        "condi_4": true
    },
    {
        "symbol": "GRTS_US",
        "rank_value": 6.257575757575758,
        "volume": 153066468.86999997,
        "adr": 35.69160205050758,
        "condi_4": true
    },
    {
        "symbol": "POLA_US",
        "rank_value": 5.445385357487404,
        "volume": 122775845.38,
        "adr": 26.533840006076392,
        "condi_4": true
    },
    {
        "symbol": "ZOM_US",
        "rank_value": 5.157894736842105,
        "volume": 285260984.26,
        "adr": 35.906897387871716,
        "condi_4": true
    },
    {
        "symbol": "SUNW_US",
        "rank_value": 5.078124999999999,
        "volume": 276730576.85,
        "adr": 25.50682628600942,
        "condi_4": true
    },
    {
        "symbol": "GEVO_US",
        "rank_value": 4.460714285714286,
        "volume": 642806871.527,
        "adr": 24.440565847067887,
        "condi_4": true
    },
    {
        "symbol": "EXPR_US",
        "rank_value": 4.406464364608767,
        "volume": 114492013.1655,
        "adr": 26.21315908494417,
        "condi_4": true
    },
    {
        "symbol": "NCTY_US",
        "rank_value": 4.315789473684211,
        "volume": 113921293.74000001,
        "adr": 43.12212968421258,
        "condi_4": true
    },
    {
        "symbol": "EH_US",
        "rank_value": 4.310242454230579,
        "volume": 317564866.62049997,
        "adr": 21.017271413618065,
        "condi_4": true
    },
    {
        "symbol": "OBLN_US",
        "rank_value": 3.7101449275362324,
        "volume": 138785750.016,
        "adr": 46.18002848467242,
        "condi_4": true
    },
    {
        "symbol": "DDD_US",
        "rank_value": 3.6897233201581034,
        "volume": 1000086353.3640002,
        "adr": 21.527667500652626,
        "condi_4": true
    },
    {
        "symbol": "FTFT_US",
        "rank_value": 3.2948717948717947,
        "volume": 141697072.846,
        "adr": 38.03621896560294,
        "condi_4": true
    },
    {
        "symbol": "BTBT_US",
        "rank_value": 3.134513274336283,
        "volume": 314102377.2425,
        "adr": 33.9270728302806,
        "condi_4": true
    },
    {
        "symbol": "BB_US",
        "rank_value": 3.0928626247122026,
        "volume": 1353268514.1625,
        "adr": 13.79187602628531,
        "condi_4": true
    },
    {
        "symbol": "ACRS_US",
        "rank_value": 3.0230088495575216,
        "volume": 117596082.67399998,
        "adr": 23.968395855860123,
        "condi_4": true
    },
    {
        "symbol": "SOL_US",
        "rank_value": 2.9359243697478994,
        "volume": 163197795.83249998,
        "adr": 22.066587017756234,
        "condi_4": true
    },
    {
        "symbol": "FUTU_US",
        "rank_value": 2.899262899262899,
        "volume": 617283820.17,
        "adr": 12.37056862049215,
        "condi_4": true
    },
    {
        "symbol": "TIGR_US",
        "rank_value": 2.667185069984448,
        "volume": 143119039.52499998,
        "adr": 16.70859546642682,
        "condi_4": true
    },
    {
        "symbol": "BBBY_US",
        "rank_value": 2.470017133066819,
        "volume": 843782512.3125,
        "adr": 15.959287423051439,
        "condi_4": true
    },
    {
        "symbol": "CCIV_US",
        "rank_value": 2.433433433433433,
        "volume": 1161696368.976,
        "adr": 16.72173384302249,
        "condi_4": true
    },
    {
        "symbol": "GSX_US",
        "rank_value": 2.4054533362890713,
        "volume": 569417406.9555,
        "adr": 11.679620794870615,
        "condi_4": true
    },
    {
        "symbol": "ACTC_US",
        "rank_value": 2.3688122071911044,
        "volume": 133955804.66600001,
        "adr": 15.275201434166942,
        "condi_4": true
    },
    {
        "symbol": "PLUG_US",
        "rank_value": 2.3157894736842106,
        "volume": 3800999114.8800006,
        "adr": 14.338333268640868,
        "condi_4": true
    },
    {
        "symbol": "NNDM_US",
        "rank_value": 2.103585657370518,
        "volume": 620238184.632,
        "adr": 14.128032191093265,
        "condi_4": true
    },
    {
        "symbol": "LK_US",
        "rank_value": 2.064935064935065,
        "volume": 198791688.52800003,
        "adr": 29.12297405710205,
        "condi_4": true
    },
    {
        "symbol": "IDEX_US",
        "rank_value": 2.031578947368421,
        "volume": 237565091.916,
        "adr": 19.20119314208599,
        "condi_4": true
    },
    {
        "symbol": "LAC_US",
        "rank_value": 1.966341895482728,
        "volume": 201566153.18999997,
        "adr": 13.984790745018639,
        "condi_4": true
    },
    {
        "symbol": "MARA_US",
        "rank_value": 1.9532224532224534,
        "volume": 979309864.7305,
        "adr": 23.848796122343497,
        "condi_4": true
    },
    {
        "symbol": "APHA_US",
        "rank_value": 1.9248120300751879,
        "volume": 218192813.44000003,
        "adr": 10.204754045107212,
        "condi_4": true
    },
    {
        "symbol": "DQ_US",
        "rank_value": 1.9183750235094978,
        "volume": 240617637.9,
        "adr": 11.29829720520048,
        "condi_4": true
    },
    {
        "symbol": "VSLR_US",
        "rank_value": 1.857451403887689,
        "volume": 111232331.2,
        "adr": 7.61046406019541,
        "condi_4": true
    },
    {
        "symbol": "SFIX_US",
        "rank_value": 1.8389078623291246,
        "volume": 314362902.02,
        "adr": 9.32314465891153,
        "condi_4": true
    },
    {
        "symbol": "JMIA_US",
        "rank_value": 1.7875757575757576,
        "volume": 608721921.6029999,
        "adr": 14.550344285078376,
        "condi_4": true
    },
    {
        "symbol": "MSTR_US",
        "rank_value": 1.7796313303861346,
        "volume": 440388028.55,
        "adr": 10.680541773490493,
        "condi_4": true
    },
    {
        "symbol": "NGA_US",
        "rank_value": 1.7397435897435898,
        "volume": 139318622.338,
        "adr": 15.54001033999226,
        "condi_4": true
    },
    {
        "symbol": "IPOE_US",
        "rank_value": 1.6965046888320543,
        "volume": 204913643.2,
        "adr": 12.336763871130497,
        "condi_4": true
    },
    {
        "symbol": "BLDP_US",
        "rank_value": 1.6804979253112033,
        "volume": 256680551.90250003,
        "adr": 10.258548204726981,
        "condi_4": true
    },
    {
        "symbol": "CELH_US",
        "rank_value": 1.6765540366262572,
        "volume": 106568481.5,
        "adr": 10.986579188154089,
        "condi_4": true
    },
    {
        "symbol": "SKLZ_US",
        "rank_value": 1.6674144699943916,
        "volume": 166076955.993,
        "adr": 11.072779748791085,
        "condi_4": true
    },
    {
        "symbol": "MGNI_US",
        "rank_value": 1.6520971302428258,
        "volume": 220347432.38300002,
        "adr": 12.86969174343351,
        "condi_4": true
    },
    {
        "symbol": "IRBT_US",
        "rank_value": 1.6464968152866242,
        "volume": 123769451.025,
        "adr": 8.140397628884589,
        "condi_4": true
    },
    {
        "symbol": "ARCT_US",
        "rank_value": 1.6330092246322614,
        "volume": 181429524.2,
        "adr": 20.304939196442227,
        "condi_4": true
    },
    {
        "symbol": "BILI_US",
        "rank_value": 1.6290076335877863,
        "volume": 678445925.7179999,
        "adr": 9.191111051865875,
        "condi_4": true
    },
    {
        "symbol": "HTZ_US",
        "rank_value": 1.6038613861386137,
        "volume": 146224317.90433,
        "adr": 22.32959405133508,
        "condi_4": true
    },
    {
        "symbol": "SHLL_US",
        "rank_value": 1.58837699488106,
        "volume": 326494481.8375,
        "adr": 16.75419373910849,
        "condi_4": true
    },
    {
        "symbol": "APPN_US",
        "rank_value": 1.579932609509547,
        "volume": 219585621.65,
        "adr": 9.76108273895624,
        "condi_4": true
    },
    {
        "symbol": "WISH_US",
        "rank_value": 1.5795519816197587,
        "volume": 165362414.25,
        "adr": 9.744550445044275,
        "condi_4": true
    },
    {
        "symbol": "CLNE_US",
        "rank_value": 1.5770804911323328,
        "volume": 115125670.08,
        "adr": 13.95882033781728,
        "condi_4": true
    },
    {
        "symbol": "TME_US",
        "rank_value": 1.552412645590682,
        "volume": 300300869.772,
        "adr": 6.736714374348862,
        "condi_4": true
    },
    {
        "symbol": "PEN_US",
        "rank_value": 1.551220651793015,
        "volume": 125677511.04000002,
        "adr": 5.700905911271303,
        "condi_4": true
    },
    {
        "symbol": "BE_US",
        "rank_value": 1.5482901164975575,
        "volume": 176073615.74,
        "adr": 9.95915664399818,
        "condi_4": true
    }
]