[
    {
        "symbol": "BNGO_US",
        "rank_value": 10.452674897119342,
        "volume": 755794834.356,
        "adr": 34.736869444424066,
        "condi_4": true
    },
    {
        "symbol": "OCGN_US",
        "rank_value": 9.782220635487326,
        "volume": 334269006.846,
        "adr": 51.82794004981402,
        "condi_4": true
    },
    {
        "symbol": "BTBT_US",
        "rank_value": 5.450939457202505,
        "volume": 399526907.8815,
        "adr": 30.321505133375993,
        "condi_4": true
    },
    {
        "symbol": "NCTY_US",
        "rank_value": 5.133079847908745,
        "volume": 117333491.625,
        "adr": 38.93797288838077,
        "condi_4": true
    },
    {
        "symbol": "SOL_US",
        "rank_value": 4.139442231075698,
        "volume": 122496313.959,
        "adr": 22.526952434863155,
        "condi_4": true
    },
    {
        "symbol": "CLSK_US",
        "rank_value": 3.324786324786325,
        "volume": 147084451.57,
        "adr": 18.30446459323134,
        "condi_4": true
    },
    {
        "symbol": "ARVN_US",
        "rank_value": 3.0690576115986263,
        "volume": 173460675.23,
        "adr": 15.773841684780155,
        "condi_4": true
    },
    {
        "symbol": "VERU_US",
        "rank_value": 2.990566037735849,
        "volume": 179604670.77449998,
        "adr": 21.36471738520711,
        "condi_4": true
    },
    {
        "symbol": "GEVO_US",
        "rank_value": 2.7624999999999997,
        "volume": 144953174.015,
        "adr": 21.016290155298336,
        "condi_4": true
    },
    {
        "symbol": "DDD_US",
        "rank_value": 2.5494505494505493,
        "volume": 423936036.0,
        "adr": 16.036112389904524,
        "condi_4": true
    },
    {
        "symbol": "CLNE_US",
        "rank_value": 2.5307599517490957,
        "volume": 122649385.7835,
        "adr": 19.135090226647165,
        "condi_4": true
    },
    {
        "symbol": "MVIS_US",
        "rank_value": 2.3134920634920637,
        "volume": 165820313.692,
        "adr": 25.013693635397118,
        "condi_4": true
    },
    {
        "symbol": "LAC_US",
        "rank_value": 2.137078651685393,
        "volume": 123087053.178,
        "adr": 11.484337466960248,
        "condi_4": true
    },
    {
        "symbol": "LK_US",
        "rank_value": 2.064935064935065,
        "volume": 198791688.52800003,
        "adr": 29.12297405710205,
        "condi_4": true
    },
    {
        "symbol": "FCEL_US",
        "rank_value": 2.0630026809651474,
        "volume": 893117589.48,
        "adr": 15.278833178300989,
        "condi_4": true
    },
    {
        "symbol": "MSTR_US",
        "rank_value": 1.995694844759021,
        "volume": 359231419.4,
        "adr": 9.305668603733563,
        "condi_4": true
    },
    {
        "symbol": "DQ_US",
        "rank_value": 1.9509729593126106,
        "volume": 199350259.70000002,
        "adr": 12.095359191880695,
        "condi_4": true
    },
    {
        "symbol": "IDEX_US",
        "rank_value": 1.8975903614457832,
        "volume": 132531758.57249999,
        "adr": 16.802101040935867,
        "condi_4": true
    },
    {
        "symbol": "VSLR_US",
        "rank_value": 1.857451403887689,
        "volume": 111232331.2,
        "adr": 7.61046406019541,
        "condi_4": true
    },
    {
        "symbol": "IPOE_US",
        "rank_value": 1.7695202257761051,
        "volume": 110631574.5975,
        "adr": 9.595253872486143,
        "condi_4": true
    },
    {
        "symbol": "ARCT_US",
        "rank_value": 1.7576664173522814,
        "volume": 182493102.825,
        "adr": 20.866898288956136,
        "condi_4": true
    },
    {
        "symbol": "FEYE_US",
        "rank_value": 1.7279447781101875,
        "volume": 382926088.394,
        "adr": 9.160573625799362,
        "condi_4": true
    },
    {
        "symbol": "BLNK_US",
        "rank_value": 1.7272727272727273,
        "volume": 588314330.85,
        "adr": 17.720108278366787,
        "condi_4": true
    },
    {
        "symbol": "ENPH_US",
        "rank_value": 1.6384271099744245,
        "volume": 672208458.25,
        "adr": 7.964405268640329,
        "condi_4": true
    },
    {
        "symbol": "SNDL_US",
        "rank_value": 1.6159144893111639,
        "volume": 184148125.06971,
        "adr": 16.06592121730801,
        "condi_4": true
    },
    {
        "symbol": "HTZ_US",
        "rank_value": 1.6038613861386137,
        "volume": 146224317.90433,
        "adr": 22.32959405133508,
        "condi_4": true
    },
    {
        "symbol": "SHLL_US",
        "rank_value": 1.58837699488106,
        "volume": 326494481.8375,
        "adr": 16.75419373910849,
        "condi_4": true
    },
    {
        "symbol": "TLRY_US",
        "rank_value": 1.574022346368715,
        "volume": 235492478.28049996,
        "adr": 11.187164579599429,
        "condi_4": true
    },
    {
        "symbol": "CSIQ_US",
        "rank_value": 1.544982225868198,
        "volume": 114560117.55,
        "adr": 7.6702117292920535,
        "condi_4": true
    },
    {
        "symbol": "LAZR_US",
        "rank_value": 1.5311926605504589,
        "volume": 475438246.322,
        "adr": 16.627152449077197,
        "condi_4": true
    },
    {
        "symbol": "NNDM_US",
        "rank_value": 1.5240464344941955,
        "volume": 282275248.79349995,
        "adr": 13.20651081243469,
        "condi_4": true
    },
    {
        "symbol": "FLGT_US",
        "rank_value": 1.5144230769230769,
        "volume": 121268637.0,
        "adr": 12.161292923717216,
        "condi_4": true
    },
    {
        "symbol": "XL_US",
        "rank_value": 1.5081272084805653,
        "volume": 302630601.185,
        "adr": 19.099971126098268,
        "condi_4": true
    },
    {
        "symbol": "IPOC_US",
        "rank_value": 1.4955925563173358,
        "volume": 187995098.6145,
        "adr": 10.564335269985769,
        "condi_4": true
    },
    {
        "symbol": "BE_US",
        "rank_value": 1.4950747964562456,
        "volume": 156277817.5,
        "adr": 9.902123004747132,
        "condi_4": true
    },
    {
        "symbol": "GRWG_US",
        "rank_value": 1.487603305785124,
        "volume": 118098317.24999999,
        "adr": 8.630239491043179,
        "condi_4": true
    },
    {
        "symbol": "CLF_US",
        "rank_value": 1.4664510913500406,
        "volume": 229110276.123,
        "adr": 6.860853456976068,
        "condi_4": true
    },
    {
        "symbol": "SPWR_US",
        "rank_value": 1.4620315581854042,
        "volume": 223010193.43249997,
        "adr": 11.381655517833234,
        "condi_4": true
    },
    {
        "symbol": "GME_US",
        "rank_value": 1.457990115321252,
        "volume": 160475353.455,
        "adr": 11.22134738400491,
        "condi_4": true
    }
]