[
    {
        "symbol": "OCGN_US",
        "rank_value": 9.603712959657264,
        "volume": 326518696.2155,
        "adr": 51.65229349808988,
        "condi_4": true
    },
    {
        "symbol": "BNGO_US",
        "rank_value": 9.094650205761317,
        "volume": 629574514.881,
        "adr": 33.20999631464401,
        "condi_4": true
    },
    {
        "symbol": "NCTY_US",
        "rank_value": 6.148288973384031,
        "volume": 135474894.09300002,
        "adr": 35.266521966674745,
        "condi_4": true
    },
    {
        "symbol": "BTBT_US",
        "rank_value": 5.260960334029227,
        "volume": 376738809.3,
        "adr": 29.77881837882488,
        "condi_4": true
    },
    {
        "symbol": "ARVN_US",
        "rank_value": 3.2572646261139093,
        "volume": 181151471.86499998,
        "adr": 15.646060780179427,
        "condi_4": true
    },
    {
        "symbol": "VERU_US",
        "rank_value": 3.0534591194968557,
        "volume": 184728322.72550002,
        "adr": 23.390621093264308,
        "condi_4": true
    },
    {
        "symbol": "GEVO_US",
        "rank_value": 2.8749999999999996,
        "volume": 149217777.11999997,
        "adr": 21.17811675462491,
        "condi_4": true
    },
    {
        "symbol": "LK_US",
        "rank_value": 2.064935064935065,
        "volume": 198791688.52800003,
        "adr": 29.12297405710205,
        "condi_4": true
    },
    {
        "symbol": "TGTX_US",
        "rank_value": 1.9688073394495413,
        "volume": 152745973.4425,
        "adr": 8.730467046748336,
        "condi_4": true
    },
    {
        "symbol": "BLNK_US",
        "rank_value": 1.906808510638298,
        "volume": 591343660.9760001,
        "adr": 17.761372945902675,
        "condi_4": true
    },
    {
        "symbol": "VSLR_US",
        "rank_value": 1.857451403887689,
        "volume": 111232331.2,
        "adr": 7.61046406019541,
        "condi_4": true
    },
    {
        "symbol": "SNDL_US",
        "rank_value": 1.6532066508313537,
        "volume": 179355710.42999998,
        "adr": 16.574662106061822,
        "condi_4": true
    },
    {
        "symbol": "SFIX_US",
        "rank_value": 1.6514285714285712,
        "volume": 203084871.98,
        "adr": 7.0494820450658136,
        "condi_4": true
    },
    {
        "symbol": "HTZ_US",
        "rank_value": 1.6038613861386137,
        "volume": 146224317.90433,
        "adr": 22.32959405133508,
        "condi_4": true
    },
    {
        "symbol": "TLRY_US",
        "rank_value": 1.5963687150837989,
        "volume": 234215274.96449998,
        "adr": 11.081342254518356,
        "condi_4": true
    },
    {
        "symbol": "SHLL_US",
        "rank_value": 1.58837699488106,
        "volume": 326494481.8375,
        "adr": 16.75419373910849,
        "condi_4": true
    },
    {
        "symbol": "QS_US",
        "rank_value": 1.5829787234042552,
        "volume": 1570390269.468,
        "adr": 25.91524254422868,
        "condi_4": true
    },
    {
        "symbol": "FUTU_US",
        "rank_value": 1.5752115752115752,
        "volume": 195062899.15,
        "adr": 7.885372938410251,
        "condi_4": true
    },
    {
        "symbol": "XL_US",
        "rank_value": 1.5653710247349821,
        "volume": 315830955.885,
        "adr": 19.582507426799612,
        "condi_4": true
    },
    {
        "symbol": "SPWR_US",
        "rank_value": 1.5532544378698223,
        "volume": 230863153.5,
        "adr": 11.305572608773339,
        "condi_4": true
    },
    {
        "symbol": "GRWG_US",
        "rank_value": 1.531900826446281,
        "volume": 132884778.62800002,
        "adr": 8.797280509556217,
        "condi_4": true
    },
    {
        "symbol": "GME_US",
        "rank_value": 1.515650741350906,
        "volume": 181678822.52,
        "adr": 11.40392863181905,
        "condi_4": true
    },
    {
        "symbol": "IPOC_US",
        "rank_value": 1.4955925563173358,
        "volume": 187995098.6145,
        "adr": 10.564335269985769,
        "condi_4": true
    },
    {
        "symbol": "BIDU_US",
        "rank_value": 1.4822385114181,
        "volume": 1890458548.9950001,
        "adr": 6.860902258934187,
        "condi_4": true
    }
]