[
    {
        "symbol": "XOG_US",
        "rank_value": 105.43840177580466,
        "volume": 498430473.675,
        "adr": 59.72119324522329,
        "condi_4": true
    },
    {
        "symbol": "BNGO_US",
        "rank_value": 16.564885496183205,
        "volume": 2250812991.1575,
        "adr": 42.21077877610564,
        "condi_4": true
    },
    {
        "symbol": "OEG_US",
        "rank_value": 6.042857142857144,
        "volume": 114273496.95300002,
        "adr": 31.322548600345602,
        "condi_4": true
    },
    {
        "symbol": "TRXC_US",
        "rank_value": 5.440461178166096,
        "volume": 173771032.238,
        "adr": 39.10464373692402,
        "condi_4": true
    },
    {
        "symbol": "GRTS_US",
        "rank_value": 4.697802197802198,
        "volume": 128483019.99000002,
        "adr": 36.08874096221388,
        "condi_4": true
    },
    {
        "symbol": "POLA_US",
        "rank_value": 4.6114481723657414,
        "volume": 104961896.054135,
        "adr": 27.114091143571038,
        "condi_4": true
    },
    {
        "symbol": "ZOM_US",
        "rank_value": 4.357142857142858,
        "volume": 263434950.61275002,
        "adr": 35.88596109030866,
        "condi_4": true
    },
    {
        "symbol": "SUNW_US",
        "rank_value": 4.306251504343449,
        "volume": 238671591.12,
        "adr": 26.40011446869588,
        "condi_4": true
    },
    {
        "symbol": "JAGX_US",
        "rank_value": 4.292307692307692,
        "volume": 246261993.3855,
        "adr": 38.05888251578118,
        "condi_4": true
    },
    {
        "symbol": "GEVO_US",
        "rank_value": 3.844290657439446,
        "volume": 555494230.577,
        "adr": 23.47047015328798,
        "condi_4": true
    },
    {
        "symbol": "EH_US",
        "rank_value": 3.7951509153884215,
        "volume": 283774613.98,
        "adr": 20.943102615664124,
        "condi_4": true
    },
    {
        "symbol": "OBLN_US",
        "rank_value": 3.2463768115942035,
        "volume": 122092497.40800002,
        "adr": 46.865050736880455,
        "condi_4": true
    },
    {
        "symbol": "SENS_US",
        "rank_value": 3.186666666666667,
        "volume": 168762749.4295,
        "adr": 35.157479120728595,
        "condi_4": true
    },
    {
        "symbol": "BTBT_US",
        "rank_value": 2.9150442477876104,
        "volume": 245707319.48399997,
        "adr": 29.545089254791044,
        "condi_4": true
    },
    {
        "symbol": "FTFT_US",
        "rank_value": 2.685897435897436,
        "volume": 115845676.01300001,
        "adr": 38.65451958390356,
        "condi_4": true
    },
    {
        "symbol": "FUTU_US",
        "rank_value": 2.675402675402675,
        "volume": 582345649.9,
        "adr": 13.070126643993852,
        "condi_4": true
    },
    {
        "symbol": "TIGR_US",
        "rank_value": 2.517884914463453,
        "volume": 138535033.98700002,
        "adr": 17.050052734227595,
        "condi_4": true
    },
    {
        "symbol": "SOL_US",
        "rank_value": 2.463235294117647,
        "volume": 135067519.8775,
        "adr": 21.967622663796483,
        "condi_4": true
    },
    {
        "symbol": "DNMR_US",
        "rank_value": 2.3813056379821957,
        "volume": 118105396.785,
        "adr": 15.317458698246543,
        "condi_4": true
    },
    {
        "symbol": "FRSX_US",
        "rank_value": 2.364837837837838,
        "volume": 159314297.306865,
        "adr": 23.236279149994445,
        "condi_4": true
    },
    {
        "symbol": "TLRY_US",
        "rank_value": 2.3037974683544302,
        "volume": 599375164.57,
        "adr": 14.70801934606396,
        "condi_4": true
    },
    {
        "symbol": "ACTC_US",
        "rank_value": 2.1919509304032063,
        "volume": 126078406.32000001,
        "adr": 15.318699907380173,
        "condi_4": true
    },
    {
        "symbol": "IDEX_US",
        "rank_value": 2.142105263157895,
        "volume": 255515883.06750003,
        "adr": 19.572850896096682,
        "condi_4": true
    },
    {
        "symbol": "CCIV_US",
        "rank_value": 2.1071071071071072,
        "volume": 1044138441.115,
        "adr": 17.811524141024183,
        "condi_4": true
    },
    {
        "symbol": "PLUG_US",
        "rank_value": 2.080592105263158,
        "volume": 3507109165.3125,
        "adr": 14.3734209879391,
        "condi_4": true
    },
    {
        "symbol": "FCEL_US",
        "rank_value": 2.075098814229249,
        "volume": 1294459620.3,
        "adr": 16.54799507423497,
        "condi_4": true
    },
    {
        "symbol": "LK_US",
        "rank_value": 2.064935064935065,
        "volume": 198791688.52800003,
        "adr": 29.12297405710205,
        "condi_4": true
    },
    {
        "symbol": "SPWR_US",
        "rank_value": 2.0408163265306123,
        "volume": 484882011.25,
        "adr": 13.660617933944819,
        "condi_4": true
    },
    {
        "symbol": "APHA_US",
        "rank_value": 1.9263157894736842,
        "volume": 224494852.89000002,
        "adr": 10.355403445476652,
        "condi_4": true
    },
    {
        "symbol": "NNDM_US",
        "rank_value": 1.9256308100929613,
        "volume": 545050855.175,
        "adr": 14.256246170314778,
        "condi_4": true
    },
    {
        "symbol": "MAC_US",
        "rank_value": 1.9068865179437438,
        "volume": 164650313.808,
        "adr": 11.66214960127232,
        "condi_4": true
    },
    {
        "symbol": "FUBO_US",
        "rank_value": 1.89382822615451,
        "volume": 1678728046.6280003,
        "adr": 19.871042105873006,
        "condi_4": true
    },
    {
        "symbol": "DQ_US",
        "rank_value": 1.8901636261049464,
        "volume": 231907026.3,
        "adr": 11.23929004830373,
        "condi_4": true
    },
    {
        "symbol": "SPCE_US",
        "rank_value": 1.8859649122807016,
        "volume": 758907552.5500001,
        "adr": 11.608698689879171,
        "condi_4": true
    },
    {
        "symbol": "VSLR_US",
        "rank_value": 1.857451403887689,
        "volume": 111232331.2,
        "adr": 7.61046406019541,
        "condi_4": true
    },
    {
        "symbol": "SFIX_US",
        "rank_value": 1.8495289194905555,
        "volume": 325469606.35,
        "adr": 9.598331556678596,
        "condi_4": true
    },
    {
        "symbol": "OSTK_US",
        "rank_value": 1.7811764705882351,
        "volume": 300909817.934,
        "adr": 11.018949195876582,
        "condi_4": true
    },
    {
        "symbol": "MARA_US",
        "rank_value": 1.7629937629937633,
        "volume": 849550192.3360001,
        "adr": 23.05670152232746,
        "condi_4": true
    },
    {
        "symbol": "JMIA_US",
        "rank_value": 1.711818181818182,
        "volume": 574441912.317,
        "adr": 14.872246608751105,
        "condi_4": true
    },
    {
        "symbol": "LAC_US",
        "rank_value": 1.6917030567685591,
        "volume": 173793104.277,
        "adr": 13.920777848671095,
        "condi_4": true
    },
    {
        "symbol": "MSTR_US",
        "rank_value": 1.6877592300992998,
        "volume": 409981376.42,
        "adr": 10.585966907984234,
        "condi_4": true
    },
    {
        "symbol": "ARCT_US",
        "rank_value": 1.675392670157068,
        "volume": 186148173.12,
        "adr": 16.752565376643048,
        "condi_4": true
    },
    {
        "symbol": "WKHS_US",
        "rank_value": 1.6480730223123734,
        "volume": 521315314.0,
        "adr": 12.573103828094867,
        "condi_4": true
    },
    {
        "symbol": "BYND_US",
        "rank_value": 1.6441034633932485,
        "volume": 974960813.887,
        "adr": 8.625032265293765,
        "condi_4": true
    },
    {
        "symbol": "PLTR_US",
        "rank_value": 1.6377777777777778,
        "volume": 2105912815.3525,
        "adr": 12.052852600142616,
        "condi_4": true
    },
    {
        "symbol": "ACIA_US",
        "rank_value": 1.6337907375643226,
        "volume": 306725810.21999997,
        "adr": 3.7698763502495014,
        "condi_4": true
    },
    {
        "symbol": "HTZ_US",
        "rank_value": 1.6038613861386137,
        "volume": 146224317.90433,
        "adr": 22.32959405133508,
        "condi_4": true
    },
    {
        "symbol": "SHLL_US",
        "rank_value": 1.58837699488106,
        "volume": 326494481.8375,
        "adr": 16.75419373910849,
        "condi_4": true
    },
    {
        "symbol": "LUMN_US",
        "rank_value": 1.5838509316770186,
        "volume": 239692443.84000003,
        "adr": 6.463729167946841,
        "condi_4": true
    },
    {
        "symbol": "MVIS_US",
        "rank_value": 1.567982456140351,
        "volume": 110313862.23,
        "adr": 16.929877546814076,
        "condi_4": true
    },
    {
        "symbol": "IPOE_US",
        "rank_value": 1.555084745762712,
        "volume": 199472491.425,
        "adr": 12.90987194588762,
        "condi_4": true
    },
    {
        "symbol": "BLDP_US",
        "rank_value": 1.5495620101429228,
        "volume": 237848809.5945,
        "adr": 10.552585378905688,
        "condi_4": true
    },
    {
        "symbol": "MGNI_US",
        "rank_value": 1.5236203090507727,
        "volume": 196455815.514,
        "adr": 12.894501961789029,
        "condi_4": true
    },
    {
        "symbol": "BLNK_US",
        "rank_value": 1.503467406380028,
        "volume": 672087663.8800001,
        "adr": 17.004969494680843,
        "condi_4": true
    },
    {
        "symbol": "MRNA_US",
        "rank_value": 1.4994155464640562,
        "volume": 2258454702.7455,
        "adr": 8.225343987399448,
        "condi_4": true
    },
    {
        "symbol": "CGC_US",
        "rank_value": 1.4968814968814967,
        "volume": 219699824.4,
        "adr": 7.049542058706271,
        "condi_4": true
    },
    {
        "symbol": "IPOC_US",
        "rank_value": 1.4955925563173358,
        "volume": 187995098.6145,
        "adr": 10.564335269985769,
        "condi_4": true
    },
    {
        "symbol": "LMND_US",
        "rank_value": 1.4950980392156863,
        "volume": 695564860.125,
        "adr": 13.820768641805948,
        "condi_4": true
    },
    {
        "symbol": "BIGC_US",
        "rank_value": 1.4882989870764933,
        "volume": 229211687.51299998,
        "adr": 8.47471492569496,
        "condi_4": true
    },
    {
        "symbol": "SKLZ_US",
        "rank_value": 1.4862591138530568,
        "volume": 148539115.72500002,
        "adr": 11.153756841310901,
        "condi_4": true
    },
    {
        "symbol": "BILI_US",
        "rank_value": 1.4828244274809161,
        "volume": 636770214.0450001,
        "adr": 9.401557299330388,
        "condi_4": true
    },
    {
        "symbol": "VIAC_US",
        "rank_value": 1.4740218124737086,
        "volume": 779831404.4855001,
        "adr": 5.837989667712362,
        "condi_4": true
    },
    {
        "symbol": "CLNE_US",
        "rank_value": 1.4733969986357436,
        "volume": 105452960.4,
        "adr": 13.845109251338595,
        "condi_4": true
    }
]