[
    {
        "symbol": "AI_US",
        "rank_value": 47.86821705426357,
        "volume": 799122811.175,
        "adr": 15.553359208537533,
        "condi_4": true
    },
    {
        "symbol": "OCGN_US",
        "rank_value": 10.317743662977508,
        "volume": 343954176.10649997,
        "adr": 50.14292357508361,
        "condi_4": true
    },
    {
        "symbol": "BNGO_US",
        "rank_value": 9.34156378600823,
        "volume": 591882619.567,
        "adr": 30.67141299926672,
        "condi_4": true
    },
    {
        "symbol": "CRIS_US",
        "rank_value": 8.146788990825689,
        "volume": 218245986.21600002,
        "adr": 42.62105531700149,
        "condi_4": true
    },
    {
        "symbol": "JAGX_US",
        "rank_value": 6.21875,
        "volume": 204746350.865,
        "adr": 40.2534608473901,
        "condi_4": true
    },
    {
        "symbol": "BTBT_US",
        "rank_value": 5.720250521920668,
        "volume": 382281716.12999994,
        "adr": 28.0313796918334,
        "condi_4": true
    },
    {
        "symbol": "ARVN_US",
        "rank_value": 3.3692370461036307,
        "volume": 175102281.035,
        "adr": 15.427220466247915,
        "condi_4": true
    },
    {
        "symbol": "GEVO_US",
        "rank_value": 2.6624999999999996,
        "volume": 133121860.806,
        "adr": 21.461562856442363,
        "condi_4": true
    },
    {
        "symbol": "MVIS_US",
        "rank_value": 2.480851063829787,
        "volume": 156432311.6235,
        "adr": 24.181730674528733,
        "condi_4": true
    },
    {
        "symbol": "RIOT_US",
        "rank_value": 2.2475961538461537,
        "volume": 539737654.9399999,
        "adr": 19.44655815293217,
        "condi_4": true
    },
    {
        "symbol": "LK_US",
        "rank_value": 2.064935064935065,
        "volume": 198791688.52800003,
        "adr": 29.12297405710205,
        "condi_4": true
    },
    {
        "symbol": "TGTX_US",
        "rank_value": 1.8964797758502487,
        "volume": 143973607.29,
        "adr": 9.115161752590883,
        "condi_4": true
    },
    {
        "symbol": "VSLR_US",
        "rank_value": 1.857451403887689,
        "volume": 111232331.2,
        "adr": 7.61046406019541,
        "condi_4": true
    },
    {
        "symbol": "BLNK_US",
        "rank_value": 1.848623853211009,
        "volume": 538158015.0699999,
        "adr": 17.371602301086277,
        "condi_4": true
    },
    {
        "symbol": "LMND_US",
        "rank_value": 1.8347997572815533,
        "volume": 410577257.04,
        "adr": 13.972750533198841,
        "condi_4": true
    },
    {
        "symbol": "QS_US",
        "rank_value": 1.689777585210861,
        "volume": 1262276661.809195,
        "adr": 27.327313393019814,
        "condi_4": true
    },
    {
        "symbol": "FEYE_US",
        "rank_value": 1.6314873286561518,
        "volume": 368097160.195,
        "adr": 9.488048826773632,
        "condi_4": true
    },
    {
        "symbol": "SFIX_US",
        "rank_value": 1.6285714285714286,
        "volume": 263802332.7,
        "adr": 9.086541678003224,
        "condi_4": true
    },
    {
        "symbol": "MGNI_US",
        "rank_value": 1.6221224031443011,
        "volume": 172447936.0245,
        "adr": 12.420127445951668,
        "condi_4": true
    },
    {
        "symbol": "HTZ_US",
        "rank_value": 1.6038613861386137,
        "volume": 146224317.90433,
        "adr": 22.32959405133508,
        "condi_4": true
    },
    {
        "symbol": "LAZR_US",
        "rank_value": 1.5931937172774868,
        "volume": 617739324.899,
        "adr": 20.131178681138273,
        "condi_4": true
    },
    {
        "symbol": "SHLL_US",
        "rank_value": 1.58837699488106,
        "volume": 326494481.8375,
        "adr": 16.75419373910849,
        "condi_4": true
    },
    {
        "symbol": "MSTR_US",
        "rank_value": 1.5724761939508922,
        "volume": 250060855.6,
        "adr": 8.428133780605007,
        "condi_4": true
    },
    {
        "symbol": "VLDR_US",
        "rank_value": 1.552523874488404,
        "volume": 254788629.42000002,
        "adr": 15.66204487924363,
        "condi_4": true
    },
    {
        "symbol": "FCEL_US",
        "rank_value": 1.549100968188105,
        "volume": 611241319.92,
        "adr": 14.751711677666579,
        "condi_4": true
    },
    {
        "symbol": "XL_US",
        "rank_value": 1.5183823529411764,
        "volume": 286631283.2075,
        "adr": 20.102865736436073,
        "condi_4": true
    },
    {
        "symbol": "BIDU_US",
        "rank_value": 1.5103608683394418,
        "volume": 1809988088.3235,
        "adr": 6.640648398589599,
        "condi_4": true
    },
    {
        "symbol": "IPOC_US",
        "rank_value": 1.4955925563173358,
        "volume": 187995098.6145,
        "adr": 10.564335269985769,
        "condi_4": true
    },
    {
        "symbol": "FATE_US",
        "rank_value": 1.4630018540367435,
        "volume": 115734833.28478499,
        "adr": 9.170661126315526,
        "condi_4": true
    },
    {
        "symbol": "GME_US",
        "rank_value": 1.4481054365733113,
        "volume": 182696549.61599997,
        "adr": 12.510145354621605,
        "condi_4": true
    },
    {
        "symbol": "NNDM_US",
        "rank_value": 1.4375,
        "volume": 273646546.0335,
        "adr": 13.612894242205375,
        "condi_4": true
    }
]