[
    {
        "symbol": "BNGO_US",
        "rank_value": 11.25514403292181,
        "volume": 865146116.2055,
        "adr": 36.36966922361198,
        "condi_4": true
    },
    {
        "symbol": "JAGX_US",
        "rank_value": 11.09375,
        "volume": 451793011.1725,
        "adr": 47.53991224949505,
        "condi_4": true
    },
    {
        "symbol": "OCGN_US",
        "rank_value": 7.961442342020707,
        "volume": 273763724.7945,
        "adr": 51.30237846602088,
        "condi_4": true
    },
    {
        "symbol": "MARA_US",
        "rank_value": 5.211088888888889,
        "volume": 1319947379.090025,
        "adr": 28.652590696647138,
        "condi_4": true
    },
    {
        "symbol": "FTFT_US",
        "rank_value": 4.1410256410256405,
        "volume": 163246574.373,
        "adr": 36.97999263110634,
        "condi_4": true
    },
    {
        "symbol": "BTBT_US",
        "rank_value": 3.8517745302713986,
        "volume": 315465082.4025,
        "adr": 34.82724627202825,
        "condi_4": true
    },
    {
        "symbol": "ARVN_US",
        "rank_value": 2.8967604129583484,
        "volume": 174883605.9095,
        "adr": 15.49464540461769,
        "condi_4": true
    },
    {
        "symbol": "CLSK_US",
        "rank_value": 2.754848719937936,
        "volume": 114685434.3335,
        "adr": 17.45468648808801,
        "condi_4": true
    },
    {
        "symbol": "RIOT_US",
        "rank_value": 2.7393364928909953,
        "volume": 834727794.2520001,
        "adr": 21.408270089552506,
        "condi_4": true
    },
    {
        "symbol": "DDD_US",
        "rank_value": 2.5061728395061724,
        "volume": 534464644.68600005,
        "adr": 17.934467800840626,
        "condi_4": true
    },
    {
        "symbol": "CLNE_US",
        "rank_value": 2.5060240963855422,
        "volume": 129373172.24,
        "adr": 19.75572048328196,
        "condi_4": true
    },
    {
        "symbol": "MVIS_US",
        "rank_value": 2.21875,
        "volume": 164131289.584,
        "adr": 25.370935992446952,
        "condi_4": true
    },
    {
        "symbol": "LAC_US",
        "rank_value": 2.1820224719101127,
        "volume": 128265696.64500001,
        "adr": 12.090288345566869,
        "condi_4": true
    },
    {
        "symbol": "VERU_US",
        "rank_value": 2.1428571428571432,
        "volume": 141085367.28,
        "adr": 15.314446669650472,
        "condi_4": true
    },
    {
        "symbol": "BLNK_US",
        "rank_value": 2.0968379446640313,
        "volume": 794304472.38,
        "adr": 18.96601647708478,
        "condi_4": true
    },
    {
        "symbol": "LK_US",
        "rank_value": 2.064935064935065,
        "volume": 198791688.52800003,
        "adr": 29.12297405710205,
        "condi_4": true
    },
    {
        "symbol": "LMND_US",
        "rank_value": 2.0515860972103606,
        "volume": 615137480.08,
        "adr": 13.81040961149218,
        "condi_4": true
    },
    {
        "symbol": "VSLR_US",
        "rank_value": 1.857451403887689,
        "volume": 111232331.2,
        "adr": 7.61046406019541,
        "condi_4": true
    },
    {
        "symbol": "PACB_US",
        "rank_value": 1.7664387164650182,
        "volume": 195093070.568,
        "adr": 13.785341377962501,
        "condi_4": true
    },
    {
        "symbol": "IDEX_US",
        "rank_value": 1.7590361445783134,
        "volume": 134079925.776,
        "adr": 17.43681026584212,
        "condi_4": true
    },
    {
        "symbol": "MSTR_US",
        "rank_value": 1.7547579419639627,
        "volume": 339274063.74,
        "adr": 9.707541044163804,
        "condi_4": true
    },
    {
        "symbol": "TGTX_US",
        "rank_value": 1.7483333333333335,
        "volume": 101226795.375,
        "adr": 6.416609822425379,
        "condi_4": true
    },
    {
        "symbol": "IPOE_US",
        "rank_value": 1.7348837209302324,
        "volume": 123376768.92749998,
        "adr": 9.700092135504912,
        "condi_4": true
    },
    {
        "symbol": "GME_US",
        "rank_value": 1.659802306425041,
        "volume": 189607063.9775,
        "adr": 11.905095371944219,
        "condi_4": true
    },
    {
        "symbol": "GRWG_US",
        "rank_value": 1.6591735537190082,
        "volume": 137015942.05949998,
        "adr": 9.14436145052755,
        "condi_4": true
    },
    {
        "symbol": "RUN_US",
        "rank_value": 1.6583382106242517,
        "volume": 450212990.82199997,
        "adr": 8.238254827197732,
        "condi_4": true
    },
    {
        "symbol": "ENPH_US",
        "rank_value": 1.6544117647058822,
        "volume": 685612245.1500001,
        "adr": 7.725044213845633,
        "condi_4": true
    },
    {
        "symbol": "BILI_US",
        "rank_value": 1.6307692307692307,
        "volume": 569841118.66,
        "adr": 8.29427868519199,
        "condi_4": true
    },
    {
        "symbol": "NNDM_US",
        "rank_value": 1.6086235489220562,
        "volume": 299086083.92999995,
        "adr": 13.14924968437352,
        "condi_4": true
    },
    {
        "symbol": "NIO_US",
        "rank_value": 1.6081569437274135,
        "volume": 8391747351.12,
        "adr": 7.722750238205567,
        "condi_4": true
    },
    {
        "symbol": "BIDU_US",
        "rank_value": 1.6081196862848481,
        "volume": 2585929202.0,
        "adr": 8.05108044692686,
        "condi_4": true
    },
    {
        "symbol": "HTZ_US",
        "rank_value": 1.6038613861386137,
        "volume": 146224317.90433,
        "adr": 22.32959405133508,
        "condi_4": true
    },
    {
        "symbol": "SNDL_US",
        "rank_value": 1.6033254156769596,
        "volume": 200773796.81625,
        "adr": 16.103077065126435,
        "condi_4": true
    },
    {
        "symbol": "SHLL_US",
        "rank_value": 1.58837699488106,
        "volume": 326494481.8375,
        "adr": 16.75419373910849,
        "condi_4": true
    },
    {
        "symbol": "ARCT_US",
        "rank_value": 1.5831463475442533,
        "volume": 169915566.95000002,
        "adr": 20.784097676748715,
        "condi_4": true
    },
    {
        "symbol": "NTLA_US",
        "rank_value": 1.5676910299003324,
        "volume": 116498719.69999999,
        "adr": 12.13697331821968,
        "condi_4": true
    },
    {
        "symbol": "CSIQ_US",
        "rank_value": 1.544982225868198,
        "volume": 115871281.975,
        "adr": 7.726530404218157,
        "condi_4": true
    },
    {
        "symbol": "XL_US",
        "rank_value": 1.5088339222614842,
        "volume": 309048946.675,
        "adr": 18.78927416909861,
        "condi_4": true
    },
    {
        "symbol": "TSLA_US",
        "rank_value": 1.5043966521877317,
        "volume": 31792135816.8,
        "adr": 5.565596781494198,
        "condi_4": true
    },
    {
        "symbol": "SPWR_US",
        "rank_value": 1.5019723865877712,
        "volume": 236298445.44,
        "adr": 11.638765664252881,
        "condi_4": true
    },
    {
        "symbol": "IPOC_US",
        "rank_value": 1.4955925563173358,
        "volume": 187995098.6145,
        "adr": 10.564335269985769,
        "condi_4": true
    }
]