[
    {
        "symbol": "JAGX_US",
        "rank_value": 10.53125,
        "volume": 432540722.636,
        "adr": 47.967230584353835,
        "condi_4": true
    },
    {
        "symbol": "OCGN_US",
        "rank_value": 8.315789473684212,
        "volume": 303554547.84900004,
        "adr": 54.00429641652984,
        "condi_4": true
    },
    {
        "symbol": "ZOM_US",
        "rank_value": 6.339869281045751,
        "volume": 273060361.966,
        "adr": 34.57684088171406,
        "condi_4": true
    },
    {
        "symbol": "FTFT_US",
        "rank_value": 4.326923076923077,
        "volume": 180434451.825,
        "adr": 39.01511040524937,
        "condi_4": true
    },
    {
        "symbol": "MARA_US",
        "rank_value": 4.1500904159132,
        "volume": 1292697219.9375,
        "adr": 26.59774421899104,
        "condi_4": true
    },
    {
        "symbol": "GEVO_US",
        "rank_value": 3.736263736263736,
        "volume": 258452675.51999998,
        "adr": 22.426268779812997,
        "condi_4": true
    },
    {
        "symbol": "UAVS_US",
        "rank_value": 3.6250000000000004,
        "volume": 128900892.8025,
        "adr": 27.51617331659366,
        "condi_4": true
    },
    {
        "symbol": "BTBT_US",
        "rank_value": 3.5135699373695193,
        "volume": 291369895.8885,
        "adr": 33.793425844186146,
        "condi_4": true
    },
    {
        "symbol": "SOL_US",
        "rank_value": 3.401841704718417,
        "volume": 121155320.38704501,
        "adr": 21.954261422305965,
        "condi_4": true
    },
    {
        "symbol": "SUNW_US",
        "rank_value": 2.9242424242424243,
        "volume": 113743180.665,
        "adr": 21.181845425774615,
        "condi_4": true
    },
    {
        "symbol": "RIOT_US",
        "rank_value": 2.888888888888889,
        "volume": 932109664.2,
        "adr": 21.457586542540618,
        "condi_4": true
    },
    {
        "symbol": "GME_US",
        "rank_value": 2.8846153846153846,
        "volume": 773742223.8000001,
        "adr": 17.944639360183935,
        "condi_4": true
    },
    {
        "symbol": "DDD_US",
        "rank_value": 2.8799900000000003,
        "volume": 714372303.5320001,
        "adr": 20.80950164382824,
        "condi_4": true
    },
    {
        "symbol": "TLRY_US",
        "rank_value": 2.7374301675977657,
        "volume": 542824648.94,
        "adr": 12.283419370762406,
        "condi_4": true
    },
    {
        "symbol": "ACTC_US",
        "rank_value": 2.595145631067961,
        "volume": 113120027.50950001,
        "adr": 12.865648042597599,
        "condi_4": true
    },
    {
        "symbol": "NGA_US",
        "rank_value": 2.461425422483468,
        "volume": 150486901.04999998,
        "adr": 13.91843504413548,
        "condi_4": true
    },
    {
        "symbol": "PLUG_US",
        "rank_value": 2.2993119266055047,
        "volume": 3048638600.025,
        "adr": 13.666037821744714,
        "condi_4": true
    },
    {
        "symbol": "CLNE_US",
        "rank_value": 2.2894117647058825,
        "volume": 130377131.108,
        "adr": 19.510083100010746,
        "condi_4": true
    },
    {
        "symbol": "MSTR_US",
        "rank_value": 2.1485986702481448,
        "volume": 446571446.2,
        "adr": 10.259921328407827,
        "condi_4": true
    },
    {
        "symbol": "MVIS_US",
        "rank_value": 2.1206349206349207,
        "volume": 194758695.244,
        "adr": 24.700394893943177,
        "condi_4": true
    },
    {
        "symbol": "FCEL_US",
        "rank_value": 2.091490196078431,
        "volume": 1111307042.287575,
        "adr": 17.01979399868354,
        "condi_4": true
    },
    {
        "symbol": "LK_US",
        "rank_value": 2.064935064935065,
        "volume": 198791688.52800003,
        "adr": 29.12297405710205,
        "condi_4": true
    },
    {
        "symbol": "CLSK_US",
        "rank_value": 2.0,
        "volume": 105350056.23,
        "adr": 18.462309856578507,
        "condi_4": true
    },
    {
        "symbol": "PACB_US",
        "rank_value": 1.9,
        "volume": 223513352.30249998,
        "adr": 13.673214627126162,
        "condi_4": true
    },
    {
        "symbol": "FUTU_US",
        "rank_value": 1.8987168987168985,
        "volume": 291190538.5675,
        "adr": 9.593509270436584,
        "condi_4": true
    },
    {
        "symbol": "BLNK_US",
        "rank_value": 1.8778656126482212,
        "volume": 709929069.043,
        "adr": 18.636726727080386,
        "condi_4": true
    },
    {
        "symbol": "CCIV_US",
        "rank_value": 1.8760162601626018,
        "volume": 572779873.289,
        "adr": 8.587563093161489,
        "condi_4": true
    },
    {
        "symbol": "IDEX_US",
        "rank_value": 1.8734939759036144,
        "volume": 175795675.266,
        "adr": 19.045915440778383,
        "condi_4": true
    },
    {
        "symbol": "APHA_US",
        "rank_value": 1.8646616541353382,
        "volume": 182488199.1,
        "adr": 9.101590980603302,
        "condi_4": true
    },
    {
        "symbol": "VSLR_US",
        "rank_value": 1.857451403887689,
        "volume": 111232331.2,
        "adr": 7.61046406019541,
        "condi_4": true
    },
    {
        "symbol": "CELH_US",
        "rank_value": 1.8435028248587573,
        "volume": 101580293.113,
        "adr": 10.105111378311626,
        "condi_4": true
    },
    {
        "symbol": "LMND_US",
        "rank_value": 1.7237923895956158,
        "volume": 644213611.44,
        "adr": 14.210537616886532,
        "condi_4": true
    },
    {
        "symbol": "NNDM_US",
        "rank_value": 1.707516339869281,
        "volume": 384143625.49749994,
        "adr": 13.620050941694938,
        "condi_4": true
    },
    {
        "symbol": "NTLA_US",
        "rank_value": 1.700373754152824,
        "volume": 133195759.6505,
        "adr": 12.607975264685024,
        "condi_4": true
    },
    {
        "symbol": "FLGT_US",
        "rank_value": 1.689423076923077,
        "volume": 139228218.59800002,
        "adr": 11.918307692397633,
        "condi_4": true
    },
    {
        "symbol": "MGNI_US",
        "rank_value": 1.672240802675585,
        "volume": 223575441.0,
        "adr": 14.068439966546297,
        "condi_4": true
    },
    {
        "symbol": "ACIA_US",
        "rank_value": 1.6375877381463972,
        "volume": 291238882.60400003,
        "adr": 4.0108432482706124,
        "condi_4": true
    },
    {
        "symbol": "FEYE_US",
        "rank_value": 1.636581363374285,
        "volume": 363161056.176,
        "adr": 9.115424626483781,
        "condi_4": true
    },
    {
        "symbol": "BLDP_US",
        "rank_value": 1.6347177848775292,
        "volume": 219459886.35,
        "adr": 9.51779590707127,
        "condi_4": true
    },
    {
        "symbol": "RIG_US",
        "rank_value": 1.625,
        "volume": 100436376.1375,
        "adr": 10.967960145845158,
        "condi_4": true
    },
    {
        "symbol": "BILI_US",
        "rank_value": 1.605263157894737,
        "volume": 605067771.8000001,
        "adr": 8.457807665314965,
        "condi_4": true
    },
    {
        "symbol": "HTZ_US",
        "rank_value": 1.6038613861386137,
        "volume": 146224317.90433,
        "adr": 22.32959405133508,
        "condi_4": true
    },
    {
        "symbol": "SHLL_US",
        "rank_value": 1.58837699488106,
        "volume": 326494481.8375,
        "adr": 16.75419373910849,
        "condi_4": true
    },
    {
        "symbol": "GRWG_US",
        "rank_value": 1.556032334265219,
        "volume": 134097230.86899999,
        "adr": 9.311957785437297,
        "condi_4": true
    },
    {
        "symbol": "SNDL_US",
        "rank_value": 1.541567695961995,
        "volume": 215195375.4786,
        "adr": 16.717153757599124,
        "condi_4": true
    },
    {
        "symbol": "PEN_US",
        "rank_value": 1.5230666666666668,
        "volume": 114447116.961,
        "adr": 4.9758190003649005,
        "condi_4": true
    },
    {
        "symbol": "DQ_US",
        "rank_value": 1.5178404053198227,
        "volume": 181149767.47147498,
        "adr": 11.347564661394948,
        "condi_4": true
    },
    {
        "symbol": "BE_US",
        "rank_value": 1.511860174781523,
        "volume": 164993663.1945,
        "adr": 9.976912756605794,
        "condi_4": true
    },
    {
        "symbol": "SKLZ_US",
        "rank_value": 1.5115334731330077,
        "volume": 159548890.201,
        "adr": 13.450072983101812,
        "condi_4": true
    },
    {
        "symbol": "ARCT_US",
        "rank_value": 1.4958863126402393,
        "volume": 166622262.0,
        "adr": 20.845429525631133,
        "condi_4": true
    },
    {
        "symbol": "IPOC_US",
        "rank_value": 1.4955925563173358,
        "volume": 187995098.6145,
        "adr": 10.564335269985769,
        "condi_4": true
    }
]