[
    {
        "symbol": "BNGO_US",
        "rank_value": 16.548223350253807,
        "volume": 1542481356.215,
        "adr": 41.493344156911036,
        "condi_4": true
    },
    {
        "symbol": "JAGX_US",
        "rank_value": 9.881782358290389,
        "volume": 416115649.10899997,
        "adr": 47.10647347338717,
        "condi_4": true
    },
    {
        "symbol": "FTFT_US",
        "rank_value": 3.9807692307692304,
        "volume": 166837160.4435,
        "adr": 39.08194520978911,
        "condi_4": true
    },
    {
        "symbol": "BTBT_US",
        "rank_value": 3.392484342379958,
        "volume": 280849955.75,
        "adr": 33.83454963833656,
        "condi_4": true
    },
    {
        "symbol": "MARA_US",
        "rank_value": 3.28335832083958,
        "volume": 1166974759.53,
        "adr": 26.07814797069523,
        "condi_4": true
    },
    {
        "symbol": "SOL_US",
        "rank_value": 3.2105263157894735,
        "volume": 131542533.78,
        "adr": 21.74017828000927,
        "condi_4": true
    },
    {
        "symbol": "DDD_US",
        "rank_value": 3.1399999999999997,
        "volume": 796382547.0999999,
        "adr": 21.17597769948416,
        "condi_4": true
    },
    {
        "symbol": "GME_US",
        "rank_value": 2.842415316642121,
        "volume": 946672779.83,
        "adr": 18.645024308016755,
        "condi_4": true
    },
    {
        "symbol": "RIOT_US",
        "rank_value": 2.772222222222222,
        "volume": 860837079.3425,
        "adr": 20.935549046962265,
        "condi_4": true
    },
    {
        "symbol": "ACTC_US",
        "rank_value": 2.753398058252427,
        "volume": 129203138.862,
        "adr": 13.58879176047818,
        "condi_4": true
    },
    {
        "symbol": "TLRY_US",
        "rank_value": 2.5215189873417723,
        "volume": 567948721.44,
        "adr": 12.71032086905064,
        "condi_4": true
    },
    {
        "symbol": "UPST_US",
        "rank_value": 2.4321096859796554,
        "volume": 102331677.35700001,
        "adr": 17.813469689946416,
        "condi_4": true
    },
    {
        "symbol": "CLNE_US",
        "rank_value": 2.330210772833724,
        "volume": 134495256.44,
        "adr": 19.135437832067524,
        "condi_4": true
    },
    {
        "symbol": "NGA_US",
        "rank_value": 2.268919911829537,
        "volume": 146946523.736,
        "adr": 14.526779548423917,
        "condi_4": true
    },
    {
        "symbol": "LK_US",
        "rank_value": 2.064935064935065,
        "volume": 198791688.52800003,
        "adr": 29.12297405710205,
        "condi_4": true
    },
    {
        "symbol": "PACB_US",
        "rank_value": 2.051282051282051,
        "volume": 244309712.0,
        "adr": 13.80907352501195,
        "condi_4": true
    },
    {
        "symbol": "IDEX_US",
        "rank_value": 2.030120481927711,
        "volume": 195883018.576,
        "adr": 19.307612213061475,
        "condi_4": true
    },
    {
        "symbol": "MSTR_US",
        "rank_value": 2.0162273217954523,
        "volume": 429335940.15,
        "adr": 9.963134962593445,
        "condi_4": true
    },
    {
        "symbol": "APHA_US",
        "rank_value": 2.006015037593985,
        "volume": 202218453.364,
        "adr": 9.35186977527076,
        "condi_4": true
    },
    {
        "symbol": "CCIV_US",
        "rank_value": 1.9362992922143576,
        "volume": 653114775.33,
        "adr": 9.226813244817889,
        "condi_4": true
    },
    {
        "symbol": "MVIS_US",
        "rank_value": 1.9266304347826086,
        "volume": 199051641.16849998,
        "adr": 23.403299516202615,
        "condi_4": true
    },
    {
        "symbol": "CLSK_US",
        "rank_value": 1.9169811320754717,
        "volume": 102188896.96800001,
        "adr": 18.92824886491551,
        "condi_4": true
    },
    {
        "symbol": "VSLR_US",
        "rank_value": 1.857451403887689,
        "volume": 111232331.2,
        "adr": 7.61046406019541,
        "condi_4": true
    },
    {
        "symbol": "NTLA_US",
        "rank_value": 1.762873754152824,
        "volume": 141263280.405,
        "adr": 12.589903175771266,
        "condi_4": true
    },
    {
        "symbol": "SNDL_US",
        "rank_value": 1.7085510688836103,
        "volume": 240454487.880825,
        "adr": 16.91084131192886,
        "condi_4": true
    },
    {
        "symbol": "BLNK_US",
        "rank_value": 1.6998217468805703,
        "volume": 689369338.544,
        "adr": 18.300168355846246,
        "condi_4": true
    },
    {
        "symbol": "BEAM_US",
        "rank_value": 1.6243915711823926,
        "volume": 100800590.967,
        "adr": 14.201992485010638,
        "condi_4": true
    },
    {
        "symbol": "HTZ_US",
        "rank_value": 1.6038613861386137,
        "volume": 146224317.90433,
        "adr": 22.32959405133508,
        "condi_4": true
    },
    {
        "symbol": "LMND_US",
        "rank_value": 1.6008478357875948,
        "volume": 637061433.75,
        "adr": 14.272157965505983,
        "condi_4": true
    },
    {
        "symbol": "SHLL_US",
        "rank_value": 1.58837699488106,
        "volume": 326494481.8375,
        "adr": 16.75419373910849,
        "condi_4": true
    },
    {
        "symbol": "FEYE_US",
        "rank_value": 1.5842857142857143,
        "volume": 363776147.366,
        "adr": 9.116949164438948,
        "condi_4": true
    }
]