[
    {
        "symbol": "AI_US",
        "rank_value": 53.825581395348834,
        "volume": 850555392.066,
        "adr": 14.576274808038603,
        "condi_4": true
    },
    {
        "symbol": "OCGN_US",
        "rank_value": 6.85469475187433,
        "volume": 209830439.13599998,
        "adr": 42.04255191422413,
        "condi_4": true
    },
    {
        "symbol": "VERU_US",
        "rank_value": 2.9219999999999997,
        "volume": 155231747.57277,
        "adr": 21.521642069463766,
        "condi_4": true
    },
    {
        "symbol": "GEVO_US",
        "rank_value": 2.6874999999999996,
        "volume": 130582776.68,
        "adr": 21.294414548856366,
        "condi_4": true
    },
    {
        "symbol": "QS_US",
        "rank_value": 2.60880195599022,
        "volume": 1187641794.9164999,
        "adr": 23.75508233053967,
        "condi_4": true
    },
    {
        "symbol": "MVIS_US",
        "rank_value": 2.417777777777778,
        "volume": 140211595.776,
        "adr": 22.956096773266932,
        "condi_4": true
    },
    {
        "symbol": "LAZR_US",
        "rank_value": 2.414285714285714,
        "volume": 818430953.99,
        "adr": 22.32943180861371,
        "condi_4": true
    },
    {
        "symbol": "MARA_US",
        "rank_value": 2.3244444444444445,
        "volume": 379775963.61,
        "adr": 22.167892843716587,
        "condi_4": true
    },
    {
        "symbol": "EDIT_US",
        "rank_value": 2.314154952598889,
        "volume": 227367898.5735,
        "adr": 15.705879206431339,
        "condi_4": true
    },
    {
        "symbol": "BLNK_US",
        "rank_value": 2.2791068580542264,
        "volume": 565295722.8555,
        "adr": 16.735434836620968,
        "condi_4": true
    },
    {
        "symbol": "RIOT_US",
        "rank_value": 2.193548387096774,
        "volume": 493023164.20000005,
        "adr": 18.918299353366088,
        "condi_4": true
    },
    {
        "symbol": "LK_US",
        "rank_value": 2.064935064935065,
        "volume": 198791688.52800003,
        "adr": 29.12297405710205,
        "condi_4": true
    },
    {
        "symbol": "LMND_US",
        "rank_value": 1.963248274755256,
        "volume": 459496459.786,
        "adr": 14.627546209231411,
        "condi_4": true
    },
    {
        "symbol": "TGTX_US",
        "rank_value": 1.9439969313387035,
        "volume": 139785819.264,
        "adr": 9.250529219882386,
        "condi_4": true
    },
    {
        "symbol": "XL_US",
        "rank_value": 1.8847999999999998,
        "volume": 313163655.958,
        "adr": 20.033351118805022,
        "condi_4": true
    },
    {
        "symbol": "VSLR_US",
        "rank_value": 1.857451403887689,
        "volume": 111232331.2,
        "adr": 7.61046406019541,
        "condi_4": true
    },
    {
        "symbol": "RMO_US",
        "rank_value": 1.762422360248447,
        "volume": 137434918.59,
        "adr": 19.817270768366125,
        "condi_4": true
    },
    {
        "symbol": "FEYE_US",
        "rank_value": 1.7558194738547563,
        "volume": 383073728.12969,
        "adr": 8.960013380921627,
        "condi_4": true
    },
    {
        "symbol": "FCEL_US",
        "rank_value": 1.7331288343558284,
        "volume": 654685596.4850001,
        "adr": 14.817658414773538,
        "condi_4": true
    },
    {
        "symbol": "MGNI_US",
        "rank_value": 1.724873666479506,
        "volume": 176900121.6,
        "adr": 11.850606251458684,
        "condi_4": true
    },
    {
        "symbol": "SFIX_US",
        "rank_value": 1.6817142857142857,
        "volume": 268389168.76799998,
        "adr": 9.091814152499245,
        "condi_4": true
    },
    {
        "symbol": "MP_US",
        "rank_value": 1.6770778189518263,
        "volume": 148333301.424,
        "adr": 12.673767950138526,
        "condi_4": true
    },
    {
        "symbol": "IPOC_US",
        "rank_value": 1.6620689655172414,
        "volume": 188339886.14350003,
        "adr": 9.070690250320546,
        "condi_4": true
    },
    {
        "symbol": "CIIC_US",
        "rank_value": 1.6492668621700879,
        "volume": 116609635.71200001,
        "adr": 15.625257062166554,
        "condi_4": true
    },
    {
        "symbol": "SBE_US",
        "rank_value": 1.6449511400651466,
        "volume": 197540241.98,
        "adr": 12.454083757379376,
        "condi_4": true
    },
    {
        "symbol": "VLDR_US",
        "rank_value": 1.6428571428571428,
        "volume": 266231184.70000002,
        "adr": 15.829476429893186,
        "condi_4": true
    },
    {
        "symbol": "JMIA_US",
        "rank_value": 1.6363636363636362,
        "volume": 511927402.671,
        "adr": 13.085772314450539,
        "condi_4": true
    },
    {
        "symbol": "PACB_US",
        "rank_value": 1.6199376947040498,
        "volume": 134157922.6,
        "adr": 12.668575087687062,
        "condi_4": true
    },
    {
        "symbol": "HTZ_US",
        "rank_value": 1.6038613861386137,
        "volume": 146224317.90433,
        "adr": 22.32959405133508,
        "condi_4": true
    },
    {
        "symbol": "SHLL_US",
        "rank_value": 1.58837699488106,
        "volume": 326494481.8375,
        "adr": 16.75419373910849,
        "condi_4": true
    },
    {
        "symbol": "NNDM_US",
        "rank_value": 1.5868055555555558,
        "volume": 306281062.277,
        "adr": 14.143289087367972,
        "condi_4": true
    },
    {
        "symbol": "FATE_US",
        "rank_value": 1.5813913043478263,
        "volume": 119338459.716,
        "adr": 9.190488654946583,
        "condi_4": true
    },
    {
        "symbol": "BIDU_US",
        "rank_value": 1.571475302584233,
        "volume": 1697378517.144,
        "adr": 6.346956959625016,
        "condi_4": true
    },
    {
        "symbol": "GME_US",
        "rank_value": 1.5551894563426687,
        "volume": 195893376.48,
        "adr": 12.187984920655314,
        "condi_4": true
    },
    {
        "symbol": "DQ_US",
        "rank_value": 1.5494327390599674,
        "volume": 130602877.88399999,
        "adr": 10.455768188976155,
        "condi_4": true
    },
    {
        "symbol": "PLUG_US",
        "rank_value": 1.5253932584269663,
        "volume": 994490770.083,
        "adr": 9.210699731742068,
        "condi_4": true
    },
    {
        "symbol": "APPS_US",
        "rank_value": 1.4908136482939631,
        "volume": 158270428.16,
        "adr": 7.816001344210166,
        "condi_4": true
    },
    {
        "symbol": "BFT_US",
        "rank_value": 1.4878048780487805,
        "volume": 305858725.21250004,
        "adr": 9.875727015985202,
        "condi_4": true
    },
    {
        "symbol": "BILI_US",
        "rank_value": 1.4830942622950818,
        "volume": 382815823.275,
        "adr": 7.9257413424052015,
        "condi_4": true
    },
    {
        "symbol": "ENPH_US",
        "rank_value": 1.453985209531635,
        "volume": 342431277.7175,
        "adr": 7.034259448039792,
        "condi_4": true
    },
    {
        "symbol": "RDFN_US",
        "rank_value": 1.4351832460732985,
        "volume": 118319676.552,
        "adr": 6.2239403830826046,
        "condi_4": true
    }
]