[
    {
        "symbol": "AI_US",
        "rank_value": 46.55038759689922,
        "volume": 758635231.6349999,
        "adr": 15.224273779781882,
        "condi_4": true
    },
    {
        "symbol": "ARVN_US",
        "rank_value": 3.5050167224080266,
        "volume": 177334339.48800004,
        "adr": 15.514826726339814,
        "condi_4": true
    },
    {
        "symbol": "VERU_US",
        "rank_value": 2.708474576271186,
        "volume": 144696231.34,
        "adr": 21.458460403660553,
        "condi_4": true
    },
    {
        "symbol": "GEVO_US",
        "rank_value": 2.65625,
        "volume": 131228164.17500001,
        "adr": 21.388950270260754,
        "condi_4": true
    },
    {
        "symbol": "MARA_US",
        "rank_value": 2.5044444444444443,
        "volume": 414227964.178,
        "adr": 23.07395293116654,
        "condi_4": true
    },
    {
        "symbol": "EDIT_US",
        "rank_value": 2.277163305139883,
        "volume": 226703032.5,
        "adr": 15.503799418561815,
        "condi_4": true
    },
    {
        "symbol": "MVIS_US",
        "rank_value": 2.2695652173913046,
        "volume": 137419620.516,
        "adr": 23.56649773924935,
        "condi_4": true
    },
    {
        "symbol": "LAZR_US",
        "rank_value": 2.2264285714285714,
        "volume": 719240914.419,
        "adr": 21.121180868561872,
        "condi_4": true
    },
    {
        "symbol": "RIOT_US",
        "rank_value": 2.1217820512820516,
        "volume": 481396644.50637007,
        "adr": 19.16392934037665,
        "condi_4": true
    },
    {
        "symbol": "LK_US",
        "rank_value": 2.064935064935065,
        "volume": 198791688.52800003,
        "adr": 29.12297405710205,
        "condi_4": true
    },
    {
        "symbol": "BLNK_US",
        "rank_value": 2.057416267942584,
        "volume": 513009067.27500004,
        "adr": 17.2002997014858,
        "condi_4": true
    },
    {
        "symbol": "TGTX_US",
        "rank_value": 1.9562715765247412,
        "volume": 142935611.54999998,
        "adr": 9.248161120433206,
        "condi_4": true
    },
    {
        "symbol": "VSLR_US",
        "rank_value": 1.857451403887689,
        "volume": 111232331.2,
        "adr": 7.61046406019541,
        "condi_4": true
    },
    {
        "symbol": "LMND_US",
        "rank_value": 1.837586262237201,
        "volume": 402088774.075,
        "adr": 14.007135059787146,
        "condi_4": true
    },
    {
        "symbol": "QS_US",
        "rank_value": 1.7202235417394343,
        "volume": 955071247.8000001,
        "adr": 26.197623043817273,
        "condi_4": true
    },
    {
        "symbol": "FEYE_US",
        "rank_value": 1.6352551977754501,
        "volume": 365805768.78999996,
        "adr": 9.420927039747928,
        "condi_4": true
    },
    {
        "symbol": "FCEL_US",
        "rank_value": 1.6349693251533743,
        "volume": 597857495.781,
        "adr": 14.861254699441261,
        "condi_4": true
    },
    {
        "symbol": "XL_US",
        "rank_value": 1.6336000000000002,
        "volume": 279978842.578,
        "adr": 20.466586412922673,
        "condi_4": true
    },
    {
        "symbol": "BILI_US",
        "rank_value": 1.6120218579234973,
        "volume": 435292593.03999996,
        "adr": 8.28383481368058,
        "condi_4": true
    },
    {
        "symbol": "SFIX_US",
        "rank_value": 1.608857142857143,
        "volume": 258315612.7485,
        "adr": 9.168931742978925,
        "condi_4": true
    },
    {
        "symbol": "HTZ_US",
        "rank_value": 1.6038613861386137,
        "volume": 146224317.90433,
        "adr": 22.32959405133508,
        "condi_4": true
    },
    {
        "symbol": "SHLL_US",
        "rank_value": 1.58837699488106,
        "volume": 326494481.8375,
        "adr": 16.75419373910849,
        "condi_4": true
    },
    {
        "symbol": "PACB_US",
        "rank_value": 1.5778443113772456,
        "volume": 139599271.0675,
        "adr": 12.733282847245864,
        "condi_4": true
    },
    {
        "symbol": "IPOC_US",
        "rank_value": 1.5714285714285714,
        "volume": 192207794.13,
        "adr": 10.347700714195017,
        "condi_4": true
    },
    {
        "symbol": "VLDR_US",
        "rank_value": 1.5642857142857143,
        "volume": 254610718.37999997,
        "adr": 15.895710438490562,
        "condi_4": true
    },
    {
        "symbol": "MGNI_US",
        "rank_value": 1.5631667602470523,
        "volume": 165118389.93600002,
        "adr": 12.180251991539958,
        "condi_4": true
    },
    {
        "symbol": "CIIC_US",
        "rank_value": 1.5618768328445747,
        "volume": 109387547.693,
        "adr": 15.01903924038439,
        "condi_4": true
    },
    {
        "symbol": "BIDU_US",
        "rank_value": 1.5596402877697841,
        "volume": 1788064506.4555,
        "adr": 6.563314744336446,
        "condi_4": true
    },
    {
        "symbol": "MP_US",
        "rank_value": 1.5346744309158284,
        "volume": 140146355.5505,
        "adr": 13.050458528582332,
        "condi_4": true
    },
    {
        "symbol": "RMO_US",
        "rank_value": 1.513975155279503,
        "volume": 125676960.82499999,
        "adr": 20.896275097370463,
        "condi_4": true
    },
    {
        "symbol": "SBE_US",
        "rank_value": 1.5126221498371335,
        "volume": 180084771.7425,
        "adr": 12.703144790243236,
        "condi_4": true
    },
    {
        "symbol": "NNDM_US",
        "rank_value": 1.5104166666666665,
        "volume": 285142570.03499997,
        "adr": 14.113369446111058,
        "condi_4": true
    },
    {
        "symbol": "FATE_US",
        "rank_value": 1.4638297872340424,
        "volume": 113237649.10000001,
        "adr": 9.54504977261237,
        "condi_4": true
    },
    {
        "symbol": "JMIA_US",
        "rank_value": 1.459437423562984,
        "volume": 438505897.97999996,
        "adr": 13.307061452241275,
        "condi_4": true
    },
    {
        "symbol": "CRWD_US",
        "rank_value": 1.4503761574074072,
        "volume": 878818557.475,
        "adr": 6.1439289567615685,
        "condi_4": true
    },
    {
        "symbol": "PLUG_US",
        "rank_value": 1.4346067415730337,
        "volume": 951383820.996,
        "adr": 9.681272744346693,
        "condi_4": true
    },
    {
        "symbol": "GME_US",
        "rank_value": 1.4308072487644152,
        "volume": 183518197.95600003,
        "adr": 12.56516742206526,
        "condi_4": true
    },
    {
        "symbol": "ENPH_US",
        "rank_value": 1.4200493015612161,
        "volume": 346742012.653,
        "adr": 7.158174088822422,
        "condi_4": true
    }
]