[
    {
        "symbol": "BNGO_US",
        "rank_value": 16.04,
        "volume": 1562165237.108,
        "adr": 42.39193297816173,
        "condi_4": true
    },
    {
        "symbol": "JAGX_US",
        "rank_value": 9.548347984237648,
        "volume": 403972186.4325,
        "adr": 47.276641540614065,
        "condi_4": true
    },
    {
        "symbol": "GRTS_US",
        "rank_value": 7.966666666666666,
        "volume": 152888535.415,
        "adr": 33.69612607440351,
        "condi_4": true
    },
    {
        "symbol": "OCGN_US",
        "rank_value": 7.789473684210527,
        "volume": 287730464.406,
        "adr": 55.45429775107515,
        "condi_4": true
    },
    {
        "symbol": "SENS_US",
        "rank_value": 6.942691239585963,
        "volume": 163390885.7625,
        "adr": 41.00200392748972,
        "condi_4": true
    },
    {
        "symbol": "TRXC_US",
        "rank_value": 6.849056603773584,
        "volume": 171598871.7135,
        "adr": 34.40133479418901,
        "condi_4": true
    },
    {
        "symbol": "ZOM_US",
        "rank_value": 6.645161290322581,
        "volume": 298821717.675,
        "adr": 35.390255747469546,
        "condi_4": true
    },
    {
        "symbol": "FRSX_US",
        "rank_value": 5.716049382716049,
        "volume": 251846431.288,
        "adr": 32.78954898628634,
        "condi_4": true
    },
    {
        "symbol": "GEVO_US",
        "rank_value": 4.445497630331754,
        "volume": 467972907.35300004,
        "adr": 25.554287506119124,
        "condi_4": true
    },
    {
        "symbol": "ACRS_US",
        "rank_value": 3.9173913043478263,
        "volume": 122569537.92300001,
        "adr": 25.10924982145084,
        "condi_4": true
    },
    {
        "symbol": "FTFT_US",
        "rank_value": 3.7499999999999996,
        "volume": 158118699.08249998,
        "adr": 38.07386440170832,
        "condi_4": true
    },
    {
        "symbol": "BTBT_US",
        "rank_value": 3.347058823529412,
        "volume": 298483253.8065,
        "adr": 34.10570546908991,
        "condi_4": true
    },
    {
        "symbol": "DDD_US",
        "rank_value": 3.05,
        "volume": 774482236.1,
        "adr": 21.080400214104046,
        "condi_4": true
    },
    {
        "symbol": "GME_US",
        "rank_value": 2.873436350257542,
        "volume": 987243035.79,
        "adr": 18.86070792552843,
        "condi_4": true
    },
    {
        "symbol": "TIGR_US",
        "rank_value": 2.7262773722627736,
        "volume": 109801525.51799999,
        "adr": 16.300734174728902,
        "condi_4": true
    },
    {
        "symbol": "ACTC_US",
        "rank_value": 2.695145631067961,
        "volume": 130463821.90400001,
        "adr": 13.800795290928303,
        "condi_4": true
    },
    {
        "symbol": "LAC_US",
        "rank_value": 2.588888888888889,
        "volume": 206954447.995,
        "adr": 14.711340332026012,
        "condi_4": true
    },
    {
        "symbol": "RIOT_US",
        "rank_value": 2.4466666666666668,
        "volume": 758720617.944,
        "adr": 21.205755049315165,
        "condi_4": true
    },
    {
        "symbol": "TLRY_US",
        "rank_value": 2.356962025316456,
        "volume": 542018931.895,
        "adr": 12.816035154764949,
        "condi_4": true
    },
    {
        "symbol": "MARA_US",
        "rank_value": 2.2669039145907472,
        "volume": 1019124256.8779999,
        "adr": 26.242083723579725,
        "condi_4": true
    },
    {
        "symbol": "PLUG_US",
        "rank_value": 2.1940404398722952,
        "volume": 3210142809.9325004,
        "adr": 13.654296911072006,
        "condi_4": true
    },
    {
        "symbol": "IPOE_US",
        "rank_value": 2.076235190953351,
        "volume": 209312838.3905,
        "adr": 11.283083888263112,
        "condi_4": true
    },
    {
        "symbol": "STPK_US",
        "rank_value": 2.066105769230769,
        "volume": 108148619.35800001,
        "adr": 16.365615865491854,
        "condi_4": true
    },
    {
        "symbol": "LK_US",
        "rank_value": 2.064935064935065,
        "volume": 198791688.52800003,
        "adr": 29.12297405710205,
        "condi_4": true
    },
    {
        "symbol": "FCEL_US",
        "rank_value": 2.0408653846153846,
        "volume": 1165131882.57,
        "adr": 16.976986095136116,
        "condi_4": true
    },
    {
        "symbol": "NGA_US",
        "rank_value": 2.0278770550393137,
        "volume": 140967763.925,
        "adr": 14.843260364904731,
        "condi_4": true
    },
    {
        "symbol": "PACB_US",
        "rank_value": 2.0256410256410255,
        "volume": 238050066.025,
        "adr": 14.009515281166163,
        "condi_4": true
    },
    {
        "symbol": "APHA_US",
        "rank_value": 1.9684210526315788,
        "volume": 203673466.227,
        "adr": 9.533576534937183,
        "condi_4": true
    },
    {
        "symbol": "IDEX_US",
        "rank_value": 1.963855421686747,
        "volume": 186530409.90899998,
        "adr": 18.536182545346037,
        "condi_4": true
    },
    {
        "symbol": "MSTR_US",
        "rank_value": 1.9326531322909775,
        "volume": 404013249.0,
        "adr": 10.153583377917341,
        "condi_4": true
    },
    {
        "symbol": "VSLR_US",
        "rank_value": 1.857451403887689,
        "volume": 111232331.2,
        "adr": 7.61046406019541,
        "condi_4": true
    },
    {
        "symbol": "CCIV_US",
        "rank_value": 1.8484848484848484,
        "volume": 646685120.0100001,
        "adr": 9.62259835011967,
        "condi_4": true
    },
    {
        "symbol": "MVIS_US",
        "rank_value": 1.7922077922077924,
        "volume": 184021415.07000002,
        "adr": 22.890557343581563,
        "condi_4": true
    },
    {
        "symbol": "BLDP_US",
        "rank_value": 1.7907095456865747,
        "volume": 248029582.88799998,
        "adr": 9.682814853780574,
        "condi_4": true
    },
    {
        "symbol": "MGNI_US",
        "rank_value": 1.7653022887169905,
        "volume": 245799363.45999998,
        "adr": 13.952159978333922,
        "condi_4": true
    },
    {
        "symbol": "CELH_US",
        "rank_value": 1.7173684210526317,
        "volume": 104613294.032,
        "adr": 10.478223314495727,
        "condi_4": true
    },
    {
        "symbol": "ARCT_US",
        "rank_value": 1.6953378209922714,
        "volume": 188621035.0,
        "adr": 21.2086732355518,
        "condi_4": true
    },
    {
        "symbol": "FLGT_US",
        "rank_value": 1.6826923076923077,
        "volume": 143385420.5,
        "adr": 12.657993716703109,
        "condi_4": true
    },
    {
        "symbol": "NTLA_US",
        "rank_value": 1.6746262458471763,
        "volume": 128187985.1725,
        "adr": 12.65890139067174,
        "condi_4": true
    },
    {
        "symbol": "BILI_US",
        "rank_value": 1.6624040920716112,
        "volume": 658274506.5,
        "adr": 8.69859852521191,
        "condi_4": true
    },
    {
        "symbol": "ACIA_US",
        "rank_value": 1.6365065751858205,
        "volume": 296492571.9655,
        "adr": 3.9593058457678243,
        "condi_4": true
    },
    {
        "symbol": "SNDL_US",
        "rank_value": 1.628503562945368,
        "volume": 231652751.84644,
        "adr": 17.004347516089414,
        "condi_4": true
    },
    {
        "symbol": "HTZ_US",
        "rank_value": 1.6038613861386137,
        "volume": 146224317.90433,
        "adr": 22.32959405133508,
        "condi_4": true
    },
    {
        "symbol": "BE_US",
        "rank_value": 1.593841032043279,
        "volume": 170874479.095,
        "adr": 10.244678149686193,
        "condi_4": true
    },
    {
        "symbol": "SHLL_US",
        "rank_value": 1.58837699488106,
        "volume": 326494481.8375,
        "adr": 16.75419373910849,
        "condi_4": true
    },
    {
        "symbol": "FEYE_US",
        "rank_value": 1.5837455830388691,
        "volume": 285824788.533,
        "adr": 7.500904696020094,
        "condi_4": true
    },
    {
        "symbol": "SPWR_US",
        "rank_value": 1.5701790920449812,
        "volume": 308634980.225,
        "adr": 12.045132695416472,
        "condi_4": true
    },
    {
        "symbol": "LMND_US",
        "rank_value": 1.5475938096247615,
        "volume": 654884700.9000001,
        "adr": 14.156930003926792,
        "condi_4": true
    },
    {
        "symbol": "AMC_US",
        "rank_value": 1.5340314136125657,
        "volume": 166017524.4695,
        "adr": 12.755429099591066,
        "condi_4": true
    },
    {
        "symbol": "BLNK_US",
        "rank_value": 1.5299260255548084,
        "volume": 631167716.725,
        "adr": 17.948418217632025,
        "condi_4": true
    },
    {
        "symbol": "SRNE_US",
        "rank_value": 1.5285171102661597,
        "volume": 170840172.6075,
        "adr": 10.020628757934237,
        "condi_4": true
    }
]