[
    {
        "symbol": "AI_US",
        "rank_value": 44.57364341085271,
        "volume": 770364001.0,
        "adr": 15.759828496542273,
        "condi_4": true
    },
    {
        "symbol": "BNGO_US",
        "rank_value": 10.102880658436215,
        "volume": 678373718.4395,
        "adr": 32.24134372950744,
        "condi_4": true
    },
    {
        "symbol": "OCGN_US",
        "rank_value": 9.139593002499106,
        "volume": 308071851.648,
        "adr": 51.059590241750264,
        "condi_4": true
    },
    {
        "symbol": "CRIS_US",
        "rank_value": 8.073394495412844,
        "volume": 211417445.36,
        "adr": 38.770957020802264,
        "condi_4": true
    },
    {
        "symbol": "JAGX_US",
        "rank_value": 6.468749999999999,
        "volume": 216261883.38599998,
        "adr": 40.79550630193553,
        "condi_4": true
    },
    {
        "symbol": "BTBT_US",
        "rank_value": 5.605427974947808,
        "volume": 389077906.1625,
        "adr": 28.808068468522173,
        "condi_4": true
    },
    {
        "symbol": "ARVN_US",
        "rank_value": 3.3304,
        "volume": 176872373.554,
        "adr": 15.372923684897998,
        "condi_4": true
    },
    {
        "symbol": "VERU_US",
        "rank_value": 2.9150943396226414,
        "volume": 175162213.39049998,
        "adr": 23.256305519012564,
        "condi_4": true
    },
    {
        "symbol": "MVIS_US",
        "rank_value": 2.252100840336135,
        "volume": 146517859.24,
        "adr": 24.137339178927554,
        "condi_4": true
    },
    {
        "symbol": "LK_US",
        "rank_value": 2.064935064935065,
        "volume": 198791688.52800003,
        "adr": 29.12297405710205,
        "condi_4": true
    },
    {
        "symbol": "TGTX_US",
        "rank_value": 1.9081180811808118,
        "volume": 148854875.1525,
        "adr": 9.185580616567135,
        "condi_4": true
    },
    {
        "symbol": "VSLR_US",
        "rank_value": 1.857451403887689,
        "volume": 111232331.2,
        "adr": 7.61046406019541,
        "condi_4": true
    },
    {
        "symbol": "BLNK_US",
        "rank_value": 1.83348623853211,
        "volume": 530449094.5775,
        "adr": 17.41317564935052,
        "condi_4": true
    },
    {
        "symbol": "FLGT_US",
        "rank_value": 1.6346153846153846,
        "volume": 128195198.0,
        "adr": 11.403857298730568,
        "condi_4": true
    },
    {
        "symbol": "FEYE_US",
        "rank_value": 1.6277194595368538,
        "volume": 372080683.08000004,
        "adr": 9.520726742452524,
        "condi_4": true
    },
    {
        "symbol": "HTZ_US",
        "rank_value": 1.6038613861386137,
        "volume": 146224317.90433,
        "adr": 22.32959405133508,
        "condi_4": true
    },
    {
        "symbol": "SHLL_US",
        "rank_value": 1.58837699488106,
        "volume": 326494481.8375,
        "adr": 16.75419373910849,
        "condi_4": true
    },
    {
        "symbol": "LMND_US",
        "rank_value": 1.5522235037805971,
        "volume": 384083056.68,
        "adr": 13.451703306566865,
        "condi_4": true
    },
    {
        "symbol": "MGNI_US",
        "rank_value": 1.535654126895003,
        "volume": 164165262.57000002,
        "adr": 12.301425017535571,
        "condi_4": true
    },
    {
        "symbol": "FUTU_US",
        "rank_value": 1.511329511329511,
        "volume": 192244060.512,
        "adr": 8.175520826556637,
        "condi_4": true
    },
    {
        "symbol": "VLDR_US",
        "rank_value": 1.5016611295681064,
        "volume": 238756791.48000002,
        "adr": 14.353903014579705,
        "condi_4": true
    },
    {
        "symbol": "IPOC_US",
        "rank_value": 1.4955925563173358,
        "volume": 187995098.6145,
        "adr": 10.564335269985769,
        "condi_4": true
    },
    {
        "symbol": "XL_US",
        "rank_value": 1.4666666666666668,
        "volume": 291653908.194,
        "adr": 20.276242624961995,
        "condi_4": true
    },
    {
        "symbol": "BIDU_US",
        "rank_value": 1.4324781505497606,
        "volume": 1770477549.41,
        "adr": 6.80197323981393,
        "condi_4": true
    }
]