[
    {
        "symbol": "AI_US",
        "rank_value": 53.83333333333333,
        "volume": 813212686.2049999,
        "adr": 14.190598557352473,
        "condi_4": true
    },
    {
        "symbol": "OCGN_US",
        "rank_value": 7.711531595858622,
        "volume": 234227195.42400002,
        "adr": 42.4355024471218,
        "condi_4": true
    },
    {
        "symbol": "CRIS_US",
        "rank_value": 6.880733944954128,
        "volume": 189142425.375,
        "adr": 45.361132379752256,
        "condi_4": true
    },
    {
        "symbol": "HEXO_US",
        "rank_value": 4.961038961038961,
        "volume": 104711999.33299999,
        "adr": 13.811850264251957,
        "condi_4": true
    },
    {
        "symbol": "QS_US",
        "rank_value": 4.434782608695652,
        "volume": 1640006229.8999999,
        "adr": 24.948588734339737,
        "condi_4": true
    },
    {
        "symbol": "ARVN_US",
        "rank_value": 3.439795046968403,
        "volume": 168901660.976,
        "adr": 15.268106245958135,
        "condi_4": true
    },
    {
        "symbol": "MARA_US",
        "rank_value": 3.172151898734177,
        "volume": 431017743.9925,
        "adr": 21.55720005655324,
        "condi_4": true
    },
    {
        "symbol": "VERU_US",
        "rank_value": 2.9254237288135596,
        "volume": 153846278.60750002,
        "adr": 21.753722004090605,
        "condi_4": true
    },
    {
        "symbol": "RIOT_US",
        "rank_value": 2.8728222996515678,
        "volume": 447414030.41749996,
        "adr": 19.41207360406192,
        "condi_4": true
    },
    {
        "symbol": "GEVO_US",
        "rank_value": 2.7874999999999996,
        "volume": 126597859.315,
        "adr": 20.27195385463876,
        "condi_4": true
    },
    {
        "symbol": "MVIS_US",
        "rank_value": 2.706422018348624,
        "volume": 144522572.965,
        "adr": 21.951893011170355,
        "condi_4": true
    },
    {
        "symbol": "EDIT_US",
        "rank_value": 2.565365025466893,
        "volume": 240342663.11249998,
        "adr": 15.326481668944837,
        "condi_4": true
    },
    {
        "symbol": "LAZR_US",
        "rank_value": 2.392673992673992,
        "volume": 788211472.4139999,
        "adr": 25.482151670099572,
        "condi_4": true
    },
    {
        "symbol": "BLNK_US",
        "rank_value": 2.2057416267942584,
        "volume": 521338966.6995001,
        "adr": 17.84891361805292,
        "condi_4": true
    },
    {
        "symbol": "RMO_US",
        "rank_value": 2.1933229813664594,
        "volume": 148380394.6375,
        "adr": 19.715285483284827,
        "condi_4": true
    },
    {
        "symbol": "LK_US",
        "rank_value": 2.064935064935065,
        "volume": 198791688.52800003,
        "adr": 29.12297405710205,
        "condi_4": true
    },
    {
        "symbol": "TGTX_US",
        "rank_value": 1.97391637897967,
        "volume": 145079073.286,
        "adr": 9.491013382961878,
        "condi_4": true
    },
    {
        "symbol": "XL_US",
        "rank_value": 1.9280000000000002,
        "volume": 291962739.65000004,
        "adr": 19.850481223945238,
        "condi_4": true
    },
    {
        "symbol": "LMND_US",
        "rank_value": 1.8934360455785588,
        "volume": 415199209.623,
        "adr": 14.134867424872466,
        "condi_4": true
    },
    {
        "symbol": "VSLR_US",
        "rank_value": 1.857451403887689,
        "volume": 111232331.2,
        "adr": 7.61046406019541,
        "condi_4": true
    },
    {
        "symbol": "PACB_US",
        "rank_value": 1.7743944636678202,
        "volume": 129558449.50600001,
        "adr": 12.893708099945167,
        "condi_4": true
    },
    {
        "symbol": "MGNI_US",
        "rank_value": 1.7596944770857814,
        "volume": 172773015.7475,
        "adr": 11.886314995832524,
        "condi_4": true
    },
    {
        "symbol": "SFIX_US",
        "rank_value": 1.7571428571428571,
        "volume": 279248941.8,
        "adr": 9.268939303542023,
        "condi_4": true
    },
    {
        "symbol": "FCEL_US",
        "rank_value": 1.6855828220858897,
        "volume": 694420225.163,
        "adr": 16.807327116428382,
        "condi_4": true
    },
    {
        "symbol": "FEYE_US",
        "rank_value": 1.6804696272070294,
        "volume": 357682133.365,
        "adr": 8.724155191056425,
        "condi_4": true
    },
    {
        "symbol": "CIIC_US",
        "rank_value": 1.6785923753665688,
        "volume": 123899809.356,
        "adr": 17.110806225234796,
        "condi_4": true
    },
    {
        "symbol": "MP_US",
        "rank_value": 1.672972972972973,
        "volume": 140131237.94,
        "adr": 13.135045226441378,
        "condi_4": true
    },
    {
        "symbol": "SBE_US",
        "rank_value": 1.6596091205211727,
        "volume": 233486412.872,
        "adr": 14.33246702002835,
        "condi_4": true
    },
    {
        "symbol": "FATE_US",
        "rank_value": 1.6384710670677758,
        "volume": 125235146.0955,
        "adr": 9.168317835888363,
        "condi_4": true
    },
    {
        "symbol": "VLDR_US",
        "rank_value": 1.6357142857142857,
        "volume": 258769835.12,
        "adr": 15.853203197373844,
        "condi_4": true
    },
    {
        "symbol": "JMIA_US",
        "rank_value": 1.6200570729718713,
        "volume": 568990331.7210001,
        "adr": 15.113973971950356,
        "condi_4": true
    },
    {
        "symbol": "SNDL_US",
        "rank_value": 1.6148199930094371,
        "volume": 168772535.8704,
        "adr": 22.341300531284425,
        "condi_4": true
    },
    {
        "symbol": "HTZ_US",
        "rank_value": 1.6038613861386137,
        "volume": 146224317.90433,
        "adr": 22.32959405133508,
        "condi_4": true
    },
    {
        "symbol": "SKLZ_US",
        "rank_value": 1.597986057319907,
        "volume": 114987835.4265,
        "adr": 13.802705931286784,
        "condi_4": true
    },
    {
        "symbol": "SHLL_US",
        "rank_value": 1.58837699488106,
        "volume": 326494481.8375,
        "adr": 16.75419373910849,
        "condi_4": true
    },
    {
        "symbol": "IPOC_US",
        "rank_value": 1.5812807881773399,
        "volume": 168879447.3975,
        "adr": 8.394534997298365,
        "condi_4": true
    },
    {
        "symbol": "GME_US",
        "rank_value": 1.5691927512355848,
        "volume": 203946467.26500002,
        "adr": 12.498899284383347,
        "condi_4": true
    },
    {
        "symbol": "RDFN_US",
        "rank_value": 1.5506029285099054,
        "volume": 123373379.21200001,
        "adr": 6.203423365455452,
        "condi_4": true
    },
    {
        "symbol": "BFT_US",
        "rank_value": 1.5463414634146342,
        "volume": 302965401.94,
        "adr": 9.60241659451806,
        "condi_4": true
    },
    {
        "symbol": "MSTR_US",
        "rank_value": 1.5278523351364746,
        "volume": 183330171.5,
        "adr": 8.171507898191921,
        "condi_4": true
    },
    {
        "symbol": "DQ_US",
        "rank_value": 1.499189627228525,
        "volume": 123416879.02499999,
        "adr": 10.790979428407743,
        "condi_4": true
    },
    {
        "symbol": "CRWD_US",
        "rank_value": 1.491970486111111,
        "volume": 1014676904.9999999,
        "adr": 6.835891229770863,
        "condi_4": true
    },
    {
        "symbol": "IRTC_US",
        "rank_value": 1.4677575757575758,
        "volume": 110261817.36600001,
        "adr": 8.005735497730404,
        "condi_4": true
    },
    {
        "symbol": "FUBO_US",
        "rank_value": 1.4645792563600784,
        "volume": 469794101.17800003,
        "adr": 16.874281328723484,
        "condi_4": true
    },
    {
        "symbol": "PLUG_US",
        "rank_value": 1.458426966292135,
        "volume": 986265706.69,
        "adr": 9.742219852722478,
        "condi_4": true
    },
    {
        "symbol": "CRSP_US",
        "rank_value": 1.44986634044674,
        "volume": 265896240.0,
        "adr": 8.893505348637376,
        "condi_4": true
    },
    {
        "symbol": "BIDU_US",
        "rank_value": 1.444855936597289,
        "volume": 1237253869.036,
        "adr": 5.550346392328032,
        "condi_4": true
    },
    {
        "symbol": "NVCR_US",
        "rank_value": 1.4441025641025642,
        "volume": 154442542.84800002,
        "adr": 6.026777955655627,
        "condi_4": true
    },
    {
        "symbol": "PTON_US",
        "rank_value": 1.4291955551334408,
        "volume": 1615101373.5119998,
        "adr": 6.630547393302488,
        "condi_4": true
    },
    {
        "symbol": "BILI_US",
        "rank_value": 1.4241803278688525,
        "volume": 315936659.79,
        "adr": 6.749162495542027,
        "condi_4": true
    }
]