[
    {
        "symbol": "XOG_US",
        "rank_value": 106.992230854606,
        "volume": 511505502.27000004,
        "adr": 60.06928371162559,
        "condi_4": true
    },
    {
        "symbol": "JAGX_US",
        "rank_value": 10.37707390648567,
        "volume": 324302563.612,
        "adr": 38.859934511893535,
        "condi_4": true
    },
    {
        "symbol": "GRTS_US",
        "rank_value": 7.4,
        "volume": 175562355.70250002,
        "adr": 35.40311217250991,
        "condi_4": true
    },
    {
        "symbol": "AVGR_US",
        "rank_value": 7.292778370686587,
        "volume": 111381841.1725,
        "adr": 38.58443454870941,
        "condi_4": true
    },
    {
        "symbol": "OCGN_US",
        "rank_value": 7.195249738037024,
        "volume": 103010434.621,
        "adr": 28.11719676375222,
        "condi_4": true
    },
    {
        "symbol": "SUNW_US",
        "rank_value": 5.811138014527845,
        "volume": 286876921.20000005,
        "adr": 25.070525540687495,
        "condi_4": true
    },
    {
        "symbol": "FRSX_US",
        "rank_value": 5.079545454545454,
        "volume": 174948950.61900002,
        "adr": 23.983736055748018,
        "condi_4": true
    },
    {
        "symbol": "OBLN_US",
        "rank_value": 4.007246376811595,
        "volume": 149035186.92650002,
        "adr": 45.86672720262111,
        "condi_4": true
    },
    {
        "symbol": "FTFT_US",
        "rank_value": 3.346153846153846,
        "volume": 143640318.267,
        "adr": 39.01588677774499,
        "condi_4": true
    },
    {
        "symbol": "ACRS_US",
        "rank_value": 3.148672566371681,
        "volume": 122375341.9125,
        "adr": 24.423313888647023,
        "condi_4": true
    },
    {
        "symbol": "TIGR_US",
        "rank_value": 2.9516666666666667,
        "volume": 144452836.99,
        "adr": 16.85144355938739,
        "condi_4": true
    },
    {
        "symbol": "BTBT_US",
        "rank_value": 2.8991150442477873,
        "volume": 288502979.31,
        "adr": 33.687686698321365,
        "condi_4": true
    },
    {
        "symbol": "SOL_US",
        "rank_value": 2.789473684210526,
        "volume": 148902524.8,
        "adr": 22.066067421060474,
        "condi_4": true
    },
    {
        "symbol": "UAVS_US",
        "rank_value": 2.4878048780487805,
        "volume": 102471597.0,
        "adr": 24.57716724436001,
        "condi_4": true
    },
    {
        "symbol": "ACTC_US",
        "rank_value": 2.468719923002887,
        "volume": 134612624.8575,
        "adr": 15.29528166789127,
        "condi_4": true
    },
    {
        "symbol": "LAC_US",
        "rank_value": 2.4365750528541223,
        "volume": 206387298.19000003,
        "adr": 14.052101811468386,
        "condi_4": true
    },
    {
        "symbol": "TLRY_US",
        "rank_value": 2.1620253164556957,
        "volume": 519032228.04999995,
        "adr": 13.401095672911545,
        "condi_4": true
    },
    {
        "symbol": "PLUG_US",
        "rank_value": 2.1595394736842106,
        "volume": 3398448387.5875,
        "adr": 13.777134791604318,
        "condi_4": true
    },
    {
        "symbol": "LK_US",
        "rank_value": 2.064935064935065,
        "volume": 198791688.52800003,
        "adr": 29.12297405710205,
        "condi_4": true
    },
    {
        "symbol": "SPWR_US",
        "rank_value": 1.9983340274885462,
        "volume": 443670390.679,
        "adr": 13.139521875502735,
        "condi_4": true
    },
    {
        "symbol": "STPK_US",
        "rank_value": 1.9591346153846154,
        "volume": 103553901.63,
        "adr": 17.219601971199204,
        "condi_4": true
    },
    {
        "symbol": "FCEL_US",
        "rank_value": 1.9116080937167197,
        "volume": 1085870265.34,
        "adr": 15.943666411286905,
        "condi_4": true
    },
    {
        "symbol": "MARA_US",
        "rank_value": 1.8596673596673599,
        "volume": 923859016.9115001,
        "adr": 24.123594052749663,
        "condi_4": true
    },
    {
        "symbol": "VSLR_US",
        "rank_value": 1.857451403887689,
        "volume": 111232331.2,
        "adr": 7.61046406019541,
        "condi_4": true
    },
    {
        "symbol": "NGA_US",
        "rank_value": 1.8488448844884489,
        "volume": 144270025.814,
        "adr": 15.497941485414346,
        "condi_4": true
    },
    {
        "symbol": "IPOE_US",
        "rank_value": 1.8245614035087718,
        "volume": 206709561.76,
        "adr": 12.11491048247213,
        "condi_4": true
    },
    {
        "symbol": "RIOT_US",
        "rank_value": 1.8110599078341012,
        "volume": 636670372.2524999,
        "adr": 19.43942477274616,
        "condi_4": true
    },
    {
        "symbol": "DQ_US",
        "rank_value": 1.8081624976490502,
        "volume": 226627442.67900002,
        "adr": 11.294506101702794,
        "condi_4": true
    },
    {
        "symbol": "MSTR_US",
        "rank_value": 1.7915617128463475,
        "volume": 435837356.75,
        "adr": 10.741776735736819,
        "condi_4": true
    },
    {
        "symbol": "APHA_US",
        "rank_value": 1.7864661654135339,
        "volume": 194921456.4,
        "adr": 9.87370293394283,
        "condi_4": true
    },
    {
        "symbol": "JMIA_US",
        "rank_value": 1.7454545454545456,
        "volume": 598303500.48,
        "adr": 14.676617267757731,
        "condi_4": true
    },
    {
        "symbol": "SFIX_US",
        "rank_value": 1.7381909409707281,
        "volume": 286584761.064,
        "adr": 9.110074576233561,
        "condi_4": true
    },
    {
        "symbol": "BLDP_US",
        "rank_value": 1.6857142857142857,
        "volume": 241492130.64,
        "adr": 10.071890107931548,
        "condi_4": true
    },
    {
        "symbol": "MGNI_US",
        "rank_value": 1.6467991169977925,
        "volume": 225104670.075,
        "adr": 13.011601647339432,
        "condi_4": true
    },
    {
        "symbol": "CELH_US",
        "rank_value": 1.6443126128449832,
        "volume": 104182066.875,
        "adr": 10.762156559938528,
        "condi_4": true
    },
    {
        "symbol": "ACIA_US",
        "rank_value": 1.6353630646083477,
        "volume": 298989111.72749996,
        "adr": 3.7885683230145517,
        "condi_4": true
    },
    {
        "symbol": "SKLZ_US",
        "rank_value": 1.6264722378014584,
        "volume": 162028772.45,
        "adr": 11.265933199283173,
        "condi_4": true
    },
    {
        "symbol": "PACB_US",
        "rank_value": 1.6135135135135137,
        "volume": 188584018.416,
        "adr": 13.152630626831229,
        "condi_4": true
    },
    {
        "symbol": "HTZ_US",
        "rank_value": 1.6038613861386137,
        "volume": 146224317.90433,
        "adr": 22.32959405133508,
        "condi_4": true
    },
    {
        "symbol": "SHLL_US",
        "rank_value": 1.58837699488106,
        "volume": 326494481.8375,
        "adr": 16.75419373910849,
        "condi_4": true
    }
]