[
    {
        "symbol": "JAGX_US",
        "rank_value": 10.6875,
        "volume": 441689137.965,
        "adr": 48.29068865781192,
        "condi_4": true
    },
    {
        "symbol": "OCGN_US",
        "rank_value": 8.068546947518742,
        "volume": 288289203.23099995,
        "adr": 53.660570503414284,
        "condi_4": true
    },
    {
        "symbol": "ZOM_US",
        "rank_value": 6.5359477124183005,
        "volume": 277024005.2,
        "adr": 34.48755140248152,
        "condi_4": true
    },
    {
        "symbol": "FTFT_US",
        "rank_value": 4.711538461538461,
        "volume": 195782807.01,
        "adr": 39.19766172489749,
        "condi_4": true
    },
    {
        "symbol": "NCTY_US",
        "rank_value": 4.589353612167301,
        "volume": 107505088.07000001,
        "adr": 39.85879392006222,
        "condi_4": true
    },
    {
        "symbol": "FRSX_US",
        "rank_value": 4.222222222222221,
        "volume": 153375267.348,
        "adr": 30.056452531212386,
        "condi_4": true
    },
    {
        "symbol": "GEVO_US",
        "rank_value": 3.8499999999999996,
        "volume": 262796022.02699998,
        "adr": 22.230888402614426,
        "condi_4": true
    },
    {
        "symbol": "BTBT_US",
        "rank_value": 3.8100208768267225,
        "volume": 323095785.36249995,
        "adr": 35.737026780480186,
        "condi_4": true
    },
    {
        "symbol": "PLUG_US",
        "rank_value": 2.5735408560311286,
        "volume": 3181359811.135,
        "adr": 13.344654729767802,
        "condi_4": true
    },
    {
        "symbol": "CLNE_US",
        "rank_value": 2.469879518072289,
        "volume": 135372036.48749998,
        "adr": 19.68257314678663,
        "condi_4": true
    },
    {
        "symbol": "LAC_US",
        "rank_value": 2.4202247191011232,
        "volume": 149351715.987,
        "adr": 12.285529964499098,
        "condi_4": true
    },
    {
        "symbol": "MVIS_US",
        "rank_value": 2.3674911660777385,
        "volume": 192532381.21,
        "adr": 24.61744294886308,
        "condi_4": true
    },
    {
        "symbol": "FCEL_US",
        "rank_value": 2.319034852546917,
        "volume": 1177919061.1000001,
        "adr": 16.792983457077383,
        "condi_4": true
    },
    {
        "symbol": "CLSK_US",
        "rank_value": 2.28370607028754,
        "volume": 114552286.162,
        "adr": 17.901518169793707,
        "condi_4": true
    },
    {
        "symbol": "BLNK_US",
        "rank_value": 2.08300395256917,
        "volume": 807645836.965,
        "adr": 18.65993399024748,
        "condi_4": true
    },
    {
        "symbol": "LK_US",
        "rank_value": 2.064935064935065,
        "volume": 198791688.52800003,
        "adr": 29.12297405710205,
        "condi_4": true
    },
    {
        "symbol": "BLDP_US",
        "rank_value": 1.8790849673202614,
        "volume": 237367648.65,
        "adr": 9.222770657634772,
        "condi_4": true
    },
    {
        "symbol": "LMND_US",
        "rank_value": 1.8651248301404173,
        "volume": 652796146.45,
        "adr": 13.956192725794958,
        "condi_4": true
    },
    {
        "symbol": "VSLR_US",
        "rank_value": 1.857451403887689,
        "volume": 111232331.2,
        "adr": 7.61046406019541,
        "condi_4": true
    },
    {
        "symbol": "RIG_US",
        "rank_value": 1.775,
        "volume": 108442599.405,
        "adr": 10.446328090467084,
        "condi_4": true
    },
    {
        "symbol": "IPOE_US",
        "rank_value": 1.773358001850139,
        "volume": 138579286.8465,
        "adr": 9.821258096287956,
        "condi_4": true
    },
    {
        "symbol": "CCIV_US",
        "rank_value": 1.75,
        "volume": 384944973.02099997,
        "adr": 7.171804564157269,
        "condi_4": true
    },
    {
        "symbol": "NNDM_US",
        "rank_value": 1.7434640522875817,
        "volume": 382311501.6875,
        "adr": 13.661919798727574,
        "condi_4": true
    },
    {
        "symbol": "DQ_US",
        "rank_value": 1.7351860358291227,
        "volume": 190019828.0375,
        "adr": 11.603240557544048,
        "condi_4": true
    },
    {
        "symbol": "FEYE_US",
        "rank_value": 1.6729323308270676,
        "volume": 363171724.575,
        "adr": 9.176016825988897,
        "condi_4": true
    },
    {
        "symbol": "FLGT_US",
        "rank_value": 1.658653846153846,
        "volume": 132801205.35,
        "adr": 11.741189072595915,
        "condi_4": true
    },
    {
        "symbol": "SKLZ_US",
        "rank_value": 1.6212317725063334,
        "volume": 173537762.75,
        "adr": 13.627307407746114,
        "condi_4": true
    },
    {
        "symbol": "BE_US",
        "rank_value": 1.6129166666666668,
        "volume": 175642515.9335,
        "adr": 9.88968523417595,
        "condi_4": true
    },
    {
        "symbol": "HTZ_US",
        "rank_value": 1.6038613861386137,
        "volume": 146224317.90433,
        "adr": 22.32959405133508,
        "condi_4": true
    },
    {
        "symbol": "SHLL_US",
        "rank_value": 1.58837699488106,
        "volume": 326494481.8375,
        "adr": 16.75419373910849,
        "condi_4": true
    },
    {
        "symbol": "RUN_US",
        "rank_value": 1.570323050756611,
        "volume": 435241613.28465,
        "adr": 7.891708425818433,
        "condi_4": true
    },
    {
        "symbol": "NIO_US",
        "rank_value": 1.5694372741352605,
        "volume": 7923026791.52,
        "adr": 7.614878476450726,
        "condi_4": true
    },
    {
        "symbol": "ARCT_US",
        "rank_value": 1.5589628521565695,
        "volume": 171904408.90350002,
        "adr": 20.800820547613384,
        "condi_4": true
    },
    {
        "symbol": "DASH_US",
        "rank_value": 1.5585758605407003,
        "volume": 623816520.4,
        "adr": 9.706702582209537,
        "condi_4": true
    },
    {
        "symbol": "XL_US",
        "rank_value": 1.544876325088339,
        "volume": 332367836.426,
        "adr": 18.67339085847086,
        "condi_4": true
    },
    {
        "symbol": "NKLA_US",
        "rank_value": 1.5433012583271652,
        "volume": 372005154.77250004,
        "adr": 9.908281244211814,
        "condi_4": true
    }
]