<?xml version="1.0" encoding="UTF-8"?>
<ReportSnapshot Major="1" Minor="0" Revision="1">
	<CoIDs>
		<CoID Type="RepNo">0065N</CoID>
		<CoID Type="CompanyName">American Airlines Group Inc</CoID>
		<CoID Type="IRSNo">751825172</CoID>
		<CoID Type="CIKNo">0000006201</CoID>
		<CoID Type="OrganizationPermID">4295903254</CoID>
	</CoIDs>
	<Issues>
		<Issue ID="1" Type="C" Desc="Common Stock" Order="1">
			<IssueID Type="Name">Ordinary Shares</IssueID>
			<IssueID Type="Ticker">AAL</IssueID>
			<IssueID Type="RIC">AAL.O</IssueID>
			<IssueID Type="DisplayRIC">AAL.OQ</IssueID>
			<IssueID Type="InstrumentPI">147750728</IssueID>
			<IssueID Type="QuotePI">147763880</IssueID>
			<IssueID Type="InstrumentPermID">21533575490</IssueID>
			<IssueID Type="QuotePermID">21533579379</IssueID>
			<Exchange Code="NASD" Country="USA">NASDAQ</Exchange>
			<GlobalListingType>OSR</GlobalListingType>
			<MostRecentSplit Date="1998-06-10">2.0</MostRecentSplit>
		</Issue>
	</Issues>
	<CoGeneralInfo>
		<CoStatus Code="1">Active</CoStatus>
		<CoType Code="EQU">Equity Issue</CoType>
		<LastModified>2021-01-28</LastModified>
		<LatestAvailableAnnual>2020-12-31</LatestAvailableAnnual>
		<LatestAvailableInterim>2020-12-31</LatestAvailableInterim>
		<Employees LastUpdated="2019-12-31">133000</Employees>
		<SharesOut Date="2020-12-31" TotalFloat="615827901.0">621479522.0</SharesOut>
		<ReportingCurrency Code="USD">U.S. Dollars</ReportingCurrency>
		<MostRecentExchange Date="2021-02-03">1.0</MostRecentExchange>
	</CoGeneralInfo>
	<TextInfo>
		<Text Type="Business Summary" lastModified="2017-03-06T22:06:54">American Airlines Group Inc. is a holding company. The Company's primary business activity is the operation of a network air carrier, providing scheduled air transportation for passengers and cargo. The Company operates through American segment, which provides air transportation for passengers and cargo. The Company's cargo division provides a range of freight and mail services with facilities and interline connections available across the globe. Together with its regional airline subsidiaries and third-party regional carriers operating as American Eagle, its airline operated an average of nearly 6,700 flights per day to nearly 350 destinations in more than 50 countries, principally from its hubs in Charlotte, Chicago, Dallas/Fort Worth, Los Angeles, Miami, New York, Philadelphia, Phoenix and Washington, District of Columbia, as of December 31, 2016. In the fiscal year ended December 31, 2016, approximately 199 million passengers boarded its mainline and regional flights.</Text>
		<Text Type="Financial Summary" lastModified="2021-01-28T22:08:47">BRIEF: For the fiscal year ended 31 December 2020, AmericanAirlines Group Inc revenues decreased 62% to $17.34B. Netloss totaled $8.89B vs. income of $1.69B. Revenues reflectLoad Factor, Total - % decrease of 24% to 64.1%, Passengerdecrease of 65% to $14.52B, other decrease of 29% to$2.05B. Net loss reflects Other - Regional Expensesincrease from $626M to $3.75B (expense), Severance expensesincrease from $11M to $1.4B (expense).</Text>
	</TextInfo>
	<contactInfo lastUpdated="2021-02-03T23:16:38">
		<streetAddress line="1">1 Skyview Dr</streetAddress>
		<streetAddress line="2"></streetAddress>
		<streetAddress line="3"></streetAddress>
		<city>FORT WORTH</city>
		<state-region>TX</state-region>
		<postalCode>76155-1801</postalCode>
		<country code="USA">United States</country>
		<contactName>Daniel Cravens</contactName>
		<contactTitle>Managing Director</contactTitle>
		<phone>
			<phone type="mainphone">
				<countryPhoneCode>1</countryPhoneCode>
				<city-areacode>817</city-areacode>
				<number>9631234</number>
			</phone>
			<phone type="mainfax">
				<countryPhoneCode>1</countryPhoneCode>
				<city-areacode>302</city-areacode>
				<number>6555049</number>
			</phone>
			<phone type="contactphone">
				<countryPhoneCode>1</countryPhoneCode>
				<city-areacode>682</city-areacode>
				<number>2780999</number>
			</phone>
		</phone>
	</contactInfo>
	<webLinks lastUpdated="2017-07-27T07:00:04"><webSite mainCategory="Home Page">https://www.aa.com/homePage.do?locale=en_US&amp;pref=true</webSite><eMail mainCategory="Company Contact/E-mail">Investor.relations@aa.com</eMail></webLinks>
	<peerInfo lastUpdated="2021-02-03T23:16:38">
		<IndustryInfo>
			<Industry type="TRBC" order="1" reported="0" code="5240601011" mnem="">Regional Airlines</Industry>
			<Industry type="NAICS" order="1" reported="0" code="481111" mnem="">Scheduled Passenger Air Transportation</Industry>
			<Industry type="NAICS" order="2" reported="0" code="481112" mnem="">Scheduled Freight Air Transportation</Industry>
			<Industry type="NAICS" order="3" reported="0" code="551112" mnem="">Offices of Other Holding Companies</Industry>
			<Industry type="SIC" order="0" reported="1" code="4512" mnem="">Air Transportation, Scheduled</Industry>
			<Industry type="SIC" order="1" reported="0" code="4512" mnem="">Air Transportation, Scheduled</Industry>
			<Industry type="SIC" order="2" reported="0" code="6719" mnem="">Holding Companies, Nec</Industry>
		</IndustryInfo>
		<Indexconstituet>S&amp;P 500</Indexconstituet>
		<Indexconstituet>Dow Transportation</Indexconstituet>
	</peerInfo>
	<officers>
		<officer rank="1" since="12/09/2013">
			<firstName>William</firstName>
			<mI>Douglas</mI>
			<lastName>Parker</lastName>
			<age>58 </age>
			<title startYear="2013" startMonth="12" startDay="09" iD1="CHM" abbr1="Chmn." iD2="CEO" abbr2="CEO">Chairman of the Board, Chief Executive Officer</title>
		</officer>
		<officer rank="2" since="12/09/2013">
			<firstName>Robert</firstName>
			<mI>D.</mI>
			<lastName>Isom</lastName>
			<age>56 </age>
			<title startYear="2016" startMonth="08" startDay="29" iD1="PRE" abbr1="Pres." iD2="" abbr2="">President</title>
		</officer>
		<officer rank="3" since="12/09/2013">
			<firstName>Derek</firstName>
			<mI>J.</mI>
			<lastName>Kerr</lastName>
			<age>55 </age>
			<title startYear="2013" startMonth="12" startDay="09" iD1="CFO" abbr1="CFO" iD2="EVP" abbr2="Exec. VP">Chief Financial Officer, Executive Vice President</title>
		</officer>
		<officer rank="4" since="12/09/2013">
			<firstName>Maya</firstName>
			<mI></mI>
			<lastName>Leibman</lastName>
			<age>54 </age>
			<title startYear="2015" startMonth="11" startDay="30" iD1="EVP" abbr1="Exec. VP" iD2="CIO" abbr2="CIO">Executive Vice President, Chief Information Officer</title>
		</officer>
		<officer rank="5" since="12/09/2013">
			<firstName>Elise</firstName>
			<mI>R.</mI>
			<lastName>Eberwein</lastName>
			<age>54 </age>
			<title startYear="2013" startMonth="12" startDay="09" iD1="EVP" abbr1="Exec. VP" iD2="" abbr2="">Executive Vice President - People and Communications</title>
		</officer>
		<officer rank="6" since="12/09/2013">
			<firstName>Stephen</firstName>
			<mI>L.</mI>
			<lastName>Johnson</lastName>
			<age>63 </age>
			<title startYear="2013" startMonth="12" startDay="09" iD1="EVP" abbr1="Exec. VP" iD2="" abbr2="">Executive Vice President - Corporate Affairs</title>
		</officer>
	</officers>
	<Ratios PriceCurrency="USD" ReportingCurrency="USD" ExchangeRate="1.00000" LatestAvailableDate="2020-12-31">
		<Group ID="Price and Volume">
			<Ratio FieldName="NPRICE" Type="N">17.40000</Ratio>
			<Ratio FieldName="NHIG" Type="N">30.78000</Ratio>
			<Ratio FieldName="NLOW" Type="N">8.25000</Ratio>
			<Ratio FieldName="PDATE" Type="D">2021-02-04T00:00:00</Ratio>
			<Ratio FieldName="VOL10DAVG" Type="N">94.45889</Ratio>
			<Ratio FieldName="EV" Type="N">36542.74000</Ratio>
		</Group>
		<Group ID="Income Statement">
			<Ratio FieldName="MKTCAP" Type="N">10813.74000</Ratio>
			<Ratio FieldName="TTMREV" Type="N">17337.00000</Ratio>
			<Ratio FieldName="TTMEBITD" Type="N">-9009.00000</Ratio>
			<Ratio FieldName="TTMNIAC" Type="N">-8885.00000</Ratio>
		</Group>
		<Group ID="Per share data">
			<Ratio FieldName="TTMEPSXCLX" Type="N">-18.60497</Ratio>
			<Ratio FieldName="TTMREVPS" Type="N">35.82852</Ratio>
			<Ratio FieldName="QBVPS" Type="N">-11.04944</Ratio>
			<Ratio FieldName="QCSHPS" Type="N">11.04461</Ratio>
			<Ratio FieldName="TTMCFSHR" Type="N">-13.47212</Ratio>
			<Ratio FieldName="TTMDIVSHR" Type="N">0.10000</Ratio>
		</Group>
		<Group ID="Other Ratios">
			<Ratio FieldName="TTMGROSMGN" Type="N">46.63437</Ratio>
			<Ratio FieldName="TTMROEPCT" Type="N">-99999.99000</Ratio>
			<Ratio FieldName="TTMPR2REV" Type="N">0.62374</Ratio>
			<Ratio FieldName="PEEXCLXOR" Type="N">-99999.99000</Ratio>
			<Ratio FieldName="PRICE2BK" Type="N">-99999.99000</Ratio>
			<Ratio FieldName="Employees" Type="N">133000</Ratio>
		</Group>
	</Ratios>
	<ForecastData ConsensusType="Mean" CurFiscalYear="2021" CurFiscalYearEndMonth="12" CurInterimEndCalYear="2021" CurInterimEndMonth="3" EarningsBasis="PRX">
		<Ratio FieldName="ConsRecom" Type="N">
			<Value PeriodType="CURR">3.7143</Value>
		</Ratio>
		<Ratio FieldName="TargetPrice" Type="N">
			<Value PeriodType="CURR">11.31250</Value>
		</Ratio>
		<Ratio FieldName="ProjLTGrowthRate" Type="N">
			<Value PeriodType="CURR">-21.3552</Value>
		</Ratio>
		<Ratio FieldName="ProjPE" Type="N">
			<Value PeriodType="CURR">-2.19794</Value>
		</Ratio>
		<Ratio FieldName="ProjSales" Type="N">
			<Value PeriodType="CURR">25693.42550</Value>
		</Ratio>
		<Ratio FieldName="ProjSalesQ" Type="N">
			<Value PeriodType="CURR">4037.60020</Value>
		</Ratio>
		<Ratio FieldName="ProjEPS" Type="N">
			<Value PeriodType="CURR">-7.91650</Value>
		</Ratio>
		<Ratio FieldName="ProjEPSQ" Type="N">
			<Value PeriodType="CURR">-3.90660</Value>
		</Ratio>
		<Ratio FieldName="ProjProfit" Type="N">
			<Value PeriodType="CURR">-4776.15740</Value>
		</Ratio>
		<Ratio FieldName="ProjDPS" Type="N">
			<Value PeriodType="CURR">0.00000</Value>
		</Ratio>
	</ForecastData>
</ReportSnapshot>
