<?xml version="1.0" encoding="UTF-8"?>
<ReportSnapshot Major="1" Minor="0" Revision="1">
	<CoIDs>
		<CoID Type="RepNo">038B4</CoID>
		<CoID Type="CompanyName">AbCellera Biologics Inc</CoID>
		<CoID Type="CIKNo">0001703057</CoID>
		<CoID Type="OrganizationPermID">5049432057</CoID>
	</CoIDs>
	<Issues>
		<Issue ID="1" Type="C" Desc="Common Stock" Order="1">
			<IssueID Type="Name">Ordinary Shares</IssueID>
			<IssueID Type="Ticker">ABCL</IssueID>
			<IssueID Type="RIC">ABCL.O</IssueID>
			<IssueID Type="DisplayRIC">ABCL.OQ</IssueID>
			<IssueID Type="InstrumentPI">476243763</IssueID>
			<IssueID Type="QuotePI">476243766</IssueID>
			<Exchange Code="NASD" Country="USA">NASDAQ</Exchange>
			<GlobalListingType>OSR</GlobalListingType>
		</Issue>
	</Issues>
	<CoGeneralInfo>
		<CoStatus Code="1">Active</CoStatus>
		<CoType Code="EQU">Equity Issue</CoType>
		<LastModified>2020-12-11</LastModified>
		<LatestAvailableAnnual>2019-12-31</LatestAvailableAnnual>
		<LatestAvailableInterim>2020-09-30</LatestAvailableInterim>
		<Employees LastUpdated="2020-09-30">174</Employees>
		<SharesOut Date="2020-12-11" TotalFloat="178396924.0">265565268.0</SharesOut>
		<ReportingCurrency Code="USD">U.S. Dollars</ReportingCurrency>
		<MostRecentExchange Date="2021-02-03">1.0</MostRecentExchange>
	</CoGeneralInfo>
	<TextInfo>
		<Text Type="Business Summary" lastModified="2020-11-23T12:57:55">AbCellera Biologics Inc. is a biotechnology company, which offers drug discovery platform that searches and analyzes natural immune systems to find antibodies that can be used to prevent and treat disease. Its platform incorporates and integrates technology tools from engineering, microfluidics, single-cell analysis, high-throughput genomics, machine learning and data science. The Company is engaged in the business of applying a multiple technology in its medical research and development to extract antibody-based drugs. Its solution allows to source, search, decode, engineer and deliver lead antibodies. The Company's solution allows to source, search, decode, engineer and deliver lead antibodies. The Company's subsidiaries include AbCellera Properties Inc., AbCellera Properties Columbia Inc., AbCellera US Holdings Inc., Channel Biologics Pty Ltd., Lineage Biosciences Inc. and Trianni, Inc.</Text>
		<Text Type="Financial Summary" lastModified="2020-12-11T09:11:51">BRIEF: For the nine months ended 30 September 2020,AbCellera Biologics Inc revenues increased from $8.4M to$17.2M. Net income totaled $1.9M vs. loss of $570K.Revenues reflect an increase in demand for the Company'sproducts and services due to favorable market conditions.Net Income reflects Grants and incentives increase from$1.2M to $10.2M (income), Milestone payments increase from$0K to $8M (income).</Text>
	</TextInfo>
	<contactInfo lastUpdated="2020-12-28T16:57:13">
		<streetAddress line="1">2215 Yukon Street</streetAddress>
		<streetAddress line="2"></streetAddress>
		<streetAddress line="3"></streetAddress>
		<city>VANCOUVER</city>
		<state-region>BC</state-region>
		<postalCode>V5Y 0A1</postalCode>
		<country code="CAN">Canada</country>
		<contactName></contactName>
		<contactTitle></contactTitle>
		<phone>
			<phone type="mainphone">
				<countryPhoneCode>1</countryPhoneCode>
				<city-areacode>604</city-areacode>
				<number>5599005</number>
			</phone>
		</phone>
	</contactInfo>
	<webLinks lastUpdated="2020-12-11T00:30:00"><webSite mainCategory="Home Page">https://www.abcellera.com/</webSite><eMail mainCategory="Company Contact/E-mail">
		</eMail></webLinks>
	<peerInfo lastUpdated="2020-12-28T16:57:13">
		<IndustryInfo>
			<Industry type="TRBC" order="1" reported="0" code="5620201010" mnem="">Biotechnology &amp; Medical Research - NEC</Industry>
			<Industry type="NAICS" order="1" reported="0" code="541711" mnem="">Research and Development in Biotechnology</Industry>
			<Industry type="SIC" order="1" reported="0" code="8731" mnem="">Commercial Physical Research</Industry>
		</IndustryInfo>
	</peerInfo>
	<officers>
		<officer rank="1" since="NA">
			<firstName>Carl</firstName>
			<mI></mI>
			<lastName>Hansen</lastName>
			<age></age>
			<title startYear="NA" startMonth="" startDay="" iD1="CEO" abbr1="CEO" iD2="DRC" abbr2="Dir.">Founding Chief Executive Officer, Director</title>
		</officer>
		<officer rank="2" since="NA">
			<firstName>Veronique</firstName>
			<mI></mI>
			<lastName>Lecault</lastName>
			<age></age>
			<title startYear="NA" startMonth="" startDay="" iD1="CFD" abbr1="Co-Fndr." iD2="COO" abbr2="COO">Co-Founder, Chief Operating Officer, Director</title>
		</officer>
		<officer rank="3" since="NA">
			<firstName>Kevin</firstName>
			<mI></mI>
			<lastName>Heyries</lastName>
			<age></age>
			<title startYear="NA" startMonth="" startDay="" iD1="CFD" abbr1="Co-Fndr." iD2="" abbr2="">Co-Founder, Head of Business Development</title>
		</officer>
		<officer rank="4" since="2019">
			<firstName>Andrew</firstName>
			<mI></mI>
			<lastName>Booth</lastName>
			<age></age>
			<title startYear="2019" startMonth="" startDay="" iD1="CFO" abbr1="CFO" iD2="PRC" abbr2="Prim. Cont.">Chief Financial Officer</title>
		</officer>
		<officer rank="5" since="NA">
			<firstName>Tryn</firstName>
			<mI></mI>
			<lastName>Stimart</lastName>
			<age></age>
			<title startYear="NA" startMonth="" startDay="" iD1="GCN" abbr1="Counsel" iD2="" abbr2="">General Counsel</title>
		</officer>
	</officers>
	<Ratios PriceCurrency="USD" ReportingCurrency="USD" ExchangeRate="1.00000" LatestAvailableDate="2020-09-30">
		<Group ID="Price and Volume">
			<Ratio FieldName="NPRICE" Type="N">46.58000</Ratio>
			<Ratio FieldName="NHIG" Type="N">71.91000</Ratio>
			<Ratio FieldName="NLOW" Type="N">36.27000</Ratio>
			<Ratio FieldName="PDATE" Type="D">2021-02-04T00:00:00</Ratio>
			<Ratio FieldName="VOL10DAVG" Type="N">0.73760</Ratio>
			<Ratio FieldName="EV" Type="N">12363.41524</Ratio>
		</Group>
		<Group ID="Income Statement">
			<Ratio FieldName="MKTCAP" Type="N">12370.03000</Ratio>
			<Ratio FieldName="TTMREV" Type="N">20.44913</Ratio>
			<Ratio FieldName="TTMEBITD" Type="N">-11.55867</Ratio>
			<Ratio FieldName="TTMNIAC" Type="N">0.27749</Ratio>
		</Group>
		<Group ID="Per share data">
			<Ratio FieldName="TTMEPSXCLX" Type="N">0.01801</Ratio>
			<Ratio FieldName="TTMREVPS" Type="N">1.32708</Ratio>
			<Ratio FieldName="QBVPS" Type="N">5.79125</Ratio>
			<Ratio FieldName="QCSHPS" Type="N">5.91090</Ratio>
			<Ratio FieldName="TTMCFSHR" Type="N">0.22312</Ratio>
			<Ratio FieldName="TTMDIVSHR" Type="N">0.00000</Ratio>
		</Group>
		<Group ID="Other Ratios">
			<Ratio FieldName="TTMGROSMGN" Type="N">-99999.99000</Ratio>
			<Ratio FieldName="TTMROEPCT" Type="N">-99999.99000</Ratio>
			<Ratio FieldName="TTMPR2REV" Type="N">604.91720</Ratio>
			<Ratio FieldName="PEEXCLXOR" Type="N">2586.34100</Ratio>
			<Ratio FieldName="PRICE2BK" Type="N">102.10500</Ratio>
			<Ratio FieldName="Employees" Type="N">174</Ratio>
		</Group>
	</Ratios>
	<ForecastData ConsensusType="" CurFiscalYear="" CurFiscalYearEndMonth="" CurInterimEndCalYear="" CurInterimEndMonth="" EarningsBasis="">
		<Ratio FieldName="ConsRecom" Type="N">
			<Value PeriodType="CURR">-99999.99000</Value>
		</Ratio>
		<Ratio FieldName="TargetPrice" Type="N">
			<Value PeriodType="CURR">-99999.99000</Value>
		</Ratio>
		<Ratio FieldName="ProjLTGrowthRate" Type="N">
			<Value PeriodType="CURR">-99999.99000</Value>
		</Ratio>
		<Ratio FieldName="ProjPE" Type="N">
			<Value PeriodType="CURR">-99999.99000</Value>
		</Ratio>
		<Ratio FieldName="ProjSales" Type="N">
			<Value PeriodType="CURR">-99999.99000</Value>
		</Ratio>
		<Ratio FieldName="ProjSalesQ" Type="N">
			<Value PeriodType="CURR">-99999.99000</Value>
		</Ratio>
		<Ratio FieldName="ProjEPS" Type="N">
			<Value PeriodType="CURR">-99999.99000</Value>
		</Ratio>
		<Ratio FieldName="ProjEPSQ" Type="N">
			<Value PeriodType="CURR">-99999.99000</Value>
		</Ratio>
		<Ratio FieldName="ProjProfit" Type="N">
			<Value PeriodType="CURR">-99999.99000</Value>
		</Ratio>
		<Ratio FieldName="ProjDPS" Type="N">
			<Value PeriodType="CURR">-99999.99000</Value>
		</Ratio>
	</ForecastData>
</ReportSnapshot>
