<?xml version="1.0" encoding="UTF-8"?>
<ReportSnapshot Major="1" Minor="0" Revision="1">
	<CoIDs>
		<CoID Type="RepNo">A13A9</CoID>
		<CoID Type="CompanyName">Abeona Therapeutics Inc</CoID>
		<CoID Type="IRSNo">830221517</CoID>
		<CoID Type="CIKNo">0000318306</CoID>
		<CoID Type="OrganizationPermID">4295911990</CoID>
	</CoIDs>
	<Issues>
		<Issue ID="1" Type="C" Desc="Common Stock" Order="1">
			<IssueID Type="Name">Ordinary Shares</IssueID>
			<IssueID Type="Ticker">ABEO</IssueID>
			<IssueID Type="RIC">ABEO.O</IssueID>
			<IssueID Type="DisplayRIC">ABEO.OQ</IssueID>
			<IssueID Type="InstrumentPI">265355</IssueID>
			<IssueID Type="QuotePI">175984251</IssueID>
			<IssueID Type="InstrumentPermID">8590934823</IssueID>
			<IssueID Type="QuotePermID">21553647535</IssueID>
			<Exchange Code="NASD" Country="USA">NASDAQ</Exchange>
			<GlobalListingType>OSR</GlobalListingType>
			<MostRecentSplit Date="2014-10-24">0.02</MostRecentSplit>
		</Issue>
		<Issue ID="2" Type="P" Desc="Preferred Stock" Order="1">
			<IssueID Type="Name">Conv. Pref. Shrs</IssueID>
			<IssueID Type="InstrumentPI">84703938</IssueID>
			<IssueID Type="InstrumentPermID">21475797041</IssueID>
			<Exchange Code="NA" Country="">Not Available</Exchange>
		</Issue>
		<Issue ID="3" Type="P" Desc="Preferred Stock" Order="2">
			<IssueID Type="Name">Conv. Pref. Shrs</IssueID>
			<IssueID Type="InstrumentPI">156153099</IssueID>
			<IssueID Type="InstrumentPermID">21539640483</IssueID>
			<Exchange Code="NA" Country="">Not Available</Exchange>
		</Issue>
	</Issues>
	<CoGeneralInfo>
		<CoStatus Code="1">Active</CoStatus>
		<CoType Code="EQU">Equity Issue</CoType>
		<LastModified>2020-12-28</LastModified>
		<LatestAvailableAnnual>2019-12-31</LatestAvailableAnnual>
		<LatestAvailableInterim>2020-09-30</LatestAvailableInterim>
		<Employees LastUpdated="2020-03-09">88</Employees>
		<SharesOut Date="2020-11-02" TotalFloat="84151633.0">98527723.0</SharesOut>
		<ReportingCurrency Code="USD">U.S. Dollars</ReportingCurrency>
		<MostRecentExchange Date="2021-02-03">1.0</MostRecentExchange>
	</CoGeneralInfo>
	<TextInfo>
		<Text Type="Business Summary" lastModified="2017-06-14T08:22:26">Abeona Therapeutics Inc. is a clinical-stage biopharmaceutical company developing novel gene therapies for life-threatening rare genetic diseases. The Companys lead programs include ABO-102 (AAV-SGSH), an adeno-associated virus (AAV) based gene therapy for Sanfilippo syndrome type A (MPS IIIA) and EB-101 (gene-corrected skin grafts) for recessive dystrophic epidermolysis bullosa (RDEB). It is also developing ABO-101 (AAV-NAGLU) for Sanfilippo syndrome type B (MPS IIIB), ABO-201 (AAV-CLN3) gene therapy for juvenile Batten disease (JNCL), ABO-202 (AAV-CLN1) for treatment of infantile Batten disease (INCL), EB-201 for epidermolysis bullosa, ABO-301 (AAV-FANCC) for Fanconi anemia disorder and ABO-302 using a novel CRISPR/Cas9-based gene editing approach to gene therapy for rare blood diseases. The Company also has a plasma-based protein therapy pipeline, including alpha-1 protease inhibitor (SDF Alpha) for inherited COPD, using its proprietary Salt Diafiltration ethanol-free process.</Text>
		<Text Type="Financial Summary" lastModified="2020-12-28T23:31:52">BRIEF: For the nine months ended 30 September 2020, AbeonaTherapeutics Inc revenues increased from $0K to $7M. Netloss increased 14% to $68.4M. Revenues reflect an increasein demand for the Company's products and services due tofavorable market conditions. Higher net loss reflectsInterest and other expense increase from $0K to $2.7M(expense), Selling/General/Admin. Expense increase of 10%to $14.7M (expense).</Text>
	</TextInfo>
	<contactInfo lastUpdated="2021-01-04T08:46:15">
		<streetAddress line="1">1330 Avenue of the Americas Fl 33</streetAddress>
		<streetAddress line="2"></streetAddress>
		<streetAddress line="3"></streetAddress>
		<city>NEW YORK</city>
		<state-region>NY</state-region>
		<postalCode>10019-5442</postalCode>
		<country code="USA">United States</country>
		<contactName></contactName>
		<contactTitle></contactTitle>
		<phone>
			<phone type="mainphone">
				<countryPhoneCode>1</countryPhoneCode>
				<city-areacode>646</city-areacode>
				<number>8134701</number>
			</phone>
			<phone type="mainfax">
				<countryPhoneCode>1</countryPhoneCode>
				<city-areacode>302</city-areacode>
				<number>6555049</number>
			</phone>
		</phone>
	</contactInfo>
	<webLinks lastUpdated="2018-07-11T10:17:53"><webSite mainCategory="Home Page">https://abeonatherapeutics.com/</webSite><eMail mainCategory="Company Contact/E-mail">ir@abeonatherapeutics.com</eMail></webLinks>
	<peerInfo lastUpdated="2021-01-04T08:46:15">
		<IndustryInfo>
			<Industry type="TRBC" order="1" reported="0" code="5620201010" mnem="">Biotechnology &amp; Medical Research - NEC</Industry>
			<Industry type="NAICS" order="1" reported="0" code="541712" mnem="">Research and Development in the Physical, Engineering, and Life Sciences (except Biotechnology)</Industry>
			<Industry type="NAICS" order="2" reported="0" code="325412" mnem="">Pharmaceutical Preparation Mfg</Industry>
			<Industry type="SIC" order="0" reported="1" code="2834" mnem="">Pharmaceutical Preparations</Industry>
			<Industry type="SIC" order="1" reported="0" code="8731" mnem="">Commercial Physical Research</Industry>
			<Industry type="SIC" order="2" reported="0" code="2834" mnem="">Pharmaceutical Preparations</Industry>
		</IndustryInfo>
	</peerInfo>
	<officers>
		<officer rank="1" since="11/26/2018">
			<firstName>Edward</firstName>
			<mI></mI>
			<lastName>Carr</lastName>
			<age>50 </age>
			<title startYear="2020" startMonth="04" startDay="15" iD1="CFO" abbr1="CFO" iD2="CAO" abbr2="CAO">Principal Financial Officer, Chief Accounting Officer, Vice President</title>
		</officer>
		<officer rank="2" since="07/09/2020">
			<firstName>Michael</firstName>
			<mI></mI>
			<lastName>Amoroso</lastName>
			<age></age>
			<title startYear="2020" startMonth="11" startDay="01" iD1="COO" abbr1="COO" iD2="" abbr2="">Chief Operating Officer</title>
		</officer>
	</officers>
	<Ratios PriceCurrency="USD" ReportingCurrency="USD" ExchangeRate="1.00000" LatestAvailableDate="2020-09-30">
		<Group ID="Price and Volume">
			<Ratio FieldName="NPRICE" Type="N">2.46000</Ratio>
			<Ratio FieldName="NHIG" Type="N">4.34000</Ratio>
			<Ratio FieldName="NLOW" Type="N">0.98950</Ratio>
			<Ratio FieldName="PDATE" Type="D">2021-02-04T00:00:00</Ratio>
			<Ratio FieldName="VOL10DAVG" Type="N">3.61227</Ratio>
			<Ratio FieldName="EV" Type="N">147.26520</Ratio>
		</Group>
		<Group ID="Income Statement">
			<Ratio FieldName="MKTCAP" Type="N">242.37820</Ratio>
			<Ratio FieldName="TTMREV" Type="N">7.00000</Ratio>
			<Ratio FieldName="TTMEBITD" Type="N">-44.61700</Ratio>
			<Ratio FieldName="TTMNIAC" Type="N">-84.83700</Ratio>
		</Group>
		<Group ID="Per share data">
			<Ratio FieldName="TTMEPSXCLX" Type="N">-1.03694</Ratio>
			<Ratio FieldName="TTMREVPS" Type="N">0.08375</Ratio>
			<Ratio FieldName="QBVPS" Type="N">1.36200</Ratio>
			<Ratio FieldName="QCSHPS" Type="N">1.14618</Ratio>
			<Ratio FieldName="TTMCFSHR" Type="N">-0.94545</Ratio>
			<Ratio FieldName="TTMDIVSHR" Type="N">0.00000</Ratio>
		</Group>
		<Group ID="Other Ratios">
			<Ratio FieldName="TTMGROSMGN" Type="N">-99999.99000</Ratio>
			<Ratio FieldName="TTMROEPCT" Type="N">-80.35215</Ratio>
			<Ratio FieldName="TTMPR2REV" Type="N">34.62546</Ratio>
			<Ratio FieldName="PEEXCLXOR" Type="N">-99999.99000</Ratio>
			<Ratio FieldName="PRICE2BK" Type="N">1.80617</Ratio>
			<Ratio FieldName="Employees" Type="N">88</Ratio>
		</Group>
	</Ratios>
	<ForecastData ConsensusType="Mean" CurFiscalYear="2020" CurFiscalYearEndMonth="12" CurInterimEndCalYear="2020" CurInterimEndMonth="12" EarningsBasis="REP">
		<Ratio FieldName="ConsRecom" Type="N">
			<Value PeriodType="CURR">1.75</Value>
		</Ratio>
		<Ratio FieldName="TargetPrice" Type="N">
			<Value PeriodType="CURR">9.66670</Value>
		</Ratio>
		<Ratio FieldName="ProjLTGrowthRate" Type="N">
			<Value PeriodType="CURR">-99999.99000</Value>
		</Ratio>
		<Ratio FieldName="ProjPE" Type="N">
			<Value PeriodType="CURR">-2.96386</Value>
		</Ratio>
		<Ratio FieldName="ProjSales" Type="N">
			<Value PeriodType="CURR">11.77500</Value>
		</Ratio>
		<Ratio FieldName="ProjSalesQ" Type="N">
			<Value PeriodType="CURR">4.77500</Value>
		</Ratio>
		<Ratio FieldName="ProjEPS" Type="N">
			<Value PeriodType="CURR">-0.83000</Value>
		</Ratio>
		<Ratio FieldName="ProjEPSQ" Type="N">
			<Value PeriodType="CURR">-0.10500</Value>
		</Ratio>
		<Ratio FieldName="ProjProfit" Type="N">
			<Value PeriodType="CURR">-81.08460</Value>
		</Ratio>
		<Ratio FieldName="ProjDPS" Type="N">
			<Value PeriodType="CURR">-99999.99000</Value>
		</Ratio>
	</ForecastData>
</ReportSnapshot>
