<?xml version="1.0" encoding="UTF-8"?>
<ReportSnapshot Major="1" Minor="0" Revision="1">
	<CoIDs>
		<CoID Type="RepNo">A14FB</CoID>
		<CoID Type="CompanyName">Arca Biopharma Inc</CoID>
		<CoID Type="IRSNo">412193603</CoID>
		<CoID Type="CIKNo">0000907654</CoID>
		<CoID Type="OrganizationPermID">4295906742</CoID>
	</CoIDs>
	<Issues>
		<Issue ID="1" Type="C" Desc="Common Stock" Order="1">
			<IssueID Type="Name">Ordinary Shares</IssueID>
			<IssueID Type="Ticker">ABIO</IssueID>
			<IssueID Type="RIC">ABIO.O</IssueID>
			<IssueID Type="DisplayRIC">ABIO.OQ</IssueID>
			<IssueID Type="InstrumentPI">294843</IssueID>
			<IssueID Type="QuotePI">11066430</IssueID>
			<IssueID Type="InstrumentPermID">8590931587</IssueID>
			<IssueID Type="QuotePermID">55846857443</IssueID>
			<Exchange Code="NASD" Country="USA">NASDAQ</Exchange>
			<GlobalListingType>OSR</GlobalListingType>
			<MostRecentSplit Date="2019-04-04">0.05556</MostRecentSplit>
		</Issue>
		<Issue ID="2" Type="P" Desc="Preferred Stock" Order="1">
			<IssueID Type="Name">Conv. Pref. Shrs</IssueID>
			<IssueID Type="InstrumentPI">117847289</IssueID>
			<IssueID Type="InstrumentPermID">21512601956</IssueID>
			<Exchange Code="NASD" Country="USA">NASDAQ</Exchange>
		</Issue>
		<Issue ID="3" Type="P" Desc="Preferred Stock" Order="2">
			<IssueID Type="Name">Conv. Pref. Shrs</IssueID>
			<IssueID Type="InstrumentPI">117847291</IssueID>
			<IssueID Type="InstrumentPermID">21512601957</IssueID>
			<Exchange Code="NASD" Country="USA">NASDAQ</Exchange>
		</Issue>
	</Issues>
	<CoGeneralInfo>
		<CoStatus Code="1">Active</CoStatus>
		<CoType Code="EQU">Equity Issue</CoType>
		<LastModified>2020-11-07</LastModified>
		<LatestAvailableAnnual>2019-12-31</LatestAvailableAnnual>
		<LatestAvailableInterim>2020-09-30</LatestAvailableInterim>
		<Employees LastUpdated="2019-12-31">9</Employees>
		<SharesOut Date="2020-10-30" TotalFloat="9284351.0">9321470.0</SharesOut>
		<ReportingCurrency Code="USD">U.S. Dollars</ReportingCurrency>
		<MostRecentExchange Date="2021-02-03">1.0</MostRecentExchange>
	</CoGeneralInfo>
	<TextInfo>
		<Text Type="Business Summary" lastModified="2016-05-16T00:31:56">ARCA biopharma, Inc. (ARCA) is a biopharmaceutical company. The Company is principally focused on developing genetically-targeted therapies for cardiovascular diseases. The Company's lead product candidate is Gencaro (bucindolol hydrochloride), a beta-blocker and mild vasodilator that the Company is evaluating in a clinical trial for the treatment of atrial fibrillation (AF) in patients with heart failure with reduced left ventricular ejection fraction (HFREF). Gencaro is considered part of the beta-blocker class of compounds because of its property of blocking both beta-1 and beta-2, receptors in the heart. The blocking of these receptors prevents the receptor from binding with other molecules, primarily the neurotransmitter norepinephrine (NE), which activate these receptors. The Company is conducting a Phase IIB/III clinical trial of Gencaro, known as GENETIC-AF.</Text>
		<Text Type="Financial Summary" lastModified="2020-11-04T12:24:02">BRIEF: For the nine months ended 30 September 2020, ArcaBiopharma Inc revenues was not reported. Net loss increased8% to $4.6M. Higher net loss reflects Other -Research anddevelopment increase of 27% to $1.8M (expense), Interestand other income decrease of 80% to $27K (income), RentalExpense increase of 40% to $73K (expense). Basic Earningsper Share excluding Extraordinary Items increased from-$3.75 to -$1.88.</Text>
	</TextInfo>
	<contactInfo lastUpdated="2020-11-07T16:27:00">
		<streetAddress line="1">10170 Church Ranch Way, Suite 100</streetAddress>
		<streetAddress line="2"></streetAddress>
		<streetAddress line="3"></streetAddress>
		<city>WESTMINSTER</city>
		<state-region>CO</state-region>
		<postalCode>80021</postalCode>
		<country code="USA">United States</country>
		<contactName></contactName>
		<contactTitle></contactTitle>
		<phone>
			<phone type="mainphone">
				<countryPhoneCode>1</countryPhoneCode>
				<city-areacode>720</city-areacode>
				<number>9402100</number>
			</phone>
			<phone type="mainfax">
				<countryPhoneCode>1</countryPhoneCode>
				<city-areacode>302</city-areacode>
				<number>6555049</number>
			</phone>
		</phone>
	</contactInfo>
	<webLinks lastUpdated="2017-07-24T03:00:04"><webSite mainCategory="Home Page">http://arcabio.com/</webSite><eMail mainCategory="Company Contact/E-mail">
		</eMail></webLinks>
	<peerInfo lastUpdated="2020-11-07T16:27:00">
		<IndustryInfo>
			<Industry type="TRBC" order="1" reported="0" code="5620104012" mnem="">Biopharmaceuticals</Industry>
			<Industry type="NAICS" order="1" reported="0" code="325412" mnem="">Pharmaceutical Preparation Mfg</Industry>
			<Industry type="NAICS" order="2" reported="0" code="541711" mnem="">Research and Development in Biotechnology</Industry>
			<Industry type="SIC" order="0" reported="1" code="2835" mnem="">Diagnostic Substances</Industry>
			<Industry type="SIC" order="1" reported="0" code="2834" mnem="">Pharmaceutical Preparations</Industry>
			<Industry type="SIC" order="2" reported="0" code="8731" mnem="">Commercial Physical Research</Industry>
		</IndustryInfo>
	</peerInfo>
	<officers>
		<officer rank="1" since="06/09/2014">
			<firstName>Robert</firstName>
			<mI>E.</mI>
			<lastName>Conway</lastName>
			<age>66 </age>
			<title startYear="2014" startMonth="06" startDay="09" iD1="CHM" abbr1="Chmn." iD2="DRC" abbr2="Dir.">Chairman of the Board</title>
		</officer>
		<officer rank="2" since="01/2009">
			<firstName>Michael</firstName>
			<mI>R.</mI>
			<lastName>Bristow</lastName>
			<age>71 </age>
			<title startYear="2009" startMonth="07" startDay="10" iD1="CEO" abbr1="CEO" iD2="PRE" abbr2="Pres.">President, Chief Executive Officer, Director</title>
		</officer>
		<officer rank="3" since="12/01/2014">
			<firstName>Thomas</firstName>
			<mI>A.</mI>
			<lastName>Keuer</lastName>
			<age>56 </age>
			<title startYear="2014" startMonth="12" startDay="01" iD1="COO" abbr1="COO" iD2="" abbr2="">Chief Operating Officer</title>
		</officer>
		<officer rank="4" since="01/27/2009">
			<firstName>Christopher</firstName>
			<mI>David</mI>
			<lastName>Ozeroff</lastName>
			<age>57 </age>
			<title startYear="2009" startMonth="12" startDay="07" iD1="SVP" abbr1="Sr. VP" iD2="GCN" abbr2="Counsel">Senior Vice President, General Counsel, Secretary</title>
		</officer>
		<officer rank="5" since="12/01/2014">
			<firstName>Brian</firstName>
			<mI>L.</mI>
			<lastName>Selby</lastName>
			<age>53 </age>
			<title startYear="2014" startMonth="12" startDay="01" iD1="CAO" abbr1="CAO" iD2="VFN" abbr2="VP-Fin.">Chief Accounting Officer, Principal Accounting Officer, Vice President - Finance</title>
		</officer>
	</officers>
	<Ratios PriceCurrency="USD" ReportingCurrency="USD" ExchangeRate="1.00000" LatestAvailableDate="2020-09-30">
		<Group ID="Price and Volume">
			<Ratio FieldName="NPRICE" Type="N">4.66000</Ratio>
			<Ratio FieldName="NHIG" Type="N">22.00000</Ratio>
			<Ratio FieldName="NLOW" Type="N">2.21000</Ratio>
			<Ratio FieldName="PDATE" Type="D">2021-02-04T00:00:00</Ratio>
			<Ratio FieldName="VOL10DAVG" Type="N">0.61440</Ratio>
			<Ratio FieldName="EV" Type="N">-7.65695</Ratio>
		</Group>
		<Group ID="Income Statement">
			<Ratio FieldName="MKTCAP" Type="N">43.43805</Ratio>
			<Ratio FieldName="TTMREV" Type="N">0.00000</Ratio>
			<Ratio FieldName="TTMEBITD" Type="N">-5.91000</Ratio>
			<Ratio FieldName="TTMNIAC" Type="N">-5.83900</Ratio>
		</Group>
		<Group ID="Per share data">
			<Ratio FieldName="TTMEPSXCLX" Type="N">-2.65092</Ratio>
			<Ratio FieldName="TTMREVPS" Type="N">0.00000</Ratio>
			<Ratio FieldName="QBVPS" Type="N">5.43367</Ratio>
			<Ratio FieldName="QCSHPS" Type="N">5.50259</Ratio>
			<Ratio FieldName="TTMCFSHR" Type="N">-2.11472</Ratio>
			<Ratio FieldName="TTMDIVSHR" Type="N">0.00000</Ratio>
		</Group>
		<Group ID="Other Ratios">
			<Ratio FieldName="TTMGROSMGN" Type="N">-99999.99000</Ratio>
			<Ratio FieldName="TTMROEPCT" Type="N">-19.70837</Ratio>
			<Ratio FieldName="TTMPR2REV" Type="N">-99999.99000</Ratio>
			<Ratio FieldName="PEEXCLXOR" Type="N">-99999.99000</Ratio>
			<Ratio FieldName="PRICE2BK" Type="N">0.85762</Ratio>
			<Ratio FieldName="Employees" Type="N">9</Ratio>
		</Group>
	</Ratios>
	<ForecastData ConsensusType="Mean" CurFiscalYear="2020" CurFiscalYearEndMonth="12" CurInterimEndCalYear="2020" CurInterimEndMonth="12" EarningsBasis="PRX">
		<Ratio FieldName="ConsRecom" Type="N">
			<Value PeriodType="CURR">-99999.99000</Value>
		</Ratio>
		<Ratio FieldName="TargetPrice" Type="N">
			<Value PeriodType="CURR">7.00000</Value>
		</Ratio>
		<Ratio FieldName="ProjLTGrowthRate" Type="N">
			<Value PeriodType="CURR">-99999.99000</Value>
		</Ratio>
		<Ratio FieldName="ProjPE" Type="N">
			<Value PeriodType="CURR">-99999.99000</Value>
		</Ratio>
		<Ratio FieldName="ProjSales" Type="N">
			<Value PeriodType="CURR">-99999.99000</Value>
		</Ratio>
		<Ratio FieldName="ProjSalesQ" Type="N">
			<Value PeriodType="CURR">-99999.99000</Value>
		</Ratio>
		<Ratio FieldName="ProjEPS" Type="N">
			<Value PeriodType="CURR">-99999.99000</Value>
		</Ratio>
		<Ratio FieldName="ProjEPSQ" Type="N">
			<Value PeriodType="CURR">-99999.99000</Value>
		</Ratio>
		<Ratio FieldName="ProjProfit" Type="N">
			<Value PeriodType="CURR">-99999.99000</Value>
		</Ratio>
		<Ratio FieldName="ProjDPS" Type="N">
			<Value PeriodType="CURR">-99999.99000</Value>
		</Ratio>
	</ForecastData>
</ReportSnapshot>
