<?xml version="1.0" encoding="UTF-8"?>
<ReportSnapshot Major="1" Minor="0" Revision="1">
	<CoIDs>
		<CoID Type="RepNo">0095A</CoID>
		<CoID Type="CompanyName">ABIOMED, Inc.</CoID>
		<CoID Type="IRSNo">042743260</CoID>
		<CoID Type="CIKNo">0000815094</CoID>
		<CoID Type="OrganizationPermID">4295905402</CoID>
	</CoIDs>
	<Issues>
		<Issue ID="1" Type="C" Desc="Common Stock" Order="1">
			<IssueID Type="Name">Ordinary Shares</IssueID>
			<IssueID Type="Ticker">ABMD</IssueID>
			<IssueID Type="RIC">ABMD.O</IssueID>
			<IssueID Type="DisplayRIC">ABMD.OQ</IssueID>
			<IssueID Type="InstrumentPI">258463</IssueID>
			<IssueID Type="QuotePI">7645849</IssueID>
			<IssueID Type="InstrumentPermID">8590939862</IssueID>
			<IssueID Type="QuotePermID">55835312944</IssueID>
			<Exchange Code="NASD" Country="USA">NASDAQ</Exchange>
			<GlobalListingType>OSR</GlobalListingType>
			<MostRecentSplit Date="2000-10-02">2.0</MostRecentSplit>
		</Issue>
	</Issues>
	<CoGeneralInfo>
		<CoStatus Code="1">Active</CoStatus>
		<CoType Code="EQU">Equity Issue</CoType>
		<LastModified>2021-02-04</LastModified>
		<LatestAvailableAnnual>2020-03-31</LatestAvailableAnnual>
		<LatestAvailableInterim>2020-12-31</LatestAvailableInterim>
		<Employees LastUpdated="2020-03-31">1536</Employees>
		<SharesOut Date="2020-12-31" TotalFloat="44165301.0">45224596.0</SharesOut>
		<ReportingCurrency Code="USD">U.S. Dollars</ReportingCurrency>
		<MostRecentExchange Date="2021-02-03">1.0</MostRecentExchange>
	</CoGeneralInfo>
	<TextInfo>
		<Text Type="Business Summary" lastModified="2016-07-05T00:10:38">ABIOMED, Inc. is a provider of temporary percutaneous mechanical circulatory support devices. The Company offers care to heart failure patients. The Company operates in the segment of the research, development and sale of medical devices to assist or replace the pumping function of the failing heart. The Company develops, manufactures and markets products that are designed to enable the heart to rest, heal and recover by improving blood flow to the coronary arteries and end-organs and/or temporarily performing the pumping function of the heart. The Company's product portfolio includes the Impella 2.5, Impella CP, Impella RP, Impella LD, Impella 5.0 and AB5000. The Company's products are used in the cardiac catheterization lab (cath lab), by interventional cardiologists, the electrophysiology lab, the hybrid lab and in the heart surgery suite by heart surgeons.</Text>
		<Text Type="Financial Summary" lastModified="2021-02-04T16:28:13">BRIEF: For the nine months ended 31 December 2020, ABIOMED,Inc. revenues decreased 4% to $606.3M. Net income decreased1% to $168.7M. Revenues reflect Impella product revenuesegment decrease of 42% to $355.1M, Service and otherrevenue segment decrease of 21% to $19.5M, United Statessegment decrease of 42% to $306.9M, International segmentdecrease of 33% to $67.7M. Net income also reflectsInvestment income, net decrease of 37% to $5.7M (income).</Text>
	</TextInfo>
	<contactInfo lastUpdated="2021-02-04T16:28:38">
		<streetAddress line="1">22 CHERRY HILL DR</streetAddress>
		<streetAddress line="2"></streetAddress>
		<streetAddress line="3"></streetAddress>
		<city>DANVERS</city>
		<state-region>MA</state-region>
		<postalCode>01923-2575</postalCode>
		<country code="USA">United States</country>
		<contactName></contactName>
		<contactTitle></contactTitle>
		<phone>
			<phone type="mainphone">
				<countryPhoneCode>1</countryPhoneCode>
				<city-areacode>978</city-areacode>
				<number>7775410</number>
			</phone>
			<phone type="mainfax">
				<countryPhoneCode>1</countryPhoneCode>
				<city-areacode>978</city-areacode>
				<number>7778411</number>
			</phone>
		</phone>
	</contactInfo>
	<webLinks lastUpdated="2016-06-13T17:30:39"><webSite mainCategory="Home Page">http://www.abiomed.com/</webSite><eMail mainCategory="Company Contact/E-mail">IR@abiomed.com</eMail></webLinks>
	<peerInfo lastUpdated="2021-02-04T16:28:38">
		<IndustryInfo>
			<Industry type="TRBC" order="1" reported="0" code="5610101010" mnem="">Advanced Medical Equipment &amp; Technology - NEC</Industry>
			<Industry type="NAICS" order="1" reported="0" code="339112" mnem="">Surgical &amp; Medical Instrument Mfg</Industry>
			<Industry type="NAICS" order="2" reported="0" code="334510" mnem="">Electromedical Apparatus Mfg</Industry>
			<Industry type="SIC" order="0" reported="1" code="3841" mnem="">Surgical And Medical Instruments</Industry>
			<Industry type="SIC" order="1" reported="0" code="3841" mnem="">Surgical And Medical Instruments</Industry>
			<Industry type="SIC" order="2" reported="0" code="3845" mnem="">Electromedical Equipment</Industry>
		</IndustryInfo>
		<Indexconstituet>S&amp;P 500</Indexconstituet>
	</peerInfo>
	<officers>
		<officer rank="1" since="04/06/2004">
			<firstName>Michael</firstName>
			<mI>R.</mI>
			<lastName>Minogue</lastName>
			<age>53 </age>
			<title startYear="2005" startMonth="06" startDay="10" iD1="CHM" abbr1="Chmn." iD2="DRC" abbr2="Dir.">Chairman of the Board, President, Chief Executive Officer</title>
		</officer>
		<officer rank="2" since="04/09/2018">
			<firstName>Todd</firstName>
			<mI>A.</mI>
			<lastName>Trapp</lastName>
			<age>49 </age>
			<title startYear="2018" startMonth="04" startDay="09" iD1="CFO" abbr1="CFO" iD2="VPR" abbr2="VP">Chief Financial Officer, Vice President</title>
		</officer>
		<officer rank="3" since="04/23/2007">
			<firstName>David</firstName>
			<mI>M.</mI>
			<lastName>Weber</lastName>
			<age>58 </age>
			<title startYear="2007" startMonth="04" startDay="23" iD1="COO" abbr1="COO" iD2="SVP" abbr2="Sr. VP">Chief Operating Officer, Senior Vice President</title>
		</officer>
		<officer rank="4" since="06/2018">
			<firstName>Marc</firstName>
			<mI>A.</mI>
			<lastName>Began</lastName>
			<age>53 </age>
			<title startYear="2018" startMonth="06" startDay="" iD1="VPR" abbr1="VP" iD2="GCN" abbr2="Counsel">Vice President, General Counsel, Secretary</title>
		</officer>
		<officer rank="5" since="03/05/2009">
			<firstName>Michael</firstName>
			<mI>G.</mI>
			<lastName>Howley</lastName>
			<age>56 </age>
			<title startYear="2009" startMonth="03" startDay="05" iD1="VPR" abbr1="VP" iD2="GMG" abbr2="GM">Vice President and General Manager, Global Sales</title>
		</officer>
		<officer rank="6" since="01/2005">
			<firstName>Andrew</firstName>
			<mI>J.</mI>
			<lastName>Greenfield</lastName>
			<age>47 </age>
			<title startYear="2019" startMonth="04" startDay="" iD1="VPR" abbr1="VP" iD2="" abbr2="">Vice President, Chief Commercial Officer</title>
		</officer>
	</officers>
	<Ratios PriceCurrency="USD" ReportingCurrency="USD" ExchangeRate="1.00000" LatestAvailableDate="2020-12-31">
		<Group ID="Price and Volume">
			<Ratio FieldName="NPRICE" Type="N">324.78000</Ratio>
			<Ratio FieldName="NHIG" Type="N">387.40000</Ratio>
			<Ratio FieldName="NLOW" Type="N">119.01010</Ratio>
			<Ratio FieldName="PDATE" Type="D">2021-02-04T00:00:00</Ratio>
			<Ratio FieldName="VOL10DAVG" Type="N">0.48117</Ratio>
			<Ratio FieldName="EV" Type="N">14201.58800</Ratio>
		</Group>
		<Group ID="Income Statement">
			<Ratio FieldName="MKTCAP" Type="N">14688.04000</Ratio>
			<Ratio FieldName="TTMREV" Type="N">812.93500</Ratio>
			<Ratio FieldName="TTMEBITD" Type="N">248.07900</Ratio>
			<Ratio FieldName="TTMNIAC" Type="N">200.46700</Ratio>
		</Group>
		<Group ID="Per share data">
			<Ratio FieldName="TTMEPSXCLX" Type="N">4.39450</Ratio>
			<Ratio FieldName="TTMREVPS" Type="N">17.82997</Ratio>
			<Ratio FieldName="QBVPS" Type="N">27.89281</Ratio>
			<Ratio FieldName="QCSHPS" Type="N">10.75636</Ratio>
			<Ratio FieldName="TTMCFSHR" Type="N">4.90727</Ratio>
			<Ratio FieldName="TTMDIVSHR" Type="N">0.00000</Ratio>
		</Group>
		<Group ID="Other Ratios">
			<Ratio FieldName="TTMGROSMGN" Type="N">80.90905</Ratio>
			<Ratio FieldName="TTMROEPCT" Type="N">17.36920</Ratio>
			<Ratio FieldName="TTMPR2REV" Type="N">18.06792</Ratio>
			<Ratio FieldName="PEEXCLXOR" Type="N">73.90602</Ratio>
			<Ratio FieldName="PRICE2BK" Type="N">11.64386</Ratio>
			<Ratio FieldName="Employees" Type="N">1536</Ratio>
		</Group>
	</Ratios>
	<ForecastData ConsensusType="Mean" CurFiscalYear="2021" CurFiscalYearEndMonth="3" CurInterimEndCalYear="2021" CurInterimEndMonth="3" EarningsBasis="PRX">
		<Ratio FieldName="ConsRecom" Type="N">
			<Value PeriodType="CURR">2.3333</Value>
		</Ratio>
		<Ratio FieldName="TargetPrice" Type="N">
			<Value PeriodType="CURR">326.40000</Value>
		</Ratio>
		<Ratio FieldName="ProjLTGrowthRate" Type="N">
			<Value PeriodType="CURR">16.0000</Value>
		</Ratio>
		<Ratio FieldName="ProjPE" Type="N">
			<Value PeriodType="CURR">67.48395</Value>
		</Ratio>
		<Ratio FieldName="ProjSales" Type="N">
			<Value PeriodType="CURR">837.62560</Value>
		</Ratio>
		<Ratio FieldName="ProjSalesQ" Type="N">
			<Value PeriodType="CURR">231.40860</Value>
		</Ratio>
		<Ratio FieldName="ProjEPS" Type="N">
			<Value PeriodType="CURR">4.81270</Value>
		</Ratio>
		<Ratio FieldName="ProjEPSQ" Type="N">
			<Value PeriodType="CURR">1.11470</Value>
		</Ratio>
		<Ratio FieldName="ProjProfit" Type="N">
			<Value PeriodType="CURR">208.16260</Value>
		</Ratio>
		<Ratio FieldName="ProjDPS" Type="N">
			<Value PeriodType="CURR">-99999.99000</Value>
		</Ratio>
	</ForecastData>
</ReportSnapshot>
