<?xml version="1.0" encoding="UTF-8"?>
<ReportSnapshot Major="1" Minor="0" Revision="1">
	<CoIDs>
		<CoID Type="RepNo">A2B0C</CoID>
		<CoID Type="CompanyName">Absolute Software Corp</CoID>
		<CoID Type="OrganizationPermID">4295862914</CoID>
	</CoIDs>
	<Issues>
		<Issue ID="1" Type="C" Desc="Common Stock" Order="1">
			<IssueID Type="Name">Ordinary Shares</IssueID>
			<IssueID Type="Ticker">ABST</IssueID>
			<IssueID Type="RIC">ABST.TO</IssueID>
			<IssueID Type="DisplayRIC">ABST.TO</IssueID>
			<IssueID Type="InstrumentPI">513857</IssueID>
			<IssueID Type="QuotePI">756855</IssueID>
			<IssueID Type="InstrumentPermID">8590935862</IssueID>
			<IssueID Type="QuotePermID">55838794254</IssueID>
			<Exchange Code="TSE" Country="CAN">Toronto Stock Exchange</Exchange>
			<GlobalListingType>OSR</GlobalListingType>
			<MostRecentSplit Date="2008-01-02">2.0</MostRecentSplit>
		</Issue>
	</Issues>
	<CoGeneralInfo>
		<CoStatus Code="1">Active</CoStatus>
		<CoType Code="EQU">Equity Issue</CoType>
		<LastModified>2020-11-10</LastModified>
		<LatestAvailableAnnual>2020-06-30</LatestAvailableAnnual>
		<LatestAvailableInterim>2020-09-30</LatestAvailableInterim>
		<Employees LastUpdated="2020-06-30">499</Employees>
		<SharesOut Date="2021-01-22" TotalFloat="48968719.0">49177699.0</SharesOut>
		<ReportingCurrency Code="USD">U.S. Dollars</ReportingCurrency>
		<MostRecentExchange Date="2021-02-03">1.0</MostRecentExchange>
	</CoGeneralInfo>
	<TextInfo>
		<Text Type="Business Summary" lastModified="2016-09-07T00:03:32">Absolute Software Corporation is engaged in the development, marketing and support of endpoint security and data risk management solutions to commercial, healthcare, education and government customers. The Company operates through Data and Device Security segment. The Company offers solutions for devices, such as computers, laptops, tablets and smartphones. The Company's solutions are delivered in a software as a service (SaaS) business model. The Company's solutions and technology include Absolute Data and Device Security (Absolute DDS), which enables customers to secure endpoints, asses risk and respond to security threats; Persistence Technology, and Persistence Services. The Company's Absolute DDS enables customers to monitor the security posture of their computing endpoints and respond to security threats. With Absolute DDS, customers can define security alerts based on changes in device attributes, such as software, data, hardware and users.</Text>
		<Text Type="Financial Summary" lastModified="2020-11-10T12:54:36">BRIEF: For the three months ended 30 September 2020,Absolute Software Corp revenues increased 11% to $28.5M.Net income decreased 25% to $2.6M. Revenues reflect Cloudservices segment increase of 12% to $26.4M, Managedprofessional services segment increase of 21% to $1.2M,United States segment increase of 9% to $24.1M, Rest OfWorld segment increase of 24% to $3.8M.</Text>
	</TextInfo>
	<contactInfo lastUpdated="2021-01-11T18:25:50">
		<streetAddress line="1">1055 Dunsmuir Street, Suite 1400</streetAddress>
		<streetAddress line="2"></streetAddress>
		<streetAddress line="3"></streetAddress>
		<city>VANCOUVER</city>
		<state-region>BC</state-region>
		<postalCode>V7X 1K8</postalCode>
		<country code="CAN">Canada</country>
		<contactName>Joo-Hun Kim</contactName>
		<contactTitle>Investor Relations</contactTitle>
		<phone>
			<phone type="mainphone">
				<countryPhoneCode>1</countryPhoneCode>
				<city-areacode>604</city-areacode>
				<number>7309851</number>
			</phone>
			<phone type="mainfax">
				<countryPhoneCode>1</countryPhoneCode>
				<city-areacode>604</city-areacode>
				<number>7309851</number>
			</phone>
			<phone type="contactphone">
				<countryPhoneCode>1</countryPhoneCode>
				<city-areacode>212</city-areacode>
				<number>8686760</number>
			</phone>
		</phone>
	</contactInfo>
	<webLinks lastUpdated="2018-07-11T10:46:42"><webSite mainCategory="Home Page">https://www.absolute.com/</webSite><eMail mainCategory="Company Contact/E-mail">joohunkim@mkrir.com</eMail></webLinks>
	<peerInfo lastUpdated="2021-01-11T18:25:50">
		<IndustryInfo>
			<Industry type="TRBC" order="1" reported="0" code="5720101010" mnem="">IT Services &amp; Consulting - NEC</Industry>
			<Industry type="NAICS" order="1" reported="0" code="541511" mnem="">Custom Computer Programming Services</Industry>
			<Industry type="SIC" order="1" reported="0" code="7371" mnem="">Computer Programming Services</Industry>
		</IndustryInfo>
	</peerInfo>
	<officers>
		<officer rank="1" since="12/11/2013">
			<firstName>Daniel</firstName>
			<mI>P.</mI>
			<lastName>Ryan</lastName>
			<age>60 </age>
			<title startYear="2013" startMonth="12" startDay="11" iD1="CHM" abbr1="Chmn." iD2="IND" abbr2="Ind. Dir.">Independent Chairman of the Board</title>
		</officer>
		<officer rank="2" since="11/27/2018">
			<firstName>Christy</firstName>
			<mI>May</mI>
			<lastName>Wyatt</lastName>
			<age>48 </age>
			<title startYear="2018" startMonth="12" startDay="13" iD1="CEO" abbr1="CEO" iD2="DRC" abbr2="Dir.">Chief Executive Officer, Director</title>
		</officer>
		<officer rank="3" since="11/10/2020">
			<firstName>Steven</firstName>
			<mI>H.</mI>
			<lastName>Gatoff</lastName>
			<age>52 </age>
			<title startYear="2020" startMonth="11" startDay="10" iD1="CFO" abbr1="CFO" iD2="" abbr2="">Chief Financial Officer</title>
		</officer>
		<officer rank="4" since="04/01/2019">
			<firstName>Nicholas</firstName>
			<mI></mI>
			<lastName>Van Someren</lastName>
			<age></age>
			<title startYear="2019" startMonth="04" startDay="01" iD1="CTO" abbr1="CTO" iD2="" abbr2="">Chief Technology Officer</title>
		</officer>
		<officer rank="5" since="01/06/2020">
			<firstName>Dianne</firstName>
			<mI></mI>
			<lastName>Lapierre</lastName>
			<age></age>
			<title startYear="2020" startMonth="01" startDay="06" iD1="CIO" abbr1="CIO" iD2="" abbr2="">Chief Information Officer</title>
		</officer>
		<officer rank="6" since="02/01/2016">
			<firstName>Sean</firstName>
			<mI></mI>
			<lastName>Maxwell</lastName>
			<age></age>
			<title startYear="2016" startMonth="02" startDay="01" iD1="OTH" abbr1="Other" iD2="" abbr2="">Chief Commercial Officer</title>
		</officer>
	</officers>
	<Ratios PriceCurrency="CAD" ReportingCurrency="USD" ExchangeRate="1.28250" LatestAvailableDate="2020-06-30">
		<Group ID="Price and Volume">
			<Ratio FieldName="NPRICE" Type="N">17.63000</Ratio>
			<Ratio FieldName="NHIG" Type="N">18.53000</Ratio>
			<Ratio FieldName="NLOW" Type="N">6.70000</Ratio>
			<Ratio FieldName="PDATE" Type="D">2021-02-04T00:00:00</Ratio>
			<Ratio FieldName="VOL10DAVG" Type="N">0.11534</Ratio>
			<Ratio FieldName="EV" Type="N">823.07120</Ratio>
		</Group>
		<Group ID="Income Statement">
			<Ratio FieldName="MKTCAP" Type="N">869.98760</Ratio>
			<Ratio FieldName="AREV" Type="N">134.24030</Ratio>
			<Ratio FieldName="AEBITD" Type="N">37.41745</Ratio>
			<Ratio FieldName="ANIAC" Type="N">13.63902</Ratio>
		</Group>
		<Group ID="Per share data">
			<Ratio FieldName="AEPSXCLXOR" Type="N">0.30481</Ratio>
			<Ratio FieldName="AREVPS" Type="N">3.00002</Ratio>
			<Ratio FieldName="ABVPS" Type="N">-1.30022</Ratio>
			<Ratio FieldName="ACSHPS" Type="N">1.41062</Ratio>
			<Ratio FieldName="ACFSHR" Type="N">0.70347</Ratio>
			<Ratio FieldName="ADIVSHR" Type="N">0.30236</Ratio>
		</Group>
		<Group ID="Other Ratios">
			<Ratio FieldName="AGROSMGN" Type="N">87.93636</Ratio>
			<Ratio FieldName="AROEPCT" Type="N">-99999.99000</Ratio>
			<Ratio FieldName="APR2REV" Type="N">6.48082</Ratio>
			<Ratio FieldName="APEEXCLXOR" Type="N">58.03809</Ratio>
			<Ratio FieldName="APRICE2BK" Type="N">-99999.99000</Ratio>
			<Ratio FieldName="Employees" Type="N">499</Ratio>
		</Group>
	</Ratios>
	<ForecastData ConsensusType="Mean" CurFiscalYear="2021" CurFiscalYearEndMonth="12" CurInterimEndCalYear="2021" CurInterimEndMonth="3" EarningsBasis="REP">
		<Ratio FieldName="ConsRecom" Type="N">
			<Value PeriodType="CURR">2.4</Value>
		</Ratio>
		<Ratio FieldName="TargetPrice" Type="N">
			<Value PeriodType="CURR">16.07357</Value>
		</Ratio>
		<Ratio FieldName="ProjLTGrowthRate" Type="N">
			<Value PeriodType="CURR">-99999.99000</Value>
		</Ratio>
		<Ratio FieldName="ProjPE" Type="N">
			<Value PeriodType="CURR">90.14214</Value>
		</Ratio>
		<Ratio FieldName="ProjSales" Type="N">
			<Value PeriodType="CURR">149.65877</Value>
		</Ratio>
		<Ratio FieldName="ProjSalesQ" Type="N">
			<Value PeriodType="CURR">-99999.99000</Value>
		</Ratio>
		<Ratio FieldName="ProjEPS" Type="N">
			<Value PeriodType="CURR">0.19558</Value>
		</Ratio>
		<Ratio FieldName="ProjEPSQ" Type="N">
			<Value PeriodType="CURR">-99999.99000</Value>
		</Ratio>
		<Ratio FieldName="ProjProfit" Type="N">
			<Value PeriodType="CURR">9.77906</Value>
		</Ratio>
		<Ratio FieldName="ProjDPS" Type="N">
			<Value PeriodType="CURR">-99999.99000</Value>
		</Ratio>
	</ForecastData>
</ReportSnapshot>
