<?xml version="1.0" encoding="UTF-8"?>
<ReportSnapshot Major="1" Minor="0" Revision="1">
	<CoIDs>
		<CoID Type="RepNo">AA3D5</CoID>
		<CoID Type="CompanyName">Acer Therapeutics Inc</CoID>
		<CoID Type="IRSNo">320426967</CoID>
		<CoID Type="CIKNo">0001069308</CoID>
		<CoID Type="OrganizationPermID">5063776200</CoID>
	</CoIDs>
	<Issues>
		<Issue ID="1" Type="C" Desc="Common Stock" Order="1">
			<IssueID Type="Name">Ordinary Shares</IssueID>
			<IssueID Type="Ticker">ACER</IssueID>
			<IssueID Type="RIC">ACER.O</IssueID>
			<IssueID Type="DisplayRIC">ACER.OQ</IssueID>
			<IssueID Type="InstrumentPI">488010</IssueID>
			<IssueID Type="QuotePI">27654317</IssueID>
			<IssueID Type="InstrumentPermID">8590927151</IssueID>
			<IssueID Type="QuotePermID">55835355838</IssueID>
			<Exchange Code="NASD" Country="USA">NASDAQ</Exchange>
			<GlobalListingType>OSR</GlobalListingType>
			<MostRecentSplit Date="2017-09-21">0.09657</MostRecentSplit>
		</Issue>
	</Issues>
	<CoGeneralInfo>
		<CoStatus Code="1">Active</CoStatus>
		<CoType Code="EQU">Equity Issue</CoType>
		<LastModified>2021-01-26</LastModified>
		<LatestAvailableAnnual>2019-12-31</LatestAvailableAnnual>
		<LatestAvailableInterim>2020-09-30</LatestAvailableInterim>
		<Employees LastUpdated="2019-12-31">17</Employees>
		<SharesOut Date="2021-01-22" TotalFloat="11212798.0">14310244.0</SharesOut>
		<ReportingCurrency Code="USD">U.S. Dollars</ReportingCurrency>
		<MostRecentExchange Date="2021-02-03">1.0</MostRecentExchange>
	</CoGeneralInfo>
	<TextInfo>
		<Text Type="Business Summary" lastModified="2017-09-21T00:00:00">Acer Therapeutics Inc., formerly Opexa Therapeutics, Inc., is a pharmaceutical company. The Company is engaged in acquires, develops and intends to commercialize therapies for patients with serious rare diseases with critical unmet medical need. Its late-stage clinical pipeline includes Edsivo (celiprolol) and ACER-001. The Company is developing Edsivo for the treatment of vascular Ehlers-Danlos Syndrome (vEDS) in the United States. The Company is developing ACER-001, a pharmacologic treatment option for the treatment of Maple Syrup Urine Disease (MSUD). ACER-001 is an immediate-release formulation of sodium phenylbutyrate (NaPB) developed using a microencapsulation process. The Company is also developing ACER-001 for the treatment of Urea Cycle Disorders (UCD).</Text>
		<Text Type="Financial Summary" lastModified="2021-01-26T11:27:49">BRIEF: For the nine months ended 30 September 2020, AcerTherapeutics Inc revenues was not reported. Net lossdecreased 31% to $16.6M. Lower net loss reflects Generaland Administrative - Balancing v decrease of 43% to $7.1M(expense), Research and Development - Balancing valdecrease of 24% to $7.8M (expense), Stock-basedCompensation in R&amp;D decrease of 29% to $606K (expense).</Text>
	</TextInfo>
	<contactInfo lastUpdated="2021-01-26T11:27:54">
		<streetAddress line="1">One Gateway Center (300 Washington St.)</streetAddress>
		<streetAddress line="2">Suite 351</streetAddress>
		<streetAddress line="3"></streetAddress>
		<city>NEWTON</city>
		<state-region>MA</state-region>
		<postalCode>02458</postalCode>
		<country code="USA">United States</country>
		<contactName></contactName>
		<contactTitle></contactTitle>
		<phone>
			<phone type="mainfax">
				<countryPhoneCode>1</countryPhoneCode>
				<city-areacode>302</city-areacode>
				<number>4215753</number>
			</phone>
		</phone>
	</contactInfo>
	<webLinks lastUpdated="2019-10-27T21:31:27"><webSite mainCategory="Home Page">https://acertx.com/</webSite><eMail mainCategory="Company Contact/E-mail">
		</eMail></webLinks>
	<peerInfo lastUpdated="2021-01-26T11:27:54">
		<IndustryInfo>
			<Industry type="TRBC" order="1" reported="0" code="5620201011" mnem="">Bio Therapeutic Drugs</Industry>
			<Industry type="NAICS" order="1" reported="0" code="541712" mnem="">Research and Development in the Physical, Engineering, and Life Sciences (except Biotechnology)</Industry>
			<Industry type="NAICS" order="2" reported="0" code="325412" mnem="">Pharmaceutical Preparation Mfg</Industry>
			<Industry type="SIC" order="0" reported="1" code="2834" mnem="">Pharmaceutical Preparations</Industry>
			<Industry type="SIC" order="1" reported="0" code="8731" mnem="">Commercial Physical Research</Industry>
			<Industry type="SIC" order="2" reported="0" code="2834" mnem="">Pharmaceutical Preparations</Industry>
		</IndustryInfo>
	</peerInfo>
	<officers></officers>
	<Ratios PriceCurrency="USD" ReportingCurrency="USD" ExchangeRate="1.00000" LatestAvailableDate="2020-09-30">
		<Group ID="Price and Volume">
			<Ratio FieldName="NPRICE" Type="N">4.06000</Ratio>
			<Ratio FieldName="NHIG" Type="N">7.25000</Ratio>
			<Ratio FieldName="NLOW" Type="N">1.08000</Ratio>
			<Ratio FieldName="PDATE" Type="D">2021-02-04T00:00:00</Ratio>
			<Ratio FieldName="VOL10DAVG" Type="N">0.70179</Ratio>
			<Ratio FieldName="EV" Type="N">51.94214</Ratio>
		</Group>
		<Group ID="Income Statement">
			<Ratio FieldName="MKTCAP" Type="N">58.09959</Ratio>
			<Ratio FieldName="TTMREV" Type="N">0.00000</Ratio>
			<Ratio FieldName="TTMEBITD" Type="N">-21.75196</Ratio>
			<Ratio FieldName="TTMNIAC" Type="N">-21.80405</Ratio>
		</Group>
		<Group ID="Per share data">
			<Ratio FieldName="TTMEPSXCLX" Type="N">-2.07246</Ratio>
			<Ratio FieldName="TTMREVPS" Type="N">0.00000</Ratio>
			<Ratio FieldName="QBVPS" Type="N">0.88170</Ratio>
			<Ratio FieldName="QCSHPS" Type="N">0.51688</Ratio>
			<Ratio FieldName="TTMCFSHR" Type="N">-2.06628</Ratio>
			<Ratio FieldName="TTMDIVSHR" Type="N">0.00000</Ratio>
		</Group>
		<Group ID="Other Ratios">
			<Ratio FieldName="TTMGROSMGN" Type="N">-99999.99000</Ratio>
			<Ratio FieldName="TTMROEPCT" Type="N">-130.68620</Ratio>
			<Ratio FieldName="TTMPR2REV" Type="N">-99999.99000</Ratio>
			<Ratio FieldName="PEEXCLXOR" Type="N">-99999.99000</Ratio>
			<Ratio FieldName="PRICE2BK" Type="N">4.60472</Ratio>
			<Ratio FieldName="Employees" Type="N">17</Ratio>
		</Group>
	</Ratios>
	<ForecastData ConsensusType="Mean" CurFiscalYear="2020" CurFiscalYearEndMonth="12" CurInterimEndCalYear="2020" CurInterimEndMonth="12" EarningsBasis="PRX">
		<Ratio FieldName="ConsRecom" Type="N">
			<Value PeriodType="CURR">2.5</Value>
		</Ratio>
		<Ratio FieldName="TargetPrice" Type="N">
			<Value PeriodType="CURR">10.00000</Value>
		</Ratio>
		<Ratio FieldName="ProjLTGrowthRate" Type="N">
			<Value PeriodType="CURR">-99999.99000</Value>
		</Ratio>
		<Ratio FieldName="ProjPE" Type="N">
			<Value PeriodType="CURR">-2.09278</Value>
		</Ratio>
		<Ratio FieldName="ProjSales" Type="N">
			<Value PeriodType="CURR">0.00000</Value>
		</Ratio>
		<Ratio FieldName="ProjSalesQ" Type="N">
			<Value PeriodType="CURR">0.00000</Value>
		</Ratio>
		<Ratio FieldName="ProjEPS" Type="N">
			<Value PeriodType="CURR">-1.94000</Value>
		</Ratio>
		<Ratio FieldName="ProjEPSQ" Type="N">
			<Value PeriodType="CURR">-0.40750</Value>
		</Ratio>
		<Ratio FieldName="ProjProfit" Type="N">
			<Value PeriodType="CURR">-22.33730</Value>
		</Ratio>
		<Ratio FieldName="ProjDPS" Type="N">
			<Value PeriodType="CURR">-99999.99000</Value>
		</Ratio>
	</ForecastData>
</ReportSnapshot>
