<?xml version="1.0" encoding="UTF-8"?>
<ReportSnapshot Major="1" Minor="0" Revision="1">
	<CoIDs>
		<CoID Type="RepNo">02472</CoID>
		<CoID Type="CompanyName">Adicet Bio Inc</CoID>
		<CoID Type="IRSNo">813305277</CoID>
		<CoID Type="CIKNo">0001720580</CoID>
		<CoID Type="OrganizationPermID">5055941844</CoID>
	</CoIDs>
	<Issues>
		<Issue ID="1" Type="C" Desc="Common Stock" Order="1">
			<IssueID Type="Name">Ordinary Shares</IssueID>
			<IssueID Type="Ticker">ACET</IssueID>
			<IssueID Type="RIC">ACET.O</IssueID>
			<IssueID Type="DisplayRIC">ACET.OQ</IssueID>
			<IssueID Type="InstrumentPI">286620073</IssueID>
			<IssueID Type="QuotePI">287172165</IssueID>
			<IssueID Type="InstrumentPermID">21633281657</IssueID>
			<IssueID Type="QuotePermID">25727413205</IssueID>
			<Exchange Code="NASD" Country="USA">NASDAQ</Exchange>
			<GlobalListingType>OSR</GlobalListingType>
			<MostRecentSplit Date="2020-09-16">0.14286</MostRecentSplit>
		</Issue>
	</Issues>
	<CoGeneralInfo>
		<CoStatus Code="1">Active</CoStatus>
		<CoType Code="EQU">Equity Issue</CoType>
		<LastModified>2020-11-25</LastModified>
		<LatestAvailableAnnual>2019-12-31</LatestAvailableAnnual>
		<LatestAvailableInterim>2020-09-30</LatestAvailableInterim>
		<Employees LastUpdated="2019-12-31">18</Employees>
		<SharesOut Date="2020-11-30" TotalFloat="16724737.0">19629219.0</SharesOut>
		<ReportingCurrency Code="USD">U.S. Dollars</ReportingCurrency>
		<MostRecentExchange Date="2021-02-03">1.0</MostRecentExchange>
	</CoGeneralInfo>
	<TextInfo>
		<Text Type="Business Summary" lastModified="2020-09-16T08:25:25">Adicet Bio Inc., formerly resTORbio, Inc., is a biotechnology company. The Company is focused on developing allogeneic gamma delta T cell therapies for cancer and other diseases. It is developing a pipeline of off-the-shelf gamma delta T cells, engineered with chimeric antigen receptors and T cell receptor-like antibodies to enable selective tumor targeting, facilitate innate and adaptive anti-tumor immune response and improve persistence for durable activity in patients. Its pipeline includes ADI-001, ADI-002 and ADI-00x. ADI-001 is a gamma delta chimeric antigen receptor (CAR)-modified T cell therapy targeting CD20. ADI-002 is a gamma delta T cell containing a CAR that is specific for glypican 3 protein (GPC3). The Company is focused on developing ADI-00x for solid tumors and solid tumor and hematological indications.</Text>
		<Text Type="Financial Summary" lastModified="2020-11-25T23:08:36">BRIEF: For the nine months ended 30 September 2020, AdicetBio Inc revenues increased from -$974K to $12.5M. Net lossincreased 29% to $27.7M. Revenues reflect an increase indemand for the Company's products and services due tofavorable market conditions. Higher net loss reflectsGeneral and administrative - Balancing v increase from$5.4M to $15.2M (expense), Research and development -Balancing val increase of 39% to $23.5M (expense).</Text>
	</TextInfo>
	<contactInfo lastUpdated="2020-12-01T22:58:45">
		<streetAddress line="1">500 Boylston St Fl 12</streetAddress>
		<streetAddress line="2"></streetAddress>
		<streetAddress line="3"></streetAddress>
		<city>BOSTON</city>
		<state-region>MA</state-region>
		<postalCode>02116-3740</postalCode>
		<country code="USA">United States</country>
		<contactName></contactName>
		<contactTitle></contactTitle>
		<phone>
			<phone type="mainphone">
				<countryPhoneCode>1</countryPhoneCode>
				<city-areacode>617</city-areacode>
				<number>4822333</number>
			</phone>
			<phone type="mainfax">
				<countryPhoneCode>1</countryPhoneCode>
				<city-areacode>302</city-areacode>
				<number>6555049</number>
			</phone>
		</phone>
	</contactInfo>
	<webLinks lastUpdated="2020-09-16T06:15:01"><webSite mainCategory="Home Page">https://www.adicetbio.com/</webSite><eMail mainCategory="Company Contact/E-mail">IR@resTORbio.com</eMail></webLinks>
	<peerInfo lastUpdated="2020-12-01T22:58:45">
		<IndustryInfo>
			<Industry type="TRBC" order="1" reported="0" code="5620201010" mnem="">Biotechnology &amp; Medical Research - NEC</Industry>
			<Industry type="NAICS" order="1" reported="0" code="541711" mnem="">Research and Development in Biotechnology</Industry>
			<Industry type="SIC" order="1" reported="0" code="8731" mnem="">Commercial Physical Research</Industry>
		</IndustryInfo>
	</peerInfo>
	<officers>
		<officer rank="1" since="07/2016">
			<firstName>Chen</firstName>
			<mI></mI>
			<lastName>Schor</lastName>
			<age>47 </age>
			<title startYear="2020" startMonth="09" startDay="15" iD1="PRE" abbr1="Pres." iD2="CEO" abbr2="CEO">President, Chief Executive Officer, Secretary, Director</title>
		</officer>
		<officer rank="2" since="09/15/2020">
			<firstName>Stewart</firstName>
			<mI></mI>
			<lastName>Abbot</lastName>
			<age>52 </age>
			<title startYear="2020" startMonth="09" startDay="15" iD1="COO" abbr1="COO" iD2="SVP" abbr2="Sr. VP">Chief Operating Officer, Senior Vice President, Chief Scientific Officer</title>
		</officer>
		<officer rank="3" since="09/15/2020">
			<firstName>Carrie</firstName>
			<mI></mI>
			<lastName>Krehlik</lastName>
			<age></age>
			<title startYear="2020" startMonth="09" startDay="15" iD1="CHO" abbr1="Chief HR" iD2="SVP" abbr2="Sr. VP">Chief Human Resource Officer, Senior Vice President</title>
		</officer>
		<officer rank="4" since="09/15/2020">
			<firstName>Francesco</firstName>
			<mI></mI>
			<lastName>Galimi</lastName>
			<age></age>
			<title startYear="2020" startMonth="09" startDay="15" iD1="SVP" abbr1="Sr. VP" iD2="" abbr2="">Senior Vice President and Chief Medical Officer</title>
		</officer>
		<officer rank="5" since="10/26/2020">
			<firstName>Don</firstName>
			<mI>G.</mI>
			<lastName>Healey</lastName>
			<age>55 </age>
			<title startYear="2020" startMonth="10" startDay="26" iD1="CTO" abbr1="CTO" iD2="" abbr2="">Chief Technology Officer</title>
		</officer>
		<officer rank="6" since="05/14/2019">
			<firstName>Lloyd</firstName>
			<mI></mI>
			<lastName>Klickstein</lastName>
			<age>63 </age>
			<title startYear="2019" startMonth="05" startDay="14" iD1="OTH" abbr1="Other" iD2="" abbr2="">Chief Scientific Officer</title>
		</officer>
	</officers>
	<Ratios PriceCurrency="USD" ReportingCurrency="USD" ExchangeRate="1.00000" LatestAvailableDate="2020-09-30">
		<Group ID="Price and Volume">
			<Ratio FieldName="NPRICE" Type="N">12.54000</Ratio>
			<Ratio FieldName="NHIG" Type="N">21.70000</Ratio>
			<Ratio FieldName="NLOW" Type="N">6.02000</Ratio>
			<Ratio FieldName="PDATE" Type="D">2021-02-04T00:00:00</Ratio>
			<Ratio FieldName="VOL10DAVG" Type="N">0.05660</Ratio>
			<Ratio FieldName="EV" Type="N">138.03040</Ratio>
		</Group>
		<Group ID="Income Statement">
			<Ratio FieldName="MKTCAP" Type="N">246.15040</Ratio>
			<Ratio FieldName="TTMREV" Type="N">12.49300</Ratio>
			<Ratio FieldName="TTMEBITD" Type="N">-58.33200</Ratio>
			<Ratio FieldName="TTMNIAC" Type="N">-56.61000</Ratio>
		</Group>
		<Group ID="Per share data">
			<Ratio FieldName="TTMEPSXCLX" Type="N">-12.55608</Ratio>
			<Ratio FieldName="TTMREVPS" Type="N">2.63458</Ratio>
			<Ratio FieldName="QBVPS" Type="N">5.96897</Ratio>
			<Ratio FieldName="QCSHPS" Type="N">5.51924</Ratio>
			<Ratio FieldName="TTMCFSHR" Type="N">-11.73866</Ratio>
			<Ratio FieldName="TTMDIVSHR" Type="N">0.00000</Ratio>
		</Group>
		<Group ID="Other Ratios">
			<Ratio FieldName="TTMGROSMGN" Type="N">-99999.99000</Ratio>
			<Ratio FieldName="TTMROEPCT" Type="N">-49.94398</Ratio>
			<Ratio FieldName="TTMPR2REV" Type="N">19.70307</Ratio>
			<Ratio FieldName="PEEXCLXOR" Type="N">-99999.99000</Ratio>
			<Ratio FieldName="PRICE2BK" Type="N">2.10086</Ratio>
			<Ratio FieldName="Employees" Type="N">18</Ratio>
		</Group>
	</Ratios>
	<ForecastData ConsensusType="Mean" CurFiscalYear="2020" CurFiscalYearEndMonth="12" CurInterimEndCalYear="2020" CurInterimEndMonth="9" EarningsBasis="REP">
		<Ratio FieldName="ConsRecom" Type="N">
			<Value PeriodType="CURR">2.6667</Value>
		</Ratio>
		<Ratio FieldName="TargetPrice" Type="N">
			<Value PeriodType="CURR">3.00000</Value>
		</Ratio>
		<Ratio FieldName="ProjLTGrowthRate" Type="N">
			<Value PeriodType="CURR">-99999.99000</Value>
		</Ratio>
		<Ratio FieldName="ProjPE" Type="N">
			<Value PeriodType="CURR">-11.29730</Value>
		</Ratio>
		<Ratio FieldName="ProjSales" Type="N">
			<Value PeriodType="CURR">0.00000</Value>
		</Ratio>
		<Ratio FieldName="ProjSalesQ" Type="N">
			<Value PeriodType="CURR">0.00000</Value>
		</Ratio>
		<Ratio FieldName="ProjEPS" Type="N">
			<Value PeriodType="CURR">-1.11000</Value>
		</Ratio>
		<Ratio FieldName="ProjEPSQ" Type="N">
			<Value PeriodType="CURR">-0.24500</Value>
		</Ratio>
		<Ratio FieldName="ProjProfit" Type="N">
			<Value PeriodType="CURR">-99999.99000</Value>
		</Ratio>
		<Ratio FieldName="ProjDPS" Type="N">
			<Value PeriodType="CURR">-99999.99000</Value>
		</Ratio>
	</ForecastData>
</ReportSnapshot>
