<?xml version="1.0" encoding="UTF-8"?>
<ReportSnapshot Major="1" Minor="0" Revision="1">
	<CoIDs>
		<CoID Type="RepNo">A0DD4</CoID>
		<CoID Type="CompanyName">Arch Capital Group Ltd.</CoID>
		<CoID Type="CIKNo">0000947484</CoID>
		<CoID Type="OrganizationPermID">4295912518</CoID>
	</CoIDs>
	<Issues>
		<Issue ID="1" Type="C" Desc="Common Stock" Order="1">
			<IssueID Type="Name">Ordinary Shares</IssueID>
			<IssueID Type="Ticker">ACGL</IssueID>
			<IssueID Type="RIC">ACGL.O</IssueID>
			<IssueID Type="DisplayRIC">ACGL.OQ</IssueID>
			<IssueID Type="InstrumentPI">337746</IssueID>
			<IssueID Type="QuotePI">7646013</IssueID>
			<IssueID Type="InstrumentPermID">8590926424</IssueID>
			<IssueID Type="QuotePermID">55835313065</IssueID>
			<Exchange Code="NASD" Country="USA">NASDAQ</Exchange>
			<GlobalListingType>OSR</GlobalListingType>
			<MostRecentSplit Date="2018-06-21">3.00003</MostRecentSplit>
		</Issue>
		<Issue ID="2" Type="P" Desc="Preferred Stock" Order="1">
			<IssueID Type="Name">Preference Shares Non Voting</IssueID>
			<IssueID Type="InstrumentPI">117391397</IssueID>
			<IssueID Type="InstrumentPermID">21512274496</IssueID>
			<Exchange Code="NA" Country="">Not Available</Exchange>
		</Issue>
		<Issue ID="3" Type="P" Desc="Preferred Stock" Order="2">
			<IssueID Type="Name">Preference Shares</IssueID>
			<IssueID Type="InstrumentPI">117391540</IssueID>
			<IssueID Type="InstrumentPermID">21512274609</IssueID>
			<Exchange Code="NA" Country="">Not Available</Exchange>
		</Issue>
	</Issues>
	<CoGeneralInfo>
		<CoStatus Code="1">Active</CoStatus>
		<CoType Code="EQU">Equity Issue</CoType>
		<LastModified>2020-11-23</LastModified>
		<LatestAvailableAnnual>2019-12-31</LatestAvailableAnnual>
		<LatestAvailableInterim>2020-09-30</LatestAvailableInterim>
		<Employees LastUpdated="2020-02-21">4300</Employees>
		<SharesOut Date="2020-10-30" TotalFloat="394144941.0">406026570.0</SharesOut>
		<ReportingCurrency Code="USD">U.S. Dollars</ReportingCurrency>
		<MostRecentExchange Date="2021-02-03">1.0</MostRecentExchange>
	</CoGeneralInfo>
	<TextInfo>
		<Text Type="Business Summary" lastModified="2017-03-19T23:04:50">Arch Capital Group Ltd. provides insurance, reinsurance and mortgage insurance. The Company provides a range of property, casualty and mortgage insurance and reinsurance lines. The Company operates in five segments: insurance, reinsurance, mortgage, other and corporate. The insurance segment's product lines include construction and national accounts; excess and surplus casualty; lenders products; professional lines; programs; property, energy, marine and aviation; travel, accident and health, and other. The reinsurance segment's product lines include casualty; marine and aviation; other specialty; property catastrophe; property excluding property catastrophe, and other. The mortgage segment includes the results of Arch Mortgage Insurance Company and Arch Mortgage Insurance Designated Activity Company, which are providers of mortgage insurance products and services to the United States and European markets. The other segment includes the results of Watford Holdings Ltd.</Text>
		<Text Type="Financial Summary" lastModified="2020-11-06T06:59:09">BRIEF: For the nine months ended 30 September 2020, ArchCapital Group Ltd. revenues increased 19% to $6.08B. Netincome applicable to common stockholders decreased 35% to$830.8M. Revenues reflect Investment Expense - Insuranceincrease of 2% to -$66M. Net income was offset by OperaingExpense Ratio -%-Other increase of 10% to 10.2%, Otheroperating expenses increase of 11% to $659.5M (expense).</Text>
	</TextInfo>
	<contactInfo lastUpdated="2020-12-30T11:16:24">
		<streetAddress line="1">WATERLOO HOUSE</streetAddress>
		<streetAddress line="2">GROUND FLOOR, 100 PITTS BAY ROAD</streetAddress>
		<streetAddress line="3"></streetAddress>
		<city>PEMBROKE</city>
		<state-region></state-region>
		<postalCode>HM 08</postalCode>
		<country code="BMU">Bermuda</country>
		<contactName>Donald Watson</contactName>
		<contactTitle>IR Contact Officer</contactTitle>
		<phone>
			<phone type="mainphone">
				<countryPhoneCode>1</countryPhoneCode>
				<city-areacode>441</city-areacode>
				<number>2789250</number>
			</phone>
			<phone type="mainfax">
				<countryPhoneCode>1</countryPhoneCode>
				<city-areacode>441</city-areacode>
				<number>2789249</number>
			</phone>
			<phone type="contactphone">
				<countryPhoneCode>1</countryPhoneCode>
				<city-areacode>914</city-areacode>
				<number>8723616</number>
			</phone>
		</phone>
	</contactInfo>
	<webLinks lastUpdated="2014-01-20T08:07:35"><webSite mainCategory="Home Page">http://www.archcapgroup.com</webSite><eMail mainCategory="Company Contact/E-mail">dwatson@archcapservices.com</eMail></webLinks>
	<peerInfo lastUpdated="2020-12-30T11:16:24">
		<IndustryInfo>
			<Industry type="TRBC" order="1" reported="0" code="5530102010" mnem="">Property &amp; Casualty Insurance - NEC</Industry>
			<Industry type="NAICS" order="1" reported="0" code="524126" mnem="">Direct Property &amp; Casualty Insurance Carriers</Industry>
			<Industry type="NAICS" order="2" reported="0" code="524130" mnem="">Reinsurance Carriers</Industry>
			<Industry type="NAICS" order="3" reported="0" code="551112" mnem="">Offices of Other Holding Companies</Industry>
			<Industry type="SIC" order="0" reported="1" code="6331" mnem="">Fire/marine/casualty Insurance</Industry>
			<Industry type="SIC" order="1" reported="0" code="6331" mnem="">Fire/marine/casualty Insurance</Industry>
			<Industry type="SIC" order="2" reported="0" code="6311" mnem="">Life Insurance</Industry>
			<Industry type="SIC" order="3" reported="0" code="6719" mnem="">Holding Companies, Nec</Industry>
		</IndustryInfo>
	</peerInfo>
	<officers>
		<officer rank="1" since="11/16/2005">
			<firstName>Nicolas</firstName>
			<mI></mI>
			<lastName>Papadopoulo</lastName>
			<age>57 </age>
			<title startYear="2021" startMonth="01" startDay="01" iD1="PRE" abbr1="Pres." iD2="" abbr2="">President, Chief Underwriting Officer</title>
		</officer>
		<officer rank="2" since="10/2001">
			<firstName>Marc</firstName>
			<mI></mI>
			<lastName>Grandisson</lastName>
			<age>52 </age>
			<title startYear="2021" startMonth="01" startDay="01" iD1="CEO" abbr1="CEO" iD2="DRC" abbr2="Dir.">Chief Executive Officer, Director</title>
		</officer>
		<officer rank="3" since="05/2015">
			<firstName>Francois</firstName>
			<mI></mI>
			<lastName>Morin</lastName>
			<age>52 </age>
			<title startYear="2018" startMonth="05" startDay="25" iD1="CFO" abbr1="CFO" iD2="EVP" abbr2="Exec. VP">Chief Financial Officer, Executive Vice President, Treasurer</title>
		</officer>
		<officer rank="4" since="NA">
			<firstName>David</firstName>
			<mI>E.</mI>
			<lastName>Gansberg</lastName>
			<age>47 </age>
			<title startYear="2019" startMonth="03" startDay="01" iD1="CEX" abbr1="Corp. Exec." iD2="" abbr2="">Chief Executive Officer - Global Mortgage Group</title>
		</officer>
		<officer rank="5" since="05/05/2000">
			<firstName>Louis</firstName>
			<mI>T.</mI>
			<lastName>Petrillo</lastName>
			<age>54 </age>
			<title startYear="2002" startMonth="04" startDay="" iD1="CEX" abbr1="Corp. Exec." iD2="" abbr2="">President, General Counsel of Arch Capital Services Inc.</title>
		</officer>
		<officer rank="6" since="2014">
			<firstName>Maamoun</firstName>
			<mI></mI>
			<lastName>Rajeh</lastName>
			<age>49 </age>
			<title startYear="2017" startMonth="10" startDay="" iD1="CEX" abbr1="Corp. Exec." iD2="" abbr2="">Chairman and Chief Executive Officer of Arch Worldwide Reinsurance Group</title>
		</officer>
		<officer rank="7" since="06/2019">
			<firstName>Jennifer</firstName>
			<mI></mI>
			<lastName>Centrone</lastName>
			<age>47 </age>
			<title startYear="2019" startMonth="06" startDay="" iD1="EVP" abbr1="Exec. VP" iD2="" abbr2="">Executive Vice President, Chief Human Resources Officer of Arch Capital Services Inc</title>
		</officer>
		<officer rank="8" since="07/2005">
			<firstName>W. Preston</firstName>
			<mI></mI>
			<lastName>Hutchings</lastName>
			<age>63 </age>
			<title startYear="2006" startMonth="04" startDay="" iD1="SVP" abbr1="Sr. VP" iD2="CIN" abbr2="Chief Inv.Off.">Senior Vice President Chief Investment Officer; President of Arch Investment Management Ltd.</title>
		</officer>
		<officer rank="9" since="01/2020">
			<firstName>Chris</firstName>
			<mI></mI>
			<lastName>Hovey</lastName>
			<age>53 </age>
			<title startYear="2020" startMonth="01" startDay="" iD1="OTH" abbr1="Other" iD2="" abbr2="">Chief Operations Officer of Arch Capital Services Inc</title>
		</officer>
		<officer rank="10" since="NA">
			<firstName>Jay</firstName>
			<mI></mI>
			<lastName>Rajendra</lastName>
			<age>39 </age>
			<title startYear="NA" startMonth="" startDay="" iD1="OTH" abbr1="Other" iD2="" abbr2="">Chief Strategy and Innovation Officer at Arch Capital</title>
		</officer>
	</officers>
	<Ratios PriceCurrency="USD" ReportingCurrency="USD" ExchangeRate="1.00000" LatestAvailableDate="2020-09-30">
		<Group ID="Price and Volume">
			<Ratio FieldName="NPRICE" Type="N">33.39000</Ratio>
			<Ratio FieldName="NHIG" Type="N">48.32000</Ratio>
			<Ratio FieldName="NLOW" Type="N">20.93000</Ratio>
			<Ratio FieldName="PDATE" Type="D">2021-02-04T00:00:00</Ratio>
			<Ratio FieldName="VOL10DAVG" Type="N">3.69050</Ratio>
			<Ratio FieldName="EV" Type="N">16432.33000</Ratio>
		</Group>
		<Group ID="Income Statement">
			<Ratio FieldName="MKTCAP" Type="N">13557.23000</Ratio>
			<Ratio FieldName="TTMREV" Type="N">7798.48500</Ratio>
			<Ratio FieldName="TTMEBITD" Type="N">2443.97200</Ratio>
			<Ratio FieldName="TTMNIAC" Type="N">1146.74900</Ratio>
		</Group>
		<Group ID="Per share data">
			<Ratio FieldName="TTMEPSXCLX" Type="N">2.79149</Ratio>
			<Ratio FieldName="TTMREVPS" Type="N">18.95869</Ratio>
			<Ratio FieldName="QBVPS" Type="N">30.66851</Ratio>
			<Ratio FieldName="QCSHPS" Type="N">2.40481</Ratio>
			<Ratio FieldName="TTMCFSHR" Type="N">2.93984</Ratio>
			<Ratio FieldName="TTMDIVSHR" Type="N">0.00000</Ratio>
		</Group>
		<Group ID="Other Ratios">
			<Ratio FieldName="TTMGROSMGN" Type="N">-99999.99000</Ratio>
			<Ratio FieldName="TTMROEPCT" Type="N">10.40131</Ratio>
			<Ratio FieldName="TTMPR2REV" Type="N">1.73844</Ratio>
			<Ratio FieldName="PEEXCLXOR" Type="N">11.96135</Ratio>
			<Ratio FieldName="PRICE2BK" Type="N">1.16150</Ratio>
			<Ratio FieldName="Employees" Type="N">4300</Ratio>
		</Group>
	</Ratios>
	<ForecastData ConsensusType="Mean" CurFiscalYear="2020" CurFiscalYearEndMonth="12" CurInterimEndCalYear="2020" CurInterimEndMonth="12" EarningsBasis="PRX">
		<Ratio FieldName="ConsRecom" Type="N">
			<Value PeriodType="CURR">1.9091</Value>
		</Ratio>
		<Ratio FieldName="TargetPrice" Type="N">
			<Value PeriodType="CURR">38.10000</Value>
		</Ratio>
		<Ratio FieldName="ProjLTGrowthRate" Type="N">
			<Value PeriodType="CURR">-2.2630</Value>
		</Ratio>
		<Ratio FieldName="ProjPE" Type="N">
			<Value PeriodType="CURR">28.41944</Value>
		</Ratio>
		<Ratio FieldName="ProjSales" Type="N">
			<Value PeriodType="CURR">6940.69000</Value>
		</Ratio>
		<Ratio FieldName="ProjSalesQ" Type="N">
			<Value PeriodType="CURR">1543.90330</Value>
		</Ratio>
		<Ratio FieldName="ProjEPS" Type="N">
			<Value PeriodType="CURR">1.17490</Value>
		</Ratio>
		<Ratio FieldName="ProjEPSQ" Type="N">
			<Value PeriodType="CURR">0.37940</Value>
		</Ratio>
		<Ratio FieldName="ProjProfit" Type="N">
			<Value PeriodType="CURR">491.67770</Value>
		</Ratio>
		<Ratio FieldName="ProjDPS" Type="N">
			<Value PeriodType="CURR">0.00000</Value>
		</Ratio>
	</ForecastData>
</ReportSnapshot>
