<?xml version="1.0" encoding="UTF-8"?>
<ReportSnapshot Major="1" Minor="0" Revision="1">
	<CoIDs>
		<CoID Type="RepNo">DB65C</CoID>
		<CoID Type="CompanyName">Acadia Healthcare Company Inc</CoID>
		<CoID Type="CIKNo">0001520697</CoID>
		<CoID Type="OrganizationPermID">5035416517</CoID>
	</CoIDs>
	<Issues>
		<Issue ID="1" Type="C" Desc="Common Stock" Order="1">
			<IssueID Type="Name">Ordinary Shares</IssueID>
			<IssueID Type="Ticker">ACHC</IssueID>
			<IssueID Type="RIC">ACHC.O</IssueID>
			<IssueID Type="DisplayRIC">ACHC.OQ</IssueID>
			<IssueID Type="InstrumentPI">100454577</IssueID>
			<IssueID Type="QuotePI">100785750</IssueID>
			<IssueID Type="InstrumentPermID">21483891154</IssueID>
			<IssueID Type="QuotePermID">21483891159</IssueID>
			<Exchange Code="NASD" Country="USA">NASDAQ</Exchange>
			<GlobalListingType>OSR</GlobalListingType>
		</Issue>
	</Issues>
	<CoGeneralInfo>
		<CoStatus Code="1">Active</CoStatus>
		<CoType Code="EQU">Equity Issue</CoType>
		<LastModified>2020-12-07</LastModified>
		<LatestAvailableAnnual>2019-12-31</LatestAvailableAnnual>
		<LatestAvailableInterim>2020-09-30</LatestAvailableInterim>
		<Employees LastUpdated="2019-12-31">28400</Employees>
		<SharesOut Date="2020-10-30" TotalFloat="87252716.0">88991252.0</SharesOut>
		<ReportingCurrency Code="USD">U.S. Dollars</ReportingCurrency>
		<MostRecentExchange Date="2021-02-03">1.0</MostRecentExchange>
	</CoGeneralInfo>
	<TextInfo>
		<Text Type="Business Summary" lastModified="2020-04-24T08:33:30">Acadia Healthcare Company, Inc. is a provider of behavioral healthcare services, with operations in the United States and the United Kingdom. The Company focuses on acquiring and developing behavioral healthcare facilities. The Company operates through two segments: U.S. Facilities and U.K. Facilities. The Company is engaged in operating acute inpatient psychiatric facilities, specialty treatment facilities, residential treatment centers and facilities providing outpatient behavioral healthcare services. Its U.S. Facilities include approximately 224 behavioral healthcare facilities with approximately 9,500 beds in 40 states and Puerto Rico. The Companys U.K. Facilities include approximately 361 behavioral healthcare facilities with approximately 8,700 beds in the United Kingdom. The Company operates a network of approximately 588 behavioral healthcare facilities with approximately 18,200 beds in 40 states, the United Kingdom and Puerto Rico.</Text>
		<Text Type="Financial Summary" lastModified="2020-12-07T05:19:32">BRIEF: For the nine months ended 30 September 2020, AcadiaHealthcare Company Inc revenues increased 2% to $2.37B. Netincome decreased 7% to $111.5M. Revenues reflect OperatingSegment  U.S.Facilities increase of 3% to $1.55B. Netincome was offset by Salaries, wages and benefits - Bal.val. increase of 2% to $1.3B (expense), Other operatingexpenses increase of 2% to $288.2M (expense).</Text>
	</TextInfo>
	<contactInfo lastUpdated="2020-12-11T17:42:38">
		<streetAddress line="1">6100 Tower Cir Ste 1000</streetAddress>
		<streetAddress line="2"></streetAddress>
		<streetAddress line="3"></streetAddress>
		<city>FRANKLIN</city>
		<state-region>TN</state-region>
		<postalCode>37067-1509</postalCode>
		<country code="USA">United States</country>
		<contactName></contactName>
		<contactTitle></contactTitle>
		<phone>
			<phone type="mainphone">
				<countryPhoneCode>1</countryPhoneCode>
				<city-areacode>615</city-areacode>
				<number>8616000</number>
			</phone>
			<phone type="mainfax">
				<countryPhoneCode>1</countryPhoneCode>
				<city-areacode>615</city-areacode>
				<number>2619685</number>
			</phone>
		</phone>
	</contactInfo>
	<webLinks lastUpdated="2020-06-17T14:00:01"><webSite mainCategory="Home Page">https://www.acadiahealthcare.com/</webSite><eMail mainCategory="Company Contact/E-mail">
		</eMail></webLinks>
	<peerInfo lastUpdated="2020-12-11T17:42:38">
		<IndustryInfo>
			<Industry type="TRBC" order="1" reported="0" code="5610201010" mnem="">Healthcare Facilities &amp; Services - NEC</Industry>
			<Industry type="NAICS" order="1" reported="0" code="623110" mnem="">Nursing Care Facilities</Industry>
			<Industry type="NAICS" order="2" reported="0" code="623220" mnem="">Residential Mental Health and Substance Abuse Facilities</Industry>
			<Industry type="SIC" order="0" reported="1" code="8093" mnem="">Specialty Outpatient Clinics, Nec</Industry>
			<Industry type="SIC" order="1" reported="0" code="8059" mnem="">Nursing And Personal Care, Nec</Industry>
			<Industry type="SIC" order="2" reported="0" code="8361" mnem="">Residential Care</Industry>
		</IndustryInfo>
		<Indexconstituet>S&amp;P 400 Mid Cap</Indexconstituet>
	</peerInfo>
	<officers>
		<officer rank="1" since="12/16/2018">
			<firstName>Reeve</firstName>
			<mI>B.</mI>
			<lastName>Waud</lastName>
			<age>56 </age>
			<title startYear="2018" startMonth="12" startDay="16" iD1="CHM" abbr1="Chmn." iD2="IND" abbr2="Ind. Dir.">Independent Chairman of the Board</title>
		</officer>
		<officer rank="2" since="12/16/2018">
			<firstName>Debra</firstName>
			<mI>K.</mI>
			<lastName>Osteen</lastName>
			<age>64 </age>
			<title startYear="2018" startMonth="12" startDay="16" iD1="CEO" abbr1="CEO" iD2="DRC" abbr2="Dir.">Chief Executive Officer, Director</title>
		</officer>
		<officer rank="3" since="NA">
			<firstName>David</firstName>
			<mI>M.</mI>
			<lastName>Duckworth</lastName>
			<age>40 </age>
			<title startYear="2012" startMonth="07" startDay="" iD1="CFO" abbr1="CFO" iD2="" abbr2="">Chief Financial Officer</title>
		</officer>
		<officer rank="4" since="08/12/2019">
			<firstName>Larry</firstName>
			<mI>L.</mI>
			<lastName>Harrod</lastName>
			<age></age>
			<title startYear="2019" startMonth="08" startDay="12" iD1="EVF" abbr1="Exec. VP-Fin." iD2="" abbr2="">Executive Vice President - Finance</title>
		</officer>
		<officer rank="5" since="02/2011">
			<firstName>Christopher</firstName>
			<mI>L.</mI>
			<lastName>Howard</lastName>
			<age>53 </age>
			<title startYear="2011" startMonth="02" startDay="" iD1="EVP" abbr1="Exec. VP" iD2="GCN" abbr2="Counsel">Executive Vice President, General Counsel, Secretary</title>
		</officer>
		<officer rank="6" since="07/15/2019">
			<firstName>John</firstName>
			<mI>S.</mI>
			<lastName>Hollinsworth</lastName>
			<age>56 </age>
			<title startYear="2019" startMonth="07" startDay="15" iD1="EVP" abbr1="Exec. VP" iD2="" abbr2="">Executive Vice President of Operations</title>
		</officer>
	</officers>
	<Ratios PriceCurrency="USD" ReportingCurrency="USD" ExchangeRate="1.00000" LatestAvailableDate="2020-09-30">
		<Group ID="Price and Volume">
			<Ratio FieldName="NPRICE" Type="N">54.89000</Ratio>
			<Ratio FieldName="NHIG" Type="N">55.17000</Ratio>
			<Ratio FieldName="NLOW" Type="N">11.09000</Ratio>
			<Ratio FieldName="PDATE" Type="D">2021-02-04T00:00:00</Ratio>
			<Ratio FieldName="VOL10DAVG" Type="N">0.45874</Ratio>
			<Ratio FieldName="EV" Type="N">7714.15200</Ratio>
		</Group>
		<Group ID="Income Statement">
			<Ratio FieldName="MKTCAP" Type="N">4884.73000</Ratio>
			<Ratio FieldName="TTMREV" Type="N">3146.65700</Ratio>
			<Ratio FieldName="TTMEBITD" Type="N">561.78800</Ratio>
			<Ratio FieldName="TTMNIAC" Type="N">100.28600</Ratio>
		</Group>
		<Group ID="Per share data">
			<Ratio FieldName="TTMEPSXCLX" Type="N">1.13201</Ratio>
			<Ratio FieldName="TTMREVPS" Type="N">35.64506</Ratio>
			<Ratio FieldName="QBVPS" Type="N">29.64799</Ratio>
			<Ratio FieldName="QCSHPS" Type="N">3.85241</Ratio>
			<Ratio FieldName="TTMCFSHR" Type="N">3.06797</Ratio>
			<Ratio FieldName="TTMDIVSHR" Type="N">0.00000</Ratio>
		</Group>
		<Group ID="Other Ratios">
			<Ratio FieldName="TTMGROSMGN" Type="N">-99999.99000</Ratio>
			<Ratio FieldName="TTMROEPCT" Type="N">3.98963</Ratio>
			<Ratio FieldName="TTMPR2REV" Type="N">1.55236</Ratio>
			<Ratio FieldName="PEEXCLXOR" Type="N">48.48897</Ratio>
			<Ratio FieldName="PRICE2BK" Type="N">1.85139</Ratio>
			<Ratio FieldName="Employees" Type="N">28400</Ratio>
		</Group>
	</Ratios>
	<ForecastData ConsensusType="Mean" CurFiscalYear="2020" CurFiscalYearEndMonth="12" CurInterimEndCalYear="2020" CurInterimEndMonth="12" EarningsBasis="PRX">
		<Ratio FieldName="ConsRecom" Type="N">
			<Value PeriodType="CURR">2.0769</Value>
		</Ratio>
		<Ratio FieldName="TargetPrice" Type="N">
			<Value PeriodType="CURR">34.46150</Value>
		</Ratio>
		<Ratio FieldName="ProjLTGrowthRate" Type="N">
			<Value PeriodType="CURR">9.6643</Value>
		</Ratio>
		<Ratio FieldName="ProjPE" Type="N">
			<Value PeriodType="CURR">23.46930</Value>
		</Ratio>
		<Ratio FieldName="ProjSales" Type="N">
			<Value PeriodType="CURR">3192.24400</Value>
		</Ratio>
		<Ratio FieldName="ProjSalesQ" Type="N">
			<Value PeriodType="CURR">825.37230</Value>
		</Ratio>
		<Ratio FieldName="ProjEPS" Type="N">
			<Value PeriodType="CURR">2.33880</Value>
		</Ratio>
		<Ratio FieldName="ProjEPSQ" Type="N">
			<Value PeriodType="CURR">0.69850</Value>
		</Ratio>
		<Ratio FieldName="ProjProfit" Type="N">
			<Value PeriodType="CURR">245.98240</Value>
		</Ratio>
		<Ratio FieldName="ProjDPS" Type="N">
			<Value PeriodType="CURR">0.00000</Value>
		</Ratio>
	</ForecastData>
</ReportSnapshot>
