<?xml version="1.0" encoding="UTF-8"?>
<ReportSnapshot Major="1" Minor="0" Revision="1">
	<CoIDs>
		<CoID Type="RepNo">AC029</CoID>
		<CoID Type="CompanyName">Acorda Therapeutics Inc</CoID>
		<CoID Type="IRSNo">133831168</CoID>
		<CoID Type="CIKNo">0001008848</CoID>
		<CoID Type="OrganizationPermID">4295909042</CoID>
	</CoIDs>
	<Issues>
		<Issue ID="1" Type="C" Desc="Common Stock" Order="1">
			<IssueID Type="Name">Ordinary Shares</IssueID>
			<IssueID Type="Ticker">ACOR</IssueID>
			<IssueID Type="RIC">ACOR.O</IssueID>
			<IssueID Type="DisplayRIC">ACOR.OQ</IssueID>
			<IssueID Type="InstrumentPI">14922939</IssueID>
			<IssueID Type="QuotePI">24591278</IssueID>
			<IssueID Type="InstrumentPermID">8590939459</IssueID>
			<IssueID Type="QuotePermID">55835313331</IssueID>
			<Exchange Code="NASD" Country="USA">NASDAQ</Exchange>
			<GlobalListingType>OSR</GlobalListingType>
			<MostRecentSplit Date="2021-01-04">0.16667</MostRecentSplit>
		</Issue>
	</Issues>
	<CoGeneralInfo>
		<CoStatus Code="1">Active</CoStatus>
		<CoType Code="EQU">Equity Issue</CoType>
		<LastModified>2021-01-05</LastModified>
		<LatestAvailableAnnual>2019-12-31</LatestAvailableAnnual>
		<LatestAvailableInterim>2020-09-30</LatestAvailableInterim>
		<Employees LastUpdated="2019-12-31">344</Employees>
		<SharesOut Date="2021-01-07" TotalFloat="9348021.0">9483236.0</SharesOut>
		<ReportingCurrency Code="USD">U.S. Dollars</ReportingCurrency>
		<MostRecentExchange Date="2021-02-03">1.0</MostRecentExchange>
	</CoGeneralInfo>
	<TextInfo>
		<Text Type="Business Summary" lastModified="2017-03-13T05:02:11">Acorda Therapeutics, Inc. is a biopharmaceutical company. The Company focuses on developing therapies that restore function and improve the lives of people with neurological disorders. As of December 31, 2016, the Company marketed three United States Food and Drug Administration (FDA)-approved therapies, including Ampyra (dalfampridine) Extended Release Tablets, 10 milligram (mg), a treatment to improve walking in patients with multiple sclerosis (MS). The Company also markets Zanaflex Capsules and tablets, FDA-approved as short-acting drugs for the management of spasticity, and Qutenza, an FDA-approved dermal patch for the management of neuropathic pain associated with post-herpetic neuralgia, also known as post-shingles pain. The Company has a pipeline of neurological therapies addressing a range of disorders, including Parkinson's disease, migraine and MS. The Company's product candidate, CVT-301, is a self-administered inhaled formulation of levodopa.</Text>
		<Text Type="Financial Summary" lastModified="2021-01-05T08:05:30">BRIEF: For the nine months ended 30 September 2020, AcordaTherapeutics Inc revenues decreased 19% to $114.8M. Netloss decreased 95% to $16.5M. Revenues reflect a decreasein demand for the Company's products and services due tounfavorable market conditions. Lower net loss reflectsResearch and development - decrease of 65% to $17.3M(expense), Selling, general and administrative - Badecrease of 20% to $114.9M (expense).</Text>
	</TextInfo>
	<contactInfo lastUpdated="2021-01-13T07:38:29">
		<streetAddress line="1">420 Saw Mill River Rd</streetAddress>
		<streetAddress line="2"></streetAddress>
		<streetAddress line="3"></streetAddress>
		<city>ARDSLEY</city>
		<state-region>NY</state-region>
		<postalCode>10502-2605</postalCode>
		<country code="USA">United States</country>
		<contactName></contactName>
		<contactTitle></contactTitle>
		<phone>
			<phone type="mainphone">
				<countryPhoneCode>1</countryPhoneCode>
				<city-areacode>914</city-areacode>
				<number>3474300</number>
			</phone>
			<phone type="mainfax">
				<countryPhoneCode>1</countryPhoneCode>
				<city-areacode>914</city-areacode>
				<number>3474560</number>
			</phone>
		</phone>
	</contactInfo>
	<webLinks lastUpdated="2013-03-15T09:33:31"><webSite mainCategory="Home Page">http://www.acorda.com</webSite><eMail mainCategory="Company Contact/E-mail">info@acorda.com</eMail></webLinks>
	<peerInfo lastUpdated="2021-01-13T07:38:29">
		<IndustryInfo>
			<Industry type="TRBC" order="1" reported="0" code="5620201011" mnem="">Bio Therapeutic Drugs</Industry>
			<Industry type="NAICS" order="1" reported="0" code="541712" mnem="">Research and Development in the Physical, Engineering, and Life Sciences (except Biotechnology)</Industry>
			<Industry type="NAICS" order="2" reported="0" code="325412" mnem="">Pharmaceutical Preparation Mfg</Industry>
			<Industry type="SIC" order="0" reported="1" code="2836" mnem="">Biological Prod's Not Diagnostic</Industry>
			<Industry type="SIC" order="1" reported="0" code="8731" mnem="">Commercial Physical Research</Industry>
			<Industry type="SIC" order="2" reported="0" code="2834" mnem="">Pharmaceutical Preparations</Industry>
		</IndustryInfo>
	</peerInfo>
	<officers>
		<officer rank="1" since="1995">
			<firstName>Ron</firstName>
			<mI></mI>
			<lastName>Cohen</lastName>
			<age>64 </age>
			<title startYear="NA" startMonth="" startDay="" iD1="CEO" abbr1="CEO" iD2="PRE" abbr2="Pres.">President,Chief Executive Officer, Director</title>
		</officer>
		<officer rank="2" since="01/2001">
			<firstName>David</firstName>
			<mI></mI>
			<lastName>Lawrence</lastName>
			<age>62 </age>
			<title startYear="2016" startMonth="10" startDay="04" iD1="CAO" abbr1="CAO" iD2="" abbr2="">Chief Business Operations, Principal Accounting Officer</title>
		</officer>
		<officer rank="3" since="07/01/2016">
			<firstName>Burkhard</firstName>
			<mI></mI>
			<lastName>Blank</lastName>
			<age>65 </age>
			<title startYear="2019" startMonth="03" startDay="" iD1="OTH" abbr1="Other" iD2="" abbr2="">Chief Medical Officer and Head of R&amp;D</title>
		</officer>
		<officer rank="4" since="01/25/2010">
			<firstName>Lauren</firstName>
			<mI>M.</mI>
			<lastName>Sabella</lastName>
			<age>59 </age>
			<title startYear="2015" startMonth="02" startDay="" iD1="OTH" abbr1="Other" iD2="" abbr2="">Chief Commercial Officer</title>
		</officer>
	</officers>
	<Ratios PriceCurrency="USD" ReportingCurrency="USD" ExchangeRate="1.00000" LatestAvailableDate="2020-09-30">
		<Group ID="Price and Volume">
			<Ratio FieldName="NPRICE" Type="N">7.16000</Ratio>
			<Ratio FieldName="NHIG" Type="N">13.10220</Ratio>
			<Ratio FieldName="NLOW" Type="N">2.53440</Ratio>
			<Ratio FieldName="PDATE" Type="D">2021-02-04T00:00:00</Ratio>
			<Ratio FieldName="VOL10DAVG" Type="N">0.44318</Ratio>
			<Ratio FieldName="EV" Type="N">234.29297</Ratio>
		</Group>
		<Group ID="Income Statement">
			<Ratio FieldName="MKTCAP" Type="N">67.89997</Ratio>
			<Ratio FieldName="TTMREV" Type="N">165.30400</Ratio>
			<Ratio FieldName="TTMEBITD" Type="N">59.73000</Ratio>
			<Ratio FieldName="TTMNIAC" Type="N">49.11400</Ratio>
		</Group>
		<Group ID="Per share data">
			<Ratio FieldName="TTMEPSXCLX" Type="N">5.31980</Ratio>
			<Ratio FieldName="TTMREVPS" Type="N">3.48052</Ratio>
			<Ratio FieldName="QBVPS" Type="N">39.43305</Ratio>
			<Ratio FieldName="QCSHPS" Type="N">7.95588</Ratio>
			<Ratio FieldName="TTMCFSHR" Type="N">1.89306</Ratio>
			<Ratio FieldName="TTMDIVSHR" Type="N">0.00000</Ratio>
		</Group>
		<Group ID="Other Ratios">
			<Ratio FieldName="TTMGROSMGN" Type="N">81.04281</Ratio>
			<Ratio FieldName="TTMROEPCT" Type="N">16.51243</Ratio>
			<Ratio FieldName="TTMPR2REV" Type="N">0.41076</Ratio>
			<Ratio FieldName="PEEXCLXOR" Type="N">1.34592</Ratio>
			<Ratio FieldName="PRICE2BK" Type="N">0.18157</Ratio>
			<Ratio FieldName="Employees" Type="N">344</Ratio>
		</Group>
	</Ratios>
	<ForecastData ConsensusType="Mean" CurFiscalYear="2020" CurFiscalYearEndMonth="12" CurInterimEndCalYear="2020" CurInterimEndMonth="12" EarningsBasis="REP">
		<Ratio FieldName="ConsRecom" Type="N">
			<Value PeriodType="CURR">2.6667</Value>
		</Ratio>
		<Ratio FieldName="TargetPrice" Type="N">
			<Value PeriodType="CURR">3.00000</Value>
		</Ratio>
		<Ratio FieldName="ProjLTGrowthRate" Type="N">
			<Value PeriodType="CURR">-99999.99000</Value>
		</Ratio>
		<Ratio FieldName="ProjPE" Type="N">
			<Value PeriodType="CURR">-1.69668</Value>
		</Ratio>
		<Ratio FieldName="ProjSales" Type="N">
			<Value PeriodType="CURR">150.30300</Value>
		</Ratio>
		<Ratio FieldName="ProjSalesQ" Type="N">
			<Value PeriodType="CURR">35.50000</Value>
		</Ratio>
		<Ratio FieldName="ProjEPS" Type="N">
			<Value PeriodType="CURR">-4.22000</Value>
		</Ratio>
		<Ratio FieldName="ProjEPSQ" Type="N">
			<Value PeriodType="CURR">-2.96500</Value>
		</Ratio>
		<Ratio FieldName="ProjProfit" Type="N">
			<Value PeriodType="CURR">-41.62300</Value>
		</Ratio>
		<Ratio FieldName="ProjDPS" Type="N">
			<Value PeriodType="CURR">-99999.99000</Value>
		</Ratio>
	</ForecastData>
</ReportSnapshot>
