<?xml version="1.0" encoding="UTF-8"?>
<ReportSnapshot Major="1" Minor="0" Revision="1">
	<CoIDs>
		<CoID Type="RepNo">A6440</CoID>
		<CoID Type="CompanyName">Acacia Research Corp</CoID>
		<CoID Type="IRSNo">954405754</CoID>
		<CoID Type="CIKNo">0000934549</CoID>
		<CoID Type="OrganizationPermID">4295900367</CoID>
	</CoIDs>
	<Issues>
		<Issue ID="1" Type="C" Desc="Common Stock" Order="1">
			<IssueID Type="Name">Ordinary Shares</IssueID>
			<IssueID Type="Ticker">ACTG</IssueID>
			<IssueID Type="RIC">ACTG.O</IssueID>
			<IssueID Type="DisplayRIC">ACTG.OQ</IssueID>
			<IssueID Type="InstrumentPI">332671</IssueID>
			<IssueID Type="QuotePI">10440569</IssueID>
			<IssueID Type="InstrumentPermID">8590926620</IssueID>
			<IssueID Type="QuotePermID">55835314520</IssueID>
			<Exchange Code="NASD" Country="USA">NASDAQ</Exchange>
			<GlobalListingType>OSR</GlobalListingType>
		</Issue>
		<Issue ID="2" Type="P" Desc="Preferred Stock" Order="1">
			<IssueID Type="Name">Conv. Pref. Shrs Series A</IssueID>
			<IssueID Type="InstrumentPI">435376682</IssueID>
			<IssueID Type="InstrumentPermID">21750357691</IssueID>
			<Exchange Code="NA" Country="">Not Available</Exchange>
		</Issue>
	</Issues>
	<CoGeneralInfo>
		<CoStatus Code="1">Active</CoStatus>
		<CoType Code="EQU">Equity Issue</CoType>
		<LastModified>2020-11-10</LastModified>
		<LatestAvailableAnnual>2019-12-31</LatestAvailableAnnual>
		<LatestAvailableInterim>2020-09-30</LatestAvailableInterim>
		<Employees LastUpdated="2019-12-31">17</Employees>
		<SharesOut Date="2020-11-02" TotalFloat="46311669.0">49279453.0</SharesOut>
		<ReportingCurrency Code="USD">U.S. Dollars</ReportingCurrency>
		<MostRecentExchange Date="2021-02-03">1.0</MostRecentExchange>
	</CoGeneralInfo>
	<TextInfo>
		<Text Type="Business Summary" lastModified="2017-04-11T01:52:11">Acacia Research Corporation, through its subsidiaries, invests in, licenses and enforces patented technologies. The Company's operating subsidiaries partner with inventors and patent owners, applying their legal and technology expertise to patent assets to unlock the financial value in their patented inventions. The Company's operating subsidiaries assist patent owners with the prosecution and development of their patent portfolios, the protection of their patented inventions from unauthorized use, the generation of licensing revenue from users of their patented technologies and, where necessary, with the enforcement against unauthorized users of their patented technologies through the filing of patent infringement litigation. The Company's operating subsidiaries own or control the rights to multiple patent portfolios, which include the United States patents and certain foreign counterparts, covering technologies used in a range of industries.</Text>
		<Text Type="Financial Summary" lastModified="2020-11-10T12:29:42">BRIEF: For the nine months ended 30 September 2020, AcaciaResearch Corp revenues increased from $10.6M to $25.4M. Netincome applicable to common stockholders totaled $24.8M vs.loss of $17.7M. Revenues reflect an increase in demand forthe Company's products and services due to favorable marketconditions. Net Income reflects Change in fair value oftrading securiti increase from $132K to $81.9M (income).</Text>
	</TextInfo>
	<contactInfo lastUpdated="2020-11-10T12:30:03">
		<streetAddress line="1">4 Park Plaza, Suite 550</streetAddress>
		<streetAddress line="2"></streetAddress>
		<streetAddress line="3"></streetAddress>
		<city>IRVINE</city>
		<state-region>CA</state-region>
		<postalCode>92614</postalCode>
		<country code="USA">United States</country>
		<contactName>Rob Fink</contactName>
		<contactTitle>IR Contact Officer</contactTitle>
		<phone>
			<phone type="mainphone">
				<countryPhoneCode>1</countryPhoneCode>
				<city-areacode>949</city-areacode>
				<number>4808300</number>
			</phone>
			<phone type="mainfax">
				<countryPhoneCode>1</countryPhoneCode>
				<city-areacode>949</city-areacode>
				<number>4808301</number>
			</phone>
			<phone type="contactphone">
				<countryPhoneCode>1</countryPhoneCode>
				<city-areacode>646</city-areacode>
				<number>8094048</number>
			</phone>
		</phone>
	</contactInfo>
	<webLinks lastUpdated="2019-12-02T11:01:01"><webSite mainCategory="Home Page">http://acaciaresearch.com/</webSite><eMail mainCategory="Company Contact/E-mail">rob@fnkir.com</eMail></webLinks>
	<peerInfo lastUpdated="2020-11-10T12:30:03">
		<IndustryInfo>
			<Industry type="TRBC" order="1" reported="0" code="5220304010" mnem="">Business Support Services - NEC</Industry>
			<Industry type="NAICS" order="1" reported="0" code="533110" mnem="">Lessors of Nonfinancial Intangible Assets (except Copyrighted Works)</Industry>
			<Industry type="NAICS" order="2" reported="0" code="551112" mnem="">Offices of Other Holding Companies</Industry>
			<Industry type="SIC" order="0" reported="1" code="6794" mnem="">Patent Owners And Lessors</Industry>
			<Industry type="SIC" order="1" reported="0" code="6794" mnem="">Patent Owners And Lessors</Industry>
			<Industry type="SIC" order="2" reported="0" code="6719" mnem="">Holding Companies, Nec</Industry>
		</IndustryInfo>
	</peerInfo>
	<officers>
		<officer rank="1" since="01/17/2019">
			<firstName>Maureen</firstName>
			<mI>E</mI>
			<lastName>O'Connell</lastName>
			<age>58 </age>
			<title startYear="2019" startMonth="01" startDay="17" iD1="CHM" abbr1="Chmn." iD2="IND" abbr2="Ind. Dir.">Independent Chairman of the Board</title>
		</officer>
		<officer rank="2" since="09/03/2019">
			<firstName>Alfred</firstName>
			<mI>V.</mI>
			<lastName>Tobia</lastName>
			<age>55 </age>
			<title startYear="2019" startMonth="09" startDay="03" iD1="PRE" abbr1="Pres." iD2="CIN" abbr2="Chief Inv.Off.">President, Chief Investment Officer, Director</title>
		</officer>
		<officer rank="3" since="08/03/2019">
			<firstName>Clifford</firstName>
			<mI></mI>
			<lastName>Press</lastName>
			<age>66 </age>
			<title startYear="2019" startMonth="08" startDay="03" iD1="CEO" abbr1="CEO" iD2="DRC" abbr2="Dir.">Chief Executive Officer, Director</title>
		</officer>
		<officer rank="4" since="05/29/2020">
			<firstName>Richard</firstName>
			<mI>J.</mI>
			<lastName>Rosenstein</lastName>
			<age>58 </age>
			<title startYear="2020" startMonth="05" startDay="29" iD1="CFO" abbr1="CFO" iD2="" abbr2="">Chief Financial Officer</title>
		</officer>
		<officer rank="5" since="08/13/2018">
			<firstName>Marc</firstName>
			<mI>W.</mI>
			<lastName>Booth</lastName>
			<age>62 </age>
			<title startYear="2018" startMonth="08" startDay="13" iD1="OTH" abbr1="Other" iD2="" abbr2="">Chief Intellectual Property Officer</title>
		</officer>
	</officers>
	<Ratios PriceCurrency="USD" ReportingCurrency="USD" ExchangeRate="1.00000" LatestAvailableDate="2020-09-30">
		<Group ID="Price and Volume">
			<Ratio FieldName="NPRICE" Type="N">7.30000</Ratio>
			<Ratio FieldName="NHIG" Type="N">7.70000</Ratio>
			<Ratio FieldName="NLOW" Type="N">1.75000</Ratio>
			<Ratio FieldName="PDATE" Type="D">2021-02-04T00:00:00</Ratio>
			<Ratio FieldName="VOL10DAVG" Type="N">1.64188</Ratio>
			<Ratio FieldName="EV" Type="N">180.76300</Ratio>
		</Group>
		<Group ID="Income Statement">
			<Ratio FieldName="MKTCAP" Type="N">359.74000</Ratio>
			<Ratio FieldName="TTMREV" Type="N">26.08700</Ratio>
			<Ratio FieldName="TTMEBITD" Type="N">-11.25700</Ratio>
			<Ratio FieldName="TTMNIAC" Type="N">25.16500</Ratio>
		</Group>
		<Group ID="Per share data">
			<Ratio FieldName="TTMEPSXCLX" Type="N">0.22659</Ratio>
			<Ratio FieldName="TTMREVPS" Type="N">0.43840</Ratio>
			<Ratio FieldName="QBVPS" Type="N">4.27342</Ratio>
			<Ratio FieldName="QCSHPS" Type="N">6.14950</Ratio>
			<Ratio FieldName="TTMCFSHR" Type="N">0.47272</Ratio>
			<Ratio FieldName="TTMDIVSHR" Type="N">0.00000</Ratio>
		</Group>
		<Group ID="Other Ratios">
			<Ratio FieldName="TTMGROSMGN" Type="N">73.03254</Ratio>
			<Ratio FieldName="TTMROEPCT" Type="N">13.49569</Ratio>
			<Ratio FieldName="TTMPR2REV" Type="N">13.79001</Ratio>
			<Ratio FieldName="PEEXCLXOR" Type="N">32.21678</Ratio>
			<Ratio FieldName="PRICE2BK" Type="N">1.79459</Ratio>
			<Ratio FieldName="Employees" Type="N">17</Ratio>
		</Group>
	</Ratios>
	<ForecastData ConsensusType="Mean" CurFiscalYear="2020" CurFiscalYearEndMonth="12" CurInterimEndCalYear="2020" CurInterimEndMonth="12" EarningsBasis="PRX">
		<Ratio FieldName="ConsRecom" Type="N">
			<Value PeriodType="CURR">2</Value>
		</Ratio>
		<Ratio FieldName="TargetPrice" Type="N">
			<Value PeriodType="CURR">6.00000</Value>
		</Ratio>
		<Ratio FieldName="ProjLTGrowthRate" Type="N">
			<Value PeriodType="CURR">-99999.99000</Value>
		</Ratio>
		<Ratio FieldName="ProjPE" Type="N">
			<Value PeriodType="CURR">-26.07143</Value>
		</Ratio>
		<Ratio FieldName="ProjSales" Type="N">
			<Value PeriodType="CURR">25.99900</Value>
		</Ratio>
		<Ratio FieldName="ProjSalesQ" Type="N">
			<Value PeriodType="CURR">0.60000</Value>
		</Ratio>
		<Ratio FieldName="ProjEPS" Type="N">
			<Value PeriodType="CURR">-0.28000</Value>
		</Ratio>
		<Ratio FieldName="ProjEPSQ" Type="N">
			<Value PeriodType="CURR">-0.01000</Value>
		</Ratio>
		<Ratio FieldName="ProjProfit" Type="N">
			<Value PeriodType="CURR">-13.76900</Value>
		</Ratio>
		<Ratio FieldName="ProjDPS" Type="N">
			<Value PeriodType="CURR">-99999.99000</Value>
		</Ratio>
	</ForecastData>
</ReportSnapshot>
