<?xml version="1.0" encoding="UTF-8"?>
<ReportSnapshot Major="1" Minor="0" Revision="1">
	<CoIDs>
		<CoID Type="RepNo">F5AB8</CoID>
		<CoID Type="CompanyName">Adaptimmune Therapeutics PLC - ADR</CoID>
		<CoID Type="CIKNo">0001621227</CoID>
		<CoID Type="OrganizationPermID">5045847548</CoID>
	</CoIDs>
	<Issues>
		<Issue ID="1" Type="C" Desc="Common Stock" Order="1">
			<IssueID Type="Name">ADR</IssueID>
			<IssueID Type="Ticker">ADAP</IssueID>
			<IssueID Type="RIC">ADAP.O</IssueID>
			<IssueID Type="DisplayRIC">ADAP.OQ</IssueID>
			<IssueID Type="InstrumentPI">187200175</IssueID>
			<IssueID Type="QuotePI">187382958</IssueID>
			<IssueID Type="InstrumentPermID">21561325358</IssueID>
			<IssueID Type="QuotePermID">21561325361</IssueID>
			<Exchange Code="NASD" Country="USA">NASDAQ</Exchange>
			<GlobalListingType SharesPerListing="6.0">ADR</GlobalListingType>
		</Issue>
	</Issues>
	<CoGeneralInfo>
		<CoStatus Code="1">Active</CoStatus>
		<CoType Code="EQU">Equity Issue</CoType>
		<LastModified>2020-11-06</LastModified>
		<LatestAvailableAnnual>2019-12-31</LatestAvailableAnnual>
		<LatestAvailableInterim>2020-09-30</LatestAvailableInterim>
		<Employees LastUpdated="2019-12-31">400</Employees>
		<SharesOut Date="2020-11-04" TotalFloat="67500000.0">928672584.0</SharesOut>
		<ReportingCurrency Code="USD">U.S. Dollars</ReportingCurrency>
		<MostRecentExchange Date="2021-02-03">1.0</MostRecentExchange>
	</CoGeneralInfo>
	<TextInfo>
		<Text Type="Business Summary" lastModified="2020-06-01T13:39:14">Adaptimmune Therapeutics plc is a clinical-stage biopharmaceutical company. The Company is focused on cancer immunotherapy products based on its Specific Peptide Enhanced Affinity Receptor (SPEAR) T-cell platform. Its SPEAR T-cell platform enables it to identify cancer targets, find and genetically engineer T-cell receptors (TCRs) against those targets, and produce therapeutic candidates (SPEAR T-cells) for administration to patients. The Company engineers TCRs to increase the affinity to cancer specific peptides in order to destroy cancer cells in patients. The Companys product pipeline includes ADP-A2M4, ADP-A2M4CD8, ADP-A2AFP and ADP-A2M10. Its ADP-A2M4 (MAGE-A4) SPEAR T-cell therapy is directed to a member of the MAGE family of cancer testis antigen expressed in a number of solid tumor cell types. </Text>
		<Text Type="Financial Summary" lastModified="2020-11-06T13:40:47">BRIEF: For the nine months ended 30 September 2020,Adaptimmune Therapeutics PLC - ADR revenues increased from$394K to $2.5M. Net loss decreased 13% to $93.5M. Revenuesreflect Development revenue increase from $237K to $2.5M.Lower net loss reflects Research and development -Balancing val decrease of 35% to $16.5M (expense), Foreignexchange losses increase from $6.2M (expense) to $907K(income).</Text>
	</TextInfo>
	<contactInfo lastUpdated="2021-01-05T04:47:54">
		<streetAddress line="1">60 Jubilee Avenue</streetAddress>
		<streetAddress line="2"></streetAddress>
		<streetAddress line="3"></streetAddress>
		<city>ABINGDON</city>
		<state-region></state-region>
		<postalCode>OX14 4RX</postalCode>
		<country code="GBR">United Kingdom</country>
		<contactName></contactName>
		<contactTitle></contactTitle>
		<phone>
			<phone type="mainphone">
				<countryPhoneCode>44</countryPhoneCode>
				<city-areacode>1235</city-areacode>
				<number>430000</number>
			</phone>
		</phone>
	</contactInfo>
	<webLinks lastUpdated="2018-07-11T10:16:23"><webSite mainCategory="Home Page">https://www.adaptimmune.com/</webSite><eMail mainCategory="Company Contact/E-mail">IR@adaptimmune.com</eMail></webLinks>
	<peerInfo lastUpdated="2021-01-05T04:47:54">
		<IndustryInfo>
			<Industry type="TRBC" order="1" reported="0" code="5620201011" mnem="">Bio Therapeutic Drugs</Industry>
			<Industry type="NAICS" order="1" reported="0" code="541711" mnem="">Research and Development in Biotechnology</Industry>
			<Industry type="NAICS" order="2" reported="0" code="325412" mnem="">Pharmaceutical Preparation Mfg</Industry>
			<Industry type="SIC" order="1" reported="0" code="8731" mnem="">Commercial Physical Research</Industry>
			<Industry type="SIC" order="2" reported="0" code="2834" mnem="">Pharmaceutical Preparations</Industry>
		</IndustryInfo>
	</peerInfo>
	<officers>
		<officer rank="1" since="03/2015">
			<firstName>Adrian</firstName>
			<mI></mI>
			<lastName>Rawcliffe</lastName>
			<age>48 </age>
			<title startYear="2019" startMonth="09" startDay="01" iD1="CEO" abbr1="CEO" iD2="DRC" abbr2="Dir.">Chief Executive Officer, Director</title>
		</officer>
		<officer rank="2" since="04/01/2020">
			<firstName>Gavin</firstName>
			<mI>Hilary James</mI>
			<lastName>Wood</lastName>
			<age>50 </age>
			<title startYear="2020" startMonth="04" startDay="01" iD1="CFO" abbr1="CFO" iD2="" abbr2="">Chief Financial Officer</title>
		</officer>
		<officer rank="3" since="03/15/2017">
			<firstName>William</firstName>
			<mI>C.</mI>
			<lastName>Bertrand</lastName>
			<age>55 </age>
			<title startYear="2017" startMonth="03" startDay="15" iD1="COO" abbr1="COO" iD2="" abbr2="">Chief Operating Officer</title>
		</officer>
		<officer rank="4" since="01/13/2020">
			<firstName>Elliot</firstName>
			<mI></mI>
			<lastName>Norry</lastName>
			<age>57 </age>
			<title startYear="2020" startMonth="01" startDay="13" iD1="SVP" abbr1="Sr. VP" iD2="" abbr2="">Senior Vice President, Chief Medical Officer</title>
		</officer>
		<officer rank="5" since="08/01/2019">
			<firstName>John</firstName>
			<mI></mI>
			<lastName>Lunger</lastName>
			<age>51 </age>
			<title startYear="2019" startMonth="08" startDay="01" iD1="OTH" abbr1="Other" iD2="" abbr2="">Chief Patient Supply Officer</title>
		</officer>
		<officer rank="6" since="07/2008">
			<firstName>Helen</firstName>
			<mI>Katrina</mI>
			<lastName>Tayton-Martin</lastName>
			<age>53 </age>
			<title startYear="2017" startMonth="03" startDay="15" iD1="OTH" abbr1="Other" iD2="" abbr2="">Chief Business Officer</title>
		</officer>
	</officers>
	<Ratios PriceCurrency="USD" ReportingCurrency="USD" ExchangeRate="1.00000" LatestAvailableDate="2020-09-30">
		<Group ID="Price and Volume">
			<Ratio FieldName="NPRICE" Type="N">5.84000</Ratio>
			<Ratio FieldName="NHIG" Type="N">13.40000</Ratio>
			<Ratio FieldName="NLOW" Type="N">2.00000</Ratio>
			<Ratio FieldName="PDATE" Type="D">2021-02-04T00:00:00</Ratio>
			<Ratio FieldName="VOL10DAVG" Type="N">0.88373</Ratio>
			<Ratio FieldName="EV" Type="N">504.00000</Ratio>
		</Group>
		<Group ID="Income Statement">
			<Ratio FieldName="MKTCAP" Type="N">903.90800</Ratio>
			<Ratio FieldName="TTMREV" Type="N">3.18400</Ratio>
			<Ratio FieldName="TTMEBITD" Type="N">-118.28500</Ratio>
			<Ratio FieldName="TTMNIAC" Type="N">-122.84300</Ratio>
		</Group>
		<Group ID="Per share data">
			<Ratio FieldName="TTMEPSXCLX" Type="N">-0.95466</Ratio>
			<Ratio FieldName="TTMREVPS" Type="N">0.02448</Ratio>
			<Ratio FieldName="QBVPS" Type="N">2.43099</Ratio>
			<Ratio FieldName="QCSHPS" Type="N">2.58415</Ratio>
			<Ratio FieldName="TTMCFSHR" Type="N">-0.88327</Ratio>
			<Ratio FieldName="TTMDIVSHR" Type="N">0.00000</Ratio>
		</Group>
		<Group ID="Other Ratios">
			<Ratio FieldName="TTMGROSMGN" Type="N">-99999.99000</Ratio>
			<Ratio FieldName="TTMROEPCT" Type="N">-46.89658</Ratio>
			<Ratio FieldName="TTMPR2REV" Type="N">283.89070</Ratio>
			<Ratio FieldName="PEEXCLXOR" Type="N">-99999.99000</Ratio>
			<Ratio FieldName="PRICE2BK" Type="N">2.40231</Ratio>
			<Ratio FieldName="Employees" Type="N">400</Ratio>
		</Group>
	</Ratios>
	<ForecastData ConsensusType="Mean" CurFiscalYear="2020" CurFiscalYearEndMonth="12" CurInterimEndCalYear="2020" CurInterimEndMonth="12" EarningsBasis="PRX">
		<Ratio FieldName="ConsRecom" Type="N">
			<Value PeriodType="CURR">2.375</Value>
		</Ratio>
		<Ratio FieldName="TargetPrice" Type="N">
			<Value PeriodType="CURR">12.66670</Value>
		</Ratio>
		<Ratio FieldName="ProjLTGrowthRate" Type="N">
			<Value PeriodType="CURR">-99999.99000</Value>
		</Ratio>
		<Ratio FieldName="ProjPE" Type="N">
			<Value PeriodType="CURR">-6.45304</Value>
		</Ratio>
		<Ratio FieldName="ProjSales" Type="N">
			<Value PeriodType="CURR">3.28600</Value>
		</Ratio>
		<Ratio FieldName="ProjSalesQ" Type="N">
			<Value PeriodType="CURR">1.98330</Value>
		</Ratio>
		<Ratio FieldName="ProjEPS" Type="N">
			<Value PeriodType="CURR">-0.90500</Value>
		</Ratio>
		<Ratio FieldName="ProjEPSQ" Type="N">
			<Value PeriodType="CURR">-0.23230</Value>
		</Ratio>
		<Ratio FieldName="ProjProfit" Type="N">
			<Value PeriodType="CURR">-127.82830</Value>
		</Ratio>
		<Ratio FieldName="ProjDPS" Type="N">
			<Value PeriodType="CURR">0.00000</Value>
		</Ratio>
	</ForecastData>
</ReportSnapshot>
