<?xml version="1.0" encoding="UTF-8"?>
<ReportSnapshot Major="1" Minor="0" Revision="1">
	<CoIDs>
		<CoID Type="RepNo">01010</CoID>
		<CoID Type="CompanyName">Adobe Inc</CoID>
		<CoID Type="IRSNo">770019522</CoID>
		<CoID Type="CIKNo">0000796343</CoID>
		<CoID Type="OrganizationPermID">4295905431</CoID>
	</CoIDs>
	<Issues>
		<Issue ID="1" Type="C" Desc="Common Stock" Order="1">
			<IssueID Type="Name">Ordinary Shares</IssueID>
			<IssueID Type="Ticker">ADBE</IssueID>
			<IssueID Type="RIC">ADBE.O</IssueID>
			<IssueID Type="DisplayRIC">ADBE.OQ</IssueID>
			<IssueID Type="InstrumentPI">258633</IssueID>
			<IssueID Type="QuotePI">7646189</IssueID>
			<IssueID Type="InstrumentPermID">8590938717</IssueID>
			<IssueID Type="QuotePermID">55835314863</IssueID>
			<Exchange Code="NASD" Country="USA">NASDAQ</Exchange>
			<GlobalListingType>OSR</GlobalListingType>
			<MostRecentSplit Date="2005-05-24">2.0</MostRecentSplit>
		</Issue>
	</Issues>
	<CoGeneralInfo>
		<CoStatus Code="1">Active</CoStatus>
		<CoType Code="EQU">Equity Issue</CoType>
		<LastModified>2021-01-26</LastModified>
		<LatestAvailableAnnual>2020-11-27</LatestAvailableAnnual>
		<LatestAvailableInterim>2020-11-27</LatestAvailableInterim>
		<Employees LastUpdated="2020-11-27">22516</Employees>
		<SharesOut Date="2021-01-08" TotalFloat="476446312.0">478700000.0</SharesOut>
		<ReportingCurrency Code="USD">U.S. Dollars</ReportingCurrency>
		<MostRecentExchange Date="2021-02-03">1.0</MostRecentExchange>
	</CoGeneralInfo>
	<TextInfo>
		<Text Type="Business Summary" lastModified="2018-10-09T22:53:08">Adobe Inc., formerly Adobe Systems Incorporated, is a software company. The Company offers products and services used by professionals, marketers, knowledge workers, application developers, enterprises and consumers for creating, managing, measuring, optimizing and engaging with compelling content and experiences. It operates through three segments: Digital Media, Digital Experience and Publishing. Its Digital Media segment provides tools and solutions that enable individuals, small and medium businesses and enterprises to create, publish, promote and monetize their digital content. Its Digital Experience segment provides solutions and services for how digital advertising and marketing are created, managed, executed, measured and optimized. Its Publishing segment addresses market opportunities ranging from the diverse authoring and publishing needs of technical and business publishing to its legacy type and original equipment manufacturer printing businesses.</Text>
		<Text Type="Financial Summary" lastModified="2021-01-26T03:54:53">BRIEF: For the fiscal year ended 27 November 2020, AdobeInc revenues increased 15% to $12.87B. Net income beforeextraordinary items increased 78% to $5.26B. Revenuesreflect Digital Media segment increase of 20% to $9.23B,Publishing segment increase of 98% to $510M, United Statessegment increase of 14% to $6.75B, Europe, Middle East andAfrica  - EMEA segment increase of 14% to $3.4B.</Text>
	</TextInfo>
	<contactInfo lastUpdated="2021-01-26T03:56:24">
		<streetAddress line="1">345 PARK AVE</streetAddress>
		<streetAddress line="2"></streetAddress>
		<streetAddress line="3"></streetAddress>
		<city>SAN JOSE</city>
		<state-region>CA</state-region>
		<postalCode>95110-2704</postalCode>
		<country code="USA">United States</country>
		<contactName></contactName>
		<contactTitle></contactTitle>
		<phone>
			<phone type="mainphone">
				<countryPhoneCode>1</countryPhoneCode>
				<city-areacode>408</city-areacode>
				<number>5366000</number>
			</phone>
			<phone type="mainfax">
				<countryPhoneCode>1</countryPhoneCode>
				<city-areacode>408</city-areacode>
				<number>5376000</number>
			</phone>
		</phone>
	</contactInfo>
	<webLinks lastUpdated="2018-07-11T09:33:48"><webSite mainCategory="Home Page">https://www.adobe.com/</webSite><eMail mainCategory="Company Contact/E-mail">ir@adobe.com</eMail></webLinks>
	<peerInfo lastUpdated="2021-01-26T03:56:24">
		<IndustryInfo>
			<Industry type="TRBC" order="1" reported="0" code="5720102012" mnem="">Application Software</Industry>
			<Industry type="NAICS" order="1" reported="0" code="511210" mnem="">Software Publishers</Industry>
			<Industry type="NAICS" order="2" reported="0" code="541511" mnem="">Custom Computer Programming Services</Industry>
			<Industry type="NAICS" order="3" reported="0" code="541512" mnem="">Computer Systems Design Services</Industry>
			<Industry type="SIC" order="0" reported="1" code="7372" mnem="">Prepackaged Software</Industry>
			<Industry type="SIC" order="1" reported="0" code="7372" mnem="">Prepackaged Software</Industry>
			<Industry type="SIC" order="2" reported="0" code="7371" mnem="">Computer Programming Services</Industry>
			<Industry type="SIC" order="3" reported="0" code="7373" mnem="">Computer Integrated System Design</Industry>
		</IndustryInfo>
		<Indexconstituet>S&amp;P 500</Indexconstituet>
	</peerInfo>
	<officers>
		<officer rank="1" since="01/1998">
			<firstName>Shantanu</firstName>
			<mI></mI>
			<lastName>Narayen</lastName>
			<age>56 </age>
			<title startYear="2017" startMonth="02" startDay="01" iD1="CHM" abbr1="Chmn." iD2="PRE" abbr2="Pres.">Chairman of the Board, President, Chief Executive Officer</title>
		</officer>
		<officer rank="2" since="03/20/2017">
			<firstName>John</firstName>
			<mI>F.</mI>
			<lastName>Murphy</lastName>
			<age>51 </age>
			<title startYear="2018" startMonth="04" startDay="09" iD1="CFO" abbr1="CFO" iD2="EVP" abbr2="Exec. VP">Chief Financial Officer, Executive Vice President</title>
		</officer>
		<officer rank="3" since="NA">
			<firstName>Gloria</firstName>
			<mI></mI>
			<lastName>Chen</lastName>
			<age>55 </age>
			<title startYear="NA" startMonth="" startDay="" iD1="CHO" abbr1="Chief HR" iD2="EVP" abbr2="Exec. VP">Chief Human Resources Officer and Executive Vice President, Employee Experience</title>
		</officer>
		<officer rank="4" since="07/20/2015">
			<firstName>Abhay</firstName>
			<mI></mI>
			<lastName>Parasnis</lastName>
			<age>45 </age>
			<title startYear="2016" startMonth="" startDay="" iD1="EVP" abbr1="Exec. VP" iD2="CTO" abbr2="CTO">Chief Technology Officer and Executive Vice President, Strategy and Growth</title>
		</officer>
		<officer rank="5" since="2013">
			<firstName>Ann</firstName>
			<mI></mI>
			<lastName>Lewnes</lastName>
			<age>58 </age>
			<title startYear="2016" startMonth="" startDay="" iD1="EVP" abbr1="Exec. VP" iD2="CMO" abbr2="CMO">Executive Vice President, Chief Marketing Officer</title>
		</officer>
		<officer rank="6" since="06/18/2018">
			<firstName>Dana</firstName>
			<mI></mI>
			<lastName>Rao</lastName>
			<age>50 </age>
			<title startYear="2018" startMonth="06" startDay="18" iD1="EVP" abbr1="Exec. VP" iD2="GCN" abbr2="Counsel">Executive Vice President, General Counsel and Corporate Secretary</title>
		</officer>
		<officer rank="7" since="01/2020">
			<firstName>Anil</firstName>
			<mI></mI>
			<lastName>Chakravarthy</lastName>
			<age>52 </age>
			<title startYear="2020" startMonth="01" startDay="" iD1="EVP" abbr1="Exec. VP" iD2="GMG" abbr2="GM">Executive Vice President and General Manager, Digital Experience</title>
		</officer>
		<officer rank="8" since="03/1997">
			<firstName>Bryan</firstName>
			<mI>S.</mI>
			<lastName>Lamkin</lastName>
			<age>59 </age>
			<title startYear="2015" startMonth="" startDay="" iD1="EVP" abbr1="Exec. VP" iD2="GMG" abbr2="GM">Executive Vice President, General Manager - Digital Media</title>
		</officer>
		<officer rank="9" since="12/06/2017">
			<firstName>Scott</firstName>
			<mI>K</mI>
			<lastName>Belsky</lastName>
			<age>39 </age>
			<title startYear="2017" startMonth="12" startDay="06" iD1="EVP" abbr1="Exec. VP" iD2="" abbr2="">Chief Product Officer - Creative Cloud and Executive Vice President</title>
		</officer>
		<officer rank="10" since="01/2006">
			<firstName>Matthew</firstName>
			<mI>A.</mI>
			<lastName>Thompson</lastName>
			<age>61 </age>
			<title startYear="2013" startMonth="01" startDay="" iD1="EVP" abbr1="Exec. VP" iD2="" abbr2="">Executive Vice President - Worldwide Field Operations</title>
		</officer>
	</officers>
	<Ratios PriceCurrency="USD" ReportingCurrency="USD" ExchangeRate="1.00000" LatestAvailableDate="2020-11-27">
		<Group ID="Price and Volume">
			<Ratio FieldName="NPRICE" Type="N">489.38000</Ratio>
			<Ratio FieldName="NHIG" Type="N">536.88000</Ratio>
			<Ratio FieldName="NLOW" Type="N">255.13140</Ratio>
			<Ratio FieldName="PDATE" Type="D">2021-02-04T00:00:00</Ratio>
			<Ratio FieldName="VOL10DAVG" Type="N">2.69718</Ratio>
			<Ratio FieldName="EV" Type="N">232391.20000</Ratio>
		</Group>
		<Group ID="Income Statement">
			<Ratio FieldName="MKTCAP" Type="N">234266.20000</Ratio>
			<Ratio FieldName="TTMREV" Type="N">12868.00000</Ratio>
			<Ratio FieldName="TTMEBITD" Type="N">4994.00000</Ratio>
			<Ratio FieldName="TTMNIAC" Type="N">5260.00000</Ratio>
		</Group>
		<Group ID="Per share data">
			<Ratio FieldName="TTMEPSXCLX" Type="N">10.86213</Ratio>
			<Ratio FieldName="TTMREVPS" Type="N">26.53196</Ratio>
			<Ratio FieldName="QBVPS" Type="N">27.69102</Ratio>
			<Ratio FieldName="QCSHPS" Type="N">12.50939</Ratio>
			<Ratio FieldName="TTMCFSHR" Type="N">12.40619</Ratio>
			<Ratio FieldName="TTMDIVSHR" Type="N">0.00000</Ratio>
		</Group>
		<Group ID="Other Ratios">
			<Ratio FieldName="TTMGROSMGN" Type="N">86.61797</Ratio>
			<Ratio FieldName="TTMROEPCT" Type="N">44.21254</Ratio>
			<Ratio FieldName="TTMPR2REV" Type="N">18.20533</Ratio>
			<Ratio FieldName="PEEXCLXOR" Type="N">45.05378</Ratio>
			<Ratio FieldName="PRICE2BK" Type="N">17.67288</Ratio>
			<Ratio FieldName="Employees" Type="N">22516</Ratio>
		</Group>
	</Ratios>
	<ForecastData ConsensusType="Mean" CurFiscalYear="2021" CurFiscalYearEndMonth="11" CurInterimEndCalYear="2021" CurInterimEndMonth="2" EarningsBasis="PRX">
		<Ratio FieldName="ConsRecom" Type="N">
			<Value PeriodType="CURR">1.8846</Value>
		</Ratio>
		<Ratio FieldName="TargetPrice" Type="N">
			<Value PeriodType="CURR">552.27270</Value>
		</Ratio>
		<Ratio FieldName="ProjLTGrowthRate" Type="N">
			<Value PeriodType="CURR">17.6948</Value>
		</Ratio>
		<Ratio FieldName="ProjPE" Type="N">
			<Value PeriodType="CURR">43.55426</Value>
		</Ratio>
		<Ratio FieldName="ProjSales" Type="N">
			<Value PeriodType="CURR">15196.19380</Value>
		</Ratio>
		<Ratio FieldName="ProjSalesQ" Type="N">
			<Value PeriodType="CURR">3759.50880</Value>
		</Ratio>
		<Ratio FieldName="ProjEPS" Type="N">
			<Value PeriodType="CURR">11.23610</Value>
		</Ratio>
		<Ratio FieldName="ProjEPSQ" Type="N">
			<Value PeriodType="CURR">2.78470</Value>
		</Ratio>
		<Ratio FieldName="ProjProfit" Type="N">
			<Value PeriodType="CURR">5362.31610</Value>
		</Ratio>
		<Ratio FieldName="ProjDPS" Type="N">
			<Value PeriodType="CURR">0.00000</Value>
		</Ratio>
	</ForecastData>
</ReportSnapshot>
