<?xml version="1.0" encoding="UTF-8"?>
<ReportSnapshot Major="1" Minor="0" Revision="1">
	<CoIDs>
		<CoID Type="RepNo">01054</CoID>
		<CoID Type="CompanyName">ADES International Holding PLC</CoID>
		<CoID Type="OrganizationPermID">5055445049</CoID>
	</CoIDs>
	<Issues>
		<Issue ID="1" Type="C" Desc="Common Stock" Order="1">
			<IssueID Type="Name">Ordinary Shares</IssueID>
			<IssueID Type="Ticker">ADES</IssueID>
			<IssueID Type="ISIN">AEDFXA1EN018</IssueID>
			<IssueID Type="RIC">ADES.L</IssueID>
			<IssueID Type="DisplayRIC">ADES.L</IssueID>
			<IssueID Type="InstrumentPI">256629458</IssueID>
			<IssueID Type="QuotePI">258484851</IssueID>
			<IssueID Type="InstrumentPermID">21610594251</IssueID>
			<IssueID Type="QuotePermID">21611929577</IssueID>
			<Exchange Code="LON" Country="GBR">London Stock Exchange (LON)</Exchange>
			<GlobalListingType>OSR</GlobalListingType>
		</Issue>
	</Issues>
	<CoGeneralInfo>
		<CoStatus Code="1">Active</CoStatus>
		<CoType Code="EQU">Equity Issue</CoType>
		<LastModified>2020-09-23</LastModified>
		<LatestAvailableAnnual>2019-12-31</LatestAvailableAnnual>
		<LatestAvailableInterim>2020-06-30</LatestAvailableInterim>
		<Employees LastUpdated="2018-12-31">3730</Employees>
		<SharesOut Date="2021-01-26" TotalFloat="11069501.0">41249500.0</SharesOut>
		<ReportingCurrency Code="USD">U.S. Dollars</ReportingCurrency>
		<MostRecentExchange Date="2021-02-03">1.0</MostRecentExchange>
	</CoGeneralInfo>
	<TextInfo>
		<Text Type="Business Summary" lastModified="2019-04-04T09:30:57">ADES International Holding PLC, formerly ADES International Holding Ltd., is an oil and gas drilling and production services provider in the Middle East and Africa offering offshore drilling, workover and mobile offshore production unit (MOPU) services. The Company offers offshore and onshore contract drilling, as well as workover and production services in Egypt, Algeria and Saudi Arabia. The Company specializes in acquiring, reconditioning, deploying and operating fit-for-purpose offshore assets, which it has generally acquired. It specializes in offshore services in shallow waters and non-harsh operating environments. Its clients include national oil companies, as well as joint ventures of no objection certificates (NOCs). </Text>
		<Text Type="Financial Summary" lastModified="2020-09-23T12:36:12">BRIEF: For the six months ended 30 June 2020, ADESInternational Holding PLC revenues increased 13% to$249.3M. Net income increased from $2.2M to $14M. Revenuesreflect Kuwait segment increase of 68% to $65.7M, Kingdomof Saudi Arabia segment increase of 12% to $135.1M. Netincome benefited from Other Net Financial Income/Expensesdecrease of 91% to $2.2M (expense), Loan interest expensedecrease of 37% to $11.7M (expense).</Text>
	</TextInfo>
	<contactInfo lastUpdated="2021-02-03T01:45:01">
		<streetAddress line="1">Office 517 Index Tower Level 5, DIFC,,</streetAddress>
		<streetAddress line="2">PO Box 507118</streetAddress>
		<streetAddress line="3"></streetAddress>
		<city>DUBAI</city>
		<state-region></state-region>
		<postalCode></postalCode>
		<country code="ARE">United Arab Emirates</country>
		<contactName>Hussein Badawy</contactName>
		<contactTitle>Investor Relations Officer</contactTitle>
		<phone>
			<phone type="mainphone">
				<countryPhoneCode>971</countryPhoneCode>
				<city-areacode>4</city-areacode>
				<number>3350255</number>
			</phone>
			<phone type="mainfax">
				<countryPhoneCode>971</countryPhoneCode>
				<city-areacode>4</city-areacode>
				<number>3550285</number>
			</phone>
			<phone type="contactphone">
				<countryPhoneCode>44</countryPhoneCode>
				<city-areacode>202</city-areacode>
				<number>25277111</number>
			</phone>
		</phone>
	</contactInfo>
	<webLinks lastUpdated="2021-02-03T01:45:01"><webSite mainCategory="Home Page">http://investors.adihgroup.com/</webSite><eMail mainCategory="Company Contact/E-mail">ir@adesgroup.com</eMail></webLinks>
	<peerInfo lastUpdated="2021-02-03T01:45:01">
		<IndustryInfo>
			<Industry type="TRBC" order="1" reported="0" code="5010301010" mnem="">Oil &amp; Gas Drilling - NEC</Industry>
			<Industry type="NAICS" order="1" reported="0" code="213111" mnem="">Drilling Oil &amp; Gas Wells</Industry>
			<Industry type="SIC" order="1" reported="0" code="1381" mnem="">Drilling Oil And Gas Wells</Industry>
		</IndustryInfo>
	</peerInfo>
	<officers>
		<officer rank="1" since="05/22/2016">
			<firstName>Ayman</firstName>
			<mI>Mamdouh Mohamed Fathi</mI>
			<lastName>Abbas</lastName>
			<age></age>
			<title startYear="2016" startMonth="05" startDay="22" iD1="CHM" abbr1="Chmn." iD2="EDR" abbr2="Exec. Dir.">Executive Chairman of the Board</title>
		</officer>
		<officer rank="2" since="05/22/2016">
			<firstName>Mohammed</firstName>
			<mI></mI>
			<lastName>Farouk</lastName>
			<age></age>
			<title startYear="2018" startMonth="12" startDay="31" iD1="CEO" abbr1="CEO" iD2="MDR" abbr2="Mgng.Dir.">Chief Executive Officer, Managing Director, Executive Director</title>
		</officer>
	</officers>
	<Ratios PriceCurrency="USD" ReportingCurrency="USD" ExchangeRate="1.00000" LatestAvailableDate="2019-12-31">
		<Group ID="Price and Volume">
			<Ratio FieldName="NPRICE" Type="N">9.30000</Ratio>
			<Ratio FieldName="NHIG" Type="N">12.10000</Ratio>
			<Ratio FieldName="NLOW" Type="N">8.05000</Ratio>
			<Ratio FieldName="PDATE" Type="D">2021-02-04T00:00:00</Ratio>
			<Ratio FieldName="VOL10DAVG" Type="N">0.00059</Ratio>
			<Ratio FieldName="EV" Type="N">1005.32820</Ratio>
		</Group>
		<Group ID="Income Statement">
			<Ratio FieldName="MKTCAP" Type="N">383.62040</Ratio>
			<Ratio FieldName="AREV" Type="N">477.75750</Ratio>
			<Ratio FieldName="AEBITD" Type="N">175.42960</Ratio>
			<Ratio FieldName="ANIAC" Type="N">28.63001</Ratio>
		</Group>
		<Group ID="Per share data">
			<Ratio FieldName="AEPSXCLXOR" Type="N">0.65398</Ratio>
			<Ratio FieldName="AREVPS" Type="N">10.91314</Ratio>
			<Ratio FieldName="ABVPS" Type="N">10.19310</Ratio>
			<Ratio FieldName="ACSHPS" Type="N">2.80454</Ratio>
			<Ratio FieldName="ACFSHR" Type="N">1.88584</Ratio>
			<Ratio FieldName="ADIVSHR" Type="N">-99999.99000</Ratio>
		</Group>
		<Group ID="Other Ratios">
			<Ratio FieldName="AGROSMGN" Type="N">40.19391</Ratio>
			<Ratio FieldName="AROEPCT" Type="N">6.68650</Ratio>
			<Ratio FieldName="APR2REV" Type="N">0.80296</Ratio>
			<Ratio FieldName="APEEXCLXOR" Type="N">14.22062</Ratio>
			<Ratio FieldName="APRICE2BK" Type="N">0.91238</Ratio>
			<Ratio FieldName="Employees" Type="N">3730</Ratio>
		</Group>
	</Ratios>
	<ForecastData ConsensusType="Mean" CurFiscalYear="2020" CurFiscalYearEndMonth="12" CurInterimEndCalYear="2020" CurInterimEndMonth="12" EarningsBasis="PRX">
		<Ratio FieldName="ConsRecom" Type="N">
			<Value PeriodType="CURR">1.8</Value>
		</Ratio>
		<Ratio FieldName="TargetPrice" Type="N">
			<Value PeriodType="CURR">18.54000</Value>
		</Ratio>
		<Ratio FieldName="ProjLTGrowthRate" Type="N">
			<Value PeriodType="CURR">-99999.99000</Value>
		</Ratio>
		<Ratio FieldName="ProjPE" Type="N">
			<Value PeriodType="CURR">7.96369</Value>
		</Ratio>
		<Ratio FieldName="ProjSales" Type="N">
			<Value PeriodType="CURR">470.05000</Value>
		</Ratio>
		<Ratio FieldName="ProjSalesQ" Type="N">
			<Value PeriodType="CURR">214.00000</Value>
		</Ratio>
		<Ratio FieldName="ProjEPS" Type="N">
			<Value PeriodType="CURR">1.16780</Value>
		</Ratio>
		<Ratio FieldName="ProjEPSQ" Type="N">
			<Value PeriodType="CURR">-99999.99000</Value>
		</Ratio>
		<Ratio FieldName="ProjProfit" Type="N">
			<Value PeriodType="CURR">76.00000</Value>
		</Ratio>
		<Ratio FieldName="ProjDPS" Type="N">
			<Value PeriodType="CURR">0.00000</Value>
		</Ratio>
	</ForecastData>
</ReportSnapshot>
