<?xml version="1.0" encoding="UTF-8"?>
<ReportSnapshot Major="1" Minor="0" Revision="1">
	<CoIDs>
		<CoID Type="RepNo">0599N</CoID>
		<CoID Type="CompanyName">Analog Devices, Inc.</CoID>
		<CoID Type="IRSNo">042348234</CoID>
		<CoID Type="CIKNo">0000006281</CoID>
		<CoID Type="OrganizationPermID">4295903393</CoID>
	</CoIDs>
	<Issues>
		<Issue ID="1" Type="C" Desc="Common Stock" Order="1">
			<IssueID Type="Name">Ordinary Shares</IssueID>
			<IssueID Type="Ticker">ADI</IssueID>
			<IssueID Type="RIC">ADI.O</IssueID>
			<IssueID Type="DisplayRIC">ADI.OQ</IssueID>
			<IssueID Type="InstrumentPI">260290</IssueID>
			<IssueID Type="QuotePI">1089468</IssueID>
			<IssueID Type="InstrumentPermID">8590923768</IssueID>
			<IssueID Type="QuotePermID">55838319644</IssueID>
			<Exchange Code="NASD" Country="USA">NASDAQ</Exchange>
			<GlobalListingType>OSR</GlobalListingType>
			<MostRecentSplit Date="2000-03-16">2.0</MostRecentSplit>
		</Issue>
	</Issues>
	<CoGeneralInfo>
		<CoStatus Code="1">Active</CoStatus>
		<CoType Code="EQU">Equity Issue</CoType>
		<LastModified>2020-12-24</LastModified>
		<LatestAvailableAnnual>2020-10-31</LatestAvailableAnnual>
		<LatestAvailableInterim>2020-10-31</LatestAvailableInterim>
		<Employees LastUpdated="2020-10-31">15900</Employees>
		<SharesOut Date="2021-01-04" TotalFloat="368177199.0">369328983.0</SharesOut>
		<ReportingCurrency Code="USD">U.S. Dollars</ReportingCurrency>
		<MostRecentExchange Date="2021-02-03">1.0</MostRecentExchange>
	</CoGeneralInfo>
	<TextInfo>
		<Text Type="Business Summary" lastModified="2016-12-04T23:45:14">Analog Devices, Inc. (Analog Devices) designs, manufactures and markets a portfolio of solutions that leverage high-performance analog, mixed-signal and digital signal processing technology, including integrated circuits (ICs), algorithms, software and subsystems. Its products include Analog Products, Converters, Amplifiers/Radio Frequency, Other Analog, Power Management and Reference, and Digital Signal Processing Products. The Company is a supplier of data converter products. The Company is a supplier of high-performance amplifiers. Its analog product line also includes products of high performance radio frequency (RF) ICs. The Company's DSPs are used for high-speed numeric calculations. The Company offers its products for applications in various end markets, such as industrial, automotive, consumer and communications. The Company operates in the United States, Rest of North/South America, Europe, Japan and China.</Text>
		<Text Type="Financial Summary" lastModified="2020-12-24T01:55:48">BRIEF: For the fiscal year ended 31 October 2020, AnalogDevices, Inc. revenues decreased 6% to $5.6B. Net incomeapplicable to common stockholders decreased 10% to $1.22B.Revenues reflect Automotive segment decrease of 16% to$779.3M, Consumer segment decrease of 17% to $640.3M, Japansegment decrease of 21% to $521.7M, United States segmentdecrease of 7% to $1.89B. Net income also reflects InterestIncome decrease of 58% to $4.3M (income).</Text>
	</TextInfo>
	<contactInfo lastUpdated="2021-01-29T00:14:19">
		<streetAddress line="1">ONE ANALOG WAY</streetAddress>
		<streetAddress line="2"></streetAddress>
		<streetAddress line="3"></streetAddress>
		<city>WILMINGTON</city>
		<state-region>MA</state-region>
		<postalCode>01887</postalCode>
		<country code="USA">United States</country>
		<contactName>Michael Lucarelli</contactName>
		<contactTitle>Director of Investor Relations</contactTitle>
		<phone>
			<phone type="mainphone">
				<countryPhoneCode>1</countryPhoneCode>
				<city-areacode>781</city-areacode>
				<number>3294700</number>
			</phone>
			<phone type="mainfax">
				<countryPhoneCode>1</countryPhoneCode>
				<city-areacode>781</city-areacode>
				<number>4613113</number>
			</phone>
			<phone type="contactphone">
				<countryPhoneCode>1</countryPhoneCode>
				<city-areacode>781</city-areacode>
				<number>4613282</number>
			</phone>
		</phone>
	</contactInfo>
	<webLinks lastUpdated="2015-11-24T21:30:07"><webSite mainCategory="Home Page">http://www.analog.com/</webSite><eMail mainCategory="Company Contact/E-mail">investor.relations@analog.com</eMail></webLinks>
	<peerInfo lastUpdated="2021-01-29T00:14:19">
		<IndustryInfo>
			<Industry type="TRBC" order="1" reported="0" code="5710101010" mnem="">Semiconductors - NEC</Industry>
			<Industry type="NAICS" order="1" reported="0" code="334413" mnem="">Semiconductor &amp; Related Device Mfg</Industry>
			<Industry type="NAICS" order="2" reported="0" code="334220" mnem="">Radio and Television Broadcasting and Wireless Communications Equipment Manufacturing</Industry>
			<Industry type="SIC" order="0" reported="1" code="3674" mnem="">Semiconductors/related Devices</Industry>
			<Industry type="SIC" order="1" reported="0" code="3674" mnem="">Semiconductors/related Devices</Industry>
			<Industry type="SIC" order="2" reported="0" code="3663" mnem="">Radio/tv Communications Equip</Industry>
		</IndustryInfo>
		<Indexconstituet>S&amp;P 500</Indexconstituet>
	</peerInfo>
	<officers>
		<officer rank="1" since="1971">
			<firstName>Raymond</firstName>
			<mI></mI>
			<lastName>Stata</lastName>
			<age>86 </age>
			<title startYear="1996" startMonth="11" startDay="" iD1="CHM" abbr1="Chmn." iD2="FDR" abbr2="Fndr.">Chairman of the Board, Founder</title>
		</officer>
		<officer rank="2" since="03/2001">
			<firstName>Vincent</firstName>
			<mI>T.</mI>
			<lastName>Roche</lastName>
			<age>60 </age>
			<title startYear="2013" startMonth="05" startDay="06" iD1="PRE" abbr1="Pres." iD2="CEO" abbr2="CEO">President, Chief Executive Officer, Director</title>
		</officer>
		<officer rank="3" since="09/28/2017">
			<firstName>Prashanth</firstName>
			<mI></mI>
			<lastName>Mahendra-Rajah</lastName>
			<age>50 </age>
			<title startYear="2017" startMonth="09" startDay="28" iD1="CFO" abbr1="CFO" iD2="SVF" abbr2="Sr. VP-Fin.">Chief Financial Officer, Senior Vice President - Finance</title>
		</officer>
		<officer rank="4" since="09/2016">
			<firstName>Martin</firstName>
			<mI></mI>
			<lastName>Cotter</lastName>
			<age>55 </age>
			<title startYear="2016" startMonth="09" startDay="" iD1="SVP" abbr1="Sr. VP" iD2="DSL" abbr2="Dir.-Sales">Senior Vice President, Worldwide Sales and Digital Marketing</title>
		</officer>
		<officer rank="5" since="05/03/2015">
			<firstName>Joseph</firstName>
			<mI></mI>
			<lastName>Hassett</lastName>
			<age>62 </age>
			<title startYear="2019" startMonth="12" startDay="13" iD1="SVP" abbr1="Sr. VP" iD2="" abbr2="">Senior Vice President - Industrial and Consumer</title>
		</officer>
		<officer rank="6" since="06/15/2017">
			<firstName>Gregory</firstName>
			<mI></mI>
			<lastName>Henderson</lastName>
			<age>52 </age>
			<title startYear="2017" startMonth="06" startDay="15" iD1="SVP" abbr1="Sr. VP" iD2="" abbr2="">Senior Vice President - Automotive, Communications and Aerospace &amp; Defense</title>
		</officer>
		<officer rank="7" since="12/13/2019">
			<firstName>Steve</firstName>
			<mI></mI>
			<lastName>Lattari</lastName>
			<age></age>
			<title startYear="2019" startMonth="12" startDay="13" iD1="SVP" abbr1="Sr. VP" iD2="" abbr2="">Senior Vice President - Global Operations and Technology</title>
		</officer>
		<officer rank="8" since="06/15/2017">
			<firstName>Steven</firstName>
			<mI>M.</mI>
			<lastName>Pietkiewicz</lastName>
			<age>61 </age>
			<title startYear="2017" startMonth="06" startDay="15" iD1="SVP" abbr1="Sr. VP" iD2="" abbr2="">Senior Vice President  Power Products</title>
		</officer>
		<officer rank="9" since="01/2006">
			<firstName>Margaret</firstName>
			<mI>K.</mI>
			<lastName>Seif</lastName>
			<age></age>
			<title startYear="2019" startMonth="" startDay="" iD1="SVP" abbr1="Sr. VP" iD2="" abbr2="">Chief People Officer, Senior Vice President - Communications</title>
		</officer>
		<officer rank="10" since="04/23/2019">
			<firstName>Daniel</firstName>
			<mI></mI>
			<lastName>Leibholz</lastName>
			<age></age>
			<title startYear="2019" startMonth="04" startDay="23" iD1="CTO" abbr1="CTO" iD2="" abbr2="">Chief Technology Officer</title>
		</officer>
	</officers>
	<Ratios PriceCurrency="USD" ReportingCurrency="USD" ExchangeRate="1.00000" LatestAvailableDate="2020-10-31">
		<Group ID="Price and Volume">
			<Ratio FieldName="NPRICE" Type="N">150.52000</Ratio>
			<Ratio FieldName="NHIG" Type="N">162.98000</Ratio>
			<Ratio FieldName="NLOW" Type="N">79.07500</Ratio>
			<Ratio FieldName="PDATE" Type="D">2021-02-04T00:00:00</Ratio>
			<Ratio FieldName="VOL10DAVG" Type="N">3.29091</Ratio>
			<Ratio FieldName="EV" Type="N">59680.64200</Ratio>
		</Group>
		<Group ID="Income Statement">
			<Ratio FieldName="MKTCAP" Type="N">55591.40000</Ratio>
			<Ratio FieldName="TTMREV" Type="N">5603.05600</Ratio>
			<Ratio FieldName="TTMEBITD" Type="N">2381.60400</Ratio>
			<Ratio FieldName="TTMNIAC" Type="N">1220.76100</Ratio>
		</Group>
		<Group ID="Per share data">
			<Ratio FieldName="TTMEPSXCLX" Type="N">3.28167</Ratio>
			<Ratio FieldName="TTMREVPS" Type="N">15.06306</Ratio>
			<Ratio FieldName="QBVPS" Type="N">32.47208</Ratio>
			<Ratio FieldName="QCSHPS" Type="N">2.85765</Ratio>
			<Ratio FieldName="TTMCFSHR" Type="N">5.46191</Ratio>
			<Ratio FieldName="TTMDIVSHR" Type="N">2.40000</Ratio>
		</Group>
		<Group ID="Other Ratios">
			<Ratio FieldName="TTMGROSMGN" Type="N">65.86545</Ratio>
			<Ratio FieldName="TTMROEPCT" Type="N">10.29868</Ratio>
			<Ratio FieldName="TTMPR2REV" Type="N">9.92162</Ratio>
			<Ratio FieldName="PEEXCLXOR" Type="N">45.86689</Ratio>
			<Ratio FieldName="PRICE2BK" Type="N">4.63537</Ratio>
			<Ratio FieldName="Employees" Type="N">15900</Ratio>
		</Group>
	</Ratios>
	<ForecastData ConsensusType="Mean" CurFiscalYear="2021" CurFiscalYearEndMonth="10" CurInterimEndCalYear="2021" CurInterimEndMonth="1" EarningsBasis="PRX">
		<Ratio FieldName="ConsRecom" Type="N">
			<Value PeriodType="CURR">1.7</Value>
		</Ratio>
		<Ratio FieldName="TargetPrice" Type="N">
			<Value PeriodType="CURR">137.96840</Value>
		</Ratio>
		<Ratio FieldName="ProjLTGrowthRate" Type="N">
			<Value PeriodType="CURR">8.3300</Value>
		</Ratio>
		<Ratio FieldName="ProjPE" Type="N">
			<Value PeriodType="CURR">26.40146</Value>
		</Ratio>
		<Ratio FieldName="ProjSales" Type="N">
			<Value PeriodType="CURR">6254.34970</Value>
		</Ratio>
		<Ratio FieldName="ProjSalesQ" Type="N">
			<Value PeriodType="CURR">1505.79480</Value>
		</Ratio>
		<Ratio FieldName="ProjEPS" Type="N">
			<Value PeriodType="CURR">5.70120</Value>
		</Ratio>
		<Ratio FieldName="ProjEPSQ" Type="N">
			<Value PeriodType="CURR">1.31540</Value>
		</Ratio>
		<Ratio FieldName="ProjProfit" Type="N">
			<Value PeriodType="CURR">2110.88770</Value>
		</Ratio>
		<Ratio FieldName="ProjDPS" Type="N">
			<Value PeriodType="CURR">2.46640</Value>
		</Ratio>
	</ForecastData>
</ReportSnapshot>
