<?xml version="1.0" encoding="UTF-8"?>
<ReportSnapshot Major="1" Minor="0" Revision="1">
	<CoIDs>
		<CoID Type="RepNo">A0AEF</CoID>
		<CoID Type="CompanyName">Adamis Pharmaceuticals Corp</CoID>
		<CoID Type="IRSNo">820429727</CoID>
		<CoID Type="CIKNo">0000887247</CoID>
		<CoID Type="OrganizationPermID">4295905898</CoID>
	</CoIDs>
	<Issues>
		<Issue ID="1" Type="C" Desc="Common Stock" Order="1">
			<IssueID Type="Name">Ordinary Shares</IssueID>
			<IssueID Type="Ticker">ADMP</IssueID>
			<IssueID Type="RIC">ADMP.O</IssueID>
			<IssueID Type="DisplayRIC">ADMP.OQ</IssueID>
			<IssueID Type="InstrumentPI">340576</IssueID>
			<IssueID Type="QuotePI">148191188</IssueID>
			<IssueID Type="InstrumentPermID">8590927621</IssueID>
			<IssueID Type="QuotePermID">21533865426</IssueID>
			<Exchange Code="NASD" Country="USA">NASDAQ</Exchange>
			<GlobalListingType>OSR</GlobalListingType>
			<MostRecentSplit Date="2014-02-20">0.05882</MostRecentSplit>
		</Issue>
		<Issue ID="2" Type="P" Desc="Preferred Stock" Order="1">
			<IssueID Type="Name">Conv. Pref. Shrs Series A</IssueID>
			<IssueID Type="InstrumentPI">172556604</IssueID>
			<IssueID Type="InstrumentPermID">21551429659</IssueID>
			<Exchange Code="NA" Country="">Not Available</Exchange>
		</Issue>
		<Issue ID="3" Type="P" Desc="Preferred Stock" Order="2">
			<IssueID Type="Name">Preference Shares Series A2</IssueID>
			<IssueID Type="InstrumentPI">260639618</IssueID>
			<IssueID Type="InstrumentPermID">21613668573</IssueID>
			<Exchange Code="NA" Country="">Not Available</Exchange>
		</Issue>
	</Issues>
	<CoGeneralInfo>
		<CoStatus Code="1">Active</CoStatus>
		<CoType Code="EQU">Equity Issue</CoType>
		<LastModified>2020-12-07</LastModified>
		<LatestAvailableAnnual>2019-12-31</LatestAvailableAnnual>
		<LatestAvailableInterim>2020-09-30</LatestAvailableInterim>
		<Employees LastUpdated="2019-12-31">131</Employees>
		<SharesOut Date="2021-01-29" TotalFloat="133445844.0">134198168.0</SharesOut>
		<ReportingCurrency Code="USD">U.S. Dollars</ReportingCurrency>
		<MostRecentExchange Date="2021-02-03">1.0</MostRecentExchange>
	</CoGeneralInfo>
	<TextInfo>
		<Text Type="Business Summary" lastModified="2016-05-23T23:04:34">Adamis Pharmaceuticals Corporation is a pharmaceutical company. The Company is engaged in the development of its specialty pharmaceutical products. The Company is developing various products in the allergy and respiratory markets, including a dry powder inhaler technology that it acquired from 3M Company (3M). The Company's product portfolio includes specialty pharmaceutical products, such as Epinephrine pre-filled syringe (PFS), APC-5000 dry powder inhaler (DPI), APC-1000 and APC-2000, and biotechnology products, such as TeloB-VAX (vaccine), APC-100, APC-200 and APC-300. The Company's lead product candidate, the Epinephrine Injection USP 1:1000 0.3 milligram Pre-filled Single Dose Syringe, or the Epinephrine PFS, is a pre-filled syringe designed to deliver a premeasured 0.3 milligrams dose of epinephrine for the treatment of anaphylaxis. The Company also has licensed vaccine technology called somatic transgene immunization (STI) technology.</Text>
		<Text Type="Financial Summary" lastModified="2020-12-07T21:08:20">BRIEF: For the nine months ended 30 September 2020, AdamisPharmaceuticals Corp revenues decreased 22% to $12.9M. Netloss increased 23% to $29M. Revenues reflect a decrease indemand for the Company's products and services due tounfavorable market conditions. Higher net loss reflectsInterest/Other Income decrease of 54% to $64K (income),Interest Expense increase of 70% to $117K (expense).</Text>
	</TextInfo>
	<contactInfo lastUpdated="2021-01-29T09:26:51">
		<streetAddress line="1">11682 El Camino Real Ste 300</streetAddress>
		<streetAddress line="2"></streetAddress>
		<streetAddress line="3"></streetAddress>
		<city>SAN DIEGO</city>
		<state-region>CA</state-region>
		<postalCode>92130-2092</postalCode>
		<country code="USA">United States</country>
		<contactName>Mark Flather</contactName>
		<contactTitle>Director, Investor Relations and Corporate Communications</contactTitle>
		<phone>
			<phone type="mainphone">
				<countryPhoneCode>1</countryPhoneCode>
				<city-areacode>858</city-areacode>
				<number>9972400</number>
			</phone>
			<phone type="mainfax">
				<countryPhoneCode>1</countryPhoneCode>
				<city-areacode>302</city-areacode>
				<number>6365454</number>
			</phone>
			<phone type="contactphone">
				<countryPhoneCode>1</countryPhoneCode>
				<city-areacode>858</city-areacode>
				<number>4127951</number>
			</phone>
		</phone>
	</contactInfo>
	<webLinks lastUpdated="2016-06-13T17:30:12"><webSite mainCategory="Home Page">http://www.adamispharmaceuticals.com/</webSite><eMail mainCategory="Company Contact/E-mail">mflather@adamispharma.com</eMail></webLinks>
	<peerInfo lastUpdated="2021-01-29T09:26:51">
		<IndustryInfo>
			<Industry type="TRBC" order="1" reported="0" code="5620104010" mnem="">Pharmaceuticals - NEC</Industry>
			<Industry type="NAICS" order="1" reported="0" code="325412" mnem="">Pharmaceutical Preparation Mfg</Industry>
			<Industry type="NAICS" order="2" reported="0" code="541712" mnem="">Research and Development in the Physical, Engineering, and Life Sciences (except Biotechnology)</Industry>
			<Industry type="NAICS" order="3" reported="0" code="325413" mnem="">In-Vitro Diagnostic Substance Mfg</Industry>
			<Industry type="SIC" order="0" reported="1" code="2834" mnem="">Pharmaceutical Preparations</Industry>
			<Industry type="SIC" order="1" reported="0" code="2834" mnem="">Pharmaceutical Preparations</Industry>
			<Industry type="SIC" order="2" reported="0" code="8731" mnem="">Commercial Physical Research</Industry>
			<Industry type="SIC" order="3" reported="0" code="2835" mnem="">Diagnostic Substances</Industry>
		</IndustryInfo>
	</peerInfo>
	<officers>
		<officer rank="1" since="11/2003">
			<firstName>Richard</firstName>
			<mI>C.</mI>
			<lastName>Williams</lastName>
			<age>76 </age>
			<title startYear="2014" startMonth="08" startDay="25" iD1="CHM" abbr1="Chmn." iD2="IND" abbr2="Ind. Dir.">Independent Chairman of the Board, Consultant</title>
		</officer>
		<officer rank="2" since="04/01/2009">
			<firstName>Dennis</firstName>
			<mI>J.</mI>
			<lastName>Carlo</lastName>
			<age>76 </age>
			<title startYear="2009" startMonth="04" startDay="01" iD1="CEO" abbr1="CEO" iD2="PRE" abbr2="Pres.">President, Chief Executive Officer, Director</title>
		</officer>
		<officer rank="3" since="04/01/2009">
			<firstName>Robert</firstName>
			<mI>O.</mI>
			<lastName>Hopkins</lastName>
			<age>60 </age>
			<title startYear="2018" startMonth="12" startDay="31" iD1="CFO" abbr1="CFO" iD2="SVF" abbr2="Sr. VP-Fin.">Chief Financial Officer, Senior Vice President - Finance</title>
		</officer>
		<officer rank="4" since="04/01/2009">
			<firstName>David</firstName>
			<mI>J.</mI>
			<lastName>Marguglio</lastName>
			<age>49 </age>
			<title startYear="2010" startMonth="" startDay="" iD1="SVP" abbr1="Sr. VP" iD2="DRC" abbr2="Dir.">Senior Vice President, Chief Business Officer and Director</title>
		</officer>
		<officer rank="5" since="07/2009">
			<firstName>Karen</firstName>
			<mI>K.</mI>
			<lastName>Daniels</lastName>
			<age>67 </age>
			<title startYear="2009" startMonth="07" startDay="" iD1="VOP" abbr1="VP-Op." iD2="" abbr2="">Vice President - Operations</title>
		</officer>
		<officer rank="6" since="02/2017">
			<firstName>Ronald</firstName>
			<mI>B.</mI>
			<lastName>Moss</lastName>
			<age>60 </age>
			<title startYear="2017" startMonth="02" startDay="" iD1="OTH" abbr1="Other" iD2="" abbr2="">Chief Medical Officer</title>
		</officer>
	</officers>
	<Ratios PriceCurrency="USD" ReportingCurrency="USD" ExchangeRate="1.00000" LatestAvailableDate="2020-09-30">
		<Group ID="Price and Volume">
			<Ratio FieldName="NPRICE" Type="N">1.14000</Ratio>
			<Ratio FieldName="NHIG" Type="N">2.34000</Ratio>
			<Ratio FieldName="NLOW" Type="N">0.27000</Ratio>
			<Ratio FieldName="PDATE" Type="D">2021-02-04T00:00:00</Ratio>
			<Ratio FieldName="VOL10DAVG" Type="N">40.12199</Ratio>
			<Ratio FieldName="EV" Type="N">145.89521</Ratio>
		</Group>
		<Group ID="Income Statement">
			<Ratio FieldName="MKTCAP" Type="N">152.98590</Ratio>
			<Ratio FieldName="TTMREV" Type="N">18.43028</Ratio>
			<Ratio FieldName="TTMEBITD" Type="N">-25.82851</Ratio>
			<Ratio FieldName="TTMNIAC" Type="N">-34.70541</Ratio>
		</Group>
		<Group ID="Per share data">
			<Ratio FieldName="TTMEPSXCLX" Type="N">-0.49742</Ratio>
			<Ratio FieldName="TTMREVPS" Type="N">0.26500</Ratio>
			<Ratio FieldName="QBVPS" Type="N">0.29250</Ratio>
			<Ratio FieldName="QCSHPS" Type="N">0.13215</Ratio>
			<Ratio FieldName="TTMCFSHR" Type="N">-0.45212</Ratio>
			<Ratio FieldName="TTMDIVSHR" Type="N">0.00000</Ratio>
		</Group>
		<Group ID="Other Ratios">
			<Ratio FieldName="TTMGROSMGN" Type="N">12.01414</Ratio>
			<Ratio FieldName="TTMROEPCT" Type="N">-102.53540</Ratio>
			<Ratio FieldName="TTMPR2REV" Type="N">8.30079</Ratio>
			<Ratio FieldName="PEEXCLXOR" Type="N">-99999.99000</Ratio>
			<Ratio FieldName="PRICE2BK" Type="N">3.89741</Ratio>
			<Ratio FieldName="Employees" Type="N">131</Ratio>
		</Group>
	</Ratios>
	<ForecastData ConsensusType="Mean" CurFiscalYear="2020" CurFiscalYearEndMonth="12" CurInterimEndCalYear="2020" CurInterimEndMonth="12" EarningsBasis="PRX">
		<Ratio FieldName="ConsRecom" Type="N">
			<Value PeriodType="CURR">3</Value>
		</Ratio>
		<Ratio FieldName="TargetPrice" Type="N">
			<Value PeriodType="CURR">1.25000</Value>
		</Ratio>
		<Ratio FieldName="ProjLTGrowthRate" Type="N">
			<Value PeriodType="CURR">-99999.99000</Value>
		</Ratio>
		<Ratio FieldName="ProjPE" Type="N">
			<Value PeriodType="CURR">-2.51489</Value>
		</Ratio>
		<Ratio FieldName="ProjSales" Type="N">
			<Value PeriodType="CURR">18.73100</Value>
		</Ratio>
		<Ratio FieldName="ProjSalesQ" Type="N">
			<Value PeriodType="CURR">5.60430</Value>
		</Ratio>
		<Ratio FieldName="ProjEPS" Type="N">
			<Value PeriodType="CURR">-0.45330</Value>
		</Ratio>
		<Ratio FieldName="ProjEPSQ" Type="N">
			<Value PeriodType="CURR">-0.06000</Value>
		</Ratio>
		<Ratio FieldName="ProjProfit" Type="N">
			<Value PeriodType="CURR">-32.48070</Value>
		</Ratio>
		<Ratio FieldName="ProjDPS" Type="N">
			<Value PeriodType="CURR">-99999.99000</Value>
		</Ratio>
	</ForecastData>
</ReportSnapshot>
