<?xml version="1.0" encoding="UTF-8"?>
<ReportSnapshot Major="1" Minor="0" Revision="1">
	<CoIDs>
		<CoID Type="RepNo">EE771</CoID>
		<CoID Type="CompanyName">Adamas Pharmaceuticals Inc</CoID>
		<CoID Type="IRSNo">421560076</CoID>
		<CoID Type="CIKNo">0001328143</CoID>
		<CoID Type="OrganizationPermID">4297309035</CoID>
	</CoIDs>
	<Issues>
		<Issue ID="1" Type="C" Desc="Common Stock" Order="1">
			<IssueID Type="Name">Ordinary Shares</IssueID>
			<IssueID Type="Ticker">ADMS</IssueID>
			<IssueID Type="RIC">ADMS.O</IssueID>
			<IssueID Type="DisplayRIC">ADMS.OQ</IssueID>
			<IssueID Type="InstrumentPI">154279691</IssueID>
			<IssueID Type="QuotePI">154320419</IssueID>
			<IssueID Type="InstrumentPermID">21538280932</IssueID>
			<IssueID Type="QuotePermID">21538297854</IssueID>
			<Exchange Code="NASD" Country="USA">NASDAQ</Exchange>
			<GlobalListingType>OSR</GlobalListingType>
		</Issue>
	</Issues>
	<CoGeneralInfo>
		<CoStatus Code="1">Active</CoStatus>
		<CoType Code="EQU">Equity Issue</CoType>
		<LastModified>2020-11-06</LastModified>
		<LatestAvailableAnnual>2019-12-31</LatestAvailableAnnual>
		<LatestAvailableInterim>2020-09-30</LatestAvailableInterim>
		<Employees LastUpdated="2019-12-31">136</Employees>
		<SharesOut Date="2020-09-30" TotalFloat="27751561.0">28520519.0</SharesOut>
		<ReportingCurrency Code="USD">U.S. Dollars</ReportingCurrency>
		<MostRecentExchange Date="2021-02-03">1.0</MostRecentExchange>
	</CoGeneralInfo>
	<TextInfo>
		<Text Type="Business Summary" lastModified="2021-01-05T15:34:50">Adamas Pharmaceuticals, Inc. is a commercial-stage pharmaceutical company. The Company is engaged in drug discovery, development and commercialization to deliver medicines for patients, caregivers, and society. The Companys portfolio product GOCOVRI (amantadine) extended release capsules is used for the treatment of dyskinesia in patients with Parkinsons disease. Its OSMOLEX ER (amantadine) extended-release tablets is used for the treatment for Parkinsons disease and drug-induced extrapyramidal reactions in adult patients. Its ADS-5102 is in development for the treatment of walking impairment in patients with multiple sclerosis (MSW). Its product candidate ADS-4101 (lacosamide) modified release capsules is in development for the treatment of partial onset seizures in patients with epilepsy. Its Namzaric (memantine hydrochloride extended release and donepezil hydrochloride) capsules are used for the treatment of dementia of an Alzheimers type.</Text>
		<Text Type="Financial Summary" lastModified="2020-11-06T11:08:01">BRIEF: For the nine months ended 30 September 2020, AdamasPharmaceuticals Inc revenues increased 40% to $53.5M. Netloss decreased 52% to $39.1M. Revenues reflect Productsales increase of 34% to $51.4M. Lower net loss reflectsOther Research and Development. decrease of 70% to $7.1M(expense), Other General and Administrative. decrease of 7%to $69.3M (expense), Stock-based Compensation in Generaland decrease of 51% to $4.5M (expense).</Text>
	</TextInfo>
	<contactInfo lastUpdated="2021-02-01T08:16:57">
		<streetAddress line="1">1900 Powell St Ste 1000</streetAddress>
		<streetAddress line="2"></streetAddress>
		<streetAddress line="3"></streetAddress>
		<city>EMERYVILLE</city>
		<state-region>CA</state-region>
		<postalCode>94608-1839</postalCode>
		<country code="USA">United States</country>
		<contactName></contactName>
		<contactTitle></contactTitle>
		<phone>
			<phone type="mainphone">
				<countryPhoneCode>1</countryPhoneCode>
				<city-areacode>510</city-areacode>
				<number>4503554</number>
			</phone>
			<phone type="mainfax">
				<countryPhoneCode>1</countryPhoneCode>
				<city-areacode>510</city-areacode>
				<number>4280519</number>
			</phone>
		</phone>
	</contactInfo>
	<webLinks lastUpdated="2018-07-11T09:45:42"><webSite mainCategory="Home Page">https://adamaspharma.com/</webSite><eMail mainCategory="Company Contact/E-mail">ir@adamaspharma.com</eMail></webLinks>
	<peerInfo lastUpdated="2021-02-01T08:16:57">
		<IndustryInfo>
			<Industry type="TRBC" order="1" reported="0" code="5620201010" mnem="">Biotechnology &amp; Medical Research - NEC</Industry>
			<Industry type="NAICS" order="1" reported="0" code="325412" mnem="">Pharmaceutical Preparation Mfg</Industry>
			<Industry type="NAICS" order="2" reported="0" code="541711" mnem="">Research and Development in Biotechnology</Industry>
			<Industry type="SIC" order="1" reported="0" code="2834" mnem="">Pharmaceutical Preparations</Industry>
			<Industry type="SIC" order="2" reported="0" code="8731" mnem="">Commercial Physical Research</Industry>
		</IndustryInfo>
	</peerInfo>
	<officers>
		<officer rank="1" since="09/11/2019">
			<firstName>David</firstName>
			<mI>L.</mI>
			<lastName>Mahoney</lastName>
			<age>65 </age>
			<title startYear="2019" startMonth="09" startDay="11" iD1="CHM" abbr1="Chmn." iD2="LED" abbr2="Lead Dir.">Lead Independent Chairman of the Board</title>
		</officer>
		<officer rank="2" since="09/11/2019">
			<firstName>Neil</firstName>
			<mI></mI>
			<lastName>McFarlane</lastName>
			<age>47 </age>
			<title startYear="2019" startMonth="09" startDay="11" iD1="CEO" abbr1="CEO" iD2="DRC" abbr2="Dir.">Chief Executive Officer, Director</title>
		</officer>
		<officer rank="3" since="09/15/2017">
			<firstName>Christopher</firstName>
			<mI>B.</mI>
			<lastName>Prentiss</lastName>
			<age>45 </age>
			<title startYear="2019" startMonth="11" startDay="01" iD1="CFO" abbr1="CFO" iD2="CAO" abbr2="CAO">Chief Financial Officer, Chief Accounting Officer, Principal Financial Officer and Principal Accounting Officer</title>
		</officer>
		<officer rank="4" since="10/01/2020">
			<firstName>Adrian</firstName>
			<mI></mI>
			<lastName>Quartel</lastName>
			<age></age>
			<title startYear="2020" startMonth="10" startDay="01" iD1="OTH" abbr1="Other" iD2="" abbr2="">Chief Medical Officer</title>
		</officer>
		<officer rank="5" since="05/30/2019">
			<firstName>Vijay</firstName>
			<mI></mI>
			<lastName>Shreedhar</lastName>
			<age>49 </age>
			<title startYear="2019" startMonth="05" startDay="30" iD1="OTH" abbr1="Other" iD2="" abbr2="">Chief Commercial Officer</title>
		</officer>
	</officers>
	<Ratios PriceCurrency="USD" ReportingCurrency="USD" ExchangeRate="1.00000" LatestAvailableDate="2020-09-30">
		<Group ID="Price and Volume">
			<Ratio FieldName="NPRICE" Type="N">6.07000</Ratio>
			<Ratio FieldName="NHIG" Type="N">9.15000</Ratio>
			<Ratio FieldName="NLOW" Type="N">1.90000</Ratio>
			<Ratio FieldName="PDATE" Type="D">2021-02-04T00:00:00</Ratio>
			<Ratio FieldName="VOL10DAVG" Type="N">1.92240</Ratio>
			<Ratio FieldName="EV" Type="N">210.44760</Ratio>
		</Group>
		<Group ID="Income Statement">
			<Ratio FieldName="MKTCAP" Type="N">173.11960</Ratio>
			<Ratio FieldName="TTMREV" Type="N">69.79900</Ratio>
			<Ratio FieldName="TTMEBITD" Type="N">-47.83000</Ratio>
			<Ratio FieldName="TTMNIAC" Type="N">-62.20500</Ratio>
		</Group>
		<Group ID="Per share data">
			<Ratio FieldName="TTMEPSXCLX" Type="N">-2.21590</Ratio>
			<Ratio FieldName="TTMREVPS" Type="N">2.48190</Ratio>
			<Ratio FieldName="QBVPS" Type="N">-1.21379</Ratio>
			<Ratio FieldName="QCSHPS" Type="N">3.24247</Ratio>
			<Ratio FieldName="TTMCFSHR" Type="N">-2.17930</Ratio>
			<Ratio FieldName="TTMDIVSHR" Type="N">0.00000</Ratio>
		</Group>
		<Group ID="Other Ratios">
			<Ratio FieldName="TTMGROSMGN" Type="N">97.30225</Ratio>
			<Ratio FieldName="TTMROEPCT" Type="N">-99999.99000</Ratio>
			<Ratio FieldName="TTMPR2REV" Type="N">2.48026</Ratio>
			<Ratio FieldName="PEEXCLXOR" Type="N">-99999.99000</Ratio>
			<Ratio FieldName="PRICE2BK" Type="N">-99999.99000</Ratio>
			<Ratio FieldName="Employees" Type="N">136</Ratio>
		</Group>
	</Ratios>
	<ForecastData ConsensusType="Mean" CurFiscalYear="2020" CurFiscalYearEndMonth="12" CurInterimEndCalYear="2020" CurInterimEndMonth="12" EarningsBasis="PRX">
		<Ratio FieldName="ConsRecom" Type="N">
			<Value PeriodType="CURR">2.1</Value>
		</Ratio>
		<Ratio FieldName="TargetPrice" Type="N">
			<Value PeriodType="CURR">9.31250</Value>
		</Ratio>
		<Ratio FieldName="ProjLTGrowthRate" Type="N">
			<Value PeriodType="CURR">-99999.99000</Value>
		</Ratio>
		<Ratio FieldName="ProjPE" Type="N">
			<Value PeriodType="CURR">-3.19844</Value>
		</Ratio>
		<Ratio FieldName="ProjSales" Type="N">
			<Value PeriodType="CURR">74.75470</Value>
		</Ratio>
		<Ratio FieldName="ProjSalesQ" Type="N">
			<Value PeriodType="CURR">21.31170</Value>
		</Ratio>
		<Ratio FieldName="ProjEPS" Type="N">
			<Value PeriodType="CURR">-1.89780</Value>
		</Ratio>
		<Ratio FieldName="ProjEPSQ" Type="N">
			<Value PeriodType="CURR">-0.50440</Value>
		</Ratio>
		<Ratio FieldName="ProjProfit" Type="N">
			<Value PeriodType="CURR">-53.50450</Value>
		</Ratio>
		<Ratio FieldName="ProjDPS" Type="N">
			<Value PeriodType="CURR">0.00000</Value>
		</Ratio>
	</ForecastData>
</ReportSnapshot>
