<?xml version="1.0" encoding="UTF-8"?>
<ReportSnapshot Major="1" Minor="0" Revision="1">
	<CoIDs>
		<CoID Type="RepNo">09256</CoID>
		<CoID Type="CompanyName">Edoc Acquisition Corp</CoID>
		<CoID Type="CIKNo">0001824884</CoID>
		<CoID Type="OrganizationPermID">5076921378</CoID>
	</CoIDs>
	<Issues>
		<Issue ID="1" Type="C" Desc="Common Stock" Order="1">
			<IssueID Type="Name">Ordinary Shares Class A</IssueID>
			<IssueID Type="Ticker">ADOC</IssueID>
			<IssueID Type="RIC">ADOC.O</IssueID>
			<IssueID Type="DisplayRIC">ADOC.OQ</IssueID>
			<IssueID Type="InstrumentPI">479858233</IssueID>
			<IssueID Type="QuotePI">479858593</IssueID>
			<Exchange Code="NASD" Country="USA">NASDAQ</Exchange>
			<GlobalListingType>OSR</GlobalListingType>
		</Issue>
		<Issue ID="2" Type="C" Desc="Common Stock" Order="2">
			<IssueID Type="Name">Ordinary Shares Class B</IssueID>
			<IssueID Type="InstrumentPI">471770946</IssueID>
			<Exchange Code="NA" Country="">Not Available</Exchange>
		</Issue>
	</Issues>
	<CoGeneralInfo>
		<CoStatus Code="1">Active</CoStatus>
		<CoType Code="IPO">Pre-IPO</CoType>
		<LastModified>2020-12-10</LastModified>
		<LatestAvailableAnnual>2019-12-31</LatestAvailableAnnual>
		<LatestAvailableInterim>2020-09-30</LatestAvailableInterim>
		<SharesOut Date="2020-12-10" TotalFloat="11390000.0">14304000.0</SharesOut>
		<ReportingCurrency Code="USD">U.S. Dollars</ReportingCurrency>
		<MostRecentExchange Date="2021-02-03">1.0</MostRecentExchange>
	</CoGeneralInfo>
	<TextInfo>
		<Text Type="Business Summary" lastModified="2020-09-16T09:51:53">Edoc Acquisition Corp. is a blank check company. The Company is created for the purpose of acquiring, engaging in a share exchange, share reconstruction and amalgamation with, purchasing all or substantially all of the assets of, entering into contractual arrangements with, or engaging in any other similar business combination with one or more businesses or entities. The Company focuses on businesses primarily operating in the health care and health care provider space in North America and Asia-Pacific. The Company has no operations and has no revenues.</Text>
		<Text Type="Financial Summary" lastModified="2020-11-06T06:20:08">BRIEF: For the nine months ended 30 September 2020, EdocAcquisition Corp revenues was not reported. Net losstotaled to $9K.</Text>
	</TextInfo>
	<contactInfo lastUpdated="2020-12-14T00:30:58">
		<streetAddress line="1">7612 Main Street Fishers, Suite 200</streetAddress>
		<streetAddress line="2"></streetAddress>
		<streetAddress line="3"></streetAddress>
		<city>VICTOR</city>
		<state-region>NY</state-region>
		<postalCode>14564</postalCode>
		<country code="USA">United States</country>
		<contactName></contactName>
		<contactTitle></contactTitle>
		<phone>
			<phone type="mainphone">
				<countryPhoneCode>1</countryPhoneCode>
				<city-areacode>585</city-areacode>
				<number>6781198</number>
			</phone>
		</phone>
	</contactInfo>
	<webLinks lastUpdated=""><webSite mainCategory=""></webSite><eMail mainCategory=""></eMail></webLinks>
	<peerInfo lastUpdated="2020-12-14T00:30:58">
		<IndustryInfo>
			<Industry type="TRBC" order="1" reported="0" code="5560101011" mnem="">Shell Companies</Industry>
			<Industry type="NAICS" order="1" reported="0" code="525920" mnem="">Trusts, Estates, and Agency Accounts</Industry>
			<Industry type="SIC" order="1" reported="0" code="6733" mnem="">Trusts, Nec</Industry>
		</IndustryInfo>
	</peerInfo>
	<officers></officers>
	<Ratios PriceCurrency="USD" ReportingCurrency="USD" ExchangeRate="1.00000" LatestAvailableDate="2020-09-30">
		<Group ID="Price and Volume">
			<Ratio FieldName="NPRICE" Type="N">10.31000</Ratio>
			<Ratio FieldName="NHIG" Type="N">10.34000</Ratio>
			<Ratio FieldName="NLOW" Type="N">9.85000</Ratio>
			<Ratio FieldName="PDATE" Type="D">2021-02-04T00:00:00</Ratio>
			<Ratio FieldName="VOL10DAVG" Type="N">0.04002</Ratio>
			<Ratio FieldName="EV" Type="N">121.86179</Ratio>
		</Group>
		<Group ID="Income Statement">
			<Ratio FieldName="MKTCAP" Type="N">121.69920</Ratio>
			<Ratio FieldName="TTMREV" Type="N">-99999.99000</Ratio>
			<Ratio FieldName="TTMEBITD" Type="N">-99999.99000</Ratio>
			<Ratio FieldName="TTMNIAC" Type="N">-99999.99000</Ratio>
		</Group>
		<Group ID="Per share data">
			<Ratio FieldName="TTMEPSXCLX" Type="N">-99999.99000</Ratio>
			<Ratio FieldName="TTMREVPS" Type="N">-99999.99000</Ratio>
			<Ratio FieldName="QBVPS" Type="N">0.00125</Ratio>
			<Ratio FieldName="QCSHPS" Type="N">0.00000</Ratio>
			<Ratio FieldName="TTMCFSHR" Type="N">-99999.99000</Ratio>
			<Ratio FieldName="TTMDIVSHR" Type="N">-99999.99000</Ratio>
		</Group>
		<Group ID="Other Ratios">
			<Ratio FieldName="TTMGROSMGN" Type="N">-99999.99000</Ratio>
			<Ratio FieldName="TTMROEPCT" Type="N">-99999.99000</Ratio>
			<Ratio FieldName="TTMPR2REV" Type="N">-99999.99000</Ratio>
			<Ratio FieldName="PEEXCLXOR" Type="N">-99999.99000</Ratio>
			<Ratio FieldName="PRICE2BK" Type="N">8231.60400</Ratio>
			<Ratio FieldName="Employees" Type="N">-99999.99000</Ratio>
		</Group>
	</Ratios>
	<ForecastData ConsensusType="" CurFiscalYear="" CurFiscalYearEndMonth="" CurInterimEndCalYear="" CurInterimEndMonth="" EarningsBasis="">
		<Ratio FieldName="ConsRecom" Type="N">
			<Value PeriodType="CURR">-99999.99000</Value>
		</Ratio>
		<Ratio FieldName="TargetPrice" Type="N">
			<Value PeriodType="CURR">-99999.99000</Value>
		</Ratio>
		<Ratio FieldName="ProjLTGrowthRate" Type="N">
			<Value PeriodType="CURR">-99999.99000</Value>
		</Ratio>
		<Ratio FieldName="ProjPE" Type="N">
			<Value PeriodType="CURR">-99999.99000</Value>
		</Ratio>
		<Ratio FieldName="ProjSales" Type="N">
			<Value PeriodType="CURR">-99999.99000</Value>
		</Ratio>
		<Ratio FieldName="ProjSalesQ" Type="N">
			<Value PeriodType="CURR">-99999.99000</Value>
		</Ratio>
		<Ratio FieldName="ProjEPS" Type="N">
			<Value PeriodType="CURR">-99999.99000</Value>
		</Ratio>
		<Ratio FieldName="ProjEPSQ" Type="N">
			<Value PeriodType="CURR">-99999.99000</Value>
		</Ratio>
		<Ratio FieldName="ProjProfit" Type="N">
			<Value PeriodType="CURR">-99999.99000</Value>
		</Ratio>
		<Ratio FieldName="ProjDPS" Type="N">
			<Value PeriodType="CURR">-99999.99000</Value>
		</Ratio>
	</ForecastData>
</ReportSnapshot>
