<?xml version="1.0" encoding="UTF-8"?>
<ReportSnapshot Major="1" Minor="0" Revision="1">
	<CoIDs>
		<CoID Type="RepNo">07585</CoID>
		<CoID Type="CompanyName">Autodesk, Inc.</CoID>
		<CoID Type="IRSNo">942819853</CoID>
		<CoID Type="CIKNo">0000769397</CoID>
		<CoID Type="OrganizationPermID">4295905642</CoID>
	</CoIDs>
	<Issues>
		<Issue ID="1" Type="C" Desc="Common Stock" Order="1">
			<IssueID Type="Name">Ordinary Shares</IssueID>
			<IssueID Type="Ticker">ADSK</IssueID>
			<IssueID Type="RIC">ADSK.O</IssueID>
			<IssueID Type="DisplayRIC">ADSK.OQ</IssueID>
			<IssueID Type="InstrumentPI">261042</IssueID>
			<IssueID Type="QuotePI">7646535</IssueID>
			<IssueID Type="InstrumentPermID">8590931350</IssueID>
			<IssueID Type="QuotePermID">55835314463</IssueID>
			<Exchange Code="NASD" Country="USA">NASDAQ</Exchange>
			<GlobalListingType>OSR</GlobalListingType>
			<MostRecentSplit Date="2004-12-21">2.0</MostRecentSplit>
		</Issue>
	</Issues>
	<CoGeneralInfo>
		<CoStatus Code="1">Active</CoStatus>
		<CoType Code="EQU">Equity Issue</CoType>
		<LastModified>2020-12-07</LastModified>
		<LatestAvailableAnnual>2020-01-31</LatestAvailableAnnual>
		<LatestAvailableInterim>2020-10-31</LatestAvailableInterim>
		<Employees LastUpdated="2020-01-31">10100</Employees>
		<SharesOut Date="2020-11-30" TotalFloat="218594340.0">219889403.0</SharesOut>
		<ReportingCurrency Code="USD">U.S. Dollars</ReportingCurrency>
		<MostRecentExchange Date="2021-02-03">1.0</MostRecentExchange>
	</CoGeneralInfo>
	<TextInfo>
		<Text Type="Business Summary" lastModified="2017-04-04T00:33:34">Autodesk, Inc. is a design software and services company, offering customers productive business solutions through technology products and services. The Company's segments include Architecture, Engineering and Construction (AEC), Platform Solutions and Emerging Business (PSEB), Manufacturing (MFG), and Media and Entertainment (M&amp;E). The Company serves customers in the architecture, engineering and construction; product design and manufacturing; and digital media and entertainment industries. The Company's product development and manufacturing software provides manufacturers in automotive, transportation, industrial machinery, consumer products and building products with digital engineering solutions. The Company's product offerings include, AutoCAD, AutoCAD LT, Industry Collections, 3ds Max, Maya, Revit, Inventor, AutoCAD Civil three dimensional (3D), CAM Solutions, Fusion 360, BIM 360 and Shotgun.</Text>
		<Text Type="Financial Summary" lastModified="2020-12-07T09:52:44">BRIEF: For the nine months ended 31 October 2020, Autodesk,Inc. revenues increased 16% to $2.75B. Net income increasedfrom $82.7M to $296.9M. Revenues reflect Architecturesegment increase of 20% to $1.2B, AutoCAD and AutoCAD LT(1) segment increase of 30% to $812.9M, United Statessegment increase of 17% to $938.6M, Europe/MiddleEast/Africa segment increase of 13% to $1.06B.</Text>
	</TextInfo>
	<contactInfo lastUpdated="2021-01-25T08:36:28">
		<streetAddress line="1">111 MCINNIS PKWY</streetAddress>
		<streetAddress line="2"></streetAddress>
		<streetAddress line="3"></streetAddress>
		<city>SAN RAFAEL</city>
		<state-region>CA</state-region>
		<postalCode>94903</postalCode>
		<country code="USA">United States</country>
		<contactName>John Clancy</contactName>
		<contactTitle>Investor Relations Program Specialist</contactTitle>
		<phone>
			<phone type="mainphone">
				<countryPhoneCode>1</countryPhoneCode>
				<city-areacode>415</city-areacode>
				<number>5075000</number>
			</phone>
			<phone type="mainfax">
				<countryPhoneCode>1</countryPhoneCode>
				<city-areacode>415</city-areacode>
				<number>5075100</number>
			</phone>
			<phone type="contactphone">
				<countryPhoneCode>1</countryPhoneCode>
				<city-areacode>415</city-areacode>
				<number>5076373</number>
			</phone>
		</phone>
	</contactInfo>
	<webLinks lastUpdated="2018-07-12T02:15:03"><webSite mainCategory="Home Page">https://www.autodesk.com/</webSite><eMail mainCategory="Company Contact/E-mail">John.Clancy@autodesk.com</eMail></webLinks>
	<peerInfo lastUpdated="2021-01-25T08:36:28">
		<IndustryInfo>
			<Industry type="TRBC" order="1" reported="0" code="5720102012" mnem="">Application Software</Industry>
			<Industry type="NAICS" order="1" reported="0" code="511210" mnem="">Software Publishers</Industry>
			<Industry type="NAICS" order="2" reported="0" code="541512" mnem="">Computer Systems Design Services</Industry>
			<Industry type="NAICS" order="3" reported="0" code="561990" mnem="">All Other Support Services</Industry>
			<Industry type="SIC" order="0" reported="1" code="7372" mnem="">Prepackaged Software</Industry>
			<Industry type="SIC" order="1" reported="0" code="7372" mnem="">Prepackaged Software</Industry>
			<Industry type="SIC" order="2" reported="0" code="7373" mnem="">Computer Integrated System Design</Industry>
			<Industry type="SIC" order="3" reported="0" code="7389" mnem="">Business Services, Nec</Industry>
		</IndustryInfo>
		<Indexconstituet>S&amp;P 500</Indexconstituet>
	</peerInfo>
	<officers>
		<officer rank="1" since="03/2012">
			<firstName>Andrew</firstName>
			<mI></mI>
			<lastName>Anagnost</lastName>
			<age>56 </age>
			<title startYear="2021" startMonth="01" startDay="19" iD1="PRE" abbr1="Pres." iD2="CEO" abbr2="CEO">President, Chief Executive Officer, Interim Chief and Principal Financial Officer</title>
		</officer>
		<officer rank="2" since="03/2007">
			<firstName>Pascal</firstName>
			<mI>W.</mI>
			<lastName>Di Fronzo</lastName>
			<age>54 </age>
			<title startYear="2016" startMonth="12" startDay="" iD1="SVP" abbr1="Sr. VP" iD2="SEC" abbr2="Secy.">Senior Vice President - Corporate Affairs, Chief Legal Officer, Secretary</title>
		</officer>
		<officer rank="3" since="02/2011">
			<firstName>Steven</firstName>
			<mI>M.</mI>
			<lastName>Blum</lastName>
			<age>54 </age>
			<title startYear="2017" startMonth="09" startDay="" iD1="SVP" abbr1="Sr. VP" iD2="" abbr2="">Senior Vice President - Worldwide Field Operations</title>
		</officer>
		<officer rank="4" since="09/2018">
			<firstName>Stephen</firstName>
			<mI>W.</mI>
			<lastName>Hope</lastName>
			<age>52 </age>
			<title startYear="2019" startMonth="06" startDay="12" iD1="VPR" abbr1="VP" iD2="CTR" abbr2="Contr.">Vice President, Corporate Controller, Principal Accounting Officer</title>
		</officer>
	</officers>
	<Ratios PriceCurrency="USD" ReportingCurrency="USD" ExchangeRate="1.00000" LatestAvailableDate="2020-10-31">
		<Group ID="Price and Volume">
			<Ratio FieldName="NPRICE" Type="N">300.49000</Ratio>
			<Ratio FieldName="NHIG" Type="N">321.13000</Ratio>
			<Ratio FieldName="NLOW" Type="N">125.38000</Ratio>
			<Ratio FieldName="PDATE" Type="D">2021-02-04T00:00:00</Ratio>
			<Ratio FieldName="VOL10DAVG" Type="N">1.75949</Ratio>
			<Ratio FieldName="EV" Type="N">66095.67000</Ratio>
		</Group>
		<Group ID="Income Statement">
			<Ratio FieldName="MKTCAP" Type="N">66074.57000</Ratio>
			<Ratio FieldName="TTMREV" Type="N">3650.50000</Ratio>
			<Ratio FieldName="TTMEBITD" Type="N">713.60000</Ratio>
			<Ratio FieldName="TTMNIAC" Type="N">438.30000</Ratio>
		</Group>
		<Group ID="Per share data">
			<Ratio FieldName="TTMEPSXCLX" Type="N">1.96923</Ratio>
			<Ratio FieldName="TTMREVPS" Type="N">16.41596</Ratio>
			<Ratio FieldName="QBVPS" Type="N">0.31516</Ratio>
			<Ratio FieldName="QCSHPS" Type="N">7.34688</Ratio>
			<Ratio FieldName="TTMCFSHR" Type="N">2.52456</Ratio>
			<Ratio FieldName="TTMDIVSHR" Type="N">0.00000</Ratio>
		</Group>
		<Group ID="Other Ratios">
			<Ratio FieldName="TTMGROSMGN" Type="N">90.96836</Ratio>
			<Ratio FieldName="TTMROEPCT" Type="N">-99999.99000</Ratio>
			<Ratio FieldName="TTMPR2REV" Type="N">18.10014</Ratio>
			<Ratio FieldName="PEEXCLXOR" Type="N">152.59260</Ratio>
			<Ratio FieldName="PRICE2BK" Type="N">953.45700</Ratio>
			<Ratio FieldName="Employees" Type="N">10100</Ratio>
		</Group>
	</Ratios>
	<ForecastData ConsensusType="Mean" CurFiscalYear="2021" CurFiscalYearEndMonth="1" CurInterimEndCalYear="2021" CurInterimEndMonth="1" EarningsBasis="PRX">
		<Ratio FieldName="ConsRecom" Type="N">
			<Value PeriodType="CURR">2.0476</Value>
		</Ratio>
		<Ratio FieldName="TargetPrice" Type="N">
			<Value PeriodType="CURR">267.50000</Value>
		</Ratio>
		<Ratio FieldName="ProjLTGrowthRate" Type="N">
			<Value PeriodType="CURR">33.7033</Value>
		</Ratio>
		<Ratio FieldName="ProjPE" Type="N">
			<Value PeriodType="CURR">76.12160</Value>
		</Ratio>
		<Ratio FieldName="ProjSales" Type="N">
			<Value PeriodType="CURR">3761.19710</Value>
		</Ratio>
		<Ratio FieldName="ProjSalesQ" Type="N">
			<Value PeriodType="CURR">1009.80470</Value>
		</Ratio>
		<Ratio FieldName="ProjEPS" Type="N">
			<Value PeriodType="CURR">3.94750</Value>
		</Ratio>
		<Ratio FieldName="ProjEPSQ" Type="N">
			<Value PeriodType="CURR">1.07410</Value>
		</Ratio>
		<Ratio FieldName="ProjProfit" Type="N">
			<Value PeriodType="CURR">877.39510</Value>
		</Ratio>
		<Ratio FieldName="ProjDPS" Type="N">
			<Value PeriodType="CURR">0.00000</Value>
		</Ratio>
	</ForecastData>
</ReportSnapshot>
