<?xml version="1.0" encoding="UTF-8"?>
<ReportSnapshot Major="1" Minor="0" Revision="1">
	<CoIDs>
		<CoID Type="RepNo">F073E</CoID>
		<CoID Type="CompanyName">Adverum Biotechnologies Inc</CoID>
		<CoID Type="IRSNo">205258327</CoID>
		<CoID Type="CIKNo">0001501756</CoID>
		<CoID Type="OrganizationPermID">5034876988</CoID>
	</CoIDs>
	<Issues>
		<Issue ID="1" Type="C" Desc="Common Stock" Order="1">
			<IssueID Type="Name">Ordinary Shares</IssueID>
			<IssueID Type="Ticker">ADVM</IssueID>
			<IssueID Type="RIC">ADVM.O</IssueID>
			<IssueID Type="DisplayRIC">ADVM.OQ</IssueID>
			<IssueID Type="InstrumentPI">161966939</IssueID>
			<IssueID Type="QuotePI">161991787</IssueID>
			<IssueID Type="InstrumentPermID">21543870999</IssueID>
			<IssueID Type="QuotePermID">21543885872</IssueID>
			<Exchange Code="NASD" Country="USA">NASDAQ</Exchange>
			<GlobalListingType>OSR</GlobalListingType>
		</Issue>
	</Issues>
	<CoGeneralInfo>
		<CoStatus Code="1">Active</CoStatus>
		<CoType Code="EQU">Equity Issue</CoType>
		<LastModified>2020-11-10</LastModified>
		<LatestAvailableAnnual>2019-12-31</LatestAvailableAnnual>
		<LatestAvailableInterim>2020-09-30</LatestAvailableInterim>
		<Employees LastUpdated="2019-12-31">114</Employees>
		<SharesOut Date="2020-10-30" TotalFloat="96728339.0">97477603.0</SharesOut>
		<ReportingCurrency Code="USD">U.S. Dollars</ReportingCurrency>
		<MostRecentExchange Date="2021-02-03">1.0</MostRecentExchange>
	</CoGeneralInfo>
	<TextInfo>
		<Text Type="Business Summary" lastModified="2020-01-29T09:03:43">Adverum Biotechnologies, Inc. is a clinical-stage gene therapy company targeting unmet medical needs for serious ocular and rare diseases. The Company is evaluating its gene therapy candidate, ADVM-022, as a one-time, intravitreal injection for the treatment of its lead indication, wet age-related macular degeneration. It has collaboration agreement with Regeneron Pharmaceuticals, Inc. to research, develop, and commercialize gene therapy products (AVA-311) for ophthalmic diseases. The Company develops gene therapy product candidates designed to provide durable efficacy by inducing sustained expression of a therapeutic protein. Its capabilities include clinical development, vector discovery, and in-house manufacturing, specifically in process development, assay development and current Good Manufacturing Practices (cGMP) quality control.</Text>
		<Text Type="Financial Summary" lastModified="2020-11-10T13:18:40">BRIEF: For the nine months ended 30 September 2020, AdverumBiotechnologies Inc revenues decreased from $250K to $0K.Net loss increased 75% to $79.9M. Revenues reflect adecrease in demand for the Company's products and servicesdue to unfavorable market conditions. Higher net lossreflects Research and development -gross increase of 74% to$45.6M (expense), General and administrative - Balancing vincrease of 37% to $21.7M (expense).</Text>
	</TextInfo>
	<contactInfo lastUpdated="2021-02-03T01:27:46">
		<streetAddress line="1">800 Saginaw Drive</streetAddress>
		<streetAddress line="2"></streetAddress>
		<streetAddress line="3"></streetAddress>
		<city>REDWOOD CITY</city>
		<state-region>CA</state-region>
		<postalCode>94063</postalCode>
		<country code="USA">United States</country>
		<contactName>Myesha Lacy</contactName>
		<contactTitle>Vice President, Investor Relations and Corporate Communications</contactTitle>
		<phone>
			<phone type="mainphone">
				<countryPhoneCode>1</countryPhoneCode>
				<city-areacode>650</city-areacode>
				<number>2726269</number>
			</phone>
			<phone type="mainfax">
				<countryPhoneCode>1</countryPhoneCode>
				<city-areacode>650</city-areacode>
				<number>3298151</number>
			</phone>
		</phone>
	</contactInfo>
	<webLinks lastUpdated="2018-10-16T22:00:03"><webSite mainCategory="Home Page">https://adverum.com/</webSite><eMail mainCategory="Company Contact/E-mail">mlacy@adverum.com</eMail></webLinks>
	<peerInfo lastUpdated="2021-02-03T01:27:46">
		<IndustryInfo>
			<Industry type="TRBC" order="1" reported="0" code="5620201011" mnem="">Bio Therapeutic Drugs</Industry>
			<Industry type="NAICS" order="1" reported="0" code="541711" mnem="">Research and Development in Biotechnology</Industry>
			<Industry type="SIC" order="1" reported="0" code="8731" mnem="">Commercial Physical Research</Industry>
		</IndustryInfo>
	</peerInfo>
	<officers>
		<officer rank="1" since="05/02/2019">
			<firstName>Patrick</firstName>
			<mI></mI>
			<lastName>Machado</lastName>
			<age>56 </age>
			<title startYear="2019" startMonth="05" startDay="02" iD1="CHM" abbr1="Chmn." iD2="IND" abbr2="Ind. Dir.">Independent Chairman of the Board</title>
		</officer>
		<officer rank="2" since="06/15/2016">
			<firstName>Leone</firstName>
			<mI>D.</mI>
			<lastName>Patterson</lastName>
			<age>58 </age>
			<title startYear="2021" startMonth="01" startDay="28" iD1="PRE" abbr1="Pres." iD2="CFO" abbr2="CFO">President, Chief Financial Officer</title>
		</officer>
		<officer rank="3" since="06/15/2020">
			<firstName>Laurent</firstName>
			<mI></mI>
			<lastName>Fischer</lastName>
			<age>53 </age>
			<title startYear="2020" startMonth="06" startDay="15" iD1="CEO" abbr1="CEO" iD2="DRC" abbr2="Dir.">Chief Executive Officer, Director</title>
		</officer>
		<officer rank="4" since="02/25/2020">
			<firstName>Angela</firstName>
			<mI></mI>
			<lastName>Thedinga</lastName>
			<age>38 </age>
			<title startYear="2020" startMonth="02" startDay="25" iD1="CTO" abbr1="CTO" iD2="" abbr2="">Chief Technology Officer</title>
		</officer>
		<officer rank="5" since="06/25/2020">
			<firstName>Heikki</firstName>
			<mI></mI>
			<lastName>Jouttijarvi</lastName>
			<age></age>
			<title startYear="2020" startMonth="06" startDay="25" iD1="VPR" abbr1="VP" iD2="" abbr2="">Vice President - Manufacturing</title>
		</officer>
		<officer rank="6" since="07/21/2020">
			<firstName>Thomas</firstName>
			<mI></mI>
			<lastName>Kochy</lastName>
			<age></age>
			<title startYear="2020" startMonth="07" startDay="21" iD1="VPR" abbr1="VP" iD2="" abbr2="">Vice President - Commercial and Program Strategy</title>
		</officer>
		<officer rank="7" since="09/15/2020">
			<firstName>Christopher</firstName>
			<mI>J.</mI>
			<lastName>Morrison</lastName>
			<age></age>
			<title startYear="2020" startMonth="09" startDay="15" iD1="VPR" abbr1="VP" iD2="" abbr2="">Vice President - Process Development</title>
		</officer>
		<officer rank="8" since="04/01/2019">
			<firstName>Aaron</firstName>
			<mI></mI>
			<lastName>Osborne</lastName>
			<age>46 </age>
			<title startYear="2019" startMonth="04" startDay="01" iD1="OTH" abbr1="Other" iD2="" abbr2="">Chief Medical Officer</title>
		</officer>
		<officer rank="9" since="10/30/2019">
			<firstName>Peter</firstName>
			<mI></mI>
			<lastName>Soparkar</lastName>
			<age>49 </age>
			<title startYear="2019" startMonth="10" startDay="30" iD1="OTH" abbr1="Other" iD2="" abbr2="">Chief legal officer</title>
		</officer>
	</officers>
	<Ratios PriceCurrency="USD" ReportingCurrency="USD" ExchangeRate="1.00000" LatestAvailableDate="2020-09-30">
		<Group ID="Price and Volume">
			<Ratio FieldName="NPRICE" Type="N">13.62000</Ratio>
			<Ratio FieldName="NHIG" Type="N">26.98000</Ratio>
			<Ratio FieldName="NLOW" Type="N">7.36000</Ratio>
			<Ratio FieldName="PDATE" Type="D">2021-02-04T00:00:00</Ratio>
			<Ratio FieldName="VOL10DAVG" Type="N">0.68131</Ratio>
			<Ratio FieldName="EV" Type="N">873.18300</Ratio>
		</Group>
		<Group ID="Income Statement">
			<Ratio FieldName="MKTCAP" Type="N">1327.64500</Ratio>
			<Ratio FieldName="TTMREV" Type="N">0.00000</Ratio>
			<Ratio FieldName="TTMEBITD" Type="N">-97.74200</Ratio>
			<Ratio FieldName="TTMNIAC" Type="N">-98.80000</Ratio>
		</Group>
		<Group ID="Per share data">
			<Ratio FieldName="TTMEPSXCLX" Type="N">-1.27747</Ratio>
			<Ratio FieldName="TTMREVPS" Type="N">0.00000</Ratio>
			<Ratio FieldName="QBVPS" Type="N">4.76789</Ratio>
			<Ratio FieldName="QCSHPS" Type="N">4.66273</Ratio>
			<Ratio FieldName="TTMCFSHR" Type="N">-1.23787</Ratio>
			<Ratio FieldName="TTMDIVSHR" Type="N">0.00000</Ratio>
		</Group>
		<Group ID="Other Ratios">
			<Ratio FieldName="TTMGROSMGN" Type="N">-99999.99000</Ratio>
			<Ratio FieldName="TTMROEPCT" Type="N">-31.41864</Ratio>
			<Ratio FieldName="TTMPR2REV" Type="N">-99999.99000</Ratio>
			<Ratio FieldName="PEEXCLXOR" Type="N">-99999.99000</Ratio>
			<Ratio FieldName="PRICE2BK" Type="N">2.85661</Ratio>
			<Ratio FieldName="Employees" Type="N">114</Ratio>
		</Group>
	</Ratios>
	<ForecastData ConsensusType="Mean" CurFiscalYear="2020" CurFiscalYearEndMonth="12" CurInterimEndCalYear="2020" CurInterimEndMonth="12" EarningsBasis="PRX">
		<Ratio FieldName="ConsRecom" Type="N">
			<Value PeriodType="CURR">2.2</Value>
		</Ratio>
		<Ratio FieldName="TargetPrice" Type="N">
			<Value PeriodType="CURR">27.37500</Value>
		</Ratio>
		<Ratio FieldName="ProjLTGrowthRate" Type="N">
			<Value PeriodType="CURR">-99999.99000</Value>
		</Ratio>
		<Ratio FieldName="ProjPE" Type="N">
			<Value PeriodType="CURR">-10.41284</Value>
		</Ratio>
		<Ratio FieldName="ProjSales" Type="N">
			<Value PeriodType="CURR">0.05750</Value>
		</Ratio>
		<Ratio FieldName="ProjSalesQ" Type="N">
			<Value PeriodType="CURR">0.06570</Value>
		</Ratio>
		<Ratio FieldName="ProjEPS" Type="N">
			<Value PeriodType="CURR">-1.30800</Value>
		</Ratio>
		<Ratio FieldName="ProjEPSQ" Type="N">
			<Value PeriodType="CURR">-0.32300</Value>
		</Ratio>
		<Ratio FieldName="ProjProfit" Type="N">
			<Value PeriodType="CURR">-109.30350</Value>
		</Ratio>
		<Ratio FieldName="ProjDPS" Type="N">
			<Value PeriodType="CURR">0.00000</Value>
		</Ratio>
	</ForecastData>
</ReportSnapshot>
