<?xml version="1.0" encoding="UTF-8"?>
<ReportSnapshot Major="1" Minor="0" Revision="1">
	<CoIDs>
		<CoID Type="RepNo">A154F</CoID>
		<CoID Type="CompanyName">Aehr Test Systems</CoID>
		<CoID Type="IRSNo">942424084</CoID>
		<CoID Type="CIKNo">0001040470</CoID>
		<CoID Type="OrganizationPermID">4295905448</CoID>
	</CoIDs>
	<Issues>
		<Issue ID="1" Type="C" Desc="Common Stock" Order="1">
			<IssueID Type="Name">Ordinary Shares</IssueID>
			<IssueID Type="Ticker">AEHR</IssueID>
			<IssueID Type="RIC">AEHR.O</IssueID>
			<IssueID Type="DisplayRIC">AEHR.OQ</IssueID>
			<IssueID Type="InstrumentPI">353158</IssueID>
			<IssueID Type="QuotePI">7646631</IssueID>
			<IssueID Type="InstrumentPermID">8590940950</IssueID>
			<IssueID Type="QuotePermID">55835314602</IssueID>
			<Exchange Code="NASD" Country="USA">NASDAQ</Exchange>
			<GlobalListingType>OSR</GlobalListingType>
		</Issue>
	</Issues>
	<CoGeneralInfo>
		<CoStatus Code="1">Active</CoStatus>
		<CoType Code="EQU">Equity Issue</CoType>
		<LastModified>2021-01-15</LastModified>
		<LatestAvailableAnnual>2020-05-31</LatestAvailableAnnual>
		<LatestAvailableInterim>2020-11-30</LatestAvailableInterim>
		<Employees LastUpdated="2020-05-31">71</Employees>
		<SharesOut Date="2020-12-31" TotalFloat="20184881.0">23491528.0</SharesOut>
		<ReportingCurrency Code="USD">U.S. Dollars</ReportingCurrency>
		<MostRecentExchange Date="2021-02-03">1.0</MostRecentExchange>
	</CoGeneralInfo>
	<TextInfo>
		<Text Type="Business Summary" lastModified="2016-09-12T00:11:59">Aehr Test Systems is engaged in the designing, manufacturing and marketing of advanced test and burn-in products to the semiconductor manufacturing industry. The Company manufactures and markets full wafer contact test systems, test during burn-in systems, test fixtures, die carriers and related accessories. The Company's principal products are the Advanced Burn-In and Test System (ABTS), the FOX full wafer contact parallel test and burn-in systems, WaferPak full wafer contactor, the DiePak carrier and test fixtures. The Company develops, manufactures and sells systems, which are designed to reduce the cost of testing and to perform reliability screening, or burn-in, of complex logic devices, memory integrated circuits (ICs), sensors and optical devices. These systems can be used to perform parallel testing and burn-in of packaged ICs, singulated bare die or ICs still in wafer form.</Text>
		<Text Type="Financial Summary" lastModified="2021-01-15T15:13:00">BRIEF: For the six months ended 30 November 2020, Aehr TestSystems revenues decreased 70% to $3.7M. Net loss increasedfrom $162K to $1.9M. Revenues reflect Systems segmentdecrease of 84% to $972K, Contactors segment decrease of70% to $1.4M, United States segment decrease of 74% to $2M,Asia segment decrease of 59% to $1.6M. Higher net lossreflects Stock-based Compensation in SGA increase of 51% to$399K (expense), Other (expense) income.</Text>
	</TextInfo>
	<contactInfo lastUpdated="2021-01-15T15:13:12">
		<streetAddress line="1">400 Kato Ter</streetAddress>
		<streetAddress line="2"></streetAddress>
		<streetAddress line="3"></streetAddress>
		<city>FREMONT</city>
		<state-region>CA</state-region>
		<postalCode>94539-8332</postalCode>
		<country code="USA">United States</country>
		<contactName></contactName>
		<contactTitle></contactTitle>
		<phone>
			<phone type="mainphone">
				<countryPhoneCode>1</countryPhoneCode>
				<city-areacode>510</city-areacode>
				<number>6239400</number>
			</phone>
			<phone type="mainfax">
				<countryPhoneCode>1</countryPhoneCode>
				<city-areacode>510</city-areacode>
				<number>6239450</number>
			</phone>
		</phone>
	</contactInfo>
	<webLinks lastUpdated="2019-07-29T08:30:01"><webSite mainCategory="Home Page">https://www.aehr.com/</webSite><eMail mainCategory="Company Contact/E-mail">
		</eMail></webLinks>
	<peerInfo lastUpdated="2021-01-15T15:13:12">
		<IndustryInfo>
			<Industry type="TRBC" order="1" reported="0" code="5710102010" mnem="">Semiconductor Equipment &amp; Testing - NEC</Industry>
			<Industry type="NAICS" order="1" reported="0" code="334515" mnem="">Electricity Measuring/Testing Instrument Mfg</Industry>
			<Industry type="NAICS" order="2" reported="0" code="334413" mnem="">Semiconductor &amp; Related Device Mfg</Industry>
			<Industry type="SIC" order="0" reported="1" code="3825" mnem="">Instruments To Measure Electric</Industry>
			<Industry type="SIC" order="1" reported="0" code="3825" mnem="">Instruments To Measure Electric</Industry>
			<Industry type="SIC" order="2" reported="0" code="3674" mnem="">Semiconductors/related Devices</Industry>
		</IndustryInfo>
	</peerInfo>
	<officers>
		<officer rank="1" since="01/03/2012">
			<firstName>Gayn</firstName>
			<mI></mI>
			<lastName>Erickson</lastName>
			<age>54 </age>
			<title startYear="2012" startMonth="01" startDay="03" iD1="CEO" abbr1="CEO" iD2="PRE" abbr2="Pres.">President, Chief Executive Officer, Director</title>
		</officer>
		<officer rank="2" since="09/09/2015">
			<firstName>Kenneth</firstName>
			<mI>B.</mI>
			<lastName>Spink</lastName>
			<age>58 </age>
			<title startYear="2015" startMonth="09" startDay="09" iD1="CFO" abbr1="CFO" iD2="VFN" abbr2="VP-Fin.">Chief Financial Officer, Vice President - Finance</title>
		</officer>
		<officer rank="3" since="06/1998">
			<firstName>Kunio</firstName>
			<mI></mI>
			<lastName>Sano</lastName>
			<age>63 </age>
			<title startYear="2001" startMonth="01" startDay="" iD1="CEX" abbr1="Corp. Exec." iD2="" abbr2="">President of Aehr Test Systems, Japan K.K.</title>
		</officer>
		<officer rank="4" since="10/23/2018">
			<firstName>Vernon</firstName>
			<mI></mI>
			<lastName>Rogers</lastName>
			<age>52 </age>
			<title startYear="2018" startMonth="10" startDay="23" iD1="EVP" abbr1="Exec. VP" iD2="DSL" abbr2="Dir.-Sales">Executive Vice President of Sales and Marketing</title>
		</officer>
		<officer rank="5" since="10/20/2000">
			<firstName>David</firstName>
			<mI>S.</mI>
			<lastName>Hendrickson</lastName>
			<age>62 </age>
			<title startYear="2018" startMonth="03" startDay="" iD1="CTO" abbr1="CTO" iD2="" abbr2="">Chief Technology Officer</title>
		</officer>
		<officer rank="6" since="06/2014">
			<firstName>David</firstName>
			<mI></mI>
			<lastName>Fucci</lastName>
			<age>69 </age>
			<title startYear="2014" startMonth="06" startDay="" iD1="VOP" abbr1="VP-Op." iD2="" abbr2="">Vice President - Operations</title>
		</officer>
		<officer rank="7" since="1998">
			<firstName>Donald</firstName>
			<mI>P.</mI>
			<lastName>Richmond</lastName>
			<age>63 </age>
			<title startYear="2018" startMonth="03" startDay="" iD1="VPR" abbr1="VP" iD2="" abbr2="">Vice President - Engineering</title>
		</officer>
		<officer rank="8" since="1977">
			<firstName>Rhea</firstName>
			<mI>J.</mI>
			<lastName>Posedel</lastName>
			<age>76 </age>
			<title startYear="2013" startMonth="03" startDay="" iD1="DRC" abbr1="Dir." iD2="CHM" abbr2="Chmn.">Chairman of the Board of Directors</title>
		</officer>
	</officers>
	<Ratios PriceCurrency="USD" ReportingCurrency="USD" ExchangeRate="1.00000" LatestAvailableDate="2020-11-30">
		<Group ID="Price and Volume">
			<Ratio FieldName="NPRICE" Type="N">2.61000</Ratio>
			<Ratio FieldName="NHIG" Type="N">2.85000</Ratio>
			<Ratio FieldName="NLOW" Type="N">1.10000</Ratio>
			<Ratio FieldName="PDATE" Type="D">2021-02-04T00:00:00</Ratio>
			<Ratio FieldName="VOL10DAVG" Type="N">0.43409</Ratio>
			<Ratio FieldName="EV" Type="N">59.54289</Ratio>
		</Group>
		<Group ID="Income Statement">
			<Ratio FieldName="MKTCAP" Type="N">61.31289</Ratio>
			<Ratio FieldName="TTMREV" Type="N">13.57900</Ratio>
			<Ratio FieldName="TTMEBITD" Type="N">-6.14100</Ratio>
			<Ratio FieldName="TTMNIAC" Type="N">-4.49900</Ratio>
		</Group>
		<Group ID="Per share data">
			<Ratio FieldName="TTMEPSXCLX" Type="N">-0.19399</Ratio>
			<Ratio FieldName="TTMREVPS" Type="N">0.58379</Ratio>
			<Ratio FieldName="QBVPS" Type="N">0.45949</Ratio>
			<Ratio FieldName="QCSHPS" Type="N">0.14685</Ratio>
			<Ratio FieldName="TTMCFSHR" Type="N">-0.17812</Ratio>
			<Ratio FieldName="TTMDIVSHR" Type="N">0.00000</Ratio>
		</Group>
		<Group ID="Other Ratios">
			<Ratio FieldName="TTMGROSMGN" Type="N">25.78982</Ratio>
			<Ratio FieldName="TTMROEPCT" Type="N">-33.59970</Ratio>
			<Ratio FieldName="TTMPR2REV" Type="N">4.51527</Ratio>
			<Ratio FieldName="PEEXCLXOR" Type="N">-99999.99000</Ratio>
			<Ratio FieldName="PRICE2BK" Type="N">5.68023</Ratio>
			<Ratio FieldName="Employees" Type="N">71</Ratio>
		</Group>
	</Ratios>
	<ForecastData ConsensusType="Mean" CurFiscalYear="2021" CurFiscalYearEndMonth="5" CurInterimEndCalYear="2021" CurInterimEndMonth="2" EarningsBasis="PRX">
		<Ratio FieldName="ConsRecom" Type="N">
			<Value PeriodType="CURR">2</Value>
		</Ratio>
		<Ratio FieldName="TargetPrice" Type="N">
			<Value PeriodType="CURR">3.00000</Value>
		</Ratio>
		<Ratio FieldName="ProjLTGrowthRate" Type="N">
			<Value PeriodType="CURR">20.0000</Value>
		</Ratio>
		<Ratio FieldName="ProjPE" Type="N">
			<Value PeriodType="CURR">-261.00000</Value>
		</Ratio>
		<Ratio FieldName="ProjSales" Type="N">
			<Value PeriodType="CURR">21.74500</Value>
		</Ratio>
		<Ratio FieldName="ProjSalesQ" Type="N">
			<Value PeriodType="CURR">6.56400</Value>
		</Ratio>
		<Ratio FieldName="ProjEPS" Type="N">
			<Value PeriodType="CURR">-0.01000</Value>
		</Ratio>
		<Ratio FieldName="ProjEPSQ" Type="N">
			<Value PeriodType="CURR">0.02000</Value>
		</Ratio>
		<Ratio FieldName="ProjProfit" Type="N">
			<Value PeriodType="CURR">-0.28900</Value>
		</Ratio>
		<Ratio FieldName="ProjDPS" Type="N">
			<Value PeriodType="CURR">-99999.99000</Value>
		</Ratio>
	</ForecastData>
</ReportSnapshot>
