<?xml version="1.0" encoding="UTF-8"?>
<ReportSnapshot Major="1" Minor="0" Revision="1">
	<CoIDs>
		<CoID Type="RepNo">A0CCB</CoID>
		<CoID Type="CompanyName">Advanced Energy Industries, Inc.</CoID>
		<CoID Type="IRSNo">840846841</CoID>
		<CoID Type="CIKNo">0000927003</CoID>
		<CoID Type="OrganizationPermID">4295905452</CoID>
	</CoIDs>
	<Issues>
		<Issue ID="1" Type="C" Desc="Common Stock" Order="1">
			<IssueID Type="Name">Ordinary Shares</IssueID>
			<IssueID Type="Ticker">AEIS</IssueID>
			<IssueID Type="RIC">AEIS.O</IssueID>
			<IssueID Type="DisplayRIC">AEIS.OQ</IssueID>
			<IssueID Type="InstrumentPI">275261</IssueID>
			<IssueID Type="QuotePI">7646639</IssueID>
			<IssueID Type="InstrumentPermID">8590932449</IssueID>
			<IssueID Type="QuotePermID">55835314771</IssueID>
			<Exchange Code="NASD" Country="USA">NASDAQ</Exchange>
			<GlobalListingType>OSR</GlobalListingType>
		</Issue>
	</Issues>
	<CoGeneralInfo>
		<CoStatus Code="1">Active</CoStatus>
		<CoType Code="EQU">Equity Issue</CoType>
		<LastModified>2020-11-09</LastModified>
		<LatestAvailableAnnual>2019-12-31</LatestAvailableAnnual>
		<LatestAvailableInterim>2020-09-30</LatestAvailableInterim>
		<Employees LastUpdated="2019-12-31">10917</Employees>
		<SharesOut Date="2020-11-02" TotalFloat="37727126.0">38272715.0</SharesOut>
		<ReportingCurrency Code="USD">U.S. Dollars</ReportingCurrency>
		<MostRecentExchange Date="2021-02-03">1.0</MostRecentExchange>
	</CoGeneralInfo>
	<TextInfo>
		<Text Type="Business Summary" lastModified="2017-03-13T05:04:01">Advanced Energy Industries, Inc. is a provider of engineered, precision power conversion, measurement and control solutions. The Company is engaged in designing, manufacturing, selling and supporting its power conversion products and solutions that transform power into various forms in various applications ranging from manufacturing and industrial processes to instrumentation, and test and measurement. It also provides repair and maintenance services for all of its products. Its process power systems include direct current (DC), pulsed DC, low frequency, high voltage, and radio frequency (RF) power supplies, matching networks, remote plasma sources for reactive gas applications and RF instrumentation. These power conversion systems refine, modify and control the raw electrical power from a utility and convert it into power that may be customized and is predictable and repeatable. Its power control modules and thermal instrumentation products are used in the semiconductor industry.</Text>
		<Text Type="Financial Summary" lastModified="2020-11-09T11:07:25">BRIEF: For the nine months ended 30 September 2020,Advanced Energy Industries, Inc. revenues increased from$450.7M to $1.04B. Net income before extraordinary itemsincreased from $46M to $93.3M. Revenues reflect Data CenterComputing segment increase from $13.5M to $171.1M,Semiconductor equipment segment increase of 93% to $312.5M,North America segment increase from $203.5M to $504.7M,Asia segment increase from $175.6M to $462.4M.</Text>
	</TextInfo>
	<contactInfo lastUpdated="2020-12-14T18:40:28">
		<streetAddress line="1">1595 WYNKOOP STREET, SUITE 800</streetAddress>
		<streetAddress line="2"></streetAddress>
		<streetAddress line="3"></streetAddress>
		<city>DENVER</city>
		<state-region>CO</state-region>
		<postalCode>80202</postalCode>
		<country code="USA">United States</country>
		<contactName>Brian Smith</contactName>
		<contactTitle>Investor Relations</contactTitle>
		<phone>
			<phone type="mainphone">
				<countryPhoneCode>1</countryPhoneCode>
				<city-areacode>970</city-areacode>
				<number>2214670</number>
			</phone>
			<phone type="mainfax">
				<countryPhoneCode>1</countryPhoneCode>
				<city-areacode>970</city-areacode>
				<number>4075296</number>
			</phone>
			<phone type="contactphone">
				<countryPhoneCode>1</countryPhoneCode>
				<city-areacode>970</city-areacode>
				<number>4076555</number>
			</phone>
		</phone>
	</contactInfo>
	<webLinks lastUpdated="2019-07-14T22:30:04"><webSite mainCategory="Home Page">https://www.advancedenergy.com/</webSite><eMail mainCategory="Company Contact/E-mail">ir@aei.com</eMail></webLinks>
	<peerInfo lastUpdated="2020-12-14T18:40:28">
		<IndustryInfo>
			<Industry type="TRBC" order="1" reported="0" code="5710101010" mnem="">Semiconductors - NEC</Industry>
			<Industry type="NAICS" order="1" reported="0" code="334413" mnem="">Semiconductor &amp; Related Device Mfg</Industry>
			<Industry type="NAICS" order="2" reported="0" code="334419" mnem="">Other Electronic Component Mfg</Industry>
			<Industry type="NAICS" order="3" reported="0" code="335999" mnem="">All Oth Misc Electrical Equip &amp; Component Mfg</Industry>
			<Industry type="SIC" order="0" reported="1" code="3679" mnem="">Electronic Components, Nec</Industry>
			<Industry type="SIC" order="1" reported="0" code="3674" mnem="">Semiconductors/related Devices</Industry>
			<Industry type="SIC" order="2" reported="0" code="3679" mnem="">Electronic Components, Nec</Industry>
			<Industry type="SIC" order="3" reported="0" code="3699" mnem="">Electrical Equip/supplies, Nec</Industry>
		</IndustryInfo>
		<Indexconstituet>S&amp;P 600 Small Cap</Indexconstituet>
	</peerInfo>
	<officers>
		<officer rank="1" since="05/05/2016">
			<firstName>Grant</firstName>
			<mI>H.</mI>
			<lastName>Beard</lastName>
			<age>59 </age>
			<title startYear="2016" startMonth="05" startDay="05" iD1="CHM" abbr1="Chmn." iD2="IND" abbr2="Ind. Dir.">Independent Chairman of the Board</title>
		</officer>
		<officer rank="2" since="08/2007">
			<firstName>Yuval</firstName>
			<mI></mI>
			<lastName>Wasserman</lastName>
			<age>65 </age>
			<title startYear="2020" startMonth="11" startDay="02" iD1="PRE" abbr1="Pres." iD2="CEO" abbr2="CEO">President, Chief Executive Officer, Director</title>
		</officer>
		<officer rank="3" since="05/02/2018">
			<firstName>Paul</firstName>
			<mI>R.</mI>
			<lastName>Oldham</lastName>
			<age>56 </age>
			<title startYear="2018" startMonth="05" startDay="02" iD1="CFO" abbr1="CFO" iD2="EVP" abbr2="Exec. VP">Chief Financial Officer, Executive Vice President</title>
		</officer>
		<officer rank="4" since="08/2011">
			<firstName>Thomas</firstName>
			<mI>O.</mI>
			<lastName>McGimpsey</lastName>
			<age>58 </age>
			<title startYear="2018" startMonth="05" startDay="02" iD1="EVP" abbr1="Exec. VP" iD2="GCN" abbr2="Counsel">Executive Vice President, General Counsel, Governmental Affairs and Corporate Secretary</title>
		</officer>
	</officers>
	<Ratios PriceCurrency="USD" ReportingCurrency="USD" ExchangeRate="1.00000" LatestAvailableDate="2020-09-30">
		<Group ID="Price and Volume">
			<Ratio FieldName="NPRICE" Type="N">113.03000</Ratio>
			<Ratio FieldName="NHIG" Type="N">125.55000</Ratio>
			<Ratio FieldName="NLOW" Type="N">33.38000</Ratio>
			<Ratio FieldName="PDATE" Type="D">2021-02-04T00:00:00</Ratio>
			<Ratio FieldName="VOL10DAVG" Type="N">0.27855</Ratio>
			<Ratio FieldName="EV" Type="N">4220.68100</Ratio>
		</Group>
		<Group ID="Income Statement">
			<Ratio FieldName="MKTCAP" Type="N">4325.96500</Ratio>
			<Ratio FieldName="TTMREV" Type="N">1383.12500</Ratio>
			<Ratio FieldName="TTMEBITD" Type="N">233.29600</Ratio>
			<Ratio FieldName="TTMNIAC" Type="N">103.72900</Ratio>
		</Group>
		<Group ID="Per share data">
			<Ratio FieldName="TTMEPSXCLX" Type="N">2.69259</Ratio>
			<Ratio FieldName="TTMREVPS" Type="N">35.88687</Ratio>
			<Ratio FieldName="QBVPS" Type="N">20.07086</Ratio>
			<Ratio FieldName="QCSHPS" Type="N">11.27660</Ratio>
			<Ratio FieldName="TTMCFSHR" Type="N">3.89318</Ratio>
			<Ratio FieldName="TTMDIVSHR" Type="N">0.00000</Ratio>
		</Group>
		<Group ID="Other Ratios">
			<Ratio FieldName="TTMGROSMGN" Type="N">36.77289</Ratio>
			<Ratio FieldName="TTMROEPCT" Type="N">14.53012</Ratio>
			<Ratio FieldName="TTMPR2REV" Type="N">3.12767</Ratio>
			<Ratio FieldName="PEEXCLXOR" Type="N">41.97817</Ratio>
			<Ratio FieldName="PRICE2BK" Type="N">5.63155</Ratio>
			<Ratio FieldName="Employees" Type="N">10917</Ratio>
		</Group>
	</Ratios>
	<ForecastData ConsensusType="Mean" CurFiscalYear="2020" CurFiscalYearEndMonth="12" CurInterimEndCalYear="2020" CurInterimEndMonth="12" EarningsBasis="PRX">
		<Ratio FieldName="ConsRecom" Type="N">
			<Value PeriodType="CURR">2.3</Value>
		</Ratio>
		<Ratio FieldName="TargetPrice" Type="N">
			<Value PeriodType="CURR">84.50000</Value>
		</Ratio>
		<Ratio FieldName="ProjLTGrowthRate" Type="N">
			<Value PeriodType="CURR">-99999.99000</Value>
		</Ratio>
		<Ratio FieldName="ProjPE" Type="N">
			<Value PeriodType="CURR">22.18058</Value>
		</Ratio>
		<Ratio FieldName="ProjSales" Type="N">
			<Value PeriodType="CURR">1409.55860</Value>
		</Ratio>
		<Ratio FieldName="ProjSalesQ" Type="N">
			<Value PeriodType="CURR">364.65700</Value>
		</Ratio>
		<Ratio FieldName="ProjEPS" Type="N">
			<Value PeriodType="CURR">5.09590</Value>
		</Ratio>
		<Ratio FieldName="ProjEPSQ" Type="N">
			<Value PeriodType="CURR">1.35350</Value>
		</Ratio>
		<Ratio FieldName="ProjProfit" Type="N">
			<Value PeriodType="CURR">195.77140</Value>
		</Ratio>
		<Ratio FieldName="ProjDPS" Type="N">
			<Value PeriodType="CURR">0.00000</Value>
		</Ratio>
	</ForecastData>
</ReportSnapshot>
