<?xml version="1.0" encoding="UTF-8"?>
<ReportSnapshot Major="1" Minor="0" Revision="1">
	<CoIDs>
		<CoID Type="RepNo">0401N</CoID>
		<CoID Type="CompanyName">American Electric Power Company Inc</CoID>
		<CoID Type="IRSNo">134922640</CoID>
		<CoID Type="CIKNo">0000004904</CoID>
		<CoID Type="OrganizationPermID">4295903333</CoID>
	</CoIDs>
	<Issues>
		<Issue ID="1" Type="C" Desc="Common Stock" Order="1">
			<IssueID Type="Name">Ordinary Shares</IssueID>
			<IssueID Type="Ticker">AEP</IssueID>
			<IssueID Type="RIC">AEP.O</IssueID>
			<IssueID Type="DisplayRIC">AEP.OQ</IssueID>
			<IssueID Type="InstrumentPI">259527</IssueID>
			<IssueID Type="QuotePI">1089472</IssueID>
			<IssueID Type="InstrumentPermID">8590932322</IssueID>
			<IssueID Type="QuotePermID">55838319673</IssueID>
			<Exchange Code="NASD" Country="USA">NASDAQ</Exchange>
			<GlobalListingType>OSR</GlobalListingType>
		</Issue>
		<Issue ID="2" Type="P" Desc="Preferred Stock" Order="1">
			<IssueID Type="Name">4%-5% Preference Shares</IssueID>
			<IssueID Type="InstrumentPI">103436253</IssueID>
			<IssueID Type="InstrumentPermID">21491124891</IssueID>
			<Exchange Code="NYSE" Country="USA">New York Stock Exchange</Exchange>
		</Issue>
		<Issue ID="3" Type="P" Desc="Preferred Stock" Order="2">
			<IssueID Type="Name">5.9%-5.92% Preference Shares</IssueID>
			<IssueID Type="InstrumentPI">103436270</IssueID>
			<IssueID Type="InstrumentPermID">21491124892</IssueID>
			<Exchange Code="NYSE" Country="USA">New York Stock Exchange</Exchange>
		</Issue>
		<Issue ID="4" Type="P" Desc="Preferred Stock" Order="3">
			<IssueID Type="Name">6.02%-6.78% Preference Shares</IssueID>
			<IssueID Type="InstrumentPI">103436277</IssueID>
			<IssueID Type="InstrumentPermID">21491124893</IssueID>
			<Exchange Code="NYSE" Country="USA">New York Stock Exchange</Exchange>
		</Issue>
		<Issue ID="5" Type="P" Desc="Preferred Stock" Order="4">
			<IssueID Type="Name">7% Preference Shares</IssueID>
			<IssueID Type="InstrumentPI">103436278</IssueID>
			<IssueID Type="InstrumentPermID">21491124894</IssueID>
			<Exchange Code="NYSE" Country="USA">New York Stock Exchange</Exchange>
		</Issue>
	</Issues>
	<CoGeneralInfo>
		<CoStatus Code="1">Active</CoStatus>
		<CoType Code="EQU">Equity Issue</CoType>
		<LastModified>2020-10-22</LastModified>
		<LatestAvailableAnnual>2019-12-31</LatestAvailableAnnual>
		<LatestAvailableInterim>2020-09-30</LatestAvailableInterim>
		<Employees LastUpdated="2019-12-31">17408</Employees>
		<SharesOut Date="2020-11-05" TotalFloat="496336069.0">496389534.0</SharesOut>
		<ReportingCurrency Code="USD">U.S. Dollars</ReportingCurrency>
		<MostRecentExchange Date="2021-02-03">1.0</MostRecentExchange>
	</CoGeneralInfo>
	<TextInfo>
		<Text Type="Business Summary" lastModified="2017-03-13T05:06:36">American Electric Power Company, Inc. (AEP) is a public utility holding company that owns, directly or indirectly, all of the outstanding common stock of its public utility subsidiaries and varying percentages of other subsidiaries. The service areas of the Company's public utility subsidiaries cover the states of Arkansas, Indiana, Kentucky, Louisiana, Michigan, Ohio, Oklahoma, Tennessee, Texas, Virginia and West Virginia. The Company's segments include Vertically Integrated Utilities, Transmission and Distribution Utilities, AEP Transmission Holdco, and Generation &amp; Marketing. AEP's vertically integrated utility operations are engaged in the generation, transmission and distribution of electricity for sale to retail and wholesale customers. Transmission and Distribution Utilities segment consists of the transmission and distribution of electricity for sale to retail and wholesale customers. AEP Transmission Holdco develops, constructs and operates transmission facilities.</Text>
		<Text Type="Financial Summary" lastModified="2020-10-22T12:20:55">BRIEF: For the nine months ended 30 September 2020,American Electric Power Company Inc revenues decreased 5%to $11.31B. Net income decreased less than 1% to $1.76B.Revenues reflect Vertically integrated Utilities segmentdecrease of 66% to $2.4B, Transmission &amp; Distributionutilities segment decrease of 66% to $1.12B. Net incomereflects Fuel and Other Consumables Used for Elec decreaseof 29% to $1.17B (expense).</Text>
	</TextInfo>
	<contactInfo lastUpdated="2021-01-29T02:35:21">
		<streetAddress line="1">1 Riverside Plz</streetAddress>
		<streetAddress line="2"></streetAddress>
		<streetAddress line="3"></streetAddress>
		<city>COLUMBUS</city>
		<state-region>OH</state-region>
		<postalCode>43215-2355</postalCode>
		<country code="USA">United States</country>
		<contactName>Darcy Reese</contactName>
		<contactTitle>Managing Director, AEP Investor Relations</contactTitle>
		<phone>
			<phone type="mainphone">
				<countryPhoneCode>1</countryPhoneCode>
				<city-areacode>614</city-areacode>
				<number>7161000</number>
			</phone>
			<phone type="contactphone">
				<countryPhoneCode>1</countryPhoneCode>
				<city-areacode>614</city-areacode>
				<number>7162614</number>
			</phone>
		</phone>
	</contactInfo>
	<webLinks lastUpdated="2012-05-10T03:40:20"><webSite mainCategory="Home Page">http://www.aep.com/</webSite><eMail mainCategory="Company Contact/E-mail">
		</eMail></webLinks>
	<peerInfo lastUpdated="2021-01-29T02:35:21">
		<IndustryInfo>
			<Industry type="TRBC" order="1" reported="0" code="5910101010" mnem="">Electric Utilities - NEC</Industry>
			<Industry type="NAICS" order="1" reported="0" code="221122" mnem="">Electric Power Distribution</Industry>
			<Industry type="NAICS" order="2" reported="0" code="221112" mnem="">Fossil Fuel Electric Power Generation</Industry>
			<Industry type="NAICS" order="3" reported="0" code="221113" mnem="">Nuclear Electric Power Generation</Industry>
			<Industry type="NAICS" order="4" reported="0" code="221121" mnem="">Electric Bulk Power Transmission &amp; Control</Industry>
			<Industry type="NAICS" order="5" reported="0" code="221111" mnem="">Hydroelectric Power Generation</Industry>
			<Industry type="NAICS" order="6" reported="0" code="221119" mnem="">Other Electric Power Generation</Industry>
			<Industry type="NAICS" order="7" reported="0" code="551112" mnem="">Offices of Other Holding Companies</Industry>
			<Industry type="SIC" order="0" reported="1" code="4911" mnem="">Electric Services</Industry>
			<Industry type="SIC" order="1" reported="0" code="4911" mnem="">Electric Services</Industry>
			<Industry type="SIC" order="2" reported="0" code="6719" mnem="">Holding Companies, Nec</Industry>
		</IndustryInfo>
		<Indexconstituet>S&amp;P 500</Indexconstituet>
		<Indexconstituet>Dow Utility</Indexconstituet>
	</peerInfo>
	<officers>
		<officer rank="1" since="08/2006">
			<firstName>Nicholas</firstName>
			<mI>K.</mI>
			<lastName>Akins</lastName>
			<age>59 </age>
			<title startYear="2014" startMonth="01" startDay="01" iD1="CHM" abbr1="Chmn." iD2="PRE" abbr2="Pres.">Chairman of the Board, President, Chief Executive Officer</title>
		</officer>
		<officer rank="2" since="08/31/2004">
			<firstName>Julia</firstName>
			<mI>A.</mI>
			<lastName>Sloat</lastName>
			<age>50 </age>
			<title startYear="2021" startMonth="01" startDay="01" iD1="CFO" abbr1="CFO" iD2="EVP" abbr2="Exec. VP">Chief Financial Officer, Executive Vice President</title>
		</officer>
		<officer rank="3" since="08/2011">
			<firstName>Lisa</firstName>
			<mI>M.</mI>
			<lastName>Barton</lastName>
			<age>55 </age>
			<title startYear="2020" startMonth="11" startDay="02" iD1="COO" abbr1="COO" iD2="EVP" abbr2="Exec. VP">Chief Operating Officer, Executive Vice President</title>
		</officer>
		<officer rank="4" since="12/17/2012">
			<firstName>Lana</firstName>
			<mI>L.</mI>
			<lastName>Hillebrand</lastName>
			<age>59 </age>
			<title startYear="2017" startMonth="01" startDay="01" iD1="EVP" abbr1="Exec. VP" iD2="CAD" abbr2="Chief Admin.">Executive Vice President, Chief Administrative Officer</title>
		</officer>
		<officer rank="5" since="01/01/2012">
			<firstName>David</firstName>
			<mI>M.</mI>
			<lastName>Feinberg</lastName>
			<age>50 </age>
			<title startYear="2013" startMonth="01" startDay="" iD1="EVP" abbr1="Exec. VP" iD2="GCN" abbr2="Counsel">Executive Vice President, General Counsel, Secretary</title>
		</officer>
		<officer rank="6" since="01/01/2017">
			<firstName>Paul</firstName>
			<mI></mI>
			<lastName>Chodak</lastName>
			<age>56 </age>
			<title startYear="2019" startMonth="01" startDay="01" iD1="EVP" abbr1="Exec. VP" iD2="" abbr2="">Executive Vice President - Generation</title>
		</officer>
		<officer rank="7" since="01/2011">
			<firstName>Mark</firstName>
			<mI>C.</mI>
			<lastName>McCullough</lastName>
			<age>60 </age>
			<title startYear="2019" startMonth="01" startDay="01" iD1="EVP" abbr1="Exec. VP" iD2="" abbr2="">Executive Vice President -  Transmission</title>
		</officer>
		<officer rank="8" since="10/01/2009">
			<firstName>Charles</firstName>
			<mI>R.</mI>
			<lastName>Patton</lastName>
			<age>60 </age>
			<title startYear="2017" startMonth="01" startDay="01" iD1="EVP" abbr1="Exec. VP" iD2="" abbr2="">Executive Vice President - External Affairs for AEP</title>
		</officer>
		<officer rank="9" since="01/01/2008">
			<firstName>Brian</firstName>
			<mI>X.</mI>
			<lastName>Tierney</lastName>
			<age>52 </age>
			<title startYear="2021" startMonth="01" startDay="01" iD1="EVP" abbr1="Exec. VP" iD2="" abbr2="">Executive Vice President - Strategy</title>
		</officer>
		<officer rank="10" since="01/2013">
			<firstName>Charles</firstName>
			<mI>E.</mI>
			<lastName>Zebula</lastName>
			<age>59 </age>
			<title startYear="2013" startMonth="01" startDay="" iD1="EVP" abbr1="Exec. VP" iD2="" abbr2="">Executive Vice President - Energy Supply</title>
		</officer>
	</officers>
	<Ratios PriceCurrency="USD" ReportingCurrency="USD" ExchangeRate="1.00000" LatestAvailableDate="2020-09-30">
		<Group ID="Price and Volume">
			<Ratio FieldName="NPRICE" Type="N">82.21000</Ratio>
			<Ratio FieldName="NHIG" Type="N">104.63070</Ratio>
			<Ratio FieldName="NLOW" Type="N">65.13500</Ratio>
			<Ratio FieldName="PDATE" Type="D">2021-02-04T00:00:00</Ratio>
			<Ratio FieldName="VOL10DAVG" Type="N">2.57462</Ratio>
			<Ratio FieldName="EV" Type="N">72653.58000</Ratio>
		</Group>
		<Group ID="Income Statement">
			<Ratio FieldName="MKTCAP" Type="N">40808.18000</Ratio>
			<Ratio FieldName="TTMREV" Type="N">14923.90000</Ratio>
			<Ratio FieldName="TTMEBITD" Type="N">5523.30000</Ratio>
			<Ratio FieldName="TTMNIAC" Type="N">1918.10000</Ratio>
		</Group>
		<Group ID="Per share data">
			<Ratio FieldName="TTMEPSXCLX" Type="N">3.86403</Ratio>
			<Ratio FieldName="TTMREVPS" Type="N">30.09769</Ratio>
			<Ratio FieldName="QBVPS" Type="N">41.17762</Ratio>
			<Ratio FieldName="QCSHPS" Type="N">1.24651</Ratio>
			<Ratio FieldName="TTMCFSHR" Type="N">9.04490</Ratio>
			<Ratio FieldName="TTMDIVSHR" Type="N">2.80000</Ratio>
		</Group>
		<Group ID="Other Ratios">
			<Ratio FieldName="TTMGROSMGN" Type="N">44.37573</Ratio>
			<Ratio FieldName="TTMROEPCT" Type="N">9.53676</Ratio>
			<Ratio FieldName="TTMPR2REV" Type="N">2.73442</Ratio>
			<Ratio FieldName="PEEXCLXOR" Type="N">21.27571</Ratio>
			<Ratio FieldName="PRICE2BK" Type="N">1.99647</Ratio>
			<Ratio FieldName="Employees" Type="N">17408</Ratio>
		</Group>
	</Ratios>
	<ForecastData ConsensusType="Mean" CurFiscalYear="2020" CurFiscalYearEndMonth="12" CurInterimEndCalYear="2020" CurInterimEndMonth="12" EarningsBasis="PRX">
		<Ratio FieldName="ConsRecom" Type="N">
			<Value PeriodType="CURR">2.2353</Value>
		</Ratio>
		<Ratio FieldName="TargetPrice" Type="N">
			<Value PeriodType="CURR">92.75000</Value>
		</Ratio>
		<Ratio FieldName="ProjLTGrowthRate" Type="N">
			<Value PeriodType="CURR">6.3000</Value>
		</Ratio>
		<Ratio FieldName="ProjPE" Type="N">
			<Value PeriodType="CURR">18.92800</Value>
		</Ratio>
		<Ratio FieldName="ProjSales" Type="N">
			<Value PeriodType="CURR">15708.26280</Value>
		</Ratio>
		<Ratio FieldName="ProjSalesQ" Type="N">
			<Value PeriodType="CURR">3951.52530</Value>
		</Ratio>
		<Ratio FieldName="ProjEPS" Type="N">
			<Value PeriodType="CURR">4.34330</Value>
		</Ratio>
		<Ratio FieldName="ProjEPSQ" Type="N">
			<Value PeriodType="CURR">0.78400</Value>
		</Ratio>
		<Ratio FieldName="ProjProfit" Type="N">
			<Value PeriodType="CURR">2146.76770</Value>
		</Ratio>
		<Ratio FieldName="ProjDPS" Type="N">
			<Value PeriodType="CURR">2.83880</Value>
		</Ratio>
	</ForecastData>
</ReportSnapshot>
