<?xml version="1.0" encoding="UTF-8"?>
<ReportSnapshot Major="1" Minor="0" Revision="1">
	<CoIDs>
		<CoID Type="RepNo">01BB8</CoID>
		<CoID Type="CompanyName">Allied Esports Entertainment Inc</CoID>
		<CoID Type="IRSNo">821659427</CoID>
		<CoID Type="CIKNo">0001708341</CoID>
		<CoID Type="OrganizationPermID">5057826821</CoID>
	</CoIDs>
	<Issues>
		<Issue ID="2" Type="C" Desc="Common Stock" Order="1">
			<IssueID Type="Name">Ordinary Shares</IssueID>
			<IssueID Type="Ticker">AESE</IssueID>
			<IssueID Type="RIC">AESE.O</IssueID>
			<IssueID Type="DisplayRIC">AESE.OQ</IssueID>
			<IssueID Type="InstrumentPI">276548759</IssueID>
			<IssueID Type="QuotePI">276548766</IssueID>
			<IssueID Type="InstrumentPermID">25727417678</IssueID>
			<IssueID Type="QuotePermID">25727417677</IssueID>
			<Exchange Code="NASD" Country="USA">NASDAQ</Exchange>
			<GlobalListingType>OSR</GlobalListingType>
		</Issue>
	</Issues>
	<CoGeneralInfo>
		<CoStatus Code="1">Active</CoStatus>
		<CoType Code="EQU">Equity Issue</CoType>
		<LastModified>2020-11-13</LastModified>
		<LatestAvailableAnnual>2019-12-31</LatestAvailableAnnual>
		<LatestAvailableInterim>2020-09-30</LatestAvailableInterim>
		<Employees LastUpdated="2020-03-13">146</Employees>
		<SharesOut Date="2021-01-28" TotalFloat="18525100.0">39139502.0</SharesOut>
		<ReportingCurrency Code="USD">U.S. Dollars</ReportingCurrency>
		<MostRecentExchange Date="2021-02-03">1.0</MostRecentExchange>
	</CoGeneralInfo>
	<TextInfo>
		<Text Type="Business Summary" lastModified="2019-08-12T14:06:26">Allied Esports Entertainment, Inc., formerly Black Ridge Acquisition Corp., is a global esports entertainment company. The Company is focused on providing transformative live experiences, multiplatform content and interactive services to audiences worldwide through its entertainment brands: Allied Esports and the World Poker Tour (WPT). Its Allied Esports is an esports company comprised of a global network of dedicated esports properties and content production facilities. It is focused on connecting players, streamers and fans around the world through integrated arenas, including its flagship venue, HyperX Esports Arena Las Vegas, its fleet of mobile esports trucks, the HyperX Esports Trucks, and affiliate members of the Allied Esports Property Network, which serve as both competition battlegrounds and everyday content generation hubs. Its World Poker Tour is an internationally televised gaming and entertainment brand. </Text>
		<Text Type="Financial Summary" lastModified="2020-11-13T03:59:59">BRIEF: For the nine months ended 30 September 2020, AlliedEsports Entertainment Inc revenues decreased 16% to $16.5M.Net loss increased from $10.9M to $26.2M. Revenues reflecta decrease in demand for the Company's products andservices due to unfavorable market conditions. Higher netloss reflects E-sports segment loss totaling $11.6M vs.income of $3M, Corporate segment loss totaling $5.7M vs.income of $661K.</Text>
	</TextInfo>
	<contactInfo lastUpdated="2021-01-20T09:43:04">
		<streetAddress line="1">17877 Von Karman Ave Ste 300</streetAddress>
		<streetAddress line="2"></streetAddress>
		<streetAddress line="3"></streetAddress>
		<city>IRVINE</city>
		<state-region>CA</state-region>
		<postalCode>92614-4267</postalCode>
		<country code="USA">United States</country>
		<contactName>Lasse Glassen</contactName>
		<contactTitle>IR Contact Officer</contactTitle>
		<phone>
			<phone type="mainphone">
				<countryPhoneCode>1</countryPhoneCode>
				<city-areacode>949</city-areacode>
				<number>2252600</number>
			</phone>
			<phone type="mainfax">
				<countryPhoneCode>1</countryPhoneCode>
				<city-areacode>302</city-areacode>
				<number>6555049</number>
			</phone>
			<phone type="contactphone">
				<countryPhoneCode>1</countryPhoneCode>
				<city-areacode>424</city-areacode>
				<number>2386249</number>
			</phone>
		</phone>
	</contactInfo>
	<webLinks lastUpdated="2019-08-30T10:30:01"><webSite mainCategory="Home Page">https://ir.alliedesportsent.com/</webSite><eMail mainCategory="Company Contact/E-mail">lglassen@addoir.com</eMail></webLinks>
	<peerInfo lastUpdated="2021-01-20T09:43:04">
		<IndustryInfo>
			<Industry type="TRBC" order="1" reported="0" code="5720103016" mnem="">Internet Gaming</Industry>
			<Industry type="NAICS" order="1" reported="0" code="519130" mnem="">Internet Publishing and Broadcasting and Web Search Portals</Industry>
			<Industry type="NAICS" order="2" reported="0" code="713290" mnem="">Other Gambling Industries</Industry>
			<Industry type="SIC" order="1" reported="0" code="7375" mnem="">Information Retrieval Services</Industry>
			<Industry type="SIC" order="2" reported="0" code="7999" mnem="">Amusement And Recreation, Nec</Industry>
		</IndustryInfo>
	</peerInfo>
	<officers>
		<officer rank="1" since="2019">
			<firstName>Lyle</firstName>
			<mI>A.</mI>
			<lastName>Berman</lastName>
			<age>77 </age>
			<title startYear="2019" startMonth="" startDay="" iD1="CHM" abbr1="Chmn." iD2="DRC" abbr2="Dir.">Chairman of the Board</title>
		</officer>
		<officer rank="2" since="08/2019">
			<firstName>Adam</firstName>
			<mI></mI>
			<lastName>Pliska</lastName>
			<age>47 </age>
			<title startYear="2019" startMonth="08" startDay="" iD1="PRE" abbr1="Pres." iD2="DRC" abbr2="Dir.">President, Director and President and Chief Executive Officer of WPT</title>
		</officer>
		<officer rank="3" since="08/2019">
			<firstName>Kwok</firstName>
			<mI></mI>
			<lastName>Frank Ng</lastName>
			<age>50 </age>
			<title startYear="2019" startMonth="08" startDay="" iD1="CEO" abbr1="CEO" iD2="DRC" abbr2="Dir.">Chief Executive Officer, Director</title>
		</officer>
		<officer rank="4" since="NA">
			<firstName>Judson</firstName>
			<mI></mI>
			<lastName>Hannigan</lastName>
			<age></age>
			<title startYear="NA" startMonth="" startDay="" iD1="CEO" abbr1="CEO" iD2="" abbr2="">Chief Executive Officer- Allied Esports</title>
		</officer>
		<officer rank="5" since="09/24/2019">
			<firstName>Anthony</firstName>
			<mI>A.</mI>
			<lastName>Hung</lastName>
			<age>52 </age>
			<title startYear="2019" startMonth="09" startDay="24" iD1="CFO" abbr1="CFO" iD2="" abbr2="">Chief Financial Officer</title>
		</officer>
		<officer rank="6" since="08/2019">
			<firstName>David</firstName>
			<mI></mI>
			<lastName>Moon</lastName>
			<age>47 </age>
			<title startYear="2019" startMonth="08" startDay="" iD1="COO" abbr1="COO" iD2="" abbr2="">Chief Operating Officer</title>
		</officer>
	</officers>
	<Ratios PriceCurrency="USD" ReportingCurrency="USD" ExchangeRate="1.00000" LatestAvailableDate="2020-09-30">
		<Group ID="Price and Volume">
			<Ratio FieldName="NPRICE" Type="N">2.06000</Ratio>
			<Ratio FieldName="NHIG" Type="N">5.94000</Ratio>
			<Ratio FieldName="NLOW" Type="N">0.40000</Ratio>
			<Ratio FieldName="PDATE" Type="D">2021-02-04T00:00:00</Ratio>
			<Ratio FieldName="VOL10DAVG" Type="N">5.91169</Ratio>
			<Ratio FieldName="EV" Type="N">82.45064</Ratio>
		</Group>
		<Group ID="Income Statement">
			<Ratio FieldName="MKTCAP" Type="N">80.62737</Ratio>
			<Ratio FieldName="TTMREV" Type="N">22.97270</Ratio>
			<Ratio FieldName="TTMEBITD" Type="N">-12.88579</Ratio>
			<Ratio FieldName="TTMNIAC" Type="N">-32.02590</Ratio>
		</Group>
		<Group ID="Per share data">
			<Ratio FieldName="TTMEPSXCLX" Type="N">-1.25584</Ratio>
			<Ratio FieldName="TTMREVPS" Type="N">0.89365</Ratio>
			<Ratio FieldName="QBVPS" Type="N">1.37440</Ratio>
			<Ratio FieldName="QCSHPS" Type="N">0.18046</Ratio>
			<Ratio FieldName="TTMCFSHR" Type="N">-0.97491</Ratio>
			<Ratio FieldName="TTMDIVSHR" Type="N">0.00000</Ratio>
		</Group>
		<Group ID="Other Ratios">
			<Ratio FieldName="TTMGROSMGN" Type="N">60.53703</Ratio>
			<Ratio FieldName="TTMROEPCT" Type="N">-68.33043</Ratio>
			<Ratio FieldName="TTMPR2REV" Type="N">3.50970</Ratio>
			<Ratio FieldName="PEEXCLXOR" Type="N">-99999.99000</Ratio>
			<Ratio FieldName="PRICE2BK" Type="N">1.49884</Ratio>
			<Ratio FieldName="Employees" Type="N">146</Ratio>
		</Group>
	</Ratios>
	<ForecastData ConsensusType="Mean" CurFiscalYear="2020" CurFiscalYearEndMonth="12" CurInterimEndCalYear="2020" CurInterimEndMonth="12" EarningsBasis="REP">
		<Ratio FieldName="ConsRecom" Type="N">
			<Value PeriodType="CURR">2</Value>
		</Ratio>
		<Ratio FieldName="TargetPrice" Type="N">
			<Value PeriodType="CURR">4.12500</Value>
		</Ratio>
		<Ratio FieldName="ProjLTGrowthRate" Type="N">
			<Value PeriodType="CURR">-99999.99000</Value>
		</Ratio>
		<Ratio FieldName="ProjPE" Type="N">
			<Value PeriodType="CURR">-1.91628</Value>
		</Ratio>
		<Ratio FieldName="ProjSales" Type="N">
			<Value PeriodType="CURR">22.74550</Value>
		</Ratio>
		<Ratio FieldName="ProjSalesQ" Type="N">
			<Value PeriodType="CURR">6.22950</Value>
		</Ratio>
		<Ratio FieldName="ProjEPS" Type="N">
			<Value PeriodType="CURR">-1.07500</Value>
		</Ratio>
		<Ratio FieldName="ProjEPSQ" Type="N">
			<Value PeriodType="CURR">-0.13000</Value>
		</Ratio>
		<Ratio FieldName="ProjProfit" Type="N">
			<Value PeriodType="CURR">-29.24300</Value>
		</Ratio>
		<Ratio FieldName="ProjDPS" Type="N">
			<Value PeriodType="CURR">-99999.99000</Value>
		</Ratio>
	</ForecastData>
</ReportSnapshot>
