<?xml version="1.0" encoding="UTF-8"?>
<ReportSnapshot Major="1" Minor="0" Revision="1">
	<CoIDs>
		<CoID Type="RepNo">A228A</CoID>
		<CoID Type="CompanyName">ADDvantage Technologies Group, Inc.</CoID>
		<CoID Type="IRSNo">731351610</CoID>
		<CoID Type="CIKNo">0000874292</CoID>
		<CoID Type="OrganizationPermID">4295912393</CoID>
	</CoIDs>
	<Issues>
		<Issue ID="3" Type="C" Desc="Common Stock" Order="1">
			<IssueID Type="Name">Ordinary Shares</IssueID>
			<IssueID Type="Ticker">AEY</IssueID>
			<IssueID Type="RIC">AEY.O</IssueID>
			<IssueID Type="DisplayRIC">AEY.OQ</IssueID>
			<IssueID Type="InstrumentPI">258625</IssueID>
			<IssueID Type="QuotePI">1161379</IssueID>
			<IssueID Type="InstrumentPermID">8590928529</IssueID>
			<IssueID Type="QuotePermID">55835315461</IssueID>
			<Exchange Code="NASD" Country="USA">NASDAQ</Exchange>
			<GlobalListingType>OSR</GlobalListingType>
		</Issue>
		<Issue ID="2" Type="P" Desc="Preferred Stock" Order="1">
			<IssueID Type="Name">Preference Shares Series B</IssueID>
			<IssueID Type="InstrumentPI">86372336</IssueID>
			<IssueID Type="InstrumentPermID">21475822381</IssueID>
			<Exchange Code="NASD" Country="USA">NASDAQ</Exchange>
		</Issue>
	</Issues>
	<CoGeneralInfo>
		<CoStatus Code="1">Active</CoStatus>
		<CoType Code="EQU">Equity Issue</CoType>
		<LastModified>2021-01-13</LastModified>
		<LatestAvailableAnnual>2020-09-30</LatestAvailableAnnual>
		<LatestAvailableInterim>2020-09-30</LatestAvailableInterim>
		<Employees LastUpdated="2020-09-30">123</Employees>
		<SharesOut Date="2020-12-15" TotalFloat="5896728.0">12031380.0</SharesOut>
		<ReportingCurrency Code="USD">U.S. Dollars</ReportingCurrency>
		<MostRecentExchange Date="2021-02-03">1.0</MostRecentExchange>
	</CoGeneralInfo>
	<TextInfo>
		<Text Type="Business Summary" lastModified="2019-07-02T09:00:50">ADDvantage Technologies Group, Inc., through its subsidiaries, distributes and services a range of electronics and hardware for the telecommunications industries. The Company operates through Telecommunications (Telco) segment. The Company's Telco segment offers its customers a range of used telecommunication equipment across various manufacturers consisting of component parts to expand capacity, provides spares or replaces non-working components. The Telco segment's switching equipment products originate, terminate and route voice traffic. Its central office equipment includes optical, switching and data equipment on a customer's communication network. Its data equipment products transport Internet and voice over Internet protocol (VOIP) traffic through routers. The Company also offers customers decommissioning services for surplus and obsolete equipment, which it then processes through its recycling program.</Text>
		<Text Type="Financial Summary" lastModified="2021-01-13T04:23:17">BRIEF: For the fiscal year ended 30 September 2020,ADDvantage Technologies Group, Inc. revenues decreased 9%to $50.2M. Net loss before extraordinary items increasedfrom $4M to $17.3M. Revenues reflect Telco segment decreaseof 11% to $28.9M, Wireless segment decrease of 7% to $21.4M, United States segment decrease of 8% to $48.2M, Canada,Central america, Asia, Europe, South America and Othsegment decrease of 19% to $1.9M.</Text>
	</TextInfo>
	<contactInfo lastUpdated="2021-01-13T04:23:30">
		<streetAddress line="1">1221 E Houston St</streetAddress>
		<streetAddress line="2"></streetAddress>
		<streetAddress line="3"></streetAddress>
		<city>BROKEN ARROW</city>
		<state-region>OK</state-region>
		<postalCode>74012-4405</postalCode>
		<country code="USA">United States</country>
		<contactName></contactName>
		<contactTitle></contactTitle>
		<phone>
			<phone type="mainphone">
				<countryPhoneCode>1</countryPhoneCode>
				<city-areacode>918</city-areacode>
				<number>2519121</number>
			</phone>
			<phone type="mainfax">
				<countryPhoneCode>1</countryPhoneCode>
				<city-areacode>918</city-areacode>
				<number>2510792</number>
			</phone>
		</phone>
	</contactInfo>
	<webLinks lastUpdated="2017-04-26T05:30:04"><webSite mainCategory="Home Page">http://www.addvantagetechnologies.com/</webSite><eMail mainCategory="Company Contact/E-mail">
		</eMail></webLinks>
	<peerInfo lastUpdated="2021-01-13T04:23:30">
		<IndustryInfo>
			<Industry type="TRBC" order="1" reported="0" code="5710201010" mnem="">Communications &amp; Networking - NEC</Industry>
			<Industry type="NAICS" order="1" reported="0" code="423690" mnem="">Other Electronic Parts and Equipment Merchant Wholesalers</Industry>
			<Industry type="NAICS" order="2" reported="0" code="811219" mnem="">Other Electronic &amp; Precision Equipment R&amp;M</Industry>
			<Industry type="NAICS" order="3" reported="0" code="423610" mnem="">Electrical Apparatus and Equipment, Wiring Supplies, and Related Equipment Merchant Wholesalers</Industry>
			<Industry type="SIC" order="0" reported="1" code="3663" mnem="">Radio/tv Communications Equip</Industry>
			<Industry type="SIC" order="1" reported="0" code="5065" mnem="">Electronic Parts And Equipment</Industry>
			<Industry type="SIC" order="2" reported="0" code="7629" mnem="">Electrical Repair Shops, Nec</Industry>
			<Industry type="SIC" order="3" reported="0" code="5063" mnem="">Electrical Apparatus/equipment</Industry>
		</IndustryInfo>
	</peerInfo>
	<officers>
		<officer rank="1" since="07/03/2018">
			<firstName>Joseph</firstName>
			<mI>E.</mI>
			<lastName>Hart</lastName>
			<age>68 </age>
			<title startYear="2018" startMonth="10" startDay="08" iD1="PRE" abbr1="Pres." iD2="CEO" abbr2="CEO">President, Chief Executive Officer, Director</title>
		</officer>
		<officer rank="2" since="07/16/2020">
			<firstName>Jarrod</firstName>
			<mI>M</mI>
			<lastName>Watson</lastName>
			<age></age>
			<title startYear="2020" startMonth="07" startDay="16" iD1="CFO" abbr1="CFO" iD2="" abbr2="">Chief Financial Officer</title>
		</officer>
		<officer rank="3" since="07/20/2020">
			<firstName>Reginald</firstName>
			<mI></mI>
			<lastName>Jaramillo</lastName>
			<age></age>
			<title startYear="2020" startMonth="07" startDay="20" iD1="CEX" abbr1="Corp. Exec." iD2="" abbr2="">President - Telecommunications</title>
		</officer>
		<officer rank="4" since="02/27/2020">
			<firstName>Jimmy</firstName>
			<mI>R</mI>
			<lastName>Taylor</lastName>
			<age></age>
			<title startYear="2020" startMonth="07" startDay="20" iD1="CEX" abbr1="Corp. Exec." iD2="" abbr2="">President - Wireless Infrastructure Services</title>
		</officer>
		<officer rank="5" since="09/15/2008">
			<firstName>Scott</firstName>
			<mI>A.</mI>
			<lastName>Francis</lastName>
			<age>53 </age>
			<title startYear="2020" startMonth="03" startDay="06" iD1="CAO" abbr1="CAO" iD2="VPR" abbr2="VP">Chief Accounting Officer, Vice President, Secretary, Principal Financial Officer</title>
		</officer>
	</officers>
	<Ratios PriceCurrency="USD" ReportingCurrency="USD" ExchangeRate="1.00000" LatestAvailableDate="2020-09-30">
		<Group ID="Price and Volume">
			<Ratio FieldName="NPRICE" Type="N">3.06000</Ratio>
			<Ratio FieldName="NHIG" Type="N">6.49000</Ratio>
			<Ratio FieldName="NLOW" Type="N">1.50000</Ratio>
			<Ratio FieldName="PDATE" Type="D">2021-02-04T00:00:00</Ratio>
			<Ratio FieldName="VOL10DAVG" Type="N">0.17026</Ratio>
			<Ratio FieldName="EV" Type="N">36.57602</Ratio>
		</Group>
		<Group ID="Income Statement">
			<Ratio FieldName="MKTCAP" Type="N">36.81602</Ratio>
			<Ratio FieldName="TTMREV" Type="N">50.18201</Ratio>
			<Ratio FieldName="TTMEBITD" Type="N">-7.73345</Ratio>
			<Ratio FieldName="TTMNIAC" Type="N">-17.33300</Ratio>
		</Group>
		<Group ID="Per share data">
			<Ratio FieldName="TTMEPSXCLX" Type="N">-1.65316</Ratio>
			<Ratio FieldName="TTMREVPS" Type="N">4.58383</Ratio>
			<Ratio FieldName="QBVPS" Type="N">1.26315</Ratio>
			<Ratio FieldName="QCSHPS" Type="N">0.69912</Ratio>
			<Ratio FieldName="TTMCFSHR" Type="N">-1.44123</Ratio>
			<Ratio FieldName="TTMDIVSHR" Type="N">0.00000</Ratio>
		</Group>
		<Group ID="Other Ratios">
			<Ratio FieldName="TTMGROSMGN" Type="N">23.27529</Ratio>
			<Ratio FieldName="TTMROEPCT" Type="N">-78.11247</Ratio>
			<Ratio FieldName="TTMPR2REV" Type="N">0.73365</Ratio>
			<Ratio FieldName="PEEXCLXOR" Type="N">-99999.99000</Ratio>
			<Ratio FieldName="PRICE2BK" Type="N">2.42251</Ratio>
			<Ratio FieldName="Employees" Type="N">123</Ratio>
		</Group>
	</Ratios>
	<ForecastData ConsensusType="" CurFiscalYear="" CurFiscalYearEndMonth="" CurInterimEndCalYear="" CurInterimEndMonth="" EarningsBasis="">
		<Ratio FieldName="ConsRecom" Type="N">
			<Value PeriodType="CURR">-99999.99000</Value>
		</Ratio>
		<Ratio FieldName="TargetPrice" Type="N">
			<Value PeriodType="CURR">-99999.99000</Value>
		</Ratio>
		<Ratio FieldName="ProjLTGrowthRate" Type="N">
			<Value PeriodType="CURR">-99999.99000</Value>
		</Ratio>
		<Ratio FieldName="ProjPE" Type="N">
			<Value PeriodType="CURR">-99999.99000</Value>
		</Ratio>
		<Ratio FieldName="ProjSales" Type="N">
			<Value PeriodType="CURR">-99999.99000</Value>
		</Ratio>
		<Ratio FieldName="ProjSalesQ" Type="N">
			<Value PeriodType="CURR">-99999.99000</Value>
		</Ratio>
		<Ratio FieldName="ProjEPS" Type="N">
			<Value PeriodType="CURR">-99999.99000</Value>
		</Ratio>
		<Ratio FieldName="ProjEPSQ" Type="N">
			<Value PeriodType="CURR">-99999.99000</Value>
		</Ratio>
		<Ratio FieldName="ProjProfit" Type="N">
			<Value PeriodType="CURR">-99999.99000</Value>
		</Ratio>
		<Ratio FieldName="ProjDPS" Type="N">
			<Value PeriodType="CURR">-99999.99000</Value>
		</Ratio>
	</ForecastData>
</ReportSnapshot>
