<?xml version="1.0" encoding="UTF-8"?>
<ReportSnapshot Major="1" Minor="0" Revision="1">
	<CoIDs>
		<CoID Type="RepNo">A4C0B</CoID>
		<CoID Type="CompanyName">AEterna Zentaris Inc.</CoID>
		<CoID Type="OrganizationPermID">4295862603</CoID>
	</CoIDs>
	<Issues>
		<Issue ID="2" Type="C" Desc="Common Stock" Order="1">
			<IssueID Type="Name">Ordinary Shares</IssueID>
			<IssueID Type="Ticker">AEZS</IssueID>
			<IssueID Type="RIC">AEZS.TO</IssueID>
			<IssueID Type="DisplayRIC">AEZS.TO</IssueID>
			<IssueID Type="InstrumentPI">277592</IssueID>
			<IssueID Type="QuotePI">748924</IssueID>
			<IssueID Type="InstrumentPermID">8590932134</IssueID>
			<IssueID Type="QuotePermID">55838794796</IssueID>
			<Exchange Code="TSE" Country="CAN">Toronto Stock Exchange</Exchange>
			<GlobalListingType>CCR</GlobalListingType>
			<MostRecentSplit Date="2015-11-20">0.01</MostRecentSplit>
		</Issue>
		<Issue ID="3" Type="C" Desc="Common Stock" Order="2">
			<IssueID Type="Name">Ordinary Shares Multiple Voting</IssueID>
			<IssueID Type="InstrumentPI">118032262</IssueID>
			<IssueID Type="InstrumentPermID">21512729074</IssueID>
			<Exchange Code="TSE" Country="CAN">Toronto Stock Exchange</Exchange>
		</Issue>
	</Issues>
	<CoGeneralInfo>
		<CoStatus Code="1">Active</CoStatus>
		<CoType Code="EQU">Equity Issue</CoType>
		<LastModified>2021-02-02</LastModified>
		<LatestAvailableAnnual>2019-12-31</LatestAvailableAnnual>
		<LatestAvailableInterim>2020-09-30</LatestAvailableInterim>
		<Employees LastUpdated="2019-12-31">11</Employees>
		<SharesOut Date="2020-09-30" TotalFloat="58734684.0">62678613.0</SharesOut>
		<ReportingCurrency Code="USD">U.S. Dollars</ReportingCurrency>
		<MostRecentExchange Date="2021-02-03">1.0</MostRecentExchange>
	</CoGeneralInfo>
	<TextInfo>
		<Text Type="Business Summary" lastModified="2016-12-23T09:15:57">Aeterna Zentaris Inc is a specialty biopharmaceutical company engaged in developing and commercializing treatments in oncology, endocrinology and women's health. The Company operates through the biopharmaceutical segment. The Company is engaged in drug development activities and in the promotion of products for others. The Company's principal product candidates are Zoptrex (zoptarelin doxorubicin) and Macrilen (macimorelin) in oncology and endocrinology. The Company focuses on its product candidates Zoptrex and Macrilen, which are in Phase III clinical development, and on a luteinizing hormone-releasing hormone (LHRH)-disorazol Z conjugate (AEZS-138), which is in pre-clinical development in oncology and is available for partnering. The Company's direct and indirect subsidiaries include AEZS GmbH, Zentaris IVF GmbH and Aeterna Zentaris, Inc.</Text>
		<Text Type="Financial Summary" lastModified="2021-02-02T17:25:28">BRIEF: For the nine months ended 30 September 2020, AEternaZentaris Inc. revenues increased from $514K to $1.3M. Netloss decreased 24% to $3.8M. Revenues reflect Product salesincrease from $129K to $1M, Royalty income increase of 62%to $47K. Lower net loss reflects General and administrativeexpenses decrease of 30% to $3.4M (expense), Restructuringcosts decrease from $773K (expense) to $0K, Research anddevelopment costs.</Text>
	</TextInfo>
	<contactInfo lastUpdated="2021-02-02T17:25:45">
		<streetAddress line="1">41st, 1155 Rene-Levesque Blvd W Flr 4000</streetAddress>
		<streetAddress line="2"></streetAddress>
		<streetAddress line="3"></streetAddress>
		<city>MONTREAL</city>
		<state-region>QC</state-region>
		<postalCode>H3B 3V2</postalCode>
		<country code="CAN">Canada</country>
		<contactName></contactName>
		<contactTitle></contactTitle>
		<phone>
			<phone type="mainphone">
				<countryPhoneCode>1</countryPhoneCode>
				<city-areacode>843</city-areacode>
				<number>9003223</number>
			</phone>
			<phone type="mainfax">
				<countryPhoneCode>1</countryPhoneCode>
				<city-areacode>418</city-areacode>
				<number>9489191</number>
			</phone>
		</phone>
	</contactInfo>
	<webLinks lastUpdated="2019-11-29T16:15:37"><webSite mainCategory="Home Page">http://www.aezsinc.com/</webSite><eMail mainCategory="Company Contact/E-mail">gvallieres@aezsinc.com</eMail></webLinks>
	<peerInfo lastUpdated="2021-02-02T17:25:45">
		<IndustryInfo>
			<Industry type="TRBC" order="1" reported="0" code="5620201010" mnem="">Biotechnology &amp; Medical Research - NEC</Industry>
			<Industry type="NAICS" order="1" reported="0" code="541712" mnem="">Research and Development in the Physical, Engineering, and Life Sciences (except Biotechnology)</Industry>
			<Industry type="NAICS" order="2" reported="0" code="325412" mnem="">Pharmaceutical Preparation Mfg</Industry>
			<Industry type="SIC" order="0" reported="1" code="2834" mnem="">Pharmaceutical Preparations</Industry>
			<Industry type="SIC" order="1" reported="0" code="8731" mnem="">Commercial Physical Research</Industry>
			<Industry type="SIC" order="2" reported="0" code="2834" mnem="">Pharmaceutical Preparations</Industry>
		</IndustryInfo>
	</peerInfo>
	<officers>
		<officer rank="1" since="05/2016">
			<firstName>Carolyn</firstName>
			<mI></mI>
			<lastName>Egbert</lastName>
			<age></age>
			<title startYear="2016" startMonth="05" startDay="" iD1="CHM" abbr1="Chmn." iD2="IND" abbr2="Ind. Dir.">Independent Chairman of the Board</title>
		</officer>
		<officer rank="2" since="07/2019">
			<firstName>Klaus</firstName>
			<mI></mI>
			<lastName>Paulini</lastName>
			<age></age>
			<title startYear="2019" startMonth="10" startDay="04" iD1="PRE" abbr1="Pres." iD2="CEO" abbr2="CEO">President, Chief Executive Officer, Director and Managing Director - AEZS Germany</title>
		</officer>
		<officer rank="3" since="09/24/2018">
			<firstName>Leslie</firstName>
			<mI></mI>
			<lastName>Auld</lastName>
			<age></age>
			<title startYear="2018" startMonth="09" startDay="24" iD1="CFO" abbr1="CFO" iD2="SVP" abbr2="Sr. VP">Chief Financial Officer, Senior Vice President</title>
		</officer>
		<officer rank="4" since="02/2018">
			<firstName>Guenther</firstName>
			<mI></mI>
			<lastName>Grau</lastName>
			<age></age>
			<title startYear="2018" startMonth="02" startDay="" iD1="VFN" abbr1="VP-Fin." iD2="" abbr2="">Vice President - Finance</title>
		</officer>
		<officer rank="5" since="01/2018">
			<firstName>Nicola</firstName>
			<mI></mI>
			<lastName>Ammer</lastName>
			<age></age>
			<title startYear="2018" startMonth="01" startDay="" iD1="VPR" abbr1="VP" iD2="" abbr2="">Vice President - Clinical Development, Chief Medical Officer</title>
		</officer>
		<officer rank="6" since="06/2014">
			<firstName>Matthias</firstName>
			<mI></mI>
			<lastName>Gerlach</lastName>
			<age></age>
			<title startYear="2018" startMonth="01" startDay="" iD1="VPR" abbr1="VP" iD2="" abbr2="">Vice President - Manufacturing and Supply Chain</title>
		</officer>
		<officer rank="7" since="NA">
			<firstName>Eckhard</firstName>
			<mI>G.</mI>
			<lastName>Gunther</lastName>
			<age></age>
			<title startYear="2020" startMonth="01" startDay="" iD1="VBD" abbr1="VP-Bus.Dev." iD2="" abbr2="">Vice President - Business Development &amp; Alliance Management, Managing Director - AEZS Germany</title>
		</officer>
	</officers>
	<Ratios PriceCurrency="CAD" ReportingCurrency="USD" ExchangeRate="1.28250" LatestAvailableDate="2019-12-31">
		<Group ID="Price and Volume">
			<Ratio FieldName="NPRICE" Type="N">1.37000</Ratio>
			<Ratio FieldName="NHIG" Type="N">1.83000</Ratio>
			<Ratio FieldName="NLOW" Type="N">0.37000</Ratio>
			<Ratio FieldName="PDATE" Type="D">2021-02-04T00:00:00</Ratio>
			<Ratio FieldName="VOL10DAVG" Type="N">0.56915</Ratio>
			<Ratio FieldName="EV" Type="N">76.97557</Ratio>
		</Group>
		<Group ID="Income Statement">
			<Ratio FieldName="MKTCAP" Type="N">85.86970</Ratio>
			<Ratio FieldName="AREV" Type="N">0.68229</Ratio>
			<Ratio FieldName="AEBITD" Type="N">-11.83619</Ratio>
			<Ratio FieldName="ANIAC" Type="N">-7.74886</Ratio>
		</Group>
		<Group ID="Per share data">
			<Ratio FieldName="AEPSXCLXOR" Type="N">-0.44294</Ratio>
			<Ratio FieldName="AREVPS" Type="N">0.03900</Ratio>
			<Ratio FieldName="ABVPS" Type="N">-0.15798</Ratio>
			<Ratio FieldName="ACSHPS" Type="N">0.50275</Ratio>
			<Ratio FieldName="ACFSHR" Type="N">-0.41984</Ratio>
			<Ratio FieldName="ADIVSHR" Type="N">-99999.99000</Ratio>
		</Group>
		<Group ID="Other Ratios">
			<Ratio FieldName="AGROSMGN" Type="N">22.93233</Ratio>
			<Ratio FieldName="AROEPCT" Type="N">-99999.99000</Ratio>
			<Ratio FieldName="APR2REV" Type="N">125.85510</Ratio>
			<Ratio FieldName="APEEXCLXOR" Type="N">-99999.99000</Ratio>
			<Ratio FieldName="APRICE2BK" Type="N">-99999.99000</Ratio>
			<Ratio FieldName="Employees" Type="N">11</Ratio>
		</Group>
	</Ratios>
	<ForecastData ConsensusType="Mean" CurFiscalYear="2020" CurFiscalYearEndMonth="12" CurInterimEndCalYear="2020" CurInterimEndMonth="3" EarningsBasis="REP">
		<Ratio FieldName="ConsRecom" Type="N">
			<Value PeriodType="CURR">-99999.99000</Value>
		</Ratio>
		<Ratio FieldName="TargetPrice" Type="N">
			<Value PeriodType="CURR">-99999.99000</Value>
		</Ratio>
		<Ratio FieldName="ProjLTGrowthRate" Type="N">
			<Value PeriodType="CURR">-99999.99000</Value>
		</Ratio>
		<Ratio FieldName="ProjPE" Type="N">
			<Value PeriodType="CURR">-99999.99000</Value>
		</Ratio>
		<Ratio FieldName="ProjSales" Type="N">
			<Value PeriodType="CURR">-99999.99000</Value>
		</Ratio>
		<Ratio FieldName="ProjSalesQ" Type="N">
			<Value PeriodType="CURR">-99999.99000</Value>
		</Ratio>
		<Ratio FieldName="ProjEPS" Type="N">
			<Value PeriodType="CURR">-99999.99000</Value>
		</Ratio>
		<Ratio FieldName="ProjEPSQ" Type="N">
			<Value PeriodType="CURR">-99999.99000</Value>
		</Ratio>
		<Ratio FieldName="ProjProfit" Type="N">
			<Value PeriodType="CURR">-99999.99000</Value>
		</Ratio>
		<Ratio FieldName="ProjDPS" Type="N">
			<Value PeriodType="CURR">-99999.99000</Value>
		</Ratio>
	</ForecastData>
</ReportSnapshot>
