<?xml version="1.0" encoding="UTF-8"?>
<ReportSnapshot Major="1" Minor="0" Revision="1">
	<CoIDs>
		<CoID Type="RepNo">030C6</CoID>
		<CoID Type="CompanyName">American Finance Trust Inc</CoID>
		<CoID Type="IRSNo">900929989</CoID>
		<CoID Type="CIKNo">0001568162</CoID>
		<CoID Type="OrganizationPermID">5039801091</CoID>
	</CoIDs>
	<Issues>
		<Issue ID="1" Type="C" Desc="Common Stock" Order="1">
			<IssueID Type="Name">Ordinary Shares Class A</IssueID>
			<IssueID Type="Ticker">AFIN</IssueID>
			<IssueID Type="RIC">AFIN.O</IssueID>
			<IssueID Type="DisplayRIC">AFIN.OQ</IssueID>
			<IssueID Type="InstrumentPI">263534025</IssueID>
			<IssueID Type="QuotePI">316332072</IssueID>
			<IssueID Type="InstrumentPermID">21615773122</IssueID>
			<IssueID Type="QuotePermID">25727399295</IssueID>
			<Exchange Code="NASD" Country="USA">NASDAQ</Exchange>
			<GlobalListingType>OSR</GlobalListingType>
		</Issue>
		<Issue ID="2" Type="C" Desc="Common Stock" Order="2">
			<IssueID Type="Name">Ordinary Shares Class B</IssueID>
			<IssueID Type="InstrumentPI">333149652</IssueID>
			<IssueID Type="InstrumentPermID">21668562519</IssueID>
			<Exchange Code="NA" Country="">Not Available</Exchange>
		</Issue>
		<Issue ID="3" Type="P" Desc="Preferred Stock" Order="1">
			<IssueID Type="Name">Preferred Shares Series A</IssueID>
			<IssueID Type="Ticker">AFINP</IssueID>
			<IssueID Type="RIC">AFINP.O</IssueID>
			<IssueID Type="DisplayRIC">AFINP.OQ</IssueID>
			<IssueID Type="InstrumentPI">356883301</IssueID>
			<IssueID Type="QuotePI">357722779</IssueID>
			<IssueID Type="InstrumentPermID">25727376264</IssueID>
			<IssueID Type="QuotePermID">25727375842</IssueID>
			<Exchange Code="NASD" Country="USA">NASDAQ</Exchange>
		</Issue>
	</Issues>
	<CoGeneralInfo>
		<CoStatus Code="1">Active</CoStatus>
		<CoType Code="EQU">Equity Issue</CoType>
		<LastModified>2020-11-06</LastModified>
		<LatestAvailableAnnual>2019-12-31</LatestAvailableAnnual>
		<LatestAvailableInterim>2020-09-30</LatestAvailableInterim>
		<SharesOut Date="2020-10-30" TotalFloat="108351842.0">108837209.0</SharesOut>
		<ReportingCurrency Code="USD">U.S. Dollars</ReportingCurrency>
		<MostRecentExchange Date="2021-02-03">1.0</MostRecentExchange>
	</CoGeneralInfo>
	<TextInfo>
		<Text Type="Business Summary" lastModified="2018-10-24T06:01:01">American Finance Trust, Inc. is a real estate investment trust (REIT). The Company is focused on acquiring and managing a diversified portfolio of primarily service-oriented and traditional retail and distribution related commercial real estate properties in the United States. It owns a portfolio of commercial properties, comprising primarily of freestanding single-tenant properties of retail properties, including power centers and lifestyle centers. As of June 30, 2018, it owned 560 properties, which comprised of 19 million rentable square feet.</Text>
		<Text Type="Financial Summary" lastModified="2020-11-06T14:39:34">BRIEF: For the nine months ended 30 September 2020,American Finance Trust Inc revenues increased 2% to $228M.Net loss applicable to common stockholders totaled $38M vs.income of $1.7M. Revenues reflect an increase in demand forthe Company's products and services due to favorable marketconditions. Net loss reflects Impairment of real estateinvestments increase from $827K to $11.5M (expense), Otherincome decrease of 69% to $1M (income).</Text>
	</TextInfo>
	<contactInfo lastUpdated="2021-01-25T09:43:30">
		<streetAddress line="1">650 FIFTH AVE, 30TH FLOOR</streetAddress>
		<streetAddress line="2"></streetAddress>
		<streetAddress line="3"></streetAddress>
		<city>NEW YORK</city>
		<state-region>NY</state-region>
		<postalCode>10019</postalCode>
		<country code="USA">United States</country>
		<contactName></contactName>
		<contactTitle></contactTitle>
		<phone>
			<phone type="mainphone">
				<countryPhoneCode>1</countryPhoneCode>
				<city-areacode>212</city-areacode>
				<number>4156500</number>
			</phone>
		</phone>
	</contactInfo>
	<webLinks lastUpdated="2018-10-17T14:00:02"><webSite mainCategory="Home Page">http://americanfinancetrust.com/</webSite><eMail mainCategory="Company Contact/E-mail">investorrelations@americanfinancetrust.com</eMail></webLinks>
	<peerInfo lastUpdated="2021-01-25T09:43:30">
		<IndustryInfo>
			<Industry type="TRBC" order="1" reported="0" code="6010202030" mnem="">Retail REITs</Industry>
			<Industry type="NAICS" order="1" reported="0" code="531120" mnem="">Lessors of Nonresidential Buildings (except Miniwarehouses)</Industry>
			<Industry type="SIC" order="1" reported="0" code="6512" mnem="">Nonresidential Building Operators</Industry>
		</IndustryInfo>
	</peerInfo>
	<officers>
		<officer rank="1" since="NA">
			<firstName>Edward</firstName>
			<mI>M.</mI>
			<lastName>Weil</lastName>
			<age>52 </age>
			<title startYear="2015" startMonth="" startDay="" iD1="CHM" abbr1="Chmn." iD2="PRE" abbr2="Pres.">Chairman of the Board, President, Chief Executive Officer</title>
		</officer>
		<officer rank="2" since="NA">
			<firstName>Katie</firstName>
			<mI>P.</mI>
			<lastName>Kurtz</lastName>
			<age>40 </age>
			<title startYear="NA" startMonth="" startDay="" iD1="CFO" abbr1="CFO" iD2="TRS" abbr2="Treas.">Chief Financial Officer, Treasurer, Secretary</title>
		</officer>
	</officers>
	<Ratios PriceCurrency="USD" ReportingCurrency="USD" ExchangeRate="1.00000" LatestAvailableDate="2020-09-30">
		<Group ID="Price and Volume">
			<Ratio FieldName="NPRICE" Type="N">7.73000</Ratio>
			<Ratio FieldName="NHIG" Type="N">13.66000</Ratio>
			<Ratio FieldName="NLOW" Type="N">4.20000</Ratio>
			<Ratio FieldName="PDATE" Type="D">2021-02-04T00:00:00</Ratio>
			<Ratio FieldName="VOL10DAVG" Type="N">0.47276</Ratio>
			<Ratio FieldName="EV" Type="N">2555.94660</Ratio>
		</Group>
		<Group ID="Income Statement">
			<Ratio FieldName="MKTCAP" Type="N">841.31160</Ratio>
			<Ratio FieldName="TTMREV" Type="N">304.21800</Ratio>
			<Ratio FieldName="TTMEBITD" Type="N">167.99900</Ratio>
			<Ratio FieldName="TTMNIAC" Type="N">-42.87400</Ratio>
		</Group>
		<Group ID="Per share data">
			<Ratio FieldName="TTMEPSXCLX" Type="N">-0.39602</Ratio>
			<Ratio FieldName="TTMREVPS" Type="N">2.81373</Ratio>
			<Ratio FieldName="QBVPS" Type="N">14.59674</Ratio>
			<Ratio FieldName="QCSHPS" Type="N">0.79261</Ratio>
			<Ratio FieldName="TTMCFSHR" Type="N">0.84624</Ratio>
			<Ratio FieldName="TTMDIVSHR" Type="N">0.97500</Ratio>
		</Group>
		<Group ID="Other Ratios">
			<Ratio FieldName="TTMGROSMGN" Type="N">73.40361</Ratio>
			<Ratio FieldName="TTMROEPCT" Type="N">-2.63174</Ratio>
			<Ratio FieldName="TTMPR2REV" Type="N">2.76549</Ratio>
			<Ratio FieldName="PEEXCLXOR" Type="N">-99999.99000</Ratio>
			<Ratio FieldName="PRICE2BK" Type="N">0.52960</Ratio>
			<Ratio FieldName="Employees" Type="N">-99999.99000</Ratio>
		</Group>
	</Ratios>
	<ForecastData ConsensusType="Mean" CurFiscalYear="2020" CurFiscalYearEndMonth="12" CurInterimEndCalYear="2020" CurInterimEndMonth="12" EarningsBasis="PRX">
		<Ratio FieldName="ConsRecom" Type="N">
			<Value PeriodType="CURR">2.6667</Value>
		</Ratio>
		<Ratio FieldName="TargetPrice" Type="N">
			<Value PeriodType="CURR">9.33330</Value>
		</Ratio>
		<Ratio FieldName="ProjLTGrowthRate" Type="N">
			<Value PeriodType="CURR">-99999.99000</Value>
		</Ratio>
		<Ratio FieldName="ProjPE" Type="N">
			<Value PeriodType="CURR">-17.97674</Value>
		</Ratio>
		<Ratio FieldName="ProjSales" Type="N">
			<Value PeriodType="CURR">307.50100</Value>
		</Ratio>
		<Ratio FieldName="ProjSalesQ" Type="N">
			<Value PeriodType="CURR">79.51400</Value>
		</Ratio>
		<Ratio FieldName="ProjEPS" Type="N">
			<Value PeriodType="CURR">-0.43000</Value>
		</Ratio>
		<Ratio FieldName="ProjEPSQ" Type="N">
			<Value PeriodType="CURR">-99999.99000</Value>
		</Ratio>
		<Ratio FieldName="ProjProfit" Type="N">
			<Value PeriodType="CURR">-99999.99000</Value>
		</Ratio>
		<Ratio FieldName="ProjDPS" Type="N">
			<Value PeriodType="CURR">0.90750</Value>
		</Ratio>
	</ForecastData>
</ReportSnapshot>
