<?xml version="1.0" encoding="UTF-8"?>
<ReportSnapshot Major="1" Minor="0" Revision="1">
	<CoIDs>
		<CoID Type="RepNo">07881</CoID>
		<CoID Type="CompanyName">Affirm Holdings Inc</CoID>
		<CoID Type="IRSNo">842224323</CoID>
		<CoID Type="CIKNo">0001820953</CoID>
		<CoID Type="OrganizationPermID">5078551512</CoID>
	</CoIDs>
	<Issues>
		<Issue ID="1" Type="C" Desc="Common Stock" Order="1">
			<IssueID Type="Name">Ordinary Shares Class A</IssueID>
			<IssueID Type="Ticker">AFRM</IssueID>
			<IssueID Type="RIC">AFRM.O</IssueID>
			<IssueID Type="DisplayRIC">AFRM.OQ</IssueID>
			<IssueID Type="InstrumentPI">475388989</IssueID>
			<IssueID Type="QuotePI">475390559</IssueID>
			<Exchange Code="NASD" Country="USA">NASDAQ</Exchange>
			<GlobalListingType>OSR</GlobalListingType>
		</Issue>
		<Issue ID="2" Type="C" Desc="Common Stock" Order="2">
			<IssueID Type="Name">Ordinary Shares Class B</IssueID>
			<IssueID Type="InstrumentPI">477141860</IssueID>
			<Exchange Code="NA" Country="">Not Available</Exchange>
		</Issue>
	</Issues>
	<CoGeneralInfo>
		<CoStatus Code="1">Active</CoStatus>
		<CoType Code="EQU">Equity Issue</CoType>
		<LastModified>2021-01-14</LastModified>
		<LatestAvailableAnnual>2020-06-30</LatestAvailableAnnual>
		<LatestAvailableInterim>2020-09-30</LatestAvailableInterim>
		<Employees LastUpdated="2020-09-30">916</Employees>
		<SharesOut Date="2021-01-14" TotalFloat="120695182.0">242746771.0</SharesOut>
		<ReportingCurrency Code="USD">U.S. Dollars</ReportingCurrency>
		<MostRecentExchange Date="2021-02-03">1.0</MostRecentExchange>
	</CoGeneralInfo>
	<TextInfo>
		<Text Type="Business Summary" lastModified="2020-11-19T00:32:18">Affirm Holdings, Inc., provides platform for digital and mobile commerce. Through its technology-driven payments network and partnership with an originating bank, it enables consumers to pay for a purchase over time. Through its platform, the consumer selects their repayment option, loans are funded and issued by its originating bank partner. The Companys platform includes three elements: a point-of-sale payment solution for consumers, merchant commerce solutions, and a consumer-focused application. Its point-of-sale solution allows consumers to pay for purchases in fixed. It enables consumers to pay overtime. Its platform enables APR payment options and interest-bearing loans. It offers merchant commerce solutions, a payment solution that allow merchants to solve for their customers. It provides product-level data and insights. Its consumer-focused application enables consumers to use its application to manage payments, open a savings account, and access a personalized marketplace.</Text>
		<Text Type="Financial Summary" lastModified="2021-01-14T20:57:50">BRIEF: For the fiscal year ended 30 June 2020, AffirmHoldings Inc revenues increased 80% to $477.6M. Net lossapplicable to common stockholders decreased 7% to $125.8M.Revenues reflect United States segment increase of 91% to$506.2M, Canada segment increase from $0K to $3.3M. Lowernet loss reflects Gain (loss) on sales of loans decreasefrom $440K (expense) to $31.9M (income).</Text>
	</TextInfo>
	<contactInfo lastUpdated="2021-01-14T20:57:50">
		<streetAddress line="1">650 California Street</streetAddress>
		<streetAddress line="2"></streetAddress>
		<streetAddress line="3"></streetAddress>
		<city>SAN FRANCISCO</city>
		<state-region>CA</state-region>
		<postalCode>94108</postalCode>
		<country code="USA">United States</country>
		<contactName></contactName>
		<contactTitle></contactTitle>
		<phone>
			<phone type="mainphone">
				<countryPhoneCode>1</countryPhoneCode>
				<city-areacode>415</city-areacode>
				<number>7228633</number>
			</phone>
			<phone type="mainfax">
				<countryPhoneCode>1</countryPhoneCode>
				<city-areacode>302</city-areacode>
				<number>6555049</number>
			</phone>
		</phone>
	</contactInfo>
	<webLinks lastUpdated="2021-01-12T22:00:07"><webSite mainCategory="Home Page">https://www.affirm.com/</webSite><eMail mainCategory="Company Contact/E-mail">
		</eMail></webLinks>
	<peerInfo lastUpdated="2021-01-14T20:57:50">
		<IndustryInfo>
			<Industry type="TRBC" order="1" reported="0" code="5720102010" mnem="">Software - NEC</Industry>
			<Industry type="NAICS" order="1" reported="0" code="334611" mnem="">Software Reproducing</Industry>
			<Industry type="SIC" order="1" reported="0" code="7372" mnem="">Prepackaged Software</Industry>
		</IndustryInfo>
	</peerInfo>
	<officers></officers>
	<Ratios PriceCurrency="USD" ReportingCurrency="USD" ExchangeRate="1.00000" LatestAvailableDate="2020-09-30">
		<Group ID="Price and Volume">
			<Ratio FieldName="NPRICE" Type="N">108.77000</Ratio>
			<Ratio FieldName="NHIG" Type="N">137.98000</Ratio>
			<Ratio FieldName="NLOW" Type="N">90.01000</Ratio>
			<Ratio FieldName="PDATE" Type="D">2021-02-04T00:00:00</Ratio>
			<Ratio FieldName="VOL10DAVG" Type="N">2.07730</Ratio>
			<Ratio FieldName="EV" Type="N">28645.48300</Ratio>
		</Group>
		<Group ID="Income Statement">
			<Ratio FieldName="MKTCAP" Type="N">26804.93000</Ratio>
			<Ratio FieldName="TTMREV" Type="N">-99999.99000</Ratio>
			<Ratio FieldName="TTMEBITD" Type="N">-99999.99000</Ratio>
			<Ratio FieldName="TTMNIAC" Type="N">-99999.99000</Ratio>
		</Group>
		<Group ID="Per share data">
			<Ratio FieldName="TTMEPSXCLX" Type="N">-99999.99000</Ratio>
			<Ratio FieldName="TTMREVPS" Type="N">-99999.99000</Ratio>
			<Ratio FieldName="QBVPS" Type="N">4.03322</Ratio>
			<Ratio FieldName="QCSHPS" Type="N">2.81949</Ratio>
			<Ratio FieldName="TTMCFSHR" Type="N">-99999.99000</Ratio>
			<Ratio FieldName="TTMDIVSHR" Type="N">-99999.99000</Ratio>
		</Group>
		<Group ID="Other Ratios">
			<Ratio FieldName="TTMGROSMGN" Type="N">-99999.99000</Ratio>
			<Ratio FieldName="TTMROEPCT" Type="N">-99999.99000</Ratio>
			<Ratio FieldName="TTMPR2REV" Type="N">-99999.99000</Ratio>
			<Ratio FieldName="PEEXCLXOR" Type="N">-99999.99000</Ratio>
			<Ratio FieldName="PRICE2BK" Type="N">-99999.99000</Ratio>
			<Ratio FieldName="Employees" Type="N">916</Ratio>
		</Group>
	</Ratios>
	<ForecastData ConsensusType="" CurFiscalYear="" CurFiscalYearEndMonth="" CurInterimEndCalYear="" CurInterimEndMonth="" EarningsBasis="">
		<Ratio FieldName="ConsRecom" Type="N">
			<Value PeriodType="CURR">-99999.99000</Value>
		</Ratio>
		<Ratio FieldName="TargetPrice" Type="N">
			<Value PeriodType="CURR">-99999.99000</Value>
		</Ratio>
		<Ratio FieldName="ProjLTGrowthRate" Type="N">
			<Value PeriodType="CURR">-99999.99000</Value>
		</Ratio>
		<Ratio FieldName="ProjPE" Type="N">
			<Value PeriodType="CURR">-99999.99000</Value>
		</Ratio>
		<Ratio FieldName="ProjSales" Type="N">
			<Value PeriodType="CURR">-99999.99000</Value>
		</Ratio>
		<Ratio FieldName="ProjSalesQ" Type="N">
			<Value PeriodType="CURR">-99999.99000</Value>
		</Ratio>
		<Ratio FieldName="ProjEPS" Type="N">
			<Value PeriodType="CURR">-99999.99000</Value>
		</Ratio>
		<Ratio FieldName="ProjEPSQ" Type="N">
			<Value PeriodType="CURR">-99999.99000</Value>
		</Ratio>
		<Ratio FieldName="ProjProfit" Type="N">
			<Value PeriodType="CURR">-99999.99000</Value>
		</Ratio>
		<Ratio FieldName="ProjDPS" Type="N">
			<Value PeriodType="CURR">-99999.99000</Value>
		</Ratio>
	</ForecastData>
</ReportSnapshot>
