<?xml version="1.0" encoding="UTF-8"?>
<ReportSnapshot Major="1" Minor="0" Revision="1">
	<CoIDs>
		<CoID Type="RepNo">0AA73</CoID>
		<CoID Type="CompanyName">AGBA Acquisition Ltd</CoID>
		<CoID Type="CIKNo">0001769624</CoID>
		<CoID Type="OrganizationPermID">5068657674</CoID>
	</CoIDs>
	<Issues>
		<Issue ID="2" Type="C" Desc="Common Stock" Order="1">
			<IssueID Type="Name">Ordinary Shares</IssueID>
			<IssueID Type="Ticker">AGBA</IssueID>
			<IssueID Type="RIC">AGBA.O</IssueID>
			<IssueID Type="DisplayRIC">AGBA.OQ</IssueID>
			<IssueID Type="InstrumentPI">376385967</IssueID>
			<IssueID Type="QuotePI">376385968</IssueID>
			<IssueID Type="InstrumentPermID">25727368022</IssueID>
			<IssueID Type="QuotePermID">25727368021</IssueID>
			<Exchange Code="NASD" Country="USA">NASDAQ</Exchange>
			<GlobalListingType>OSR</GlobalListingType>
		</Issue>
	</Issues>
	<CoGeneralInfo>
		<CoStatus Code="1">Active</CoStatus>
		<CoType Code="EQU">Equity Issue</CoType>
		<LastModified>2021-02-04</LastModified>
		<LatestAvailableAnnual>2019-12-31</LatestAvailableAnnual>
		<LatestAvailableInterim>2020-09-30</LatestAvailableInterim>
		<SharesOut Date="2021-01-12" TotalFloat="4600000.0">5975000.0</SharesOut>
		<ReportingCurrency Code="USD">U.S. Dollars</ReportingCurrency>
		<MostRecentExchange Date="2021-02-03">1.0</MostRecentExchange>
	</CoGeneralInfo>
	<TextInfo>
		<Text Type="Business Summary" lastModified="2019-05-15T22:16:37">AGBA Acquisition Limited is a blank check company mainly engaged in entering into a merger, share exchange, asset acquisition, share purchase, recapitalization, reorganization or other business combination with one or more businesses or entities. The Company focuses on operating businesses in the healthcare, education, entertainment and financial services sectors that have their principal operations in China.</Text>
		<Text Type="Financial Summary" lastModified="2021-02-04T00:53:35">BRIEF: For the nine months ended 30 September 2020, AGBAAcquisition Ltd revenues was not reported. Net incometotaled $41K vs. loss of $262K. Net income reflectsInterest income increase from $0K to $335K (income),Dividend income increase from $0K to $8K (income). BasicEarnings per Share excluding Extraordinary Items increasedfrom -$0.04 to $0.01.</Text>
	</TextInfo>
	<contactInfo lastUpdated="2021-02-04T00:53:35">
		<streetAddress line="1"></streetAddress>
		<streetAddress line="2"></streetAddress>
		<streetAddress line="3"></streetAddress>
		<city>Kowloon</city>
		<state-region></state-region>
		<postalCode>OOOOO</postalCode>
		<country code="HKG">Hong Kong</country>
		<contactName></contactName>
		<contactTitle></contactTitle>
		<phone>
			<phone type="mainphone">
				<countryPhoneCode>852</countryPhoneCode>
				<city-areacode></city-areacode>
				<number>39984852</number>
			</phone>
		</phone>
	</contactInfo>
	<webLinks lastUpdated=""><webSite mainCategory=""></webSite><eMail mainCategory=""></eMail></webLinks>
	<peerInfo lastUpdated="2021-02-04T00:53:35">
		<IndustryInfo>
			<Industry type="TRBC" order="1" reported="0" code="5560101011" mnem="">Shell Companies</Industry>
			<Industry type="NAICS" order="1" reported="0" code="525990" mnem="">Other Financial Vehicles</Industry>
			<Industry type="SIC" order="1" reported="0" code="6726" mnem="">Investment Offices, Nec</Industry>
		</IndustryInfo>
	</peerInfo>
	<officers></officers>
	<Ratios PriceCurrency="USD" ReportingCurrency="USD" ExchangeRate="1.00000" LatestAvailableDate="2020-09-30">
		<Group ID="Price and Volume">
			<Ratio FieldName="NPRICE" Type="N">10.45000</Ratio>
			<Ratio FieldName="NHIG" Type="N">10.78330</Ratio>
			<Ratio FieldName="NLOW" Type="N">9.97790</Ratio>
			<Ratio FieldName="PDATE" Type="D">2021-02-04T00:00:00</Ratio>
			<Ratio FieldName="VOL10DAVG" Type="N">0.03874</Ratio>
			<Ratio FieldName="EV" Type="N">63.05491</Ratio>
		</Group>
		<Group ID="Income Statement">
			<Ratio FieldName="MKTCAP" Type="N">62.43875</Ratio>
			<Ratio FieldName="TTMREV" Type="N">0.00000</Ratio>
			<Ratio FieldName="TTMEBITD" Type="N">-0.37789</Ratio>
			<Ratio FieldName="TTMNIAC" Type="N">0.47058</Ratio>
		</Group>
		<Group ID="Per share data">
			<Ratio FieldName="TTMEPSXCLX" Type="N">0.07875</Ratio>
			<Ratio FieldName="TTMREVPS" Type="N">0.00000</Ratio>
			<Ratio FieldName="QBVPS" Type="N">7.68732</Ratio>
			<Ratio FieldName="QCSHPS" Type="N">0.05085</Ratio>
			<Ratio FieldName="TTMCFSHR" Type="N">-99999.99000</Ratio>
			<Ratio FieldName="TTMDIVSHR" Type="N">0.00000</Ratio>
		</Group>
		<Group ID="Other Ratios">
			<Ratio FieldName="TTMGROSMGN" Type="N">-99999.99000</Ratio>
			<Ratio FieldName="TTMROEPCT" Type="N">1.02516</Ratio>
			<Ratio FieldName="TTMPR2REV" Type="N">-99999.99000</Ratio>
			<Ratio FieldName="PEEXCLXOR" Type="N">132.69840</Ratio>
			<Ratio FieldName="PRICE2BK" Type="N">1.35938</Ratio>
			<Ratio FieldName="Employees" Type="N">-99999.99000</Ratio>
		</Group>
	</Ratios>
	<ForecastData ConsensusType="" CurFiscalYear="" CurFiscalYearEndMonth="" CurInterimEndCalYear="" CurInterimEndMonth="" EarningsBasis="">
		<Ratio FieldName="ConsRecom" Type="N">
			<Value PeriodType="CURR">-99999.99000</Value>
		</Ratio>
		<Ratio FieldName="TargetPrice" Type="N">
			<Value PeriodType="CURR">-99999.99000</Value>
		</Ratio>
		<Ratio FieldName="ProjLTGrowthRate" Type="N">
			<Value PeriodType="CURR">-99999.99000</Value>
		</Ratio>
		<Ratio FieldName="ProjPE" Type="N">
			<Value PeriodType="CURR">-99999.99000</Value>
		</Ratio>
		<Ratio FieldName="ProjSales" Type="N">
			<Value PeriodType="CURR">-99999.99000</Value>
		</Ratio>
		<Ratio FieldName="ProjSalesQ" Type="N">
			<Value PeriodType="CURR">-99999.99000</Value>
		</Ratio>
		<Ratio FieldName="ProjEPS" Type="N">
			<Value PeriodType="CURR">-99999.99000</Value>
		</Ratio>
		<Ratio FieldName="ProjEPSQ" Type="N">
			<Value PeriodType="CURR">-99999.99000</Value>
		</Ratio>
		<Ratio FieldName="ProjProfit" Type="N">
			<Value PeriodType="CURR">-99999.99000</Value>
		</Ratio>
		<Ratio FieldName="ProjDPS" Type="N">
			<Value PeriodType="CURR">-99999.99000</Value>
		</Ratio>
	</ForecastData>
</ReportSnapshot>
