<?xml version="1.0" encoding="UTF-8"?>
<ReportSnapshot Major="1" Minor="0" Revision="1">
	<CoIDs>
		<CoID Type="RepNo">ED9B1</CoID>
		<CoID Type="CompanyName">AgroFresh Solutions Inc</CoID>
		<CoID Type="IRSNo">464007249</CoID>
		<CoID Type="CIKNo">0001592016</CoID>
		<CoID Type="OrganizationPermID">4296251654</CoID>
	</CoIDs>
	<Issues>
		<Issue ID="2" Type="C" Desc="Common Stock" Order="1">
			<IssueID Type="Name">Ordinary Shares</IssueID>
			<IssueID Type="Ticker">AGFS</IssueID>
			<IssueID Type="RIC">AGFS.O</IssueID>
			<IssueID Type="DisplayRIC">AGFS.OQ</IssueID>
			<IssueID Type="InstrumentPI">156196409</IssueID>
			<IssueID Type="QuotePI">156196436</IssueID>
			<IssueID Type="InstrumentPermID">21539675824</IssueID>
			<IssueID Type="QuotePermID">21539675830</IssueID>
			<Exchange Code="NASD" Country="USA">NASDAQ</Exchange>
			<GlobalListingType>OSR</GlobalListingType>
		</Issue>
		<Issue ID="1" Type="C" Desc="Common Stock" Order="2">
			<IssueID Type="Name">Unit</IssueID>
			<IssueID Type="Ticker">BLVDU</IssueID>
			<IssueID Type="RIC">BLVDU.OQ^H15</IssueID>
			<IssueID Type="DisplayRIC">BLVDU.O</IssueID>
			<IssueID Type="InstrumentPI">150149973</IssueID>
			<IssueID Type="QuotePI">150380261</IssueID>
			<IssueID Type="InstrumentPermID">21535272785</IssueID>
			<IssueID Type="QuotePermID">21535405749</IssueID>
			<Exchange Code="NASD" Country="USA">NASDAQ</Exchange>
		</Issue>
		<Issue ID="3" Type="P" Desc="Preferred Stock" Order="1">
			<IssueID Type="Name">Preference Shares</IssueID>
			<IssueID Type="InstrumentPI">435416576</IssueID>
			<IssueID Type="InstrumentPermID">21750410816</IssueID>
			<Exchange Code="NA" Country="">Not Available</Exchange>
		</Issue>
		<Issue ID="4" Type="P" Desc="Preferred Stock" Order="2">
			<IssueID Type="Name">Preference Shares Class B</IssueID>
			<IssueID Type="InstrumentPI">472841336</IssueID>
			<Exchange Code="NA" Country="">Not Available</Exchange>
		</Issue>
	</Issues>
	<CoGeneralInfo>
		<CoStatus Code="1">Active</CoStatus>
		<CoType Code="EQU">Equity Issue</CoType>
		<LastModified>2021-01-25</LastModified>
		<LatestAvailableAnnual>2019-12-31</LatestAvailableAnnual>
		<LatestAvailableInterim>2020-09-30</LatestAvailableInterim>
		<Employees LastUpdated="2019-12-31">292</Employees>
		<SharesOut Date="2020-10-22" TotalFloat="51960205.0">53054960.0</SharesOut>
		<ReportingCurrency Code="USD">U.S. Dollars</ReportingCurrency>
		<MostRecentExchange Date="2021-02-03">1.0</MostRecentExchange>
	</CoGeneralInfo>
	<TextInfo>
		<Text Type="Business Summary" lastModified="2016-04-18T06:31:27">AgroFresh Solutions, Inc., formerly Boulevard Acquisition Corp., is a developer of agricultural technologies that preserve the freshness and value of fresh produce, including apples, pears, kiwifruit, avocados and bananas, as well as flowers. The Company's principal product, The SmartFresh Quality System (SmartFresh), regulates the post-harvest ripening effects of ethylene, the naturally occurring plant hormone that triggers ripening in certain fruits and vegetables, through technology. SmartFresh is naturally biodegradable and leaves no detectable residue, which has significant consumer appeal. SmartFresh allows growers and packers to deliver just harvested freshness on a year-round basis. An integral part of the SmartFresh sales process is the AgroFresh Whole Product offering, which is a direct service model that provides customers with on-site applications of SmartFresh at their storage facilities combined with advisory services. The Company operates in approximately 40 countries.</Text>
		<Text Type="Financial Summary" lastModified="2021-01-25T06:46:51">BRIEF: For the nine months ended 30 September 2020,AgroFresh Solutions Inc revenues decreased 3% to $105.8M.Net loss applicable to common stockholders increased 47% to$46.5M. Revenues reflect Tecnidex segment decrease of 14%to $11.1M, AgroFresh Core segment decrease of 2% to $94.7M.Basic Earnings per Share excluding Extraordinary Itemsdecreased from -$0.63 to -$0.91.</Text>
	</TextInfo>
	<contactInfo lastUpdated="2021-01-25T06:46:54">
		<streetAddress line="1">100 S Independence Mall W</streetAddress>
		<streetAddress line="2"></streetAddress>
		<streetAddress line="3"></streetAddress>
		<city>PHILADELPHIA</city>
		<state-region>PA</state-region>
		<postalCode>19106-2320</postalCode>
		<country code="USA">United States</country>
		<contactName></contactName>
		<contactTitle></contactTitle>
		<phone>
			<phone type="mainphone">
				<countryPhoneCode>1</countryPhoneCode>
				<city-areacode>215</city-areacode>
				<number>5923687</number>
			</phone>
			<phone type="mainfax">
				<countryPhoneCode>1</countryPhoneCode>
				<city-areacode>302</city-areacode>
				<number>6555049</number>
			</phone>
		</phone>
	</contactInfo>
	<webLinks lastUpdated="2018-07-11T10:16:08"><webSite mainCategory="Home Page">https://www.agrofresh.com/</webSite><eMail mainCategory="Company Contact/E-mail">
		</eMail></webLinks>
	<peerInfo lastUpdated="2021-01-25T06:46:54">
		<IndustryInfo>
			<Industry type="TRBC" order="1" reported="0" code="5110102010" mnem="">Agricultural Chemicals - NEC</Industry>
			<Industry type="NAICS" order="1" reported="0" code="325320" mnem="">Pesticide and Other Agricultural Chemical Manufacturing</Industry>
			<Industry type="NAICS" order="2" reported="0" code="325998" mnem="">All Oth Misc Chemical Product &amp; Prep Mfg</Industry>
			<Industry type="SIC" order="1" reported="0" code="2879" mnem="">Agricultural Chemicals, Nec</Industry>
			<Industry type="SIC" order="2" reported="0" code="2899" mnem="">Chemical Preparations, Nec</Industry>
		</IndustryInfo>
	</peerInfo>
	<officers>
		<officer rank="1" since="03/10/2016">
			<firstName>Nance</firstName>
			<mI>K.</mI>
			<lastName>Dicciani</lastName>
			<age>72 </age>
			<title startYear="2016" startMonth="03" startDay="10" iD1="CHM" abbr1="Chmn." iD2="IND" abbr2="Ind. Dir.">Independent Chairman of the Board</title>
		</officer>
		<officer rank="2" since="10/03/2016">
			<firstName>Jordi</firstName>
			<mI></mI>
			<lastName>Ferre</lastName>
			<age>55 </age>
			<title startYear="2016" startMonth="10" startDay="03" iD1="CEO" abbr1="CEO" iD2="DRC" abbr2="Dir.">Chief Executive Officer, Director</title>
		</officer>
		<officer rank="3" since="08/30/2018">
			<firstName>Graham</firstName>
			<mI>G.</mI>
			<lastName>Miao</lastName>
			<age>56 </age>
			<title startYear="2018" startMonth="08" startDay="30" iD1="CFO" abbr1="CFO" iD2="EVP" abbr2="Exec. VP">Chief Financial Officer, Executive Vice President</title>
		</officer>
		<officer rank="4" since="07/31/2015">
			<firstName>Thomas</firstName>
			<mI></mI>
			<lastName>Ermi</lastName>
			<age>55 </age>
			<title startYear="2015" startMonth="07" startDay="31" iD1="EVP" abbr1="Exec. VP" iD2="GCN" abbr2="Counsel">Executive Vice President, General Counsel, Secretary</title>
		</officer>
	</officers>
	<Ratios PriceCurrency="USD" ReportingCurrency="USD" ExchangeRate="1.00000" LatestAvailableDate="2020-09-30">
		<Group ID="Price and Volume">
			<Ratio FieldName="NPRICE" Type="N">2.10000</Ratio>
			<Ratio FieldName="NHIG" Type="N">4.20000</Ratio>
			<Ratio FieldName="NLOW" Type="N">1.00000</Ratio>
			<Ratio FieldName="PDATE" Type="D">2021-02-04T00:00:00</Ratio>
			<Ratio FieldName="VOL10DAVG" Type="N">0.26432</Ratio>
			<Ratio FieldName="EV" Type="N">495.11640</Ratio>
		</Group>
		<Group ID="Income Statement">
			<Ratio FieldName="MKTCAP" Type="N">111.41540</Ratio>
			<Ratio FieldName="TTMREV" Type="N">166.74500</Ratio>
			<Ratio FieldName="TTMEBITD" Type="N">67.06900</Ratio>
			<Ratio FieldName="TTMNIAC" Type="N">-74.77000</Ratio>
		</Group>
		<Group ID="Per share data">
			<Ratio FieldName="TTMEPSXCLX" Type="N">-1.47848</Ratio>
			<Ratio FieldName="TTMREVPS" Type="N">3.29595</Ratio>
			<Ratio FieldName="QBVPS" Type="N">7.88202</Ratio>
			<Ratio FieldName="QCSHPS" Type="N">0.48000</Ratio>
			<Ratio FieldName="TTMCFSHR" Type="N">0.11095</Ratio>
			<Ratio FieldName="TTMDIVSHR" Type="N">0.00000</Ratio>
		</Group>
		<Group ID="Other Ratios">
			<Ratio FieldName="TTMGROSMGN" Type="N">74.79685</Ratio>
			<Ratio FieldName="TTMROEPCT" Type="N">-24.69291</Ratio>
			<Ratio FieldName="TTMPR2REV" Type="N">0.66818</Ratio>
			<Ratio FieldName="PEEXCLXOR" Type="N">-99999.99000</Ratio>
			<Ratio FieldName="PRICE2BK" Type="N">0.40409</Ratio>
			<Ratio FieldName="Employees" Type="N">292</Ratio>
		</Group>
	</Ratios>
	<ForecastData ConsensusType="Mean" CurFiscalYear="2020" CurFiscalYearEndMonth="12" CurInterimEndCalYear="2020" CurInterimEndMonth="12" EarningsBasis="PRX">
		<Ratio FieldName="ConsRecom" Type="N">
			<Value PeriodType="CURR">2.6</Value>
		</Ratio>
		<Ratio FieldName="TargetPrice" Type="N">
			<Value PeriodType="CURR">4.66670</Value>
		</Ratio>
		<Ratio FieldName="ProjLTGrowthRate" Type="N">
			<Value PeriodType="CURR">-99999.99000</Value>
		</Ratio>
		<Ratio FieldName="ProjPE" Type="N">
			<Value PeriodType="CURR">-2.35876</Value>
		</Ratio>
		<Ratio FieldName="ProjSales" Type="N">
			<Value PeriodType="CURR">160.74680</Value>
		</Ratio>
		<Ratio FieldName="ProjSalesQ" Type="N">
			<Value PeriodType="CURR">54.88570</Value>
		</Ratio>
		<Ratio FieldName="ProjEPS" Type="N">
			<Value PeriodType="CURR">-0.89030</Value>
		</Ratio>
		<Ratio FieldName="ProjEPSQ" Type="N">
			<Value PeriodType="CURR">0.05060</Value>
		</Ratio>
		<Ratio FieldName="ProjProfit" Type="N">
			<Value PeriodType="CURR">-14.42830</Value>
		</Ratio>
		<Ratio FieldName="ProjDPS" Type="N">
			<Value PeriodType="CURR">0.00000</Value>
		</Ratio>
	</ForecastData>
</ReportSnapshot>
