<?xml version="1.0" encoding="UTF-8"?>
<ReportSnapshot Major="1" Minor="0" Revision="1">
	<CoIDs>
		<CoID Type="RepNo">0C2EE</CoID>
		<CoID Type="CompanyName">Agrify Corp</CoID>
		<CoID Type="IRSNo">300943453</CoID>
		<CoID Type="CIKNo">0001800637</CoID>
		<CoID Type="OrganizationPermID">5072792608</CoID>
	</CoIDs>
	<Issues>
		<Issue ID="1" Type="C" Desc="Common Stock" Order="1">
			<IssueID Type="Name">Ordinary Shares</IssueID>
			<IssueID Type="Ticker">AGFY</IssueID>
			<IssueID Type="RIC">AGFY.O</IssueID>
			<IssueID Type="DisplayRIC">AGFY.OQ</IssueID>
			<IssueID Type="InstrumentPI">489831271</IssueID>
			<IssueID Type="QuotePI">489831278</IssueID>
			<Exchange Code="NASD" Country="USA">NASDAQ</Exchange>
			<GlobalListingType>OSR</GlobalListingType>
		</Issue>
	</Issues>
	<CoGeneralInfo>
		<CoStatus Code="1">Active</CoStatus>
		<CoType Code="EQU">Equity Issue</CoType>
		<LastModified>2021-01-28</LastModified>
		<LatestAvailableAnnual>2019-12-31</LatestAvailableAnnual>
		<LatestAvailableInterim>2020-09-30</LatestAvailableInterim>
		<Employees LastUpdated="2020-09-30">40</Employees>
		<SharesOut Date="2021-01-28" TotalFloat="9349869.0">12681790.0</SharesOut>
		<ReportingCurrency Code="USD">U.S. Dollars</ReportingCurrency>
		<MostRecentExchange Date="2021-02-03">1.0</MostRecentExchange>
	</CoGeneralInfo>
	<TextInfo>
		<Text Type="Business Summary" lastModified="2021-01-22T10:10:01">Agrify Corp is a developer of advanced and precision hardware and software grow solutions for the indoor agriculture marketplace. The Company offers Agrify Precision Elevated cultivation solution that combines integrated hardware and software offerings with a wide range of associated services, such as consulting, engineering and construction. The Company offers its modern solutions to cultivators across various commercial segments including fruits, vegetables, hemp and cannabis. Its business model includes substantial equipment sales for the Agrify Vertical Farming Unites (AVFUs) as well as recurring software-as-a-service (SaaS) revenues for Agrify Insights. Agrify Insights works with Agrify VFUs and Container Farms, allowing users the ability to automate and optimize grows of all sizes. Agrify Insights calculates the optimum planting schedule and plant movements based on the number of days and environmental conditions that users specify for each grow phase.</Text>
		<Text Type="Financial Summary" lastModified="2021-01-28T21:52:12">BRIEF: For the nine months ended 30 September 2020, AgrifyCorp revenues increased from $2.4M to $7.7M. Net lossincreased from $1.2M to $8.6M. Revenues reflect an increasein demand for the Company's products and services due tofavorable market conditions. Higher net loss reflectsSelling/General/Admin Expense increase from $876K to $6.9M(expense), Research and development increase from $39K to$2.4M (expense), Interest Expense.</Text>
	</TextInfo>
	<contactInfo lastUpdated="2021-01-28T21:52:12">
		<streetAddress line="1">1600 District Avenue, Unit 106</streetAddress>
		<streetAddress line="2"></streetAddress>
		<streetAddress line="3"></streetAddress>
		<city>BURLINGTON</city>
		<state-region>MA</state-region>
		<postalCode>01803</postalCode>
		<country code="USA">United States</country>
		<contactName></contactName>
		<contactTitle></contactTitle>
		<phone>
			<phone type="mainphone">
				<countryPhoneCode>1</countryPhoneCode>
				<city-areacode>617</city-areacode>
				<number>8965243</number>
			</phone>
		</phone>
	</contactInfo>
	<webLinks lastUpdated="2021-01-26T08:45:02"><webSite mainCategory="Home Page">https://www.agrify.com/</webSite><eMail mainCategory="Company Contact/E-mail">
		</eMail></webLinks>
	<peerInfo lastUpdated="2021-01-28T21:52:12">
		<IndustryInfo>
			<Industry type="TRBC" order="1" reported="0" code="5410201022" mnem="">Agriculture Support Services</Industry>
			<Industry type="NAICS" order="1" reported="0" code="115116" mnem="">Farm Management Services</Industry>
			<Industry type="NAICS" order="2" reported="0" code="424910" mnem="">Farm Supplies Merchant Wholesalers</Industry>
			<Industry type="SIC" order="1" reported="0" code="0762" mnem="">Farm Management Services</Industry>
			<Industry type="SIC" order="2" reported="0" code="5191" mnem="">Farm Supplies</Industry>
		</IndustryInfo>
	</peerInfo>
	<officers>
		<officer rank="1" since="NA">
			<firstName>Raymond</firstName>
			<mI>Nobu</mI>
			<lastName>Chang</lastName>
			<age></age>
			<title startYear="NA" startMonth="" startDay="" iD1="PRE" abbr1="Pres." iD2="CEO" abbr2="CEO">President, Chief Executive Officer, Director</title>
		</officer>
		<officer rank="2" since="NA">
			<firstName>Niv</firstName>
			<mI></mI>
			<lastName>Krikov</lastName>
			<age></age>
			<title startYear="NA" startMonth="" startDay="" iD1="CFO" abbr1="CFO" iD2="PRC" abbr2="Prim. Cont.">Chief Financial Officer</title>
		</officer>
		<officer rank="3" since="NA">
			<firstName>Robert</firstName>
			<mI></mI>
			<lastName>Harrison</lastName>
			<age></age>
			<title startYear="NA" startMonth="" startDay="" iD1="COO" abbr1="COO" iD2="" abbr2="">Chief Operating Officer</title>
		</officer>
		<officer rank="4" since="NA">
			<firstName>David</firstName>
			<mI></mI>
			<lastName>Kessler</lastName>
			<age></age>
			<title startYear="NA" startMonth="" startDay="" iD1="VPR" abbr1="VP" iD2="" abbr2="">Vice President, Head - Horticulture and Customer Success</title>
		</officer>
	</officers>
	<Ratios PriceCurrency="USD" ReportingCurrency="USD" ExchangeRate="1.00000" LatestAvailableDate="2020-09-30">
		<Group ID="Price and Volume">
			<Ratio FieldName="NPRICE" Type="N">17.25000</Ratio>
			<Ratio FieldName="NHIG" Type="N">20.05000</Ratio>
			<Ratio FieldName="NLOW" Type="N">10.59000</Ratio>
			<Ratio FieldName="PDATE" Type="D">2021-02-04T00:00:00</Ratio>
			<Ratio FieldName="VOL10DAVG" Type="N">1.02221</Ratio>
			<Ratio FieldName="EV" Type="N">218.11390</Ratio>
		</Group>
		<Group ID="Income Statement">
			<Ratio FieldName="MKTCAP" Type="N">218.76090</Ratio>
			<Ratio FieldName="TTMREV" Type="N">9.39700</Ratio>
			<Ratio FieldName="TTMEBITD" Type="N">-10.08800</Ratio>
			<Ratio FieldName="TTMNIAC" Type="N">-10.40300</Ratio>
		</Group>
		<Group ID="Per share data">
			<Ratio FieldName="TTMEPSXCLX" Type="N">-0.84702</Ratio>
			<Ratio FieldName="TTMREVPS" Type="N">0.76512</Ratio>
			<Ratio FieldName="QBVPS" Type="N">0.34148</Ratio>
			<Ratio FieldName="QCSHPS" Type="N">0.40369</Ratio>
			<Ratio FieldName="TTMCFSHR" Type="N">-0.82846</Ratio>
			<Ratio FieldName="TTMDIVSHR" Type="N">0.00000</Ratio>
		</Group>
		<Group ID="Other Ratios">
			<Ratio FieldName="TTMGROSMGN" Type="N">9.64137</Ratio>
			<Ratio FieldName="TTMROEPCT" Type="N">-99999.99000</Ratio>
			<Ratio FieldName="TTMPR2REV" Type="N">23.27986</Ratio>
			<Ratio FieldName="PEEXCLXOR" Type="N">-99999.99000</Ratio>
			<Ratio FieldName="PRICE2BK" Type="N">50.51523</Ratio>
			<Ratio FieldName="Employees" Type="N">40</Ratio>
		</Group>
	</Ratios>
	<ForecastData ConsensusType="" CurFiscalYear="" CurFiscalYearEndMonth="" CurInterimEndCalYear="" CurInterimEndMonth="" EarningsBasis="">
		<Ratio FieldName="ConsRecom" Type="N">
			<Value PeriodType="CURR">-99999.99000</Value>
		</Ratio>
		<Ratio FieldName="TargetPrice" Type="N">
			<Value PeriodType="CURR">-99999.99000</Value>
		</Ratio>
		<Ratio FieldName="ProjLTGrowthRate" Type="N">
			<Value PeriodType="CURR">-99999.99000</Value>
		</Ratio>
		<Ratio FieldName="ProjPE" Type="N">
			<Value PeriodType="CURR">-99999.99000</Value>
		</Ratio>
		<Ratio FieldName="ProjSales" Type="N">
			<Value PeriodType="CURR">-99999.99000</Value>
		</Ratio>
		<Ratio FieldName="ProjSalesQ" Type="N">
			<Value PeriodType="CURR">-99999.99000</Value>
		</Ratio>
		<Ratio FieldName="ProjEPS" Type="N">
			<Value PeriodType="CURR">-99999.99000</Value>
		</Ratio>
		<Ratio FieldName="ProjEPSQ" Type="N">
			<Value PeriodType="CURR">-99999.99000</Value>
		</Ratio>
		<Ratio FieldName="ProjProfit" Type="N">
			<Value PeriodType="CURR">-99999.99000</Value>
		</Ratio>
		<Ratio FieldName="ProjDPS" Type="N">
			<Value PeriodType="CURR">-99999.99000</Value>
		</Ratio>
	</ForecastData>
</ReportSnapshot>
