<?xml version="1.0" encoding="UTF-8"?>
<ReportSnapshot Major="1" Minor="0" Revision="1">
	<CoIDs>
		<CoID Type="RepNo">E7B01</CoID>
		<CoID Type="CompanyName">Agios Pharmaceuticals Inc</CoID>
		<CoID Type="IRSNo">260662915</CoID>
		<CoID Type="CIKNo">0001439222</CoID>
		<CoID Type="OrganizationPermID">4298032874</CoID>
	</CoIDs>
	<Issues>
		<Issue ID="1" Type="C" Desc="Common Stock" Order="1">
			<IssueID Type="Name">Ordinary Shares</IssueID>
			<IssueID Type="Ticker">AGIO</IssueID>
			<IssueID Type="RIC">AGIO.O</IssueID>
			<IssueID Type="DisplayRIC">AGIO.OQ</IssueID>
			<IssueID Type="InstrumentPI">134420349</IssueID>
			<IssueID Type="QuotePI">135552741</IssueID>
			<IssueID Type="InstrumentPermID">21524850706</IssueID>
			<IssueID Type="QuotePermID">21525629311</IssueID>
			<Exchange Code="NASD" Country="USA">NASDAQ</Exchange>
			<GlobalListingType>OSR</GlobalListingType>
		</Issue>
		<Issue ID="2" Type="P" Desc="Preferred Stock" Order="1">
			<IssueID Type="Name">Conv. Pref. Shrs Series A</IssueID>
			<IssueID Type="InstrumentPI">141086337</IssueID>
			<IssueID Type="InstrumentPermID">21529230227</IssueID>
			<Exchange Code="NA" Country="">Not Available</Exchange>
		</Issue>
		<Issue ID="3" Type="P" Desc="Preferred Stock" Order="2">
			<IssueID Type="Name">Conv. Pref. Shrs Series B</IssueID>
			<IssueID Type="InstrumentPI">141086338</IssueID>
			<IssueID Type="InstrumentPermID">21529230342</IssueID>
			<Exchange Code="NA" Country="">Not Available</Exchange>
		</Issue>
		<Issue ID="4" Type="P" Desc="Preferred Stock" Order="3">
			<IssueID Type="Name">Conv. Pref. Shrs Series C</IssueID>
			<IssueID Type="InstrumentPI">141086345</IssueID>
			<IssueID Type="InstrumentPermID">21529230343</IssueID>
			<Exchange Code="NA" Country="">Not Available</Exchange>
		</Issue>
	</Issues>
	<CoGeneralInfo>
		<CoStatus Code="1">Active</CoStatus>
		<CoType Code="EQU">Equity Issue</CoType>
		<LastModified>2020-11-06</LastModified>
		<LatestAvailableAnnual>2019-12-31</LatestAvailableAnnual>
		<LatestAvailableInterim>2020-09-30</LatestAvailableInterim>
		<Employees LastUpdated="2019-12-31">536</Employees>
		<SharesOut Date="2020-10-30" TotalFloat="61409681.0">69259817.0</SharesOut>
		<ReportingCurrency Code="USD">U.S. Dollars</ReportingCurrency>
		<MostRecentExchange Date="2021-02-03">1.0</MostRecentExchange>
	</CoGeneralInfo>
	<TextInfo>
		<Text Type="Business Summary" lastModified="2017-03-06T22:13:13">Agios Pharmaceuticals, Inc. is a clinical-stage biopharmaceutical company. The Company's therapeutic areas of focus are cancer and rare genetic metabolic disorders, which are a group of over 600 rare genetic diseases caused by mutations, or defects, of single metabolic genes. The Company's cancer product candidates are enasidenib and ivosidenib (AG-120), which target mutated isocitrate dehydrogenase 2 (IDH2) and isocitrate dehydrogenase 1 (IDH1), respectively, and AG-881, which targets both mutated IDH1 and mutated IDH2. These mutations are found in a range of hematological malignancies and solid tumors. The lead product candidate in its rare genetic metabolic disorder (RGD), programs, AG-348, targets pyruvate kinase-R for the treatment of pyruvate kinase deficiency. Pyruvate kinase deficiency is a rare disorder that often results in severe hemolytic anemia due to inherited mutations in the pyruvate kinase enzyme within red blood cells.</Text>
		<Text Type="Financial Summary" lastModified="2020-11-06T10:36:11">BRIEF: For the nine months ended 30 September 2020, AgiosPharmaceuticals Inc revenues increased 93% to $159.2M. Netloss decreased 26% to $229.7M. Revenues reflect Productrevenue, net increase from $40.3M to $82M, Collaborationrevenue  related party increase from $32.4M to $67M,Collaboration revenue  other increase of 27% to $2.8M.Lower net loss reflects Research and development decreaseof 11% to $243.3M (expense).</Text>
	</TextInfo>
	<contactInfo lastUpdated="2021-01-26T16:25:35">
		<streetAddress line="1">88 Sidney St</streetAddress>
		<streetAddress line="2"></streetAddress>
		<streetAddress line="3"></streetAddress>
		<city>CAMBRIDGE</city>
		<state-region>MA</state-region>
		<postalCode>02139-4137</postalCode>
		<country code="USA">United States</country>
		<contactName>Holly Manning</contactName>
		<contactTitle>IR Contact Officer</contactTitle>
		<phone>
			<phone type="mainphone">
				<countryPhoneCode>1</countryPhoneCode>
				<city-areacode>617</city-areacode>
				<number>6498600</number>
			</phone>
			<phone type="mainfax">
				<countryPhoneCode>1</countryPhoneCode>
				<city-areacode>302</city-areacode>
				<number>6555049</number>
			</phone>
			<phone type="contactphone">
				<countryPhoneCode>1</countryPhoneCode>
				<city-areacode>617</city-areacode>
				<number>844-6630</number>
			</phone>
		</phone>
	</contactInfo>
	<webLinks lastUpdated="2016-05-24T11:15:52"><webSite mainCategory="Home Page">http://www.agios.com/</webSite><eMail mainCategory="Company Contact/E-mail">holly.manning@agios.com</eMail></webLinks>
	<peerInfo lastUpdated="2021-01-26T16:25:35">
		<IndustryInfo>
			<Industry type="TRBC" order="1" reported="0" code="5620201011" mnem="">Bio Therapeutic Drugs</Industry>
			<Industry type="NAICS" order="1" reported="0" code="325412" mnem="">Pharmaceutical Preparation Mfg</Industry>
			<Industry type="NAICS" order="2" reported="0" code="541712" mnem="">Research and Development in the Physical, Engineering, and Life Sciences (except Biotechnology)</Industry>
			<Industry type="SIC" order="0" reported="1" code="2834" mnem="">Pharmaceutical Preparations</Industry>
			<Industry type="SIC" order="1" reported="0" code="2834" mnem="">Pharmaceutical Preparations</Industry>
			<Industry type="SIC" order="2" reported="0" code="8731" mnem="">Commercial Physical Research</Industry>
		</IndustryInfo>
	</peerInfo>
	<officers>
		<officer rank="1" since="NA">
			<firstName>David</firstName>
			<mI>P.</mI>
			<lastName>Schenkein</lastName>
			<age>62 </age>
			<title startYear="2019" startMonth="02" startDay="01" iD1="CHM" abbr1="Chmn." iD2="DRC" abbr2="Dir.">Executive Chairman of the Board</title>
		</officer>
		<officer rank="2" since="02/01/2019">
			<firstName>Jacqualyn</firstName>
			<mI>A.</mI>
			<lastName>Fouse</lastName>
			<age>58 </age>
			<title startYear="2019" startMonth="02" startDay="01" iD1="CEO" abbr1="CEO" iD2="DRC" abbr2="Dir.">Chief Executive Officer, Director</title>
		</officer>
		<officer rank="3" since="12/03/2019">
			<firstName>Jonathan</firstName>
			<mI>Prim</mI>
			<lastName>Biller</lastName>
			<age>57 </age>
			<title startYear="2020" startMonth="09" startDay="08" iD1="CFO" abbr1="CFO" iD2="" abbr2="">Chief Financial Officer, Head of Legal and Corporate Affairs</title>
		</officer>
		<officer rank="4" since="01/01/2020">
			<firstName>Bruce</firstName>
			<mI></mI>
			<lastName>Car</lastName>
			<age>58 </age>
			<title startYear="2020" startMonth="01" startDay="06" iD1="CSO" abbr1="CSO" iD2="" abbr2="">Chief Scientific Officer</title>
		</officer>
		<officer rank="5" since="05/14/2014">
			<firstName>Christopher</firstName>
			<mI>J.</mI>
			<lastName>Bowden</lastName>
			<age>58 </age>
			<title startYear="2014" startMonth="05" startDay="14" iD1="OTH" abbr1="Other" iD2="" abbr2="">Chief Medical Officer</title>
		</officer>
	</officers>
	<Ratios PriceCurrency="USD" ReportingCurrency="USD" ExchangeRate="1.00000" LatestAvailableDate="2020-09-30">
		<Group ID="Price and Volume">
			<Ratio FieldName="NPRICE" Type="N">50.49000</Ratio>
			<Ratio FieldName="NHIG" Type="N">56.74500</Ratio>
			<Ratio FieldName="NLOW" Type="N">27.77400</Ratio>
			<Ratio FieldName="PDATE" Type="D">2021-02-04T00:00:00</Ratio>
			<Ratio FieldName="VOL10DAVG" Type="N">0.60115</Ratio>
			<Ratio FieldName="EV" Type="N">2892.11400</Ratio>
		</Group>
		<Group ID="Income Statement">
			<Ratio FieldName="MKTCAP" Type="N">3496.92800</Ratio>
			<Ratio FieldName="TTMREV" Type="N">194.59100</Ratio>
			<Ratio FieldName="TTMEBITD" Type="N">-320.37400</Ratio>
			<Ratio FieldName="TTMNIAC" Type="N">-332.06300</Ratio>
		</Group>
		<Group ID="Per share data">
			<Ratio FieldName="TTMEPSXCLX" Type="N">-4.92970</Ratio>
			<Ratio FieldName="TTMREVPS" Type="N">2.87533</Ratio>
			<Ratio FieldName="QBVPS" Type="N">6.94314</Ratio>
			<Ratio FieldName="QCSHPS" Type="N">8.75081</Ratio>
			<Ratio FieldName="TTMCFSHR" Type="N">-4.76969</Ratio>
			<Ratio FieldName="TTMDIVSHR" Type="N">0.00000</Ratio>
		</Group>
		<Group ID="Other Ratios">
			<Ratio FieldName="TTMGROSMGN" Type="N">98.90385</Ratio>
			<Ratio FieldName="TTMROEPCT" Type="N">-71.50805</Ratio>
			<Ratio FieldName="TTMPR2REV" Type="N">17.97066</Ratio>
			<Ratio FieldName="PEEXCLXOR" Type="N">-99999.99000</Ratio>
			<Ratio FieldName="PRICE2BK" Type="N">7.27192</Ratio>
			<Ratio FieldName="Employees" Type="N">536</Ratio>
		</Group>
	</Ratios>
	<ForecastData ConsensusType="Mean" CurFiscalYear="2020" CurFiscalYearEndMonth="12" CurInterimEndCalYear="2020" CurInterimEndMonth="12" EarningsBasis="PRX">
		<Ratio FieldName="ConsRecom" Type="N">
			<Value PeriodType="CURR">1.8333</Value>
		</Ratio>
		<Ratio FieldName="TargetPrice" Type="N">
			<Value PeriodType="CURR">65.45450</Value>
		</Ratio>
		<Ratio FieldName="ProjLTGrowthRate" Type="N">
			<Value PeriodType="CURR">40.0000</Value>
		</Ratio>
		<Ratio FieldName="ProjPE" Type="N">
			<Value PeriodType="CURR">-10.80254</Value>
		</Ratio>
		<Ratio FieldName="ProjSales" Type="N">
			<Value PeriodType="CURR">199.35080</Value>
		</Ratio>
		<Ratio FieldName="ProjSalesQ" Type="N">
			<Value PeriodType="CURR">40.17120</Value>
		</Ratio>
		<Ratio FieldName="ProjEPS" Type="N">
			<Value PeriodType="CURR">-4.67390</Value>
		</Ratio>
		<Ratio FieldName="ProjEPSQ" Type="N">
			<Value PeriodType="CURR">-1.33430</Value>
		</Ratio>
		<Ratio FieldName="ProjProfit" Type="N">
			<Value PeriodType="CURR">-320.43800</Value>
		</Ratio>
		<Ratio FieldName="ProjDPS" Type="N">
			<Value PeriodType="CURR">0.00000</Value>
		</Ratio>
	</ForecastData>
</ReportSnapshot>
