<?xml version="1.0" encoding="UTF-8"?>
<ReportSnapshot Major="1" Minor="0" Revision="1">
	<CoIDs>
		<CoID Type="RepNo">F73C2</CoID>
		<CoID Type="CompanyName">Aeglea Bio Therapeutics Inc</CoID>
		<CoID Type="IRSNo">464312787</CoID>
		<CoID Type="CIKNo">0001636282</CoID>
		<CoID Type="OrganizationPermID">5038915440</CoID>
	</CoIDs>
	<Issues>
		<Issue ID="1" Type="C" Desc="Common Stock" Order="1">
			<IssueID Type="Name">Ordinary Shares</IssueID>
			<IssueID Type="Ticker">AGLE</IssueID>
			<IssueID Type="RIC">AGLE.O</IssueID>
			<IssueID Type="DisplayRIC">AGLE.OQ</IssueID>
			<IssueID Type="InstrumentPI">194015657</IssueID>
			<IssueID Type="QuotePI">195637641</IssueID>
			<IssueID Type="InstrumentPermID">21565688211</IssueID>
			<IssueID Type="QuotePermID">21566627670</IssueID>
			<Exchange Code="NASD" Country="USA">NASDAQ</Exchange>
			<GlobalListingType>OSR</GlobalListingType>
		</Issue>
		<Issue ID="2" Type="P" Desc="Preferred Stock" Order="1">
			<IssueID Type="Name">Conv. Pref. Shrs Series A</IssueID>
			<IssueID Type="InstrumentPI">463711138</IssueID>
			<IssueID Type="InstrumentPermID">21772625539</IssueID>
			<Exchange Code="NA" Country="">Not Available</Exchange>
		</Issue>
		<Issue ID="3" Type="P" Desc="Preferred Stock" Order="2">
			<IssueID Type="Name">Conv. Pref. Shrs Series B</IssueID>
			<IssueID Type="InstrumentPI">463711144</IssueID>
			<IssueID Type="InstrumentPermID">21772625554</IssueID>
			<Exchange Code="NA" Country="">Not Available</Exchange>
		</Issue>
	</Issues>
	<CoGeneralInfo>
		<CoStatus Code="1">Active</CoStatus>
		<CoType Code="EQU">Equity Issue</CoType>
		<LastModified>2021-01-20</LastModified>
		<LatestAvailableAnnual>2019-12-31</LatestAvailableAnnual>
		<LatestAvailableInterim>2020-09-30</LatestAvailableInterim>
		<Employees LastUpdated="2020-09-30">87</Employees>
		<SharesOut Date="2020-11-02" TotalFloat="46723178.0">47937107.0</SharesOut>
		<ReportingCurrency Code="USD">U.S. Dollars</ReportingCurrency>
		<MostRecentExchange Date="2021-02-03">1.0</MostRecentExchange>
	</CoGeneralInfo>
	<TextInfo>
		<Text Type="Business Summary" lastModified="2020-06-04T08:16:30">Aeglea BioTherapeutics, Inc. is a clinical-stage biotechnology company. The Company is focused on developing a human enzyme therapeutics as advanced solutions for rare and other high-burden diseases. The Companys product candidates are Pegzilarginase, ACN00177 and AEB5100. Its Pegzilarginase is a recombinant human Arginase one that enzymatically degrades the amino acid arginine to lower arginine levels in patients with Arginase One Deficiency. Its engineered pegzilarginase with modifications that enhance the stability and arginine-degrading activity of the enzyme in human plasma. The Company is evaluating Pegzilarginase in a global pivotal Phase III PEACE (Pegzilarginase Effect on Arginase one Deficiency Clinical Endpoints) trial and in a Phase II open-label extension study for patients with Arginase One Deficiency. Its ACN00177 is a PEGylated or polyethylene glycol modified, human enzyme engineered to degrade free homocysteine and homocystine in patients with Homocystinuria.</Text>
		<Text Type="Financial Summary" lastModified="2021-01-20T21:50:25">BRIEF: For the nine months ended 30 September 2020, AegleaBio Therapeutics Inc revenues was not reported. Net lossincreased 3% to $58.2M. Higher net loss reflects Generaland administrative - increase of 31% to $11.8M (expense),Interest income decrease of 68% to $549K (income),Stock-based Compensation in SGA increase of 28% to $3M(expense). Basic Earnings per Share excluding ExtraordinaryItems increased from -$1.80 to -$1.26.</Text>
	</TextInfo>
	<contactInfo lastUpdated="2021-02-04T00:56:09">
		<streetAddress line="1">805 Las Cimas Parkway, Suite 100</streetAddress>
		<streetAddress line="2"></streetAddress>
		<streetAddress line="3"></streetAddress>
		<city>AUSTIN</city>
		<state-region>TX</state-region>
		<postalCode>78746</postalCode>
		<country code="USA">United States</country>
		<contactName>Joey Perrone</contactName>
		<contactTitle>Director, Finance &amp; Investor Relations</contactTitle>
		<phone>
			<phone type="mainphone">
				<countryPhoneCode>1</countryPhoneCode>
				<city-areacode>512</city-areacode>
				<number>9422935</number>
			</phone>
			<phone type="mainfax">
				<countryPhoneCode>1</countryPhoneCode>
				<city-areacode>512</city-areacode>
				<number>8725121</number>
			</phone>
			<phone type="contactphone">
				<countryPhoneCode>1</countryPhoneCode>
				<city-areacode>512</city-areacode>
				<number>9003661</number>
			</phone>
		</phone>
	</contactInfo>
	<webLinks lastUpdated="2016-04-08T15:30:07"><webSite mainCategory="Home Page">http://aegleabio.com</webSite><eMail mainCategory="Company Contact/E-mail">investors@aegleabio.com</eMail></webLinks>
	<peerInfo lastUpdated="2021-02-04T00:56:09">
		<IndustryInfo>
			<Industry type="TRBC" order="1" reported="0" code="5620201011" mnem="">Bio Therapeutic Drugs</Industry>
			<Industry type="NAICS" order="1" reported="0" code="541711" mnem="">Research and Development in Biotechnology</Industry>
			<Industry type="NAICS" order="2" reported="0" code="325412" mnem="">Pharmaceutical Preparation Mfg</Industry>
			<Industry type="SIC" order="1" reported="0" code="8731" mnem="">Commercial Physical Research</Industry>
			<Industry type="SIC" order="2" reported="0" code="2834" mnem="">Pharmaceutical Preparations</Industry>
		</IndustryInfo>
	</peerInfo>
	<officers>
		<officer rank="1" since="01/2019">
			<firstName>Russell</firstName>
			<mI>J.</mI>
			<lastName>Cox</lastName>
			<age>56 </age>
			<title startYear="2019" startMonth="01" startDay="" iD1="CHM" abbr1="Chmn." iD2="IND" abbr2="Ind. Dir.">Independent Chairman of the board</title>
		</officer>
		<officer rank="2" since="07/18/2017">
			<firstName>Anthony</firstName>
			<mI>G.</mI>
			<lastName>Quinn</lastName>
			<age>58 </age>
			<title startYear="2019" startMonth="10" startDay="10" iD1="PRE" abbr1="Pres." iD2="CEO" abbr2="CEO">President and Chief Executive Officer, Director</title>
		</officer>
		<officer rank="3" since="07/2014">
			<firstName>Charles</firstName>
			<mI>N.</mI>
			<lastName>York</lastName>
			<age>43 </age>
			<title startYear="2015" startMonth="09" startDay="" iD1="CFO" abbr1="CFO" iD2="VPR" abbr2="VP">Chief Financial Officer, Vice President</title>
		</officer>
		<officer rank="4" since="08/2017">
			<firstName>Leslie</firstName>
			<mI></mI>
			<lastName>Sloan</lastName>
			<age>49 </age>
			<title startYear="2019" startMonth="03" startDay="06" iD1="COO" abbr1="COO" iD2="" abbr2="">Chief Operating Officer</title>
		</officer>
		<officer rank="5" since="02/03/2021">
			<firstName>Steven</firstName>
			<mI></mI>
			<lastName>Weber</lastName>
			<age>44 </age>
			<title startYear="2021" startMonth="02" startDay="03" iD1="VPR" abbr1="VP" iD2="CTR" abbr2="Contr.">Vice President, Controller</title>
		</officer>
		<officer rank="6" since="11/04/2019">
			<firstName>Michael</firstName>
			<mI>Conick</mI>
			<lastName>Hanley</lastName>
			<age>47 </age>
			<title startYear="2019" startMonth="11" startDay="04" iD1="OTH" abbr1="Other" iD2="" abbr2="">Chief Commercial Officer</title>
		</officer>
		<officer rank="7" since="11/04/2019">
			<firstName>Ravi</firstName>
			<mI>M.</mI>
			<lastName>Rao</lastName>
			<age>52 </age>
			<title startYear="2019" startMonth="11" startDay="04" iD1="OTH" abbr1="Other" iD2="" abbr2="">Chief Medical Officer</title>
		</officer>
	</officers>
	<Ratios PriceCurrency="USD" ReportingCurrency="USD" ExchangeRate="1.00000" LatestAvailableDate="2020-09-30">
		<Group ID="Price and Volume">
			<Ratio FieldName="NPRICE" Type="N">7.53000</Ratio>
			<Ratio FieldName="NHIG" Type="N">11.38000</Ratio>
			<Ratio FieldName="NLOW" Type="N">3.50000</Ratio>
			<Ratio FieldName="PDATE" Type="D">2021-02-04T00:00:00</Ratio>
			<Ratio FieldName="VOL10DAVG" Type="N">0.31115</Ratio>
			<Ratio FieldName="EV" Type="N">220.99040</Ratio>
		</Group>
		<Group ID="Income Statement">
			<Ratio FieldName="MKTCAP" Type="N">360.96640</Ratio>
			<Ratio FieldName="TTMREV" Type="N">0.00000</Ratio>
			<Ratio FieldName="TTMEBITD" Type="N">-79.88100</Ratio>
			<Ratio FieldName="TTMNIAC" Type="N">-79.67400</Ratio>
		</Group>
		<Group ID="Per share data">
			<Ratio FieldName="TTMEPSXCLX" Type="N">-1.91130</Ratio>
			<Ratio FieldName="TTMREVPS" Type="N">0.00000</Ratio>
			<Ratio FieldName="QBVPS" Type="N">3.04918</Ratio>
			<Ratio FieldName="QCSHPS" Type="N">3.13201</Ratio>
			<Ratio FieldName="TTMCFSHR" Type="N">-1.74177</Ratio>
			<Ratio FieldName="TTMDIVSHR" Type="N">0.00000</Ratio>
		</Group>
		<Group ID="Other Ratios">
			<Ratio FieldName="TTMGROSMGN" Type="N">-99999.99000</Ratio>
			<Ratio FieldName="TTMROEPCT" Type="N">-73.74866</Ratio>
			<Ratio FieldName="TTMPR2REV" Type="N">-99999.99000</Ratio>
			<Ratio FieldName="PEEXCLXOR" Type="N">-99999.99000</Ratio>
			<Ratio FieldName="PRICE2BK" Type="N">2.46952</Ratio>
			<Ratio FieldName="Employees" Type="N">87</Ratio>
		</Group>
	</Ratios>
	<ForecastData ConsensusType="Mean" CurFiscalYear="2020" CurFiscalYearEndMonth="12" CurInterimEndCalYear="2020" CurInterimEndMonth="12" EarningsBasis="REP">
		<Ratio FieldName="ConsRecom" Type="N">
			<Value PeriodType="CURR">2.125</Value>
		</Ratio>
		<Ratio FieldName="TargetPrice" Type="N">
			<Value PeriodType="CURR">16.71430</Value>
		</Ratio>
		<Ratio FieldName="ProjLTGrowthRate" Type="N">
			<Value PeriodType="CURR">-99999.99000</Value>
		</Ratio>
		<Ratio FieldName="ProjPE" Type="N">
			<Value PeriodType="CURR">-5.01432</Value>
		</Ratio>
		<Ratio FieldName="ProjSales" Type="N">
			<Value PeriodType="CURR">0.00000</Value>
		</Ratio>
		<Ratio FieldName="ProjSalesQ" Type="N">
			<Value PeriodType="CURR">0.00000</Value>
		</Ratio>
		<Ratio FieldName="ProjEPS" Type="N">
			<Value PeriodType="CURR">-1.50170</Value>
		</Ratio>
		<Ratio FieldName="ProjEPSQ" Type="N">
			<Value PeriodType="CURR">-0.30830</Value>
		</Ratio>
		<Ratio FieldName="ProjProfit" Type="N">
			<Value PeriodType="CURR">-77.68270</Value>
		</Ratio>
		<Ratio FieldName="ProjDPS" Type="N">
			<Value PeriodType="CURR">-99999.99000</Value>
		</Ratio>
	</ForecastData>
</ReportSnapshot>
