<?xml version="1.0" encoding="UTF-8"?>
<ReportSnapshot Major="1" Minor="0" Revision="1">
	<CoIDs>
		<CoID Type="RepNo">01A57</CoID>
		<CoID Type="CompanyName">AGM Group Holdings Inc</CoID>
		<CoID Type="CIKNo">0001705402</CoID>
		<CoID Type="OrganizationPermID">5056065106</CoID>
	</CoIDs>
	<Issues>
		<Issue ID="1" Type="C" Desc="Common Stock" Order="1">
			<IssueID Type="Name">Ordinary Shares Class A</IssueID>
			<IssueID Type="Ticker">AGMH</IssueID>
			<IssueID Type="RIC">AGMH.O</IssueID>
			<IssueID Type="DisplayRIC">AGMH.OQ</IssueID>
			<IssueID Type="InstrumentPI">270879317</IssueID>
			<IssueID Type="QuotePI">273400052</IssueID>
			<IssueID Type="InstrumentPermID">21621123017</IssueID>
			<IssueID Type="QuotePermID">25727425395</IssueID>
			<Exchange Code="NASD" Country="USA">NASDAQ</Exchange>
			<GlobalListingType>OSR</GlobalListingType>
		</Issue>
		<Issue ID="2" Type="C" Desc="Common Stock" Order="2">
			<IssueID Type="Name">Ordinary Shares Class B</IssueID>
			<IssueID Type="InstrumentPI">303258929</IssueID>
			<IssueID Type="InstrumentPermID">21646039233</IssueID>
			<Exchange Code="NA" Country="">Not Available</Exchange>
		</Issue>
	</Issues>
	<CoGeneralInfo>
		<CoStatus Code="1">Active</CoStatus>
		<CoType Code="EQU">Equity Issue</CoType>
		<LastModified>2020-12-16</LastModified>
		<LatestAvailableAnnual>2019-12-31</LatestAvailableAnnual>
		<LatestAvailableInterim>2020-06-30</LatestAvailableInterim>
		<Employees LastUpdated="2019-12-31">48</Employees>
		<SharesOut Date="2020-10-08" TotalFloat="9931290.0">28931290.0</SharesOut>
		<ReportingCurrency Code="USD">U.S. Dollars</ReportingCurrency>
		<MostRecentExchange Date="2021-02-03">1.0</MostRecentExchange>
	</CoGeneralInfo>
	<TextInfo>
		<Text Type="Business Summary" lastModified="2018-05-02T05:54:06">AGM Group Holdings Inc. is a financial technology company and financial solutions provider. The Company mainly provides brokers and institutional clients with trading platform solutions and technologies. The Company operates mainly through three businesses, including online trading and computer support service business, which provides online trading platform application and computer program technical support and solution services; forex trading brokerage business, as well as program trading application technology and management service business. The Company operates its businesses in both the United Stated and global markets.</Text>
		<Text Type="Financial Summary" lastModified="2020-12-16T12:45:23">BRIEF: For the six months ended 30 June 2020, AGM GroupHoldings Inc revenues increased 12% to $118K. Net lossincreased 18% to $659K. Revenues reflect an increase indemand for the Company's products and services due tofavorable market conditions. Higher net loss reflects Otherexpense decrease from $34K (income) to $0K, Research anddevelopment expenses increase from $0K to $31K (expense).</Text>
	</TextInfo>
	<contactInfo lastUpdated="2020-12-16T12:46:17">
		<streetAddress line="1">Room 1904</streetAddress>
		<streetAddress line="2">19/F. Jubilee Centre, 18 Fenwick Street</streetAddress>
		<streetAddress line="3"></streetAddress>
		<city>BEIJING</city>
		<state-region>BEJ</state-region>
		<postalCode>00000</postalCode>
		<country code="HKG">Hong Kong</country>
		<contactName></contactName>
		<contactTitle></contactTitle>
		<phone>
			<phone type="mainphone">
				<countryPhoneCode>852</countryPhoneCode>
				<city-areacode></city-areacode>
				<number>36908390</number>
			</phone>
		</phone>
	</contactInfo>
	<webLinks lastUpdated="2018-06-21T02:13:46"><webSite mainCategory="Home Page">http://www.agmprime.com/</webSite><eMail mainCategory="Company Contact/E-mail">
		</eMail></webLinks>
	<peerInfo lastUpdated="2020-12-16T12:46:17">
		<IndustryInfo>
			<Industry type="TRBC" order="1" reported="0" code="5720102010" mnem="">Software - NEC</Industry>
			<Industry type="NAICS" order="1" reported="0" code="541511" mnem="">Custom Computer Programming Services</Industry>
			<Industry type="NAICS" order="2" reported="0" code="511210" mnem="">Software Publishers</Industry>
			<Industry type="SIC" order="1" reported="0" code="7371" mnem="">Computer Programming Services</Industry>
			<Industry type="SIC" order="2" reported="0" code="7372" mnem="">Prepackaged Software</Industry>
		</IndustryInfo>
	</peerInfo>
	<officers></officers>
	<Ratios PriceCurrency="USD" ReportingCurrency="USD" ExchangeRate="1.00000" LatestAvailableDate="2020-06-30">
		<Group ID="Price and Volume">
			<Ratio FieldName="NPRICE" Type="N">15.56000</Ratio>
			<Ratio FieldName="NHIG" Type="N">26.44000</Ratio>
			<Ratio FieldName="NLOW" Type="N">13.98010</Ratio>
			<Ratio FieldName="PDATE" Type="D">2021-02-04T00:00:00</Ratio>
			<Ratio FieldName="VOL10DAVG" Type="N">0.00539</Ratio>
			<Ratio FieldName="EV" Type="N">338.09654</Ratio>
		</Group>
		<Group ID="Income Statement">
			<Ratio FieldName="MKTCAP" Type="N">339.69490</Ratio>
			<Ratio FieldName="TTMREV" Type="N">0.72184</Ratio>
			<Ratio FieldName="TTMEBITD" Type="N">-1.07884</Ratio>
			<Ratio FieldName="TTMNIAC" Type="N">-1.66127</Ratio>
		</Group>
		<Group ID="Per share data">
			<Ratio FieldName="TTMEPSXCLX" Type="N">-0.07738</Ratio>
			<Ratio FieldName="TTMREVPS" Type="N">0.03379</Ratio>
			<Ratio FieldName="QBVPS" Type="N">0.38880</Ratio>
			<Ratio FieldName="QCSHPS" Type="N">0.05532</Ratio>
			<Ratio FieldName="TTMCFSHR" Type="N">-0.07529</Ratio>
			<Ratio FieldName="TTMDIVSHR" Type="N">0.00000</Ratio>
		</Group>
		<Group ID="Other Ratios">
			<Ratio FieldName="TTMGROSMGN" Type="N">65.12801</Ratio>
			<Ratio FieldName="TTMROEPCT" Type="N">-20.27513</Ratio>
			<Ratio FieldName="TTMPR2REV" Type="N">470.59580</Ratio>
			<Ratio FieldName="PEEXCLXOR" Type="N">-99999.99000</Ratio>
			<Ratio FieldName="PRICE2BK" Type="N">40.02034</Ratio>
			<Ratio FieldName="Employees" Type="N">48</Ratio>
		</Group>
	</Ratios>
	<ForecastData ConsensusType="" CurFiscalYear="" CurFiscalYearEndMonth="" CurInterimEndCalYear="" CurInterimEndMonth="" EarningsBasis="">
		<Ratio FieldName="ConsRecom" Type="N">
			<Value PeriodType="CURR">-99999.99000</Value>
		</Ratio>
		<Ratio FieldName="TargetPrice" Type="N">
			<Value PeriodType="CURR">-99999.99000</Value>
		</Ratio>
		<Ratio FieldName="ProjLTGrowthRate" Type="N">
			<Value PeriodType="CURR">-99999.99000</Value>
		</Ratio>
		<Ratio FieldName="ProjPE" Type="N">
			<Value PeriodType="CURR">-99999.99000</Value>
		</Ratio>
		<Ratio FieldName="ProjSales" Type="N">
			<Value PeriodType="CURR">-99999.99000</Value>
		</Ratio>
		<Ratio FieldName="ProjSalesQ" Type="N">
			<Value PeriodType="CURR">-99999.99000</Value>
		</Ratio>
		<Ratio FieldName="ProjEPS" Type="N">
			<Value PeriodType="CURR">-99999.99000</Value>
		</Ratio>
		<Ratio FieldName="ProjEPSQ" Type="N">
			<Value PeriodType="CURR">-99999.99000</Value>
		</Ratio>
		<Ratio FieldName="ProjProfit" Type="N">
			<Value PeriodType="CURR">-99999.99000</Value>
		</Ratio>
		<Ratio FieldName="ProjDPS" Type="N">
			<Value PeriodType="CURR">-99999.99000</Value>
		</Ratio>
	</ForecastData>
</ReportSnapshot>
