<?xml version="1.0" encoding="UTF-8"?>
<ReportSnapshot Major="1" Minor="0" Revision="1">
	<CoIDs>
		<CoID Type="RepNo">B05B3</CoID>
		<CoID Type="CompanyName">AGNC Investment Corp</CoID>
		<CoID Type="IRSNo">261701984</CoID>
		<CoID Type="CIKNo">0001423689</CoID>
		<CoID Type="OrganizationPermID">4298015050</CoID>
	</CoIDs>
	<Issues>
		<Issue ID="1" Type="C" Desc="Common Stock" Order="1">
			<IssueID Type="Name">Ordinary Shares</IssueID>
			<IssueID Type="Ticker">AGNC</IssueID>
			<IssueID Type="RIC">AGNC.O</IssueID>
			<IssueID Type="DisplayRIC">AGNC.OQ</IssueID>
			<IssueID Type="InstrumentPI">43731436</IssueID>
			<IssueID Type="QuotePI">44868056</IssueID>
			<IssueID Type="InstrumentPermID">8590944127</IssueID>
			<IssueID Type="QuotePermID">55841730751</IssueID>
			<Exchange Code="NASD" Country="USA">NASDAQ</Exchange>
			<GlobalListingType>OSR</GlobalListingType>
		</Issue>
		<Issue ID="2" Type="P" Desc="Preferred Stock" Order="1">
			<IssueID Type="Name">8% Preferred Shares Series</IssueID>
			<IssueID Type="RIC">AGNCP.O^I17</IssueID>
			<IssueID Type="DisplayRIC">AGNCP.OQ</IssueID>
			<IssueID Type="InstrumentPI">105731055</IssueID>
			<IssueID Type="QuotePI">105731564</IssueID>
			<IssueID Type="InstrumentPermID">21498203346</IssueID>
			<IssueID Type="QuotePermID">21498203402</IssueID>
			<Exchange Code="NASD" Country="USA">NASDAQ</Exchange>
		</Issue>
		<Issue ID="3" Type="P" Desc="Preferred Stock" Order="2">
			<IssueID Type="Name">7.75% Preference Shares Ser</IssueID>
			<IssueID Type="InstrumentPI">244230307</IssueID>
			<IssueID Type="InstrumentPermID">21600820399</IssueID>
			<Exchange Code="NA" Country="">Not Available</Exchange>
		</Issue>
		<Issue ID="4" Type="P" Desc="Preferred Stock" Order="3">
			<IssueID Type="Name">7% Preference Shares Series C</IssueID>
			<IssueID Type="InstrumentPI">269937934</IssueID>
			<IssueID Type="InstrumentPermID">21620409895</IssueID>
			<Exchange Code="NA" Country="">Not Available</Exchange>
		</Issue>
		<Issue ID="5" Type="P" Desc="Preferred Stock" Order="4">
			<IssueID Type="Name">Preference Shares</IssueID>
			<IssueID Type="InstrumentPI">390156921</IssueID>
			<IssueID Type="InstrumentPermID">21714282055</IssueID>
			<Exchange Code="NA" Country="">Not Available</Exchange>
		</Issue>
		<Issue ID="6" Type="P" Desc="Preferred Stock" Order="5">
			<IssueID Type="Name">6.875% Preference Shares Series D</IssueID>
			<IssueID Type="InstrumentPI">354738480</IssueID>
			<IssueID Type="InstrumentPermID">21686445074</IssueID>
			<Exchange Code="NA" Country="">Not Available</Exchange>
		</Issue>
		<Issue ID="7" Type="P" Desc="Preferred Stock" Order="6">
			<IssueID Type="Name">6.125% Preference Shares Se</IssueID>
			<IssueID Type="InstrumentPI">413831187</IssueID>
			<IssueID Type="InstrumentPermID">21733315240</IssueID>
			<Exchange Code="NA" Country="">Not Available</Exchange>
		</Issue>
	</Issues>
	<CoGeneralInfo>
		<CoStatus Code="1">Active</CoStatus>
		<CoType Code="EQU">Equity Issue</CoType>
		<LastModified>2021-01-27</LastModified>
		<LatestAvailableAnnual>2020-12-31</LatestAvailableAnnual>
		<LatestAvailableInterim>2020-12-31</LatestAvailableInterim>
		<Employees LastUpdated="2019-12-31">51</Employees>
		<SharesOut Date="2020-12-31" TotalFloat="534105000.0">539500000.0</SharesOut>
		<ReportingCurrency Code="USD">U.S. Dollars</ReportingCurrency>
		<MostRecentExchange Date="2021-02-03">1.0</MostRecentExchange>
	</CoGeneralInfo>
	<TextInfo>
		<Text Type="Business Summary" lastModified="2017-03-13T05:08:09">AGNC Investment Corp., formerly American Capital Agency Corp., is a real estate investment trust. The Company invests in agency residential mortgage-backed securities on a leveraged basis. Its investments consist of residential mortgage pass-through securities and collateralized mortgage obligations (CMOs) for which the principal and interest payments are guaranteed by a government-sponsored enterprise, such as the Federal National Mortgage Association (Fannie Mae) and the Federal Home Loan Mortgage Corporation (Freddie Mac), or by the United States Government agency, such as the Government National Mortgage Association (Ginnie Mae) (collectively, GSEs). Its agency securities include agency residential mortgage-backed securities (Agency RMBS) and to-be-announced forward contracts (TBAs). Its Non-Agency Securities include credit risk transfer securities (CRT), non-agency residential mortgage-backed securities (Non-Agency RMBS) and commercial mortgage-backed securities (CMBS).</Text>
		<Text Type="Financial Summary" lastModified="2021-01-27T15:56:00">BRIEF: For the fiscal year ended 31 December 2020, AGNCInvestment Corp revenues decreased 83% to $501M. Net lossapplicable to common stockholders totaled $362M vs. incomeof $628M. Revenues reflect Unrealized gain (loss) oninvestment sec decrease of 84% to $319M, Interest incomedecrease of 47% to $1.52B. Net loss reflects Compensationand benefits increase of 19% to $56M (expense), Otheroperating expense increase of 3% to $37M (expense).</Text>
	</TextInfo>
	<contactInfo lastUpdated="2021-01-27T15:56:07">
		<streetAddress line="1">2 Bethesda Metro Ctr Fl 12</streetAddress>
		<streetAddress line="2"></streetAddress>
		<streetAddress line="3"></streetAddress>
		<city>BETHESDA</city>
		<state-region>MD</state-region>
		<postalCode>20814-6319</postalCode>
		<country code="USA">United States</country>
		<contactName></contactName>
		<contactTitle></contactTitle>
		<phone>
			<phone type="mainphone">
				<countryPhoneCode>1</countryPhoneCode>
				<city-areacode>301</city-areacode>
				<number>9689300</number>
			</phone>
			<phone type="mainfax">
				<countryPhoneCode>1</countryPhoneCode>
				<city-areacode>302</city-areacode>
				<number>6555049</number>
			</phone>
		</phone>
	</contactInfo>
	<webLinks lastUpdated="2016-10-04T23:30:04"><webSite mainCategory="Home Page">http://agnc.com/</webSite><eMail mainCategory="Company Contact/E-mail">IR@AGNC.com</eMail></webLinks>
	<peerInfo lastUpdated="2021-01-27T15:56:07">
		<IndustryInfo>
			<Industry type="TRBC" order="1" reported="0" code="6010204060" mnem="">Mortgage REITs</Industry>
			<Industry type="NAICS" order="1" reported="0" code="531110" mnem="">Lessors of Residential Buildings and Dwellings</Industry>
			<Industry type="SIC" order="0" reported="1" code="6798" mnem="">Real Estate Investment Trusts</Industry>
			<Industry type="SIC" order="1" reported="0" code="6513" mnem="">Apartment Building Operators</Industry>
		</IndustryInfo>
	</peerInfo>
	<officers>
		<officer rank="1" since="06/2011">
			<firstName>Peter</firstName>
			<mI>J.</mI>
			<lastName>Federico</lastName>
			<age>54 </age>
			<title startYear="2018" startMonth="03" startDay="31" iD1="PRE" abbr1="Pres." iD2="COO" abbr2="COO">President, Chief Operating Officer</title>
		</officer>
		<officer rank="2" since="01/26/2009">
			<firstName>Gary</firstName>
			<mI>D.</mI>
			<lastName>Kain</lastName>
			<age>55 </age>
			<title startYear="2018" startMonth="03" startDay="31" iD1="CEO" abbr1="CEO" iD2="CIN" abbr2="Chief Inv.Off.">Chief Executive Officer, Chief Investment Officer, Director</title>
		</officer>
		<officer rank="3" since="01/26/2016">
			<firstName>Bernice</firstName>
			<mI>E.</mI>
			<lastName>Bell</lastName>
			<age>48 </age>
			<title startYear="2018" startMonth="03" startDay="31" iD1="CFO" abbr1="CFO" iD2="SVP" abbr2="Sr. VP">Chief Financial Officer, Senior Vice President</title>
		</officer>
		<officer rank="4" since="03/2012">
			<firstName>Christopher</firstName>
			<mI>J.</mI>
			<lastName>Kuehl</lastName>
			<age>47 </age>
			<title startYear="2016" startMonth="11" startDay="" iD1="EVP" abbr1="Exec. VP" iD2="" abbr2="">Executive Vice President - Agency Portfolio Investments</title>
		</officer>
		<officer rank="5" since="07/06/2016">
			<firstName>Kenneth</firstName>
			<mI>L.</mI>
			<lastName>Pollack</lastName>
			<age>52 </age>
			<title startYear="2016" startMonth="07" startDay="06" iD1="SVP" abbr1="Sr. VP" iD2="CCO" abbr2="Chief Comp.">Senior Vice President, Chief Compliance Officer, General Counsel, Secretary</title>
		</officer>
		<officer rank="6" since="11/2016">
			<firstName>Aaron</firstName>
			<mI>J.</mI>
			<lastName>Pas</lastName>
			<age>39 </age>
			<title startYear="2016" startMonth="11" startDay="" iD1="SVP" abbr1="Sr. VP" iD2="" abbr2="">Senior Vice President - Non-Agency Portfolio Investments</title>
		</officer>
	</officers>
	<Ratios PriceCurrency="USD" ReportingCurrency="USD" ExchangeRate="1.00000" LatestAvailableDate="2020-12-31">
		<Group ID="Price and Volume">
			<Ratio FieldName="NPRICE" Type="N">16.17000</Ratio>
			<Ratio FieldName="NHIG" Type="N">19.65000</Ratio>
			<Ratio FieldName="NLOW" Type="N">6.25000</Ratio>
			<Ratio FieldName="PDATE" Type="D">2021-02-04T00:00:00</Ratio>
			<Ratio FieldName="VOL10DAVG" Type="N">7.86771</Ratio>
			<Ratio FieldName="EV" Type="N">61831.07100</Ratio>
		</Group>
		<Group ID="Income Statement">
			<Ratio FieldName="MKTCAP" Type="N">8816.07100</Ratio>
			<Ratio FieldName="TTMREV" Type="N">501.00000</Ratio>
			<Ratio FieldName="TTMEBITD" Type="N">-266.00000</Ratio>
			<Ratio FieldName="TTMNIAC" Type="N">-362.00000</Ratio>
		</Group>
		<Group ID="Per share data">
			<Ratio FieldName="TTMEPSXCLX" Type="N">-0.69865</Ratio>
			<Ratio FieldName="TTMREVPS" Type="N">0.90699</Ratio>
			<Ratio FieldName="QBVPS" Type="N">20.53568</Ratio>
			<Ratio FieldName="QCSHPS" Type="N">1.88508</Ratio>
			<Ratio FieldName="TTMCFSHR" Type="N">-99999.99000</Ratio>
			<Ratio FieldName="TTMDIVSHR" Type="N">1.56000</Ratio>
		</Group>
		<Group ID="Other Ratios">
			<Ratio FieldName="TTMGROSMGN" Type="N">-34.53094</Ratio>
			<Ratio FieldName="TTMROEPCT" Type="N">-3.67531</Ratio>
			<Ratio FieldName="TTMPR2REV" Type="N">17.59695</Ratio>
			<Ratio FieldName="PEEXCLXOR" Type="N">-99999.99000</Ratio>
			<Ratio FieldName="PRICE2BK" Type="N">0.90967</Ratio>
			<Ratio FieldName="Employees" Type="N">51</Ratio>
		</Group>
	</Ratios>
	<ForecastData ConsensusType="Mean" CurFiscalYear="2021" CurFiscalYearEndMonth="12" CurInterimEndCalYear="2021" CurInterimEndMonth="3" EarningsBasis="PRX">
		<Ratio FieldName="ConsRecom" Type="N">
			<Value PeriodType="CURR">2.0667</Value>
		</Ratio>
		<Ratio FieldName="TargetPrice" Type="N">
			<Value PeriodType="CURR">14.91670</Value>
		</Ratio>
		<Ratio FieldName="ProjLTGrowthRate" Type="N">
			<Value PeriodType="CURR">-99999.99000</Value>
		</Ratio>
		<Ratio FieldName="ProjPE" Type="N">
			<Value PeriodType="CURR">6.52859</Value>
		</Ratio>
		<Ratio FieldName="ProjSales" Type="N">
			<Value PeriodType="CURR">1237.09730</Value>
		</Ratio>
		<Ratio FieldName="ProjSalesQ" Type="N">
			<Value PeriodType="CURR">309.39900</Value>
		</Ratio>
		<Ratio FieldName="ProjEPS" Type="N">
			<Value PeriodType="CURR">2.47680</Value>
		</Ratio>
		<Ratio FieldName="ProjEPSQ" Type="N">
			<Value PeriodType="CURR">0.64200</Value>
		</Ratio>
		<Ratio FieldName="ProjProfit" Type="N">
			<Value PeriodType="CURR">1334.92590</Value>
		</Ratio>
		<Ratio FieldName="ProjDPS" Type="N">
			<Value PeriodType="CURR">1.49360</Value>
		</Ratio>
	</ForecastData>
</ReportSnapshot>
