<?xml version="1.0" encoding="UTF-8"?>
<ReportSnapshot Major="1" Minor="0" Revision="1">
	<CoIDs>
		<CoID Type="RepNo">023A1</CoID>
		<CoID Type="CompanyName">Adapthealth Corp</CoID>
		<CoID Type="IRSNo">823677704</CoID>
		<CoID Type="CIKNo">0001725255</CoID>
		<CoID Type="OrganizationPermID">5060005537</CoID>
	</CoIDs>
	<Issues>
		<Issue ID="2" Type="C" Desc="Common Stock" Order="1">
			<IssueID Type="Name">Ordinary Shares Class A</IssueID>
			<IssueID Type="Ticker">AHCO</IssueID>
			<IssueID Type="RIC">AHCO.O</IssueID>
			<IssueID Type="DisplayRIC">AHCO.OQ</IssueID>
			<IssueID Type="InstrumentPI">301576669</IssueID>
			<IssueID Type="QuotePI">301576670</IssueID>
			<IssueID Type="InstrumentPermID">25727405759</IssueID>
			<IssueID Type="QuotePermID">25727405758</IssueID>
			<Exchange Code="NASD" Country="USA">NASDAQ</Exchange>
			<GlobalListingType>OSR</GlobalListingType>
		</Issue>
		<Issue ID="1" Type="C" Desc="Common Stock" Order="2">
			<IssueID Type="Name">Unit</IssueID>
			<IssueID Type="RIC">DFBHU.OQ^K19</IssueID>
			<IssueID Type="DisplayRIC">DFBHU.OQ</IssueID>
			<IssueID Type="InstrumentPI">285139402</IssueID>
			<IssueID Type="QuotePI">285601393</IssueID>
			<IssueID Type="InstrumentPermID">21632129185</IssueID>
			<IssueID Type="QuotePermID">25727413697</IssueID>
			<Exchange Code="NASD" Country="USA">NASDAQ</Exchange>
		</Issue>
		<Issue ID="3" Type="C" Desc="Common Stock" Order="3">
			<IssueID Type="Name">Ordinary Shares Class B</IssueID>
			<IssueID Type="InstrumentPI">412147206</IssueID>
			<IssueID Type="InstrumentPermID">21731990979</IssueID>
			<Exchange Code="NA" Country="">Not Available</Exchange>
		</Issue>
	</Issues>
	<CoGeneralInfo>
		<CoStatus Code="1">Active</CoStatus>
		<CoType Code="EQU">Equity Issue</CoType>
		<LastModified>2021-01-27</LastModified>
		<LatestAvailableAnnual>2019-12-31</LatestAvailableAnnual>
		<LatestAvailableInterim>2020-09-30</LatestAvailableInterim>
		<Employees LastUpdated="2019-12-31">3060</Employees>
		<SharesOut Date="2020-11-04" TotalFloat="52253715.0">89633910.0</SharesOut>
		<ReportingCurrency Code="USD">U.S. Dollars</ReportingCurrency>
		<MostRecentExchange Date="2021-02-03">1.0</MostRecentExchange>
	</CoGeneralInfo>
	<TextInfo>
		<Text Type="Business Summary" lastModified="2020-05-26T09:18:04">Adapthealth Corp. is a provider of home healthcare equipment, medical supplies to the home and related services in the United States. The Company is focused on primarily providing sleep therapy equipment, supplies and related services to individuals suffering from obstructive sleep apnea (OSA), home medical equipment (HME) to patients discharged from acute care and other facilities. The Company offers oxygen and related chronic therapy services in the home, and other HME medical devices and supplies on behalf of chronically ill patients with diabetes care, wound care, urological, ostomy and nutritional supply needs. The company is also partners with diversified network of referral sources, including acute care hospitals, sleep labs, pulmonologists, skilled nursing facilities, and clinics. The Company services beneficiaries of Medicare, Medicaid and commercial insurance payors and services over approximately 1.6 million patients annually. </Text>
		<Text Type="Financial Summary" lastModified="2021-01-27T04:53:26">BRIEF: For the nine months ended 30 September 2020,Adapthealth Corp revenues increased from $243.7M to $708M.Net income totaled $1.4M vs. loss of $8M. Revenues reflectan increase in demand for the Company's products andservices due to favorable market conditions. Net Incomereflects Interest Exp-Net of Capitalized Interest decreaseof 26% to $15.4M (expense).</Text>
	</TextInfo>
	<contactInfo lastUpdated="2021-02-02T22:11:31">
		<streetAddress line="1">220 W Germantown Pike Ste 250</streetAddress>
		<streetAddress line="2"></streetAddress>
		<streetAddress line="3"></streetAddress>
		<city>PLYMOUTH MEETING</city>
		<state-region>PA</state-region>
		<postalCode>19462</postalCode>
		<country code="USA">United States</country>
		<contactName>Devin Sullivan</contactName>
		<contactTitle>IR Contact Officer</contactTitle>
		<phone>
			<phone type="mainphone">
				<countryPhoneCode>1</countryPhoneCode>
				<city-areacode>610</city-areacode>
				<number>6306357</number>
			</phone>
			<phone type="mainfax">
				<countryPhoneCode>1</countryPhoneCode>
				<city-areacode>302</city-areacode>
				<number>6365454</number>
			</phone>
		</phone>
	</contactInfo>
	<webLinks lastUpdated=""><webSite mainCategory=""></webSite><eMail mainCategory=""></eMail></webLinks>
	<peerInfo lastUpdated="2021-02-02T22:11:31">
		<IndustryInfo>
			<Industry type="TRBC" order="1" reported="0" code="5610102010" mnem="">Medical Equipment, Supplies &amp; Distribution - NEC</Industry>
			<Industry type="NAICS" order="1" reported="0" code="339112" mnem="">Surgical &amp; Medical Instrument Mfg</Industry>
			<Industry type="SIC" order="1" reported="0" code="3841" mnem="">Surgical And Medical Instruments</Industry>
		</IndustryInfo>
	</peerInfo>
	<officers>
		<officer rank="1" since="NA">
			<firstName>Richard</firstName>
			<mI>A.</mI>
			<lastName>Barasch</lastName>
			<age>66 </age>
			<title startYear="2019" startMonth="11" startDay="11" iD1="CHM" abbr1="Chmn." iD2="IND" abbr2="Ind. Dir.">Independent Chairman of the Board</title>
		</officer>
		<officer rank="2" since="11/2019">
			<firstName>Joshua</firstName>
			<mI></mI>
			<lastName>Parnes</lastName>
			<age>42 </age>
			<title startYear="2019" startMonth="11" startDay="" iD1="PRE" abbr1="Pres." iD2="DRC" abbr2="Dir.">President, Director</title>
		</officer>
		<officer rank="3" since="02/02/2021">
			<firstName>Stephen</firstName>
			<mI></mI>
			<lastName>Griggs</lastName>
			<age>63 </age>
			<title startYear="2021" startMonth="02" startDay="02" iD1="CCE" abbr1="Co-CEO" iD2="DRC" abbr2="Dir.">Co-Chief Executive Officer, Director</title>
		</officer>
		<officer rank="4" since="11/2019">
			<firstName>Luke</firstName>
			<mI></mI>
			<lastName>Mcgee</lastName>
			<age>36 </age>
			<title startYear="2019" startMonth="11" startDay="" iD1="CCE" abbr1="Co-CEO" iD2="DRC" abbr2="Dir.">Co-Chief Executive Officer, Director</title>
		</officer>
		<officer rank="5" since="11/2019">
			<firstName>Gregg</firstName>
			<mI>A.</mI>
			<lastName>Holst</lastName>
			<age>60 </age>
			<title startYear="2019" startMonth="11" startDay="" iD1="CFO" abbr1="CFO" iD2="" abbr2="">Chief Financial Officer</title>
		</officer>
		<officer rank="6" since="NA">
			<firstName>Shaw</firstName>
			<mI></mI>
			<lastName>Rietkerk</lastName>
			<age>45 </age>
			<title startYear="2018" startMonth="" startDay="" iD1="COO" abbr1="COO" iD2="" abbr2="">Chief Operating Officer</title>
		</officer>
		<officer rank="7" since="04/14/2020">
			<firstName>Andy</firstName>
			<mI></mI>
			<lastName>Palan</lastName>
			<age></age>
			<title startYear="2020" startMonth="04" startDay="14" iD1="CTO" abbr1="CTO" iD2="" abbr2="">Chief Technology Officer</title>
		</officer>
		<officer rank="8" since="09/21/2020">
			<firstName>Frank</firstName>
			<mI></mI>
			<lastName>Mullen</lastName>
			<age>50 </age>
			<title startYear="2020" startMonth="09" startDay="21" iD1="CAO" abbr1="CAO" iD2="" abbr2="">Chief Accounting Officer</title>
		</officer>
		<officer rank="9" since="NA">
			<firstName>Christopher</firstName>
			<mI>J.</mI>
			<lastName>Joyce</lastName>
			<age>56 </age>
			<title startYear="NA" startMonth="" startDay="" iD1="GCN" abbr1="Counsel" iD2="" abbr2="">General Counsel</title>
		</officer>
	</officers>
	<Ratios PriceCurrency="USD" ReportingCurrency="USD" ExchangeRate="1.00000" LatestAvailableDate="2020-09-30">
		<Group ID="Price and Volume">
			<Ratio FieldName="NPRICE" Type="N">36.00000</Ratio>
			<Ratio FieldName="NHIG" Type="N">41.57900</Ratio>
			<Ratio FieldName="NLOW" Type="N">10.29000</Ratio>
			<Ratio FieldName="PDATE" Type="D">2021-02-04T00:00:00</Ratio>
			<Ratio FieldName="VOL10DAVG" Type="N">1.01725</Ratio>
			<Ratio FieldName="EV" Type="N">3923.07500</Ratio>
		</Group>
		<Group ID="Income Statement">
			<Ratio FieldName="MKTCAP" Type="N">3444.48400</Ratio>
			<Ratio FieldName="TTMREV" Type="N">993.95200</Ratio>
			<Ratio FieldName="TTMEBITD" Type="N">124.81300</Ratio>
			<Ratio FieldName="TTMNIAC" Type="N">-5.57227</Ratio>
		</Group>
		<Group ID="Per share data">
			<Ratio FieldName="TTMEPSXCLX" Type="N">-0.10716</Ratio>
			<Ratio FieldName="TTMREVPS" Type="N">23.42296</Ratio>
			<Ratio FieldName="QBVPS" Type="N">5.06608</Ratio>
			<Ratio FieldName="QCSHPS" Type="N">3.07511</Ratio>
			<Ratio FieldName="TTMCFSHR" Type="N">1.44854</Ratio>
			<Ratio FieldName="TTMDIVSHR" Type="N">0.00000</Ratio>
		</Group>
		<Group ID="Other Ratios">
			<Ratio FieldName="TTMGROSMGN" Type="N">16.25647</Ratio>
			<Ratio FieldName="TTMROEPCT" Type="N">-1.60542</Ratio>
			<Ratio FieldName="TTMPR2REV" Type="N">3.46544</Ratio>
			<Ratio FieldName="PEEXCLXOR" Type="N">-99999.99000</Ratio>
			<Ratio FieldName="PRICE2BK" Type="N">7.10610</Ratio>
			<Ratio FieldName="Employees" Type="N">3060</Ratio>
		</Group>
	</Ratios>
	<ForecastData ConsensusType="Mean" CurFiscalYear="2020" CurFiscalYearEndMonth="12" CurInterimEndCalYear="2020" CurInterimEndMonth="12" EarningsBasis="PRX">
		<Ratio FieldName="ConsRecom" Type="N">
			<Value PeriodType="CURR">1.25</Value>
		</Ratio>
		<Ratio FieldName="TargetPrice" Type="N">
			<Value PeriodType="CURR">26.91670</Value>
		</Ratio>
		<Ratio FieldName="ProjLTGrowthRate" Type="N">
			<Value PeriodType="CURR">37.0000</Value>
		</Ratio>
		<Ratio FieldName="ProjPE" Type="N">
			<Value PeriodType="CURR">153.19149</Value>
		</Ratio>
		<Ratio FieldName="ProjSales" Type="N">
			<Value PeriodType="CURR">1030.76590</Value>
		</Ratio>
		<Ratio FieldName="ProjSalesQ" Type="N">
			<Value PeriodType="CURR">323.07530</Value>
		</Ratio>
		<Ratio FieldName="ProjEPS" Type="N">
			<Value PeriodType="CURR">0.23500</Value>
		</Ratio>
		<Ratio FieldName="ProjEPSQ" Type="N">
			<Value PeriodType="CURR">0.16600</Value>
		</Ratio>
		<Ratio FieldName="ProjProfit" Type="N">
			<Value PeriodType="CURR">21.51770</Value>
		</Ratio>
		<Ratio FieldName="ProjDPS" Type="N">
			<Value PeriodType="CURR">0.00000</Value>
		</Ratio>
	</ForecastData>
</ReportSnapshot>
