<?xml version="1.0" encoding="UTF-8"?>
<ReportSnapshot Major="1" Minor="0" Revision="1">
	<CoIDs>
		<CoID Type="RepNo">A02AE</CoID>
		<CoID Type="CompanyName">Allied Healthcare Products Inc</CoID>
		<CoID Type="IRSNo">251370721</CoID>
		<CoID Type="CIKNo">0000874710</CoID>
		<CoID Type="OrganizationPermID">4295905476</CoID>
	</CoIDs>
	<Issues>
		<Issue ID="1" Type="C" Desc="Common Stock" Order="1">
			<IssueID Type="Name">Ordinary Shares</IssueID>
			<IssueID Type="Ticker">AHPI</IssueID>
			<IssueID Type="RIC">AHPI.O</IssueID>
			<IssueID Type="DisplayRIC">AHPI.OQ</IssueID>
			<IssueID Type="InstrumentPI">283729</IssueID>
			<IssueID Type="QuotePI">7655257</IssueID>
			<IssueID Type="InstrumentPermID">8590934352</IssueID>
			<IssueID Type="QuotePermID">55835314853</IssueID>
			<Exchange Code="NASD" Country="USA">NASDAQ</Exchange>
			<GlobalListingType>OSR</GlobalListingType>
			<MostRecentSplit Date="2016-12-07">0.5</MostRecentSplit>
		</Issue>
	</Issues>
	<CoGeneralInfo>
		<CoStatus Code="1">Active</CoStatus>
		<CoType Code="EQU">Equity Issue</CoType>
		<LastModified>2021-01-11</LastModified>
		<LatestAvailableAnnual>2020-06-30</LatestAvailableAnnual>
		<LatestAvailableInterim>2020-09-30</LatestAvailableInterim>
		<Employees LastUpdated="2014-06-30">243</Employees>
		<SharesOut Date="2020-11-02" TotalFloat="2806332.0">4013537.0</SharesOut>
		<ReportingCurrency Code="USD">U.S. Dollars</ReportingCurrency>
		<MostRecentExchange Date="2021-02-03">1.0</MostRecentExchange>
	</CoGeneralInfo>
	<TextInfo>
		<Text Type="Business Summary" lastModified="2016-10-11T23:30:07">Allied Healthcare Products, Inc. manufactures a range of respiratory products used in the healthcare industry in a range of hospital and alternate site settings, including sub-acute care facilities, home healthcare and emergency medical care. The Company's respiratory care products are used in the treatment of acute and chronic respiratory disorders such as asthma, emphysema, bronchitis and pneumonia. Respiratory care products are used in both hospitals and alternate care settings. Its medical gas equipment consists of hospitals, alternate care settings and surgery centers. The Company's medical gas equipment products include medical gas system construction products, medical gas system regulation devices, disposable oxygen and specialty gas cylinders, and portable suction equipment. Its emergency medical products include respiratory/resuscitator products and trauma patient handling products. It also offers trauma and patient handling products, including spine immobilization products.</Text>
		<Text Type="Financial Summary" lastModified="2021-01-11T01:51:36">BRIEF: For the three months ended 30 September 2020, AlliedHealthcare Products Inc revenues increased 28% to $10.2M.Net loss decreased 75% to $153K. Revenues reflect anincrease in demand for the Company's products and servicesdue to favorable market conditions. Lower net loss reflectsInterest income remaining flat at $0K, Other  net remainingflat at $0K. Basic Earnings per Share excludingExtraordinary Items increased from -$0.15 to -$0.04.</Text>
	</TextInfo>
	<contactInfo lastUpdated="2021-01-11T01:52:26">
		<streetAddress line="1">1720 Sublette Ave</streetAddress>
		<streetAddress line="2"></streetAddress>
		<streetAddress line="3"></streetAddress>
		<city>ST. LOUIS</city>
		<state-region>MO</state-region>
		<postalCode>63110-1927</postalCode>
		<country code="USA">United States</country>
		<contactName></contactName>
		<contactTitle></contactTitle>
		<phone>
			<phone type="mainphone">
				<countryPhoneCode>1</countryPhoneCode>
				<city-areacode>314</city-areacode>
				<number>7712400</number>
			</phone>
			<phone type="mainfax">
				<countryPhoneCode>1</countryPhoneCode>
				<city-areacode>302</city-areacode>
				<number>6555049</number>
			</phone>
		</phone>
	</contactInfo>
	<webLinks lastUpdated="2016-05-19T11:15:50"><webSite mainCategory="Home Page">http://www.alliedhpi.com/</webSite><eMail mainCategory="Company Contact/E-mail">
		</eMail></webLinks>
	<peerInfo lastUpdated="2021-01-11T01:52:26">
		<IndustryInfo>
			<Industry type="TRBC" order="1" reported="0" code="5610101010" mnem="">Advanced Medical Equipment &amp; Technology - NEC</Industry>
			<Industry type="NAICS" order="1" reported="0" code="334510" mnem="">Electromedical Apparatus Mfg</Industry>
			<Industry type="NAICS" order="2" reported="0" code="339112" mnem="">Surgical &amp; Medical Instrument Mfg</Industry>
			<Industry type="NAICS" order="3" reported="0" code="339113" mnem="">Surgical Appliance &amp; Supplies Mfg</Industry>
			<Industry type="SIC" order="0" reported="1" code="3842" mnem="">Surgical Appliances And Supplies</Industry>
			<Industry type="SIC" order="1" reported="0" code="3845" mnem="">Electromedical Equipment</Industry>
			<Industry type="SIC" order="2" reported="0" code="3841" mnem="">Surgical And Medical Instruments</Industry>
			<Industry type="SIC" order="3" reported="0" code="3842" mnem="">Surgical Appliances And Supplies</Industry>
		</IndustryInfo>
	</peerInfo>
	<officers>
		<officer rank="1" since="NA">
			<firstName>John</firstName>
			<mI>D.</mI>
			<lastName>Weil</lastName>
			<age>79 </age>
			<title startYear="1997" startMonth="08" startDay="" iD1="CHM" abbr1="Chmn." iD2="DRC" abbr2="Dir.">Independent Chairman of the Board</title>
		</officer>
		<officer rank="2" since="09/1999">
			<firstName>Earl</firstName>
			<mI>R.</mI>
			<lastName>Refsland</lastName>
			<age>77 </age>
			<title startYear="1999" startMonth="09" startDay="" iD1="PRE" abbr1="Pres." iD2="CEO" abbr2="CEO">President, Chief Executive Officer, Director</title>
		</officer>
		<officer rank="3" since="07/2001">
			<firstName>Daniel</firstName>
			<mI>C.</mI>
			<lastName>Dunn</lastName>
			<age>61 </age>
			<title startYear="2001" startMonth="07" startDay="" iD1="CFO" abbr1="CFO" iD2="VFN" abbr2="VP-Fin.">Vice President  Finance, Chief Financial Officer Secretary &amp; Treasurer</title>
		</officer>
		<officer rank="4" since="09/23/2020">
			<firstName>Joseph</firstName>
			<mI>F.</mI>
			<lastName>Ondrus</lastName>
			<age>63 </age>
			<title startYear="2020" startMonth="09" startDay="23" iD1="VOP" abbr1="VP-Op." iD2="" abbr2="">Vice President - Operations</title>
		</officer>
	</officers>
	<Ratios PriceCurrency="USD" ReportingCurrency="USD" ExchangeRate="1.00000" LatestAvailableDate="2020-09-30">
		<Group ID="Price and Volume">
			<Ratio FieldName="NPRICE" Type="N">6.84000</Ratio>
			<Ratio FieldName="NHIG" Type="N">45.00000</Ratio>
			<Ratio FieldName="NLOW" Type="N">1.98000</Ratio>
			<Ratio FieldName="PDATE" Type="D">2021-02-04T00:00:00</Ratio>
			<Ratio FieldName="VOL10DAVG" Type="N">0.58350</Ratio>
			<Ratio FieldName="EV" Type="N">31.02596</Ratio>
		</Group>
		<Group ID="Income Statement">
			<Ratio FieldName="MKTCAP" Type="N">27.45259</Ratio>
			<Ratio FieldName="TTMREV" Type="N">34.10819</Ratio>
			<Ratio FieldName="TTMEBITD" Type="N">-1.98651</Ratio>
			<Ratio FieldName="TTMNIAC" Type="N">-2.55335</Ratio>
		</Group>
		<Group ID="Per share data">
			<Ratio FieldName="TTMEPSXCLX" Type="N">-0.63619</Ratio>
			<Ratio FieldName="TTMREVPS" Type="N">8.49828</Ratio>
			<Ratio FieldName="QBVPS" Type="N">2.17410</Ratio>
			<Ratio FieldName="QCSHPS" Type="N">0.00147</Ratio>
			<Ratio FieldName="TTMCFSHR" Type="N">-0.48581</Ratio>
			<Ratio FieldName="TTMDIVSHR" Type="N">0.00000</Ratio>
		</Group>
		<Group ID="Other Ratios">
			<Ratio FieldName="TTMGROSMGN" Type="N">18.13271</Ratio>
			<Ratio FieldName="TTMROEPCT" Type="N">-25.52987</Ratio>
			<Ratio FieldName="TTMPR2REV" Type="N">0.80487</Ratio>
			<Ratio FieldName="PEEXCLXOR" Type="N">-99999.99000</Ratio>
			<Ratio FieldName="PRICE2BK" Type="N">3.14614</Ratio>
			<Ratio FieldName="Employees" Type="N">243</Ratio>
		</Group>
	</Ratios>
	<ForecastData ConsensusType="" CurFiscalYear="" CurFiscalYearEndMonth="" CurInterimEndCalYear="" CurInterimEndMonth="" EarningsBasis="">
		<Ratio FieldName="ConsRecom" Type="N">
			<Value PeriodType="CURR">-99999.99000</Value>
		</Ratio>
		<Ratio FieldName="TargetPrice" Type="N">
			<Value PeriodType="CURR">-99999.99000</Value>
		</Ratio>
		<Ratio FieldName="ProjLTGrowthRate" Type="N">
			<Value PeriodType="CURR">-99999.99000</Value>
		</Ratio>
		<Ratio FieldName="ProjPE" Type="N">
			<Value PeriodType="CURR">-99999.99000</Value>
		</Ratio>
		<Ratio FieldName="ProjSales" Type="N">
			<Value PeriodType="CURR">-99999.99000</Value>
		</Ratio>
		<Ratio FieldName="ProjSalesQ" Type="N">
			<Value PeriodType="CURR">-99999.99000</Value>
		</Ratio>
		<Ratio FieldName="ProjEPS" Type="N">
			<Value PeriodType="CURR">-99999.99000</Value>
		</Ratio>
		<Ratio FieldName="ProjEPSQ" Type="N">
			<Value PeriodType="CURR">-99999.99000</Value>
		</Ratio>
		<Ratio FieldName="ProjProfit" Type="N">
			<Value PeriodType="CURR">-99999.99000</Value>
		</Ratio>
		<Ratio FieldName="ProjDPS" Type="N">
			<Value PeriodType="CURR">-99999.99000</Value>
		</Ratio>
	</ForecastData>
</ReportSnapshot>
