<?xml version="1.0" encoding="UTF-8"?>
<ReportSnapshot Major="1" Minor="0" Revision="1">
	<CoIDs>
		<CoID Type="RepNo">03D86</CoID>
		<CoID Type="CompanyName">Aesthetic Medical International HldngsGL</CoID>
		<CoID Type="CIKNo">0001757143</CoID>
		<CoID Type="OrganizationPermID">5071491780</CoID>
	</CoIDs>
	<Issues>
		<Issue ID="2" Type="C" Desc="Common Stock" Order="1">
			<IssueID Type="Name">ADR</IssueID>
			<IssueID Type="Ticker">AIH</IssueID>
			<IssueID Type="RIC">AIH.O</IssueID>
			<IssueID Type="DisplayRIC">AIH.OQ</IssueID>
			<IssueID Type="InstrumentPI">394831803</IssueID>
			<IssueID Type="QuotePI">395352297</IssueID>
			<IssueID Type="InstrumentPermID">21717902383</IssueID>
			<IssueID Type="QuotePermID">25727361880</IssueID>
			<Exchange Code="NASD" Country="USA">NASDAQ</Exchange>
			<GlobalListingType SharesPerListing="3.0">ADR</GlobalListingType>
		</Issue>
		<Issue ID="1" Type="C" Desc="Common Stock" Order="2">
			<IssueID Type="Name">Ordinary Shares</IssueID>
			<IssueID Type="InstrumentPI">394290055</IssueID>
			<IssueID Type="InstrumentPermID">21717418923</IssueID>
			<Exchange Code="NASD" Country="USA">NASDAQ</Exchange>
		</Issue>
	</Issues>
	<CoGeneralInfo>
		<CoStatus Code="1">Active</CoStatus>
		<CoType Code="EQU">Equity Issue</CoType>
		<LastModified>2021-01-15</LastModified>
		<LatestAvailableAnnual>2019-12-31</LatestAvailableAnnual>
		<LatestAvailableInterim>2020-09-30</LatestAvailableInterim>
		<Employees LastUpdated="2019-12-31">1550</Employees>
		<SharesOut Date="2020-09-30" TotalFloat="70838670.0">70838671.0</SharesOut>
		<ReportingCurrency Code="CNY">Renminbi</ReportingCurrency>
		<MostRecentExchange Date="2021-02-03">6.4579</MostRecentExchange>
	</CoGeneralInfo>
	<TextInfo>
		<Text Type="Business Summary" lastModified="2019-10-20T16:12:00">Aesthetic Medical International Holdings Group Limited is a company that provides aesthetic medical services. The Company is principally engaged in three businesses. Surgical aesthetic treatments services include eye surgery, rhinoplasty, breast augmentation and liposuction. Non-surgical aesthetic treatments services, which comprise minimally invasive treatments and energy-based treatments such as laser, ultrasound and ultraviolet light treatments. Other aesthetic services include cosmetic dentistry and general medical services. The Company operates its businesses primarily in the domestic market.</Text>
		<Text Type="Financial Summary" lastModified="2020-11-30T13:47:16">BRIEF: For the nine months ended 30 September 2020,Aesthetic Medical International HldngsGL revenues decreased15% to RMB539M. Net loss totaled RMB157.6M vs. income ofRMB194.7M. Revenues reflect a decrease in demand for theCompany's products and services due to unfavorable marketconditions. Net loss reflects Fair value gain ofconvertible redeemabl decrease from RMB136.7M (income) toRMB0K.</Text>
	</TextInfo>
	<contactInfo lastUpdated="2021-01-15T03:39:06">
		<streetAddress line="1">No.1122 Nanshan Avenue, Nanshan District</streetAddress>
		<streetAddress line="2"></streetAddress>
		<streetAddress line="3"></streetAddress>
		<city>SHENZHEN</city>
		<state-region>GNG</state-region>
		<postalCode>518053</postalCode>
		<country code="CHN">China</country>
		<contactName></contactName>
		<contactTitle></contactTitle>
		<phone>
			<phone type="mainphone">
				<countryPhoneCode>86</countryPhoneCode>
				<city-areacode>755</city-areacode>
				<number>86715439</number>
			</phone>
		</phone>
	</contactInfo>
	<webLinks lastUpdated="2019-10-25T08:30:03"><webSite mainCategory="Home Page">http://www.pengai.com.cn</webSite><eMail mainCategory="Company Contact/E-mail">
		</eMail></webLinks>
	<peerInfo lastUpdated="2021-01-15T03:39:06">
		<IndustryInfo>
			<Industry type="TRBC" order="1" reported="0" code="5610201011" mnem="">Hospitals, Clinics &amp; Primary Care Services</Industry>
			<Industry type="NAICS" order="1" reported="0" code="621111" mnem="">Offices of Physicians (exc Mental Health)</Industry>
			<Industry type="SIC" order="1" reported="0" code="8011" mnem="">Offices/clinics Of Med'L Doctors</Industry>
		</IndustryInfo>
	</peerInfo>
	<officers></officers>
	<Ratios PriceCurrency="USD" ReportingCurrency="CNY" ExchangeRate="0.15452" LatestAvailableDate="2020-09-30">
		<Group ID="Price and Volume">
			<Ratio FieldName="NPRICE" Type="N">6.23000</Ratio>
			<Ratio FieldName="NHIG" Type="N">10.65810</Ratio>
			<Ratio FieldName="NLOW" Type="N">3.81000</Ratio>
			<Ratio FieldName="PDATE" Type="D">2021-02-04T00:00:00</Ratio>
			<Ratio FieldName="VOL10DAVG" Type="N">0.14778</Ratio>
			<Ratio FieldName="EV" Type="N">230.53687</Ratio>
		</Group>
		<Group ID="Income Statement">
			<Ratio FieldName="MKTCAP" Type="N">147.10830</Ratio>
			<Ratio FieldName="TTMREV" Type="N">120.07790</Ratio>
			<Ratio FieldName="TTMEBITD" Type="N">-20.99853</Ratio>
			<Ratio FieldName="TTMNIAC" Type="N">-33.37511</Ratio>
		</Group>
		<Group ID="Per share data">
			<Ratio FieldName="TTMEPSXCLX" Type="N">-1.41343</Ratio>
			<Ratio FieldName="TTMREVPS" Type="N">5.08527</Ratio>
			<Ratio FieldName="QBVPS" Type="N">2.96155</Ratio>
			<Ratio FieldName="QCSHPS" Type="N">0.43326</Ratio>
			<Ratio FieldName="TTMCFSHR" Type="N">-0.87311</Ratio>
			<Ratio FieldName="TTMDIVSHR" Type="N">0.00000</Ratio>
		</Group>
		<Group ID="Other Ratios">
			<Ratio FieldName="TTMGROSMGN" Type="N">60.74440</Ratio>
			<Ratio FieldName="TTMROEPCT" Type="N">-110.85810</Ratio>
			<Ratio FieldName="TTMPR2REV" Type="N">1.22511</Ratio>
			<Ratio FieldName="PEEXCLXOR" Type="N">-99999.99000</Ratio>
			<Ratio FieldName="PRICE2BK" Type="N">2.10363</Ratio>
			<Ratio FieldName="Employees" Type="N">1550</Ratio>
		</Group>
	</Ratios>
	<ForecastData ConsensusType="Mean" CurFiscalYear="2020" CurFiscalYearEndMonth="12" CurInterimEndCalYear="2020" CurInterimEndMonth="12" EarningsBasis="PRX">
		<Ratio FieldName="ConsRecom" Type="N">
			<Value PeriodType="CURR">2</Value>
		</Ratio>
		<Ratio FieldName="TargetPrice" Type="N">
			<Value PeriodType="CURR">9.00000</Value>
		</Ratio>
		<Ratio FieldName="ProjLTGrowthRate" Type="N">
			<Value PeriodType="CURR">-99999.99000</Value>
		</Ratio>
		<Ratio FieldName="ProjPE" Type="N">
			<Value PeriodType="CURR">-15.57500</Value>
		</Ratio>
		<Ratio FieldName="ProjSales" Type="N">
			<Value PeriodType="CURR">135.23380</Value>
		</Ratio>
		<Ratio FieldName="ProjSalesQ" Type="N">
			<Value PeriodType="CURR">51.30460</Value>
		</Ratio>
		<Ratio FieldName="ProjEPS" Type="N">
			<Value PeriodType="CURR">-0.40000</Value>
		</Ratio>
		<Ratio FieldName="ProjEPSQ" Type="N">
			<Value PeriodType="CURR">0.10000</Value>
		</Ratio>
		<Ratio FieldName="ProjProfit" Type="N">
			<Value PeriodType="CURR">-99999.99000</Value>
		</Ratio>
		<Ratio FieldName="ProjDPS" Type="N">
			<Value PeriodType="CURR">-99999.99000</Value>
		</Ratio>
	</ForecastData>
</ReportSnapshot>
