<?xml version="1.0" encoding="UTF-8"?>
<ReportSnapshot Major="1" Minor="0" Revision="1">
	<CoIDs>
		<CoID Type="RepNo">A9D7F</CoID>
		<CoID Type="CompanyName">Apollo Investment Corp.</CoID>
		<CoID Type="IRSNo">522439556</CoID>
		<CoID Type="CIKNo">0001278752</CoID>
		<CoID Type="OrganizationPermID">4295902347</CoID>
	</CoIDs>
	<Issues>
		<Issue ID="1" Type="C" Desc="Common Stock" Order="1">
			<IssueID Type="Name">Ordinary Shares</IssueID>
			<IssueID Type="Ticker">AINV</IssueID>
			<IssueID Type="RIC">AINV.O</IssueID>
			<IssueID Type="DisplayRIC">AINV.OQ</IssueID>
			<IssueID Type="InstrumentPI">16277349</IssueID>
			<IssueID Type="QuotePI">16277503</IssueID>
			<IssueID Type="InstrumentPermID">8590006933</IssueID>
			<IssueID Type="QuotePermID">55835315316</IssueID>
			<Exchange Code="NASD" Country="USA">NASDAQ</Exchange>
			<GlobalListingType>OSR</GlobalListingType>
			<MostRecentSplit Date="2018-12-03">0.33333</MostRecentSplit>
		</Issue>
	</Issues>
	<CoGeneralInfo>
		<CoStatus Code="1">Active</CoStatus>
		<CoType Code="EQU">Equity Issue</CoType>
		<LastModified>2021-02-04</LastModified>
		<LatestAvailableAnnual>2020-03-31</LatestAvailableAnnual>
		<LatestAvailableInterim>2020-12-31</LatestAvailableInterim>
		<Employees LastUpdated="2020-03-31">0</Employees>
		<SharesOut Date="2020-09-30" TotalFloat="64933125.0">65259176.0</SharesOut>
		<ReportingCurrency Code="USD">U.S. Dollars</ReportingCurrency>
		<MostRecentExchange Date="2021-02-04">1.0</MostRecentExchange>
	</CoGeneralInfo>
	<TextInfo>
		<Text Type="Business Summary" lastModified="2016-07-05T00:01:26">Apollo Investment Corporation is a closed-end, externally managed, non-diversified management investment company. The Company's investment objective is to generate current income and capital appreciation. It invests primarily in various forms of debt investments, including secured and unsecured debt, loan investments and/or equity in private middle-market companies. It may also invest in the securities of public companies and in structured products and other investments, such as collateralized loan obligations (CLOs) and credit-linked notes (CLNs). Its portfolio also includes equity interests, such as common stock, preferred stock, warrants or options. It invests in investments in the United States secured and unsecured loans, other debt securities and equity, and may also invests a portion of the portfolio in other investment opportunities, including foreign securities and structured products. Apollo Investment Management, L.P. is the investment advisor of the Company.</Text>
		<Text Type="Financial Summary" lastModified="2020-11-06T07:06:59">BRIEF: For the six months ended 30 September 2020, ApolloInvestment Corp. revenues decreased 18% to $111.6M. Netincome increased 17% to $36.3M. Revenues reflect Interestincome (excluding PIK interest decrease of 50% to $12.3M,Interest income (excluding Payment-in-ki decrease of 5% to$93.9M, PIK interest income decrease of 69% to $1.7M.</Text>
	</TextInfo>
	<contactInfo lastUpdated="2021-02-04T21:35:39">
		<streetAddress line="1">9 West 57th Street, 37th Floor</streetAddress>
		<streetAddress line="2"></streetAddress>
		<streetAddress line="3"></streetAddress>
		<city>NEW YORK</city>
		<state-region>NY</state-region>
		<postalCode>10019</postalCode>
		<country code="USA">United States</country>
		<contactName></contactName>
		<contactTitle></contactTitle>
		<phone>
			<phone type="mainphone">
				<countryPhoneCode>1</countryPhoneCode>
				<city-areacode>212</city-areacode>
				<number>5153450</number>
			</phone>
		</phone>
	</contactInfo>
	<webLinks lastUpdated="2020-01-07T09:00:02"><webSite mainCategory="Home Page">https://www.apolloic.com/</webSite><eMail mainCategory="Company Contact/E-mail">investorrelations@apolloic.com</eMail></webLinks>
	<peerInfo lastUpdated="2021-02-04T16:25:38">
		<IndustryInfo>
			<Industry type="TRBC" order="1" reported="0" code="5510202010" mnem="">Investment Management &amp; Fund Operators - NEC</Industry>
			<Industry type="NAICS" order="1" reported="0" code="525990" mnem="">Other Financial Vehicles</Industry>
			<Industry type="SIC" order="1" reported="0" code="6726" mnem="">Investment Offices, Nec</Industry>
		</IndustryInfo>
	</peerInfo>
	<officers>
		<officer rank="1" since="02/24/2006">
			<firstName>John</firstName>
			<mI>J.</mI>
			<lastName>Hannan</lastName>
			<age>67 </age>
			<title startYear="2008" startMonth="11" startDay="24" iD1="CHM" abbr1="Chmn." iD2="DRC" abbr2="Dir.">Chairman of the Board</title>
		</officer>
		<officer rank="2" since="05/21/2018">
			<firstName>Tanner</firstName>
			<mI></mI>
			<lastName>Powell</lastName>
			<age>40 </age>
			<title startYear="2018" startMonth="05" startDay="21" iD1="PRE" abbr1="Pres." iD2="" abbr2="">President</title>
		</officer>
		<officer rank="3" since="06/06/2016">
			<firstName>Howard</firstName>
			<mI>T.</mI>
			<lastName>Widra</lastName>
			<age>51 </age>
			<title startYear="2018" startMonth="05" startDay="21" iD1="CEO" abbr1="CEO" iD2="DRC" abbr2="Dir.">Chief Executive Officer, Director</title>
		</officer>
		<officer rank="4" since="05/23/2012">
			<firstName>Gregory</firstName>
			<mI>William</mI>
			<lastName>Hunt</lastName>
			<age>63 </age>
			<title startYear="2012" startMonth="05" startDay="23" iD1="CFO" abbr1="CFO" iD2="TRS" abbr2="Treas.">Chief Financial Officer, Treasurer</title>
		</officer>
		<officer rank="5" since="01/01/2020">
			<firstName>Isabelle</firstName>
			<mI>R.</mI>
			<lastName>Gold</lastName>
			<age>37 </age>
			<title startYear="2020" startMonth="01" startDay="01" iD1="CCO" abbr1="Chief Comp." iD2="VPR" abbr2="VP">Chief Compliance Officer, Vice President</title>
		</officer>
		<officer rank="6" since="05/17/2017">
			<firstName>Amit</firstName>
			<mI></mI>
			<lastName>Joshi</lastName>
			<age>37 </age>
			<title startYear="2019" startMonth="" startDay="" iD1="CCO" abbr1="Chief Comp." iD2="VPR" abbr2="VP">Chief Compliance Officer, Vice President</title>
		</officer>
		<officer rank="7" since="2009">
			<firstName>Joseph</firstName>
			<mI>D.</mI>
			<lastName>Glatt</lastName>
			<age>47 </age>
			<title startYear="2014" startMonth="" startDay="" iD1="VPR" abbr1="VP" iD2="SEC" abbr2="Secy.">Chief Legal Officer, Secretary and Vice President</title>
		</officer>
	</officers>
	<Ratios PriceCurrency="USD" ReportingCurrency="USD" ExchangeRate="1.00000" LatestAvailableDate="2020-12-31">
		<Group ID="Price and Volume">
			<Ratio FieldName="NPRICE" Type="N">13.01000</Ratio>
			<Ratio FieldName="NHIG" Type="N">17.14596</Ratio>
			<Ratio FieldName="NLOW" Type="N">5.15072</Ratio>
			<Ratio FieldName="PDATE" Type="D">2021-02-04T00:00:00</Ratio>
			<Ratio FieldName="VOL10DAVG" Type="N">0.42825</Ratio>
			<Ratio FieldName="EV" Type="N">2423.52490</Ratio>
		</Group>
		<Group ID="Income Statement">
			<Ratio FieldName="MKTCAP" Type="N">849.02190</Ratio>
			<Ratio FieldName="TTMREV" Type="N">251.64200</Ratio>
			<Ratio FieldName="TTMEBITD" Type="N">131.14100</Ratio>
			<Ratio FieldName="TTMNIAC" Type="N">-110.67700</Ratio>
		</Group>
		<Group ID="Per share data">
			<Ratio FieldName="TTMEPSXCLX" Type="N">-1.66138</Ratio>
			<Ratio FieldName="TTMREVPS" Type="N">3.82130</Ratio>
			<Ratio FieldName="QBVPS" Type="N">15.44209</Ratio>
			<Ratio FieldName="QCSHPS" Type="N">0.39573</Ratio>
			<Ratio FieldName="TTMCFSHR" Type="N">-99999.99000</Ratio>
			<Ratio FieldName="TTMDIVSHR" Type="N">1.80000</Ratio>
		</Group>
		<Group ID="Other Ratios">
			<Ratio FieldName="TTMGROSMGN" Type="N">57.92515</Ratio>
			<Ratio FieldName="TTMROEPCT" Type="N">-9.78953</Ratio>
			<Ratio FieldName="TTMPR2REV" Type="N">3.37393</Ratio>
			<Ratio FieldName="PEEXCLXOR" Type="N">-99999.99000</Ratio>
			<Ratio FieldName="PRICE2BK" Type="N">0.84250</Ratio>
			<Ratio FieldName="Employees" Type="N">0</Ratio>
		</Group>
	</Ratios>
	<ForecastData ConsensusType="Mean" CurFiscalYear="2021" CurFiscalYearEndMonth="3" CurInterimEndCalYear="2021" CurInterimEndMonth="3" EarningsBasis="PRX">
		<Ratio FieldName="ConsRecom" Type="N">
			<Value PeriodType="CURR">3</Value>
		</Ratio>
		<Ratio FieldName="TargetPrice" Type="N">
			<Value PeriodType="CURR">9.34380</Value>
		</Ratio>
		<Ratio FieldName="ProjLTGrowthRate" Type="N">
			<Value PeriodType="CURR">-99999.99000</Value>
		</Ratio>
		<Ratio FieldName="ProjPE" Type="N">
			<Value PeriodType="CURR">7.97181</Value>
		</Ratio>
		<Ratio FieldName="ProjSales" Type="N">
			<Value PeriodType="CURR">220.89530</Value>
		</Ratio>
		<Ratio FieldName="ProjSalesQ" Type="N">
			<Value PeriodType="CURR">53.66280</Value>
		</Ratio>
		<Ratio FieldName="ProjEPS" Type="N">
			<Value PeriodType="CURR">1.63200</Value>
		</Ratio>
		<Ratio FieldName="ProjEPSQ" Type="N">
			<Value PeriodType="CURR">0.38280</Value>
		</Ratio>
		<Ratio FieldName="ProjProfit" Type="N">
			<Value PeriodType="CURR">106.51100</Value>
		</Ratio>
		<Ratio FieldName="ProjDPS" Type="N">
			<Value PeriodType="CURR">1.49670</Value>
		</Ratio>
	</ForecastData>
</ReportSnapshot>
