<?xml version="1.0" encoding="UTF-8"?>
<ReportSnapshot Major="1" Minor="0" Revision="1">
	<CoIDs>
		<CoID Type="RepNo">FDFE7</CoID>
		<CoID Type="CompanyName">Airgain Inc</CoID>
		<CoID Type="IRSNo">200281763</CoID>
		<CoID Type="CIKNo">0001272842</CoID>
		<CoID Type="OrganizationPermID">4297493199</CoID>
	</CoIDs>
	<Issues>
		<Issue ID="1" Type="C" Desc="Common Stock" Order="1">
			<IssueID Type="Name">Ordinary Shares</IssueID>
			<IssueID Type="Ticker">AIRG</IssueID>
			<IssueID Type="RIC">AIRG.O</IssueID>
			<IssueID Type="DisplayRIC">AIRG.OQ</IssueID>
			<IssueID Type="InstrumentPI">232900632</IssueID>
			<IssueID Type="QuotePI">234387761</IssueID>
			<IssueID Type="InstrumentPermID">21592475428</IssueID>
			<IssueID Type="QuotePermID">25769769009</IssueID>
			<Exchange Code="NASD" Country="USA">NASDAQ</Exchange>
			<GlobalListingType>OSR</GlobalListingType>
		</Issue>
	</Issues>
	<CoGeneralInfo>
		<CoStatus Code="1">Active</CoStatus>
		<CoType Code="EQU">Equity Issue</CoType>
		<LastModified>2020-11-08</LastModified>
		<LatestAvailableAnnual>2019-12-31</LatestAvailableAnnual>
		<LatestAvailableInterim>2020-09-30</LatestAvailableInterim>
		<Employees LastUpdated="2019-12-31">126</Employees>
		<SharesOut Date="2020-11-02" TotalFloat="9114528.0">9767957.0</SharesOut>
		<ReportingCurrency Code="USD">U.S. Dollars</ReportingCurrency>
		<MostRecentExchange Date="2021-02-03">1.0</MostRecentExchange>
	</CoGeneralInfo>
	<TextInfo>
		<Text Type="Business Summary" lastModified="2016-12-04T23:45:13">Airgain, Inc. is a provider of embedded antenna technologies used to enable wireless networking across a range of home, enterprise and industrial devices. The Company's antennas are found in devices deployed in carrier, enterprise and residential wireless networks and systems, including set top boxes, access points, routers, gateways and digital televisions. It offers six product lines, including MaxBeam High Gain Embedded Antennas, Profile Embedded Antennas, Profile Contour Embedded Antennas, Ultra Embedded Antennas, OmniMax High Performance External Antennas and MaxBeam Carrier Class Antennas. The Company, through its design, integration and testing of embedded antenna technology, provides its technology to the residential wireless local area network, wireless fidelity and antenna market, and also supplies to carriers, original equipment manufacturers, original design manufacturers and system designers. The Company supplies its products in the United States, Europe, Canada and Asia.</Text>
		<Text Type="Financial Summary" lastModified="2020-11-08T22:34:48">BRIEF: For the nine months ended 30 September 2020, AirgainInc revenues decreased 16% to $35.7M. Net loss totaled$2.2M vs. income of $863K. Revenues reflect China segmentdecrease of 13% to $27M, North America segment decrease of18% to $7.4M. Net loss reflects General and administrativeincrease of 22% to $7.5M (expense), Interest incomedecrease of 65% to $194K (income).</Text>
	</TextInfo>
	<contactInfo lastUpdated="2021-01-07T17:00:31">
		<streetAddress line="1">3611 Valley Centre Dr Ste 150</streetAddress>
		<streetAddress line="2"></streetAddress>
		<streetAddress line="3"></streetAddress>
		<city>SAN DIEGO</city>
		<state-region>CA</state-region>
		<postalCode>92130-3331</postalCode>
		<country code="USA">United States</country>
		<contactName></contactName>
		<contactTitle></contactTitle>
		<phone>
			<phone type="mainphone">
				<countryPhoneCode>1</countryPhoneCode>
				<city-areacode>760</city-areacode>
				<number>5790200</number>
			</phone>
			<phone type="mainfax">
				<countryPhoneCode>1</countryPhoneCode>
				<city-areacode>760</city-areacode>
				<number>5790892</number>
			</phone>
		</phone>
	</contactInfo>
	<webLinks lastUpdated="2016-08-11T04:00:06"><webSite mainCategory="Home Page">http://www.airgain.com/</webSite><eMail mainCategory="Company Contact/E-mail">investors@airgain.com</eMail></webLinks>
	<peerInfo lastUpdated="2021-01-07T17:00:31">
		<IndustryInfo>
			<Industry type="TRBC" order="1" reported="0" code="5710201010" mnem="">Communications &amp; Networking - NEC</Industry>
			<Industry type="NAICS" order="1" reported="0" code="334220" mnem="">Radio and Television Broadcasting and Wireless Communications Equipment Manufacturing</Industry>
			<Industry type="SIC" order="1" reported="0" code="3663" mnem="">Radio/tv Communications Equip</Industry>
		</IndustryInfo>
	</peerInfo>
	<officers>
		<officer rank="1" since="11/2003">
			<firstName>James</firstName>
			<mI>K.</mI>
			<lastName>Sims</lastName>
			<age>73 </age>
			<title startYear="2019" startMonth="08" startDay="08" iD1="CHM" abbr1="Chmn." iD2="DRC" abbr2="Dir.">Chairman of the Board</title>
		</officer>
		<officer rank="2" since="05/2017">
			<firstName>Jacob</firstName>
			<mI></mI>
			<lastName>Suen</lastName>
			<age>46 </age>
			<title startYear="2019" startMonth="08" startDay="08" iD1="PRE" abbr1="Pres." iD2="CEO" abbr2="CEO">President, Chief Executive Officer, Director</title>
		</officer>
		<officer rank="3" since="01/13/2020">
			<firstName>David</firstName>
			<mI>B.</mI>
			<lastName>Lyle</lastName>
			<age>56 </age>
			<title startYear="2020" startMonth="01" startDay="13" iD1="CFO" abbr1="CFO" iD2="SEC" abbr2="Secy.">Chief Financial Officer, Secretary</title>
		</officer>
		<officer rank="4" since="04/27/2017">
			<firstName>Kevin</firstName>
			<mI></mI>
			<lastName>Thill</lastName>
			<age>59 </age>
			<title startYear="2019" startMonth="01" startDay="16" iD1="SVP" abbr1="Sr. VP" iD2="" abbr2="">Senior Vice President - Engineering</title>
		</officer>
	</officers>
	<Ratios PriceCurrency="USD" ReportingCurrency="USD" ExchangeRate="1.00000" LatestAvailableDate="2020-09-30">
		<Group ID="Price and Volume">
			<Ratio FieldName="NPRICE" Type="N">24.66000</Ratio>
			<Ratio FieldName="NHIG" Type="N">27.55000</Ratio>
			<Ratio FieldName="NLOW" Type="N">5.63000</Ratio>
			<Ratio FieldName="PDATE" Type="D">2021-02-04T00:00:00</Ratio>
			<Ratio FieldName="VOL10DAVG" Type="N">0.31341</Ratio>
			<Ratio FieldName="EV" Type="N">202.89880</Ratio>
		</Group>
		<Group ID="Income Statement">
			<Ratio FieldName="MKTCAP" Type="N">240.87780</Ratio>
			<Ratio FieldName="TTMREV" Type="N">48.69800</Ratio>
			<Ratio FieldName="TTMEBITD" Type="N">-1.08900</Ratio>
			<Ratio FieldName="TTMNIAC" Type="N">-2.13600</Ratio>
		</Group>
		<Group ID="Per share data">
			<Ratio FieldName="TTMEPSXCLX" Type="N">-0.22073</Ratio>
			<Ratio FieldName="TTMREVPS" Type="N">4.96640</Ratio>
			<Ratio FieldName="QBVPS" Type="N">4.92056</Ratio>
			<Ratio FieldName="QCSHPS" Type="N">3.88810</Ratio>
			<Ratio FieldName="TTMCFSHR" Type="N">-0.10474</Ratio>
			<Ratio FieldName="TTMDIVSHR" Type="N">0.00000</Ratio>
		</Group>
		<Group ID="Other Ratios">
			<Ratio FieldName="TTMGROSMGN" Type="N">46.25652</Ratio>
			<Ratio FieldName="TTMROEPCT" Type="N">-4.46474</Ratio>
			<Ratio FieldName="TTMPR2REV" Type="N">4.94636</Ratio>
			<Ratio FieldName="PEEXCLXOR" Type="N">-99999.99000</Ratio>
			<Ratio FieldName="PRICE2BK" Type="N">5.01163</Ratio>
			<Ratio FieldName="Employees" Type="N">126</Ratio>
		</Group>
	</Ratios>
	<ForecastData ConsensusType="Mean" CurFiscalYear="2020" CurFiscalYearEndMonth="12" CurInterimEndCalYear="2020" CurInterimEndMonth="12" EarningsBasis="PRX">
		<Ratio FieldName="ConsRecom" Type="N">
			<Value PeriodType="CURR">2.4</Value>
		</Ratio>
		<Ratio FieldName="TargetPrice" Type="N">
			<Value PeriodType="CURR">19.66670</Value>
		</Ratio>
		<Ratio FieldName="ProjLTGrowthRate" Type="N">
			<Value PeriodType="CURR">-99999.99000</Value>
		</Ratio>
		<Ratio FieldName="ProjPE" Type="N">
			<Value PeriodType="CURR">411.00000</Value>
		</Ratio>
		<Ratio FieldName="ProjSales" Type="N">
			<Value PeriodType="CURR">48.44400</Value>
		</Ratio>
		<Ratio FieldName="ProjSalesQ" Type="N">
			<Value PeriodType="CURR">12.78080</Value>
		</Ratio>
		<Ratio FieldName="ProjEPS" Type="N">
			<Value PeriodType="CURR">0.06000</Value>
		</Ratio>
		<Ratio FieldName="ProjEPSQ" Type="N">
			<Value PeriodType="CURR">0.03000</Value>
		</Ratio>
		<Ratio FieldName="ProjProfit" Type="N">
			<Value PeriodType="CURR">0.60000</Value>
		</Ratio>
		<Ratio FieldName="ProjDPS" Type="N">
			<Value PeriodType="CURR">-99999.99000</Value>
		</Ratio>
	</ForecastData>
</ReportSnapshot>
