<?xml version="1.0" encoding="UTF-8"?>
<ReportSnapshot Major="1" Minor="0" Revision="1">
	<CoIDs>
		<CoID Type="RepNo">A20E8</CoID>
		<CoID Type="CompanyName">Akamai Technologies, Inc.</CoID>
		<CoID Type="IRSNo">043432319</CoID>
		<CoID Type="CIKNo">0001086222</CoID>
		<CoID Type="OrganizationPermID">4295912422</CoID>
	</CoIDs>
	<Issues>
		<Issue ID="1" Type="C" Desc="Common Stock" Order="1">
			<IssueID Type="Name">Ordinary Shares</IssueID>
			<IssueID Type="Ticker">AKAM</IssueID>
			<IssueID Type="RIC">AKAM.O</IssueID>
			<IssueID Type="DisplayRIC">AKAM.OQ</IssueID>
			<IssueID Type="InstrumentPI">393236</IssueID>
			<IssueID Type="QuotePI">7655329</IssueID>
			<IssueID Type="InstrumentPermID">8590941572</IssueID>
			<IssueID Type="QuotePermID">55835315311</IssueID>
			<Exchange Code="NASD" Country="USA">NASDAQ</Exchange>
			<GlobalListingType>OSR</GlobalListingType>
		</Issue>
	</Issues>
	<CoGeneralInfo>
		<CoStatus Code="1">Active</CoStatus>
		<CoType Code="EQU">Equity Issue</CoType>
		<LastModified>2021-01-08</LastModified>
		<LatestAvailableAnnual>2019-12-31</LatestAvailableAnnual>
		<LatestAvailableInterim>2020-09-30</LatestAvailableInterim>
		<Employees LastUpdated="2019-12-31">7724</Employees>
		<SharesOut Date="2020-11-03" TotalFloat="159344833.0">162793988.0</SharesOut>
		<ReportingCurrency Code="USD">U.S. Dollars</ReportingCurrency>
		<MostRecentExchange Date="2021-02-03">1.0</MostRecentExchange>
	</CoGeneralInfo>
	<TextInfo>
		<Text Type="Business Summary" lastModified="2017-03-13T05:01:08">Akamai Technologies, Inc. is engaged in providing cloud services for delivering, optimizing and securing content and business applications over the Internet. The Company is involved in offering content delivery network (CDN) services. Its services include the delivery of content, applications and software over the Internet, as well as mobile and security solutions. Its solutions include Performance and Security Solutions, Media Delivery Solutions, and Service and Support Solutions. Its Performance and Security Solutions include Web and Mobile Performance Solutions, Cloud Security Solutions, Enterprise Solutions and Network Operator Solutions. The Media Delivery Solutions offerings include Adaptive Delivery solutions, Download Delivery offerings, Infinite Media Acceleration solutions Media Services and Media Analytics. It offers a range of professional services and solutions designed to assist its customers with integrating, configuring, optimizing and managing its core offerings.</Text>
		<Text Type="Financial Summary" lastModified="2021-01-08T01:35:52">BRIEF: For the nine months ended 30 September 2020, AkamaiTechnologies, Inc. revenues increased 11% to $2.35B. Netincome increased 24% to $443.7M. Revenues reflect anincrease in demand for the Company's products and servicesdue to favorable market conditions. Net income benefitedfrom Other Sales and marketing decrease of 95% to $16.2M(expense), research &amp; Developement decrease of 95% to $7.5M(expense).</Text>
	</TextInfo>
	<contactInfo lastUpdated="2021-01-08T01:36:41">
		<streetAddress line="1">145 Broadway</streetAddress>
		<streetAddress line="2"></streetAddress>
		<streetAddress line="3"></streetAddress>
		<city>CAMBRIDGE</city>
		<state-region>MA</state-region>
		<postalCode>02142-1058</postalCode>
		<country code="USA">United States</country>
		<contactName>Tom Barth</contactName>
		<contactTitle>Head - Investor Relations</contactTitle>
		<phone>
			<phone type="mainphone">
				<countryPhoneCode>1</countryPhoneCode>
				<city-areacode>617</city-areacode>
				<number>4443000</number>
			</phone>
			<phone type="mainfax">
				<countryPhoneCode>1</countryPhoneCode>
				<city-areacode>617</city-areacode>
				<number>4443001</number>
			</phone>
			<phone type="contactphone">
				<countryPhoneCode>1</countryPhoneCode>
				<city-areacode>617</city-areacode>
				<number>2747130</number>
			</phone>
		</phone>
	</contactInfo>
	<webLinks lastUpdated="2018-07-11T09:33:57"><webSite mainCategory="Home Page">https://www.akamai.com/</webSite><eMail mainCategory="Company Contact/E-mail">invrel@akamai.com</eMail></webLinks>
	<peerInfo lastUpdated="2021-01-08T01:36:41">
		<IndustryInfo>
			<Industry type="TRBC" order="1" reported="0" code="5720101010" mnem="">IT Services &amp; Consulting - NEC</Industry>
			<Industry type="NAICS" order="1" reported="0" code="541511" mnem="">Custom Computer Programming Services</Industry>
			<Industry type="NAICS" order="2" reported="0" code="519130" mnem="">Internet Publishing and Broadcasting and Web Search Portals</Industry>
			<Industry type="NAICS" order="3" reported="0" code="518210" mnem="">Data Processing, Hosting, and Related Services</Industry>
			<Industry type="SIC" order="0" reported="1" code="7389" mnem="">Business Services, Nec</Industry>
			<Industry type="SIC" order="1" reported="0" code="7371" mnem="">Computer Programming Services</Industry>
			<Industry type="SIC" order="2" reported="0" code="7375" mnem="">Information Retrieval Services</Industry>
			<Industry type="SIC" order="3" reported="0" code="7374" mnem="">Data Processing And Preparation</Industry>
		</IndustryInfo>
		<Indexconstituet>S&amp;P 500</Indexconstituet>
	</peerInfo>
	<officers>
		<officer rank="1" since="03/23/2018">
			<firstName>Frederic</firstName>
			<mI>V.</mI>
			<lastName>Salerno</lastName>
			<age></age>
			<title startYear="2018" startMonth="03" startDay="23" iD1="CHM" abbr1="Chmn." iD2="IND" abbr2="Ind. Dir.">Independent Chairman of the Board</title>
		</officer>
		<officer rank="2" since="01/01/2013">
			<firstName>Rick</firstName>
			<mI>M.</mI>
			<lastName>McConnell</lastName>
			<age>53 </age>
			<title startYear="2016" startMonth="05" startDay="" iD1="PRE" abbr1="Pres." iD2="GMG" abbr2="GM">President, General Manager- Web Division</title>
		</officer>
		<officer rank="3" since="08/1998">
			<firstName>F. Thomson</firstName>
			<mI></mI>
			<lastName>Leighton</lastName>
			<age>63 </age>
			<title startYear="2013" startMonth="01" startDay="01" iD1="CEO" abbr1="CEO" iD2="DRC" abbr2="Dir.">Chief Executive Officer, Principal Executive Officer, Director</title>
		</officer>
		<officer rank="4" since="03/01/2019">
			<firstName>Edward</firstName>
			<mI>J.</mI>
			<lastName>McGowan</lastName>
			<age>49 </age>
			<title startYear="2019" startMonth="03" startDay="01" iD1="CFO" abbr1="CFO" iD2="EVP" abbr2="Exec. VP">Chief Financial Officer, Executive Vice President, Principal Accounting Officer, Principal Financial Officer</title>
		</officer>
		<officer rank="5" since="01/01/2020">
			<firstName>Anthony</firstName>
			<mI>P.</mI>
			<lastName>Williams</lastName>
			<age></age>
			<title startYear="2020" startMonth="01" startDay="01" iD1="CHO" abbr1="Chief HR" iD2="EVP" abbr2="Exec. VP">Chief Human Resource Officer, Executive Vice President</title>
		</officer>
		<officer rank="6" since="NA">
			<firstName>Aaron</firstName>
			<mI></mI>
			<lastName>Ahola</lastName>
			<age>50 </age>
			<title startYear="2019" startMonth="05" startDay="" iD1="EVP" abbr1="Exec. VP" iD2="GCN" abbr2="Counsel">Executive Vice President, General Counsel, Company Secretary</title>
		</officer>
		<officer rank="7" since="01/2013">
			<firstName>Robert</firstName>
			<mI></mI>
			<lastName>Blumofe</lastName>
			<age>54 </age>
			<title startYear="2017" startMonth="" startDay="" iD1="EVP" abbr1="Exec. VP" iD2="GMG" abbr2="GM">Executive Vice President  Platform and General Manager Enterprise Division</title>
		</officer>
		<officer rank="8" since="NA">
			<firstName>Adam</firstName>
			<mI></mI>
			<lastName>Karon</lastName>
			<age>47 </age>
			<title startYear="NA" startMonth="" startDay="" iD1="EVP" abbr1="Exec. VP" iD2="GMG" abbr2="GM">Executive Vice President, General Manager - Media and Carrier Divisions</title>
		</officer>
		<officer rank="9" since="07/2015">
			<firstName>William</firstName>
			<mI></mI>
			<lastName>Wheaton</lastName>
			<age>57 </age>
			<title startYear="2017" startMonth="03" startDay="" iD1="EVP" abbr1="Exec. VP" iD2="" abbr2="">Executive Vice President and Chief Strategy Officer</title>
		</officer>
		<officer rank="10" since="04/03/2018">
			<firstName>Scott</firstName>
			<mI></mI>
			<lastName>Lovett</lastName>
			<age></age>
			<title startYear="2018" startMonth="04" startDay="03" iD1="SVP" abbr1="Sr. VP" iD2="" abbr2="">Senior Vice President - Global Web Sales</title>
		</officer>
	</officers>
	<Ratios PriceCurrency="USD" ReportingCurrency="USD" ExchangeRate="1.00000" LatestAvailableDate="2020-09-30">
		<Group ID="Price and Volume">
			<Ratio FieldName="NPRICE" Type="N">112.11000</Ratio>
			<Ratio FieldName="NHIG" Type="N">124.91000</Ratio>
			<Ratio FieldName="NLOW" Type="N">75.18010</Ratio>
			<Ratio FieldName="PDATE" Type="D">2021-02-04T00:00:00</Ratio>
			<Ratio FieldName="VOL10DAVG" Type="N">2.27546</Ratio>
			<Ratio FieldName="EV" Type="N">18696.53700</Ratio>
		</Group>
		<Group ID="Income Statement">
			<Ratio FieldName="MKTCAP" Type="N">18250.83000</Ratio>
			<Ratio FieldName="TTMREV" Type="N">3123.98500</Ratio>
			<Ratio FieldName="TTMEBITD" Type="N">1158.62300</Ratio>
			<Ratio FieldName="TTMNIAC" Type="N">562.78400</Ratio>
		</Group>
		<Group ID="Per share data">
			<Ratio FieldName="TTMEPSXCLX" Type="N">3.41414</Ratio>
			<Ratio FieldName="TTMREVPS" Type="N">18.96488</Ratio>
			<Ratio FieldName="QBVPS" Type="N">25.23110</Ratio>
			<Ratio FieldName="QCSHPS" Type="N">8.87001</Ratio>
			<Ratio FieldName="TTMCFSHR" Type="N">6.25678</Ratio>
			<Ratio FieldName="TTMDIVSHR" Type="N">0.00000</Ratio>
		</Group>
		<Group ID="Other Ratios">
			<Ratio FieldName="TTMGROSMGN" Type="N">65.21830</Ratio>
			<Ratio FieldName="TTMROEPCT" Type="N">14.79217</Ratio>
			<Ratio FieldName="TTMPR2REV" Type="N">5.84216</Ratio>
			<Ratio FieldName="PEEXCLXOR" Type="N">32.83697</Ratio>
			<Ratio FieldName="PRICE2BK" Type="N">4.44333</Ratio>
			<Ratio FieldName="Employees" Type="N">7724</Ratio>
		</Group>
	</Ratios>
	<ForecastData ConsensusType="Mean" CurFiscalYear="2020" CurFiscalYearEndMonth="12" CurInterimEndCalYear="2020" CurInterimEndMonth="12" EarningsBasis="PRX">
		<Ratio FieldName="ConsRecom" Type="N">
			<Value PeriodType="CURR">2</Value>
		</Ratio>
		<Ratio FieldName="TargetPrice" Type="N">
			<Value PeriodType="CURR">125.87500</Value>
		</Ratio>
		<Ratio FieldName="ProjLTGrowthRate" Type="N">
			<Value PeriodType="CURR">10.9187</Value>
		</Ratio>
		<Ratio FieldName="ProjPE" Type="N">
			<Value PeriodType="CURR">21.56418</Value>
		</Ratio>
		<Ratio FieldName="ProjSales" Type="N">
			<Value PeriodType="CURR">3181.43560</Value>
		</Ratio>
		<Ratio FieldName="ProjSalesQ" Type="N">
			<Value PeriodType="CURR">829.46030</Value>
		</Ratio>
		<Ratio FieldName="ProjEPS" Type="N">
			<Value PeriodType="CURR">5.19890</Value>
		</Ratio>
		<Ratio FieldName="ProjEPSQ" Type="N">
			<Value PeriodType="CURR">1.31350</Value>
		</Ratio>
		<Ratio FieldName="ProjProfit" Type="N">
			<Value PeriodType="CURR">854.08830</Value>
		</Ratio>
		<Ratio FieldName="ProjDPS" Type="N">
			<Value PeriodType="CURR">0.00000</Value>
		</Ratio>
	</ForecastData>
</ReportSnapshot>
