<?xml version="1.0" encoding="UTF-8"?>
<ReportSnapshot Major="1" Minor="0" Revision="1">
	<CoIDs>
		<CoID Type="RepNo">EFFF9</CoID>
		<CoID Type="CompanyName">Akers Biosciences Inc</CoID>
		<CoID Type="CIKNo">0001321834</CoID>
		<CoID Type="OrganizationPermID">4295912069</CoID>
	</CoIDs>
	<Issues>
		<Issue ID="1" Type="C" Desc="Common Stock" Order="1">
			<IssueID Type="Name">Ordinary Shares</IssueID>
			<IssueID Type="Ticker">AKER</IssueID>
			<IssueID Type="RIC">AKER.O</IssueID>
			<IssueID Type="DisplayRIC">AKER.OQ</IssueID>
			<IssueID Type="InstrumentPI">7561956</IssueID>
			<IssueID Type="QuotePI">151104270</IssueID>
			<IssueID Type="InstrumentPermID">8590939001</IssueID>
			<IssueID Type="QuotePermID">21535983438</IssueID>
			<Exchange Code="NASD" Country="USA">NASDAQ</Exchange>
			<GlobalListingType>OSR</GlobalListingType>
			<MostRecentSplit Date="2019-11-25">0.04167</MostRecentSplit>
		</Issue>
		<Issue ID="2" Type="P" Desc="Preferred Stock" Order="1">
			<IssueID Type="Name">Conv. Pref. Shrs</IssueID>
			<IssueID Type="InstrumentPI">136986643</IssueID>
			<IssueID Type="InstrumentPermID">21526618163</IssueID>
			<Exchange Code="NA" Country="">Not Available</Exchange>
		</Issue>
		<Issue ID="3" Type="P" Desc="Preferred Stock" Order="2">
			<IssueID Type="Name">Conv. Pref. Shrs</IssueID>
			<IssueID Type="InstrumentPI">436931175</IssueID>
			<IssueID Type="InstrumentPermID">21751580953</IssueID>
			<Exchange Code="NA" Country="">Not Available</Exchange>
		</Issue>
	</Issues>
	<CoGeneralInfo>
		<CoStatus Code="1">Active</CoStatus>
		<CoType Code="EQU">Equity Issue</CoType>
		<LastModified>2020-11-19</LastModified>
		<LatestAvailableAnnual>2019-12-31</LatestAvailableAnnual>
		<LatestAvailableInterim>2020-09-30</LatestAvailableInterim>
		<Employees LastUpdated="2019-12-31">12</Employees>
		<SharesOut Date="2020-11-16" TotalFloat="7453808.0">8859868.0</SharesOut>
		<ReportingCurrency Code="USD">U.S. Dollars</ReportingCurrency>
		<MostRecentExchange Date="2021-02-03">1.0</MostRecentExchange>
	</CoGeneralInfo>
	<TextInfo>
		<Text Type="Business Summary" lastModified="2020-05-12T13:07:39">Akers Biosciences, Inc. develops, manufactures, and supplies point-of-care screening and testing products designed to bring health-related information directly to the patient or clinician. The Companys product offerings focus on delivering diagnostic assistance in a variety of healthcare fields/specialties, including diagnostic rapid manual point-of-care tests for the detection of allergic reactions to Heparin and for on- and off-the-job alcohol safety initiatives. The Company's primary focus is on the development and sale of disposable diagnostic testing devices that can be performed in minutes, to facilitate time sensitive therapeutic decisions. The Company's main products include a disposable breathalyzer test that measures the blood alcohol content of the user, a rapid test detecting the antibody causing an allergic reaction to Heparin and a disposable breathalyzer test that measures Free Radical activity in the human body. </Text>
		<Text Type="Financial Summary" lastModified="2020-11-19T04:33:50">BRIEF: For the nine months ended 30 September 2020, AkersBiosciences Inc revenues was not reported. Net loss beforeextraordinary items increased from $2.7M to $9M. Higher netloss reflects Research and Development Expenses increasefrom $0K to $6.1M (expense), Personnel Costs -Administrative Expense increase of 54% to $783K (expense).Basic Earnings per Share excluding Extraordinary Itemsincreased from -$4.99 to -$1.35.</Text>
	</TextInfo>
	<contactInfo lastUpdated="2021-02-03T21:18:38">
		<streetAddress line="1">201 Grove Rd</streetAddress>
		<streetAddress line="2"></streetAddress>
		<streetAddress line="3"></streetAddress>
		<city>WEST DEPTFORD</city>
		<state-region>NJ</state-region>
		<postalCode>08086-2231</postalCode>
		<country code="USA">United States</country>
		<contactName>Brett Mass</contactName>
		<contactTitle>Managing Partner</contactTitle>
		<phone>
			<phone type="mainphone">
				<countryPhoneCode>1</countryPhoneCode>
				<city-areacode>856</city-areacode>
				<number>8488698</number>
			</phone>
			<phone type="contactphone">
				<countryPhoneCode>1</countryPhoneCode>
				<city-areacode>646</city-areacode>
				<number>5367331</number>
			</phone>
		</phone>
	</contactInfo>
	<webLinks lastUpdated="2018-11-16T14:15:01"><webSite mainCategory="Home Page">http://www.akersbio.com</webSite><eMail mainCategory="Company Contact/E-mail">brett@haydenir.com</eMail></webLinks>
	<peerInfo lastUpdated="2021-02-03T21:18:38">
		<IndustryInfo>
			<Industry type="TRBC" order="1" reported="0" code="5610102010" mnem="">Medical Equipment, Supplies &amp; Distribution - NEC</Industry>
			<Industry type="NAICS" order="1" reported="0" code="339112" mnem="">Surgical &amp; Medical Instrument Mfg</Industry>
			<Industry type="NAICS" order="2" reported="0" code="334510" mnem="">Electromedical Apparatus Mfg</Industry>
			<Industry type="NAICS" order="3" reported="0" code="334519" mnem="">Other Measuring &amp; Controlling Device Mfg</Industry>
			<Industry type="SIC" order="1" reported="0" code="3841" mnem="">Surgical And Medical Instruments</Industry>
			<Industry type="SIC" order="2" reported="0" code="3845" mnem="">Electromedical Equipment</Industry>
			<Industry type="SIC" order="3" reported="0" code="3829" mnem="">Measuring/controlling Devices Nec</Industry>
		</IndustryInfo>
	</peerInfo>
	<officers>
		<officer rank="1" since="11/20/2020">
			<firstName>Joshua</firstName>
			<mI>N.</mI>
			<lastName>Silverman</lastName>
			<age>49 </age>
			<title startYear="2020" startMonth="11" startDay="20" iD1="CHM" abbr1="Chmn." iD2="DRC" abbr2="Dir.">Chairman of the Board</title>
		</officer>
		<officer rank="2" since="11/01/2019">
			<firstName>Christopher</firstName>
			<mI>C.</mI>
			<lastName>Schreiber</lastName>
			<age>54 </age>
			<title startYear="2020" startMonth="11" startDay="20" iD1="PRE" abbr1="Pres." iD2="CEO" abbr2="CEO">President, Chief Executive Officer. Principal Executive Officer</title>
		</officer>
		<officer rank="3" since="01/29/2021">
			<firstName>Ian</firstName>
			<mI></mI>
			<lastName>Rhodes</lastName>
			<age>48 </age>
			<title startYear="2021" startMonth="01" startDay="29" iD1="CFO" abbr1="CFO" iD2="" abbr2="">Interim Chief Financial Officer</title>
		</officer>
	</officers>
	<Ratios PriceCurrency="USD" ReportingCurrency="USD" ExchangeRate="1.00000" LatestAvailableDate="2020-09-30">
		<Group ID="Price and Volume">
			<Ratio FieldName="NPRICE" Type="N">2.89000</Ratio>
			<Ratio FieldName="NHIG" Type="N">8.85000</Ratio>
			<Ratio FieldName="NLOW" Type="N">1.55000</Ratio>
			<Ratio FieldName="PDATE" Type="D">2021-02-04T00:00:00</Ratio>
			<Ratio FieldName="VOL10DAVG" Type="N">0.45956</Ratio>
			<Ratio FieldName="EV" Type="N">2.63053</Ratio>
		</Group>
		<Group ID="Income Statement">
			<Ratio FieldName="MKTCAP" Type="N">25.60502</Ratio>
			<Ratio FieldName="TTMREV" Type="N">0.07959</Ratio>
			<Ratio FieldName="TTMEBITD" Type="N">-10.34469</Ratio>
			<Ratio FieldName="TTMNIAC" Type="N">-10.38601</Ratio>
		</Group>
		<Group ID="Per share data">
			<Ratio FieldName="TTMEPSXCLX" Type="N">-2.85774</Ratio>
			<Ratio FieldName="TTMREVPS" Type="N">0.01864</Ratio>
			<Ratio FieldName="QBVPS" Type="N">2.38933</Ratio>
			<Ratio FieldName="QCSHPS" Type="N">2.60941</Ratio>
			<Ratio FieldName="TTMCFSHR" Type="N">-2.41926</Ratio>
			<Ratio FieldName="TTMDIVSHR" Type="N">0.00000</Ratio>
		</Group>
		<Group ID="Other Ratios">
			<Ratio FieldName="TTMGROSMGN" Type="N">-335.95930</Ratio>
			<Ratio FieldName="TTMROEPCT" Type="N">-84.36075</Ratio>
			<Ratio FieldName="TTMPR2REV" Type="N">321.71150</Ratio>
			<Ratio FieldName="PEEXCLXOR" Type="N">-99999.99000</Ratio>
			<Ratio FieldName="PRICE2BK" Type="N">1.21786</Ratio>
			<Ratio FieldName="Employees" Type="N">12</Ratio>
		</Group>
	</Ratios>
	<ForecastData ConsensusType="Mean" CurFiscalYear="2018" CurFiscalYearEndMonth="12" CurInterimEndCalYear="2018" CurInterimEndMonth="3" EarningsBasis="REP">
		<Ratio FieldName="ConsRecom" Type="N">
			<Value PeriodType="CURR">-99999.99000</Value>
		</Ratio>
		<Ratio FieldName="TargetPrice" Type="N">
			<Value PeriodType="CURR">813.63840</Value>
		</Ratio>
		<Ratio FieldName="ProjLTGrowthRate" Type="N">
			<Value PeriodType="CURR">-99999.99000</Value>
		</Ratio>
		<Ratio FieldName="ProjPE" Type="N">
			<Value PeriodType="CURR">-99999.99000</Value>
		</Ratio>
		<Ratio FieldName="ProjSales" Type="N">
			<Value PeriodType="CURR">-99999.99000</Value>
		</Ratio>
		<Ratio FieldName="ProjSalesQ" Type="N">
			<Value PeriodType="CURR">-99999.99000</Value>
		</Ratio>
		<Ratio FieldName="ProjEPS" Type="N">
			<Value PeriodType="CURR">-99999.99000</Value>
		</Ratio>
		<Ratio FieldName="ProjEPSQ" Type="N">
			<Value PeriodType="CURR">-99999.99000</Value>
		</Ratio>
		<Ratio FieldName="ProjProfit" Type="N">
			<Value PeriodType="CURR">-99999.99000</Value>
		</Ratio>
		<Ratio FieldName="ProjDPS" Type="N">
			<Value PeriodType="CURR">-99999.99000</Value>
		</Ratio>
	</ForecastData>
</ReportSnapshot>
