<?xml version="1.0" encoding="UTF-8"?>
<ReportSnapshot Major="1" Minor="0" Revision="1">
	<CoIDs>
		<CoID Type="RepNo">EDC48</CoID>
		<CoID Type="CompanyName">Akoustis Technologies Inc</CoID>
		<CoID Type="IRSNo">331229046</CoID>
		<CoID Type="CIKNo">0001584754</CoID>
		<CoID Type="OrganizationPermID">5056433961</CoID>
	</CoIDs>
	<Issues>
		<Issue ID="1" Type="C" Desc="Common Stock" Order="1">
			<IssueID Type="Name">Ordinary Shares</IssueID>
			<IssueID Type="Ticker">AKTS</IssueID>
			<IssueID Type="RIC">AKTS.O</IssueID>
			<IssueID Type="DisplayRIC">AKTS.OQ</IssueID>
			<IssueID Type="InstrumentPI">151041607</IssueID>
			<IssueID Type="QuotePI">254370826</IssueID>
			<IssueID Type="InstrumentPermID">21535939574</IssueID>
			<IssueID Type="QuotePermID">25727438680</IssueID>
			<Exchange Code="NASD" Country="USA">NASDAQ</Exchange>
			<GlobalListingType>OSR</GlobalListingType>
			<MostRecentSplit Date="2015-04-24">1.09489</MostRecentSplit>
		</Issue>
	</Issues>
	<CoGeneralInfo>
		<CoStatus Code="1">Active</CoStatus>
		<CoType Code="EQU">Equity Issue</CoType>
		<LastModified>2021-02-01</LastModified>
		<LatestAvailableAnnual>2020-06-30</LatestAvailableAnnual>
		<LatestAvailableInterim>2020-12-31</LatestAvailableInterim>
		<Employees LastUpdated="2020-06-30">95</Employees>
		<SharesOut Date="2021-01-25" TotalFloat="37939756.0">42392915.0</SharesOut>
		<ReportingCurrency Code="USD">U.S. Dollars</ReportingCurrency>
		<MostRecentExchange Date="2021-02-03">1.0</MostRecentExchange>
	</CoGeneralInfo>
	<TextInfo>
		<Text Type="Business Summary" lastModified="2018-09-25T03:55:46">Akoustis Technologies, Inc. is a development-stage company, which is focused on developing, designing, and manufacturing radio frequency (RF) filter products for the mobile wireless device industry, including for products such as smartphones and tablets, cellular infrastructure equipment, and wireless fidelity in (WiFi) premise equipment. It utilizes its proprietary XBAW single crystal BAW manufacturing process to produce bulk acoustic wave RF filters for mobile and other wireless markets, which facilitate signal acquisition and accelerate band performance between the antenna and digital back end. The Company seeks to service original equipment manufacturer (OEMs), network providers, and consumers to diminish front end phone heat, battery drain and signal loss. The Companys segments includes Foundry Fabrication Services which consists of engineering review services and STC-MEMS foundry services and RF Filters which consists of amplifier and filter product sales, and grant revenue.</Text>
		<Text Type="Financial Summary" lastModified="2021-02-01T11:00:59">BRIEF: For the six months ended 31 December 2020, AkoustisTechnologies Inc revenues increased 83% to $1.9M. Net lossincreased 30% to $23.9M. Revenues reflect RF Filterssegment increase from $377K to $1.2M, Foundry FabricationServices segment increase of 6% to $727K. Higher net lossreflects RF Filters segment loss increase of 32% to $20.9M.Basic Earnings per Share excluding Extraordinary Itemsdecreased from -$0.59 to -$0.61.</Text>
	</TextInfo>
	<contactInfo lastUpdated="2021-02-01T11:01:00">
		<streetAddress line="1">9805 Northcross Center Ct Ste A</streetAddress>
		<streetAddress line="2"></streetAddress>
		<streetAddress line="3"></streetAddress>
		<city>HUNTERSVILLE</city>
		<state-region>NC</state-region>
		<postalCode>28078-7337</postalCode>
		<country code="USA">United States</country>
		<contactName>Tom Sepenzis</contactName>
		<contactTitle>VP of Corporate Development and Investor Relations</contactTitle>
		<phone>
			<phone type="mainphone">
				<countryPhoneCode>1</countryPhoneCode>
				<city-areacode>702</city-areacode>
				<number>6054086</number>
			</phone>
			<phone type="mainfax">
				<countryPhoneCode>1</countryPhoneCode>
				<city-areacode>302</city-areacode>
				<number>6365454</number>
			</phone>
			<phone type="contactphone">
				<countryPhoneCode>1</countryPhoneCode>
				<city-areacode>704</city-areacode>
				<number>9975735</number>
			</phone>
		</phone>
	</contactInfo>
	<webLinks lastUpdated="2019-10-27T21:31:24"><webSite mainCategory="Home Page">https://ir.akoustis.com/</webSite><eMail mainCategory="Company Contact/E-mail">ir@akoustis.com</eMail></webLinks>
	<peerInfo lastUpdated="2021-02-01T11:01:00">
		<IndustryInfo>
			<Industry type="TRBC" order="1" reported="0" code="5710401014" mnem="">Electronic Repair Services</Industry>
			<Industry type="NAICS" order="1" reported="0" code="335999" mnem="">All Oth Misc Electrical Equip &amp; Component Mfg</Industry>
			<Industry type="NAICS" order="2" reported="0" code="334220" mnem="">Radio and Television Broadcasting and Wireless Communications Equipment Manufacturing</Industry>
			<Industry type="NAICS" order="3" reported="0" code="334419" mnem="">Other Electronic Component Mfg</Industry>
			<Industry type="NAICS" order="4" reported="0" code="334413" mnem="">Semiconductor &amp; Related Device Mfg</Industry>
			<Industry type="SIC" order="1" reported="0" code="3699" mnem="">Electrical Equip/supplies, Nec</Industry>
			<Industry type="SIC" order="2" reported="0" code="3663" mnem="">Radio/tv Communications Equip</Industry>
			<Industry type="SIC" order="3" reported="0" code="3679" mnem="">Electronic Components, Nec</Industry>
			<Industry type="SIC" order="4" reported="0" code="3674" mnem="">Semiconductors/related Devices</Industry>
		</IndustryInfo>
	</peerInfo>
	<officers>
		<officer rank="1" since="03/14/2016">
			<firstName>Arthur</firstName>
			<mI>E.</mI>
			<lastName>Geiss</lastName>
			<age>67 </age>
			<title startYear="2016" startMonth="03" startDay="14" iD1="CCH" abbr1="Co-Chmn." iD2="IND" abbr2="Ind. Dir.">Independent Co-Chairman of the Board</title>
		</officer>
		<officer rank="2" since="03/14/2016">
			<firstName>Jerry</firstName>
			<mI>D.</mI>
			<lastName>Neal</lastName>
			<age>75 </age>
			<title startYear="2016" startMonth="03" startDay="14" iD1="CCH" abbr1="Co-Chmn." iD2="IND" abbr2="Ind. Dir.">Independent Co-Chairman of the Board</title>
		</officer>
		<officer rank="3" since="05/22/2015">
			<firstName>Jeffrey</firstName>
			<mI>B.</mI>
			<lastName>Shealy</lastName>
			<age>51 </age>
			<title startYear="2017" startMonth="06" startDay="30" iD1="PRE" abbr1="Pres." iD2="CEO" abbr2="CEO">President, Chief Executive Officer, Founder, Director</title>
		</officer>
		<officer rank="4" since="12/19/2017">
			<firstName>Kenneth</firstName>
			<mI>E.</mI>
			<lastName>Boller</lastName>
			<age>49 </age>
			<title startYear="2018" startMonth="11" startDay="05" iD1="CFO" abbr1="CFO" iD2="CTR" abbr2="Contr.">Interim Chief Financial Officer, Corporate Controller</title>
		</officer>
		<officer rank="5" since="05/22/2015">
			<firstName>David</firstName>
			<mI>M.</mI>
			<lastName>Aichele</lastName>
			<age>54 </age>
			<title startYear="2020" startMonth="06" startDay="30" iD1="EVP" abbr1="Exec. VP" iD2="" abbr2="">Executive Vice President of Business Development</title>
		</officer>
		<officer rank="6" since="2020">
			<firstName>Tom</firstName>
			<mI></mI>
			<lastName>Sepenzis</lastName>
			<age></age>
			<title startYear="2020" startMonth="" startDay="" iD1="VBD" abbr1="VP-Bus.Dev." iD2="IRC" abbr2="IR-Contact">VP of Corporate Development and Investor Relations</title>
		</officer>
		<officer rank="7" since="10/31/2016">
			<firstName>Rohan</firstName>
			<mI></mI>
			<lastName>Houlden</lastName>
			<age>55 </age>
			<title startYear="2018" startMonth="11" startDay="12" iD1="OTH" abbr1="Other" iD2="" abbr2="">Chief Product Officer</title>
		</officer>
	</officers>
	<Ratios PriceCurrency="USD" ReportingCurrency="USD" ExchangeRate="1.00000" LatestAvailableDate="2020-12-31">
		<Group ID="Price and Volume">
			<Ratio FieldName="NPRICE" Type="N">18.03000</Ratio>
			<Ratio FieldName="NHIG" Type="N">19.15000</Ratio>
			<Ratio FieldName="NLOW" Type="N">3.76000</Ratio>
			<Ratio FieldName="PDATE" Type="D">2021-02-04T00:00:00</Ratio>
			<Ratio FieldName="VOL10DAVG" Type="N">1.38059</Ratio>
			<Ratio FieldName="EV" Type="N">742.40920</Ratio>
		</Group>
		<Group ID="Income Statement">
			<Ratio FieldName="MKTCAP" Type="N">764.34420</Ratio>
			<Ratio FieldName="TTMREV" Type="N">2.67300</Ratio>
			<Ratio FieldName="TTMEBITD" Type="N">-33.22000</Ratio>
			<Ratio FieldName="TTMNIAC" Type="N">-41.71100</Ratio>
		</Group>
		<Group ID="Per share data">
			<Ratio FieldName="TTMEPSXCLX" Type="N">-1.10304</Ratio>
			<Ratio FieldName="TTMREVPS" Type="N">0.07095</Ratio>
			<Ratio FieldName="QBVPS" Type="N">1.12283</Ratio>
			<Ratio FieldName="QCSHPS" Type="N">1.15184</Ratio>
			<Ratio FieldName="TTMCFSHR" Type="N">-1.00729</Ratio>
			<Ratio FieldName="TTMDIVSHR" Type="N">0.00000</Ratio>
		</Group>
		<Group ID="Other Ratios">
			<Ratio FieldName="TTMGROSMGN" Type="N">-107.33260</Ratio>
			<Ratio FieldName="TTMROEPCT" Type="N">-91.99806</Ratio>
			<Ratio FieldName="TTMPR2REV" Type="N">285.95000</Ratio>
			<Ratio FieldName="PEEXCLXOR" Type="N">-99999.99000</Ratio>
			<Ratio FieldName="PRICE2BK" Type="N">16.05768</Ratio>
			<Ratio FieldName="Employees" Type="N">95</Ratio>
		</Group>
	</Ratios>
	<ForecastData ConsensusType="Mean" CurFiscalYear="2021" CurFiscalYearEndMonth="6" CurInterimEndCalYear="2021" CurInterimEndMonth="3" EarningsBasis="PRX">
		<Ratio FieldName="ConsRecom" Type="N">
			<Value PeriodType="CURR">1.6667</Value>
		</Ratio>
		<Ratio FieldName="TargetPrice" Type="N">
			<Value PeriodType="CURR">10.83330</Value>
		</Ratio>
		<Ratio FieldName="ProjLTGrowthRate" Type="N">
			<Value PeriodType="CURR">-99999.99000</Value>
		</Ratio>
		<Ratio FieldName="ProjPE" Type="N">
			<Value PeriodType="CURR">-16.05092</Value>
		</Ratio>
		<Ratio FieldName="ProjSales" Type="N">
			<Value PeriodType="CURR">9.09030</Value>
		</Ratio>
		<Ratio FieldName="ProjSalesQ" Type="N">
			<Value PeriodType="CURR">2.25000</Value>
		</Ratio>
		<Ratio FieldName="ProjEPS" Type="N">
			<Value PeriodType="CURR">-1.12330</Value>
		</Ratio>
		<Ratio FieldName="ProjEPSQ" Type="N">
			<Value PeriodType="CURR">-0.27670</Value>
		</Ratio>
		<Ratio FieldName="ProjProfit" Type="N">
			<Value PeriodType="CURR">-41.42000</Value>
		</Ratio>
		<Ratio FieldName="ProjDPS" Type="N">
			<Value PeriodType="CURR">-99999.99000</Value>
		</Ratio>
	</ForecastData>
</ReportSnapshot>
