<?xml version="1.0" encoding="UTF-8"?>
<ReportSnapshot Major="1" Minor="0" Revision="1">
	<CoIDs>
		<CoID Type="RepNo">01F12</CoID>
		<CoID Type="CompanyName">Akumin Inc</CoID>
		<CoID Type="OrganizationPermID">5057959730</CoID>
	</CoIDs>
	<Issues>
		<Issue ID="1" Type="C" Desc="Common Stock" Order="1">
			<IssueID Type="Name">Ordinary Shares</IssueID>
			<IssueID Type="Ticker">AKU</IssueID>
			<IssueID Type="RIC">AKU.TO</IssueID>
			<IssueID Type="DisplayRIC">AKU.TO</IssueID>
			<IssueID Type="InstrumentPI">276095202</IssueID>
			<IssueID Type="QuotePI">326443815</IssueID>
			<IssueID Type="InstrumentPermID">21624604377</IssueID>
			<IssueID Type="QuotePermID">25727395849</IssueID>
			<Exchange Code="TSE" Country="CAN">Toronto Stock Exchange</Exchange>
			<GlobalListingType>OSR</GlobalListingType>
		</Issue>
	</Issues>
	<CoGeneralInfo>
		<CoStatus Code="1">Active</CoStatus>
		<CoType Code="EQU">Equity Issue</CoType>
		<LastModified>2020-12-29</LastModified>
		<LatestAvailableAnnual>2019-12-31</LatestAvailableAnnual>
		<LatestAvailableInterim>2020-09-30</LatestAvailableInterim>
		<Employees LastUpdated="2019-12-31">1737</Employees>
		<SharesOut Date="2020-09-30" TotalFloat="52345987.0">70178428.0</SharesOut>
		<ReportingCurrency Code="USD">U.S. Dollars</ReportingCurrency>
		<MostRecentExchange Date="2021-02-03">1.0</MostRecentExchange>
	</CoGeneralInfo>
	<TextInfo>
		<Text Type="Business Summary" lastModified="2018-08-16T00:44:42">Akumin Inc is a United States-based company, which provides freestanding, fixed-site outpatient diagnostic imaging services in the United States. The Company owns, operates or manages 89 centers located in Florida, Pennsylvania, Delaware, Texas, Illinois and Kansas, the United States. The Company's centers provide physicians with imaging capabilities to facilitate the diagnosis and treatment of diseases and disorders and reduce unnecessary invasive procedures. The Company's services include Magnetic Resonance Imaging (MRI), Computed Tomography (CT) and Positron Emission Tomography (PET), radiology, ultrasound, diagnostic radiology (X-ray), mammography, arthography and other related procedures.</Text>
		<Text Type="Financial Summary" lastModified="2020-11-16T06:20:24">BRIEF: For the nine months ended 30 September 2020, AkuminInc revenues increased 13% to $192M. Net loss totaled $3.9Mvs. income of $3.2M. Revenues reflect an increase in demandfor the Company's products and services due to favorablemarket conditions. Net loss reflects Interest expenseincrease of 72% to $31.6M (expense), Depreciation andamortization increase of 23% to $25.8M (expense).</Text>
	</TextInfo>
	<contactInfo lastUpdated="2020-12-29T06:10:00">
		<streetAddress line="1">8300 W Sunrise Blvd.,</streetAddress>
		<streetAddress line="2"></streetAddress>
		<streetAddress line="3"></streetAddress>
		<city>PLANTATION</city>
		<state-region>FL</state-region>
		<postalCode>33322</postalCode>
		<country code="USA">United States</country>
		<contactName></contactName>
		<contactTitle></contactTitle>
		<phone>
			<phone type="mainphone">
				<countryPhoneCode>1</countryPhoneCode>
				<city-areacode>416</city-areacode>
				<number>5663881</number>
			</phone>
		</phone>
	</contactInfo>
	<webLinks lastUpdated="2018-07-11T10:46:03"><webSite mainCategory="Home Page">https://www.akumin.com</webSite><eMail mainCategory="Company Contact/E-mail">
		</eMail></webLinks>
	<peerInfo lastUpdated="2020-12-29T06:10:00">
		<IndustryInfo>
			<Industry type="TRBC" order="1" reported="0" code="5610201015" mnem="">Medical &amp; Diagnostic Laboratories</Industry>
			<Industry type="NAICS" order="1" reported="0" code="621512" mnem="">Diagnostic Imaging Centers</Industry>
			<Industry type="SIC" order="1" reported="0" code="8071" mnem="">Medical Laboratories</Industry>
		</IndustryInfo>
	</peerInfo>
	<officers>
		<officer rank="1" since="03/20/2017">
			<firstName>Stanley</firstName>
			<mI>George</mI>
			<lastName>Dunford</lastName>
			<age></age>
			<title startYear="2017" startMonth="03" startDay="20" iD1="CHM" abbr1="Chmn." iD2="DRC" abbr2="Dir.">Chairman of the Board</title>
		</officer>
		<officer rank="2" since="NA">
			<firstName>Riadh</firstName>
			<mI></mI>
			<lastName>Zine-El-Abidine</lastName>
			<age>48 </age>
			<title startYear="NA" startMonth="" startDay="" iD1="PRE" abbr1="Pres." iD2="CEO" abbr2="CEO">President, Chief Executive Officer, Director</title>
		</officer>
		<officer rank="3" since="09/2015">
			<firstName>Mohammad</firstName>
			<mI></mI>
			<lastName>Saleem</lastName>
			<age></age>
			<title startYear="2015" startMonth="09" startDay="" iD1="CFO" abbr1="CFO" iD2="SEC" abbr2="Secy.">Chief Financial Officer, Corporate Secretary</title>
		</officer>
		<officer rank="4" since="06/2019">
			<firstName>Leigh</firstName>
			<mI>Anne</mI>
			<lastName>Fernandes</lastName>
			<age></age>
			<title startYear="2019" startMonth="06" startDay="" iD1="CEX" abbr1="Corp. Exec." iD2="" abbr2="">President, Advanced Diagnostic Group, LLC</title>
		</officer>
		<officer rank="5" since="06/2019">
			<firstName>Kevin</firstName>
			<mI></mI>
			<lastName>Johnson</lastName>
			<age></age>
			<title startYear="2019" startMonth="06" startDay="" iD1="CEX" abbr1="Corp. Exec." iD2="" abbr2="">President, Advanced Diagnostic Group, LLC</title>
		</officer>
		<officer rank="6" since="08/2017">
			<firstName>Michael</firstName>
			<mI></mI>
			<lastName>Meredith</lastName>
			<age></age>
			<title startYear="2017" startMonth="08" startDay="" iD1="CEX" abbr1="Corp. Exec." iD2="" abbr2="">Vice President, Equipment Management, Akumin Corp. and President, SyncMed, LLC</title>
		</officer>
		<officer rank="7" since="10/2014">
			<firstName>Rohit</firstName>
			<mI>Kishin</mI>
			<lastName>Navani</lastName>
			<age></age>
			<title startYear="2014" startMonth="10" startDay="" iD1="COO" abbr1="COO" iD2="EVP" abbr2="Exec. VP">Chief Operating Officer, Executive Vice President</title>
		</officer>
		<officer rank="8" since="03/12/2018">
			<firstName>Matthew</firstName>
			<mI></mI>
			<lastName>Cameron</lastName>
			<age></age>
			<title startYear="2018" startMonth="03" startDay="12" iD1="SVP" abbr1="Sr. VP" iD2="GCN" abbr2="Counsel">Senior Vice President, General Counsel</title>
		</officer>
		<officer rank="9" since="08/2017">
			<firstName>Darren</firstName>
			<mI></mI>
			<lastName>Speed</lastName>
			<age></age>
			<title startYear="2017" startMonth="08" startDay="" iD1="CCO" abbr1="Chief Comp." iD2="" abbr2="">Chief Compliance Officer</title>
		</officer>
		<officer rank="10" since="08/2017">
			<firstName>Karen</firstName>
			<mI></mI>
			<lastName>Moore</lastName>
			<age></age>
			<title startYear="2017" startMonth="08" startDay="" iD1="VPR" abbr1="VP" iD2="DHR" abbr2="Dir.-HR">Vice President - Human Resources</title>
		</officer>
	</officers>
	<Ratios PriceCurrency="CAD" ReportingCurrency="USD" ExchangeRate="1.28250" LatestAvailableDate="2019-12-31">
		<Group ID="Price and Volume">
			<Ratio FieldName="NPRICE" Type="N">4.06000</Ratio>
			<Ratio FieldName="NHIG" Type="N">5.16000</Ratio>
			<Ratio FieldName="NLOW" Type="N">1.75000</Ratio>
			<Ratio FieldName="PDATE" Type="D">2021-02-04T00:00:00</Ratio>
			<Ratio FieldName="VOL10DAVG" Type="N">0.05920</Ratio>
			<Ratio FieldName="EV" Type="N">869.15991</Ratio>
		</Group>
		<Group ID="Income Statement">
			<Ratio FieldName="MKTCAP" Type="N">285.90530</Ratio>
			<Ratio FieldName="AREV" Type="N">317.33700</Ratio>
			<Ratio FieldName="AEBITD" Type="N">94.91776</Ratio>
			<Ratio FieldName="ANIAC" Type="N">8.27393</Ratio>
		</Group>
		<Group ID="Per share data">
			<Ratio FieldName="AEPSXCLXOR" Type="N">0.12062</Ratio>
			<Ratio FieldName="AREVPS" Type="N">4.62624</Ratio>
			<Ratio FieldName="ABVPS" Type="N">2.54683</Ratio>
			<Ratio FieldName="ACSHPS" Type="N">0.42949</Ratio>
			<Ratio FieldName="ACFSHR" Type="N">0.69033</Ratio>
			<Ratio FieldName="ADIVSHR" Type="N">-99999.99000</Ratio>
		</Group>
		<Group ID="Other Ratios">
			<Ratio FieldName="AGROSMGN" Type="N">-99999.99000</Ratio>
			<Ratio FieldName="AROEPCT" Type="N">5.31790</Ratio>
			<Ratio FieldName="APR2REV" Type="N">0.90095</Ratio>
			<Ratio FieldName="APEEXCLXOR" Type="N">33.77555</Ratio>
			<Ratio FieldName="APRICE2BK" Type="N">1.59963</Ratio>
			<Ratio FieldName="Employees" Type="N">1737</Ratio>
		</Group>
	</Ratios>
	<ForecastData ConsensusType="Mean" CurFiscalYear="2020" CurFiscalYearEndMonth="12" CurInterimEndCalYear="2020" CurInterimEndMonth="12" EarningsBasis="PRX">
		<Ratio FieldName="ConsRecom" Type="N">
			<Value PeriodType="CURR">1.75</Value>
		</Ratio>
		<Ratio FieldName="TargetPrice" Type="N">
			<Value PeriodType="CURR">6.25050</Value>
		</Ratio>
		<Ratio FieldName="ProjLTGrowthRate" Type="N">
			<Value PeriodType="CURR">-99999.99000</Value>
		</Ratio>
		<Ratio FieldName="ProjPE" Type="N">
			<Value PeriodType="CURR">-47.59672</Value>
		</Ratio>
		<Ratio FieldName="ProjSales" Type="N">
			<Value PeriodType="CURR">343.36760</Value>
		</Ratio>
		<Ratio FieldName="ProjSalesQ" Type="N">
			<Value PeriodType="CURR">92.17250</Value>
		</Ratio>
		<Ratio FieldName="ProjEPS" Type="N">
			<Value PeriodType="CURR">-0.08530</Value>
		</Ratio>
		<Ratio FieldName="ProjEPSQ" Type="N">
			<Value PeriodType="CURR">-0.13130</Value>
		</Ratio>
		<Ratio FieldName="ProjProfit" Type="N">
			<Value PeriodType="CURR">-99999.99000</Value>
		</Ratio>
		<Ratio FieldName="ProjDPS" Type="N">
			<Value PeriodType="CURR">-99999.99000</Value>
		</Ratio>
	</ForecastData>
</ReportSnapshot>
