<?xml version="1.0" encoding="UTF-8"?>
<ReportSnapshot Major="1" Minor="0" Revision="1">
	<CoIDs>
		<CoID Type="RepNo">02CCE</CoID>
		<CoID Type="CompanyName">Allakos Inc</CoID>
		<CoID Type="IRSNo">454798831</CoID>
		<CoID Type="CIKNo">0001564824</CoID>
		<CoID Type="OrganizationPermID">5037990289</CoID>
	</CoIDs>
	<Issues>
		<Issue ID="1" Type="C" Desc="Common Stock" Order="1">
			<IssueID Type="Name">Ordinary Shares</IssueID>
			<IssueID Type="Ticker">ALLK</IssueID>
			<IssueID Type="RIC">ALLK.O</IssueID>
			<IssueID Type="DisplayRIC">ALLK.OQ</IssueID>
			<IssueID Type="InstrumentPI">312651599</IssueID>
			<IssueID Type="QuotePI">316071519</IssueID>
			<IssueID Type="InstrumentPermID">21653244736</IssueID>
			<IssueID Type="QuotePermID">25727399499</IssueID>
			<Exchange Code="NASD" Country="USA">NASDAQ</Exchange>
			<GlobalListingType>OSR</GlobalListingType>
		</Issue>
	</Issues>
	<CoGeneralInfo>
		<CoStatus Code="1">Active</CoStatus>
		<CoType Code="EQU">Equity Issue</CoType>
		<LastModified>2020-11-11</LastModified>
		<LatestAvailableAnnual>2019-12-31</LatestAvailableAnnual>
		<LatestAvailableInterim>2020-09-30</LatestAvailableInterim>
		<Employees LastUpdated="2020-09-30">114</Employees>
		<SharesOut Date="2020-11-05" TotalFloat="47075813.0">52503346.0</SharesOut>
		<ReportingCurrency Code="USD">U.S. Dollars</ReportingCurrency>
		<MostRecentExchange Date="2021-02-03">1.0</MostRecentExchange>
	</CoGeneralInfo>
	<TextInfo>
		<Text Type="Business Summary" lastModified="2018-10-04T17:24:53">Allakos, Inc. is a clinical-stage biotechnology company, which is engaged in developing antibodies that selectively target mast cells and eosinophils. The Company's antibodies target receptor molecules present on the surface of immune effector cells, which are involved in allergy, inflammation and tissue damage. Its lead program is AK002, which is an antibody that targets Siglec-8, an inhibitory receptor found on eosinophils and mast cells. The Company's AK002 is used in the treatment of various diseases with abnormal proliferation of mast cells, including eosinophilic gastritis (EG), indolent systemic mastocytosis, urticaria and allergic conjunctivitis.</Text>
		<Text Type="Financial Summary" lastModified="2020-11-11T07:38:02">BRIEF: For the nine months ended 30 September 2020, AllakosInc revenues was not reported. Net loss increased 80% to$109.2M. Higher net loss reflects Research and Development- Balancing increase of 65% to $69.2M (expense),Stock-based Compensation in SGA increase from $6.6M to$15.4M (expense), General and Administrative - Balancingincrease of 59% to $20.3M (expense).</Text>
	</TextInfo>
	<contactInfo lastUpdated="2020-12-23T03:14:10">
		<streetAddress line="1">975 Island Dr Ste 201</streetAddress>
		<streetAddress line="2"></streetAddress>
		<streetAddress line="3"></streetAddress>
		<city>REDWOOD CITY</city>
		<state-region>CA</state-region>
		<postalCode>94065-5173</postalCode>
		<country code="USA">United States</country>
		<contactName></contactName>
		<contactTitle></contactTitle>
		<phone>
			<phone type="mainphone">
				<countryPhoneCode>1</countryPhoneCode>
				<city-areacode>650</city-areacode>
				<number>5975002</number>
			</phone>
			<phone type="mainfax">
				<countryPhoneCode>1</countryPhoneCode>
				<city-areacode>302</city-areacode>
				<number>6555049</number>
			</phone>
		</phone>
	</contactInfo>
	<webLinks lastUpdated="2018-07-19T00:45:02"><webSite mainCategory="Home Page">http://www.allakos.com/</webSite><eMail mainCategory="Company Contact/E-mail">ir@allakos.com</eMail></webLinks>
	<peerInfo lastUpdated="2020-12-23T03:14:10">
		<IndustryInfo>
			<Industry type="TRBC" order="1" reported="0" code="5620201011" mnem="">Bio Therapeutic Drugs</Industry>
			<Industry type="NAICS" order="1" reported="0" code="325412" mnem="">Pharmaceutical Preparation Mfg</Industry>
			<Industry type="NAICS" order="2" reported="0" code="541711" mnem="">Research and Development in Biotechnology</Industry>
			<Industry type="SIC" order="1" reported="0" code="2834" mnem="">Pharmaceutical Preparations</Industry>
			<Industry type="SIC" order="2" reported="0" code="8731" mnem="">Commercial Physical Research</Industry>
		</IndustryInfo>
	</peerInfo>
	<officers>
		<officer rank="1" since="04/2017">
			<firstName>Adam</firstName>
			<mI></mI>
			<lastName>Tomasi</lastName>
			<age>50 </age>
			<title startYear="2019" startMonth="08" startDay="01" iD1="PRE" abbr1="Pres." iD2="COO" abbr2="COO">President, Chief Operating Officer</title>
		</officer>
		<officer rank="2" since="04/2017">
			<firstName>Robert</firstName>
			<mI>D.</mI>
			<lastName>Alexander</lastName>
			<age>50 </age>
			<title startYear="2019" startMonth="08" startDay="01" iD1="CEO" abbr1="CEO" iD2="DRC" abbr2="Dir.">Chief Executive Officer, Director</title>
		</officer>
		<officer rank="3" since="08/01/2019">
			<firstName>Leo</firstName>
			<mI></mI>
			<lastName>Redmond</lastName>
			<age></age>
			<title startYear="2019" startMonth="08" startDay="01" iD1="CFO" abbr1="CFO" iD2="" abbr2="">Chief Financial Officer</title>
		</officer>
		<officer rank="4" since="11/2018">
			<firstName>Mark</firstName>
			<mI>A.</mI>
			<lastName>Asbury</lastName>
			<age>56 </age>
			<title startYear="2018" startMonth="11" startDay="" iD1="GCN" abbr1="Counsel" iD2="" abbr2="">Chief Legal Officer and General Counsel</title>
		</officer>
		<officer rank="5" since="06/2017">
			<firstName>Henrik</firstName>
			<mI>Sandvad</mI>
			<lastName>Rasmussen</lastName>
			<age>60 </age>
			<title startYear="2017" startMonth="06" startDay="" iD1="OTH" abbr1="Other" iD2="" abbr2="">Chief Medical Officer</title>
		</officer>
	</officers>
	<Ratios PriceCurrency="USD" ReportingCurrency="USD" ExchangeRate="1.00000" LatestAvailableDate="2020-09-30">
		<Group ID="Price and Volume">
			<Ratio FieldName="NPRICE" Type="N">141.60000</Ratio>
			<Ratio FieldName="NHIG" Type="N">157.96000</Ratio>
			<Ratio FieldName="NLOW" Type="N">41.60500</Ratio>
			<Ratio FieldName="PDATE" Type="D">2021-02-04T00:00:00</Ratio>
			<Ratio FieldName="VOL10DAVG" Type="N">0.32008</Ratio>
			<Ratio FieldName="EV" Type="N">7014.71900</Ratio>
		</Group>
		<Group ID="Income Statement">
			<Ratio FieldName="MKTCAP" Type="N">7434.47400</Ratio>
			<Ratio FieldName="TTMREV" Type="N">0.00000</Ratio>
			<Ratio FieldName="TTMEBITD" Type="N">-137.96200</Ratio>
			<Ratio FieldName="TTMNIAC" Type="N">-133.81700</Ratio>
		</Group>
		<Group ID="Per share data">
			<Ratio FieldName="TTMEPSXCLX" Type="N">-2.74168</Ratio>
			<Ratio FieldName="TTMREVPS" Type="N">0.00000</Ratio>
			<Ratio FieldName="QBVPS" Type="N">8.44704</Ratio>
			<Ratio FieldName="QCSHPS" Type="N">8.56835</Ratio>
			<Ratio FieldName="TTMCFSHR" Type="N">-2.71011</Ratio>
			<Ratio FieldName="TTMDIVSHR" Type="N">0.00000</Ratio>
		</Group>
		<Group ID="Other Ratios">
			<Ratio FieldName="TTMGROSMGN" Type="N">-99999.99000</Ratio>
			<Ratio FieldName="TTMROEPCT" Type="N">-28.83248</Ratio>
			<Ratio FieldName="TTMPR2REV" Type="N">-99999.99000</Ratio>
			<Ratio FieldName="PEEXCLXOR" Type="N">-99999.99000</Ratio>
			<Ratio FieldName="PRICE2BK" Type="N">16.76327</Ratio>
			<Ratio FieldName="Employees" Type="N">114</Ratio>
		</Group>
	</Ratios>
	<ForecastData ConsensusType="Mean" CurFiscalYear="2020" CurFiscalYearEndMonth="12" CurInterimEndCalYear="2020" CurInterimEndMonth="12" EarningsBasis="PRX">
		<Ratio FieldName="ConsRecom" Type="N">
			<Value PeriodType="CURR">2.125</Value>
		</Ratio>
		<Ratio FieldName="TargetPrice" Type="N">
			<Value PeriodType="CURR">82.80000</Value>
		</Ratio>
		<Ratio FieldName="ProjLTGrowthRate" Type="N">
			<Value PeriodType="CURR">-99999.99000</Value>
		</Ratio>
		<Ratio FieldName="ProjPE" Type="N">
			<Value PeriodType="CURR">-45.34828</Value>
		</Ratio>
		<Ratio FieldName="ProjSales" Type="N">
			<Value PeriodType="CURR">0.00000</Value>
		</Ratio>
		<Ratio FieldName="ProjSalesQ" Type="N">
			<Value PeriodType="CURR">0.00000</Value>
		</Ratio>
		<Ratio FieldName="ProjEPS" Type="N">
			<Value PeriodType="CURR">-3.12250</Value>
		</Ratio>
		<Ratio FieldName="ProjEPSQ" Type="N">
			<Value PeriodType="CURR">-0.86130</Value>
		</Ratio>
		<Ratio FieldName="ProjProfit" Type="N">
			<Value PeriodType="CURR">-153.95760</Value>
		</Ratio>
		<Ratio FieldName="ProjDPS" Type="N">
			<Value PeriodType="CURR">0.00000</Value>
		</Ratio>
	</ForecastData>
</ReportSnapshot>
