<?xml version="1.0" encoding="UTF-8"?>
<ReportSnapshot Major="1" Minor="0" Revision="1">
	<CoIDs>
		<CoID Type="RepNo">F6895</CoID>
		<CoID Type="CompanyName">Alpine Immune Sciences Inc</CoID>
		<CoID Type="IRSNo">208969493</CoID>
		<CoID Type="CIKNo">0001626199</CoID>
		<CoID Type="OrganizationPermID">5035525548</CoID>
	</CoIDs>
	<Issues>
		<Issue ID="1" Type="C" Desc="Common Stock" Order="1">
			<IssueID Type="Name">Ordinary Shares</IssueID>
			<IssueID Type="Ticker">ALPN</IssueID>
			<IssueID Type="RIC">ALPN.O</IssueID>
			<IssueID Type="DisplayRIC">ALPN.OQ</IssueID>
			<IssueID Type="InstrumentPI">190962997</IssueID>
			<IssueID Type="QuotePI">192964585</IssueID>
			<IssueID Type="InstrumentPermID">21563805442</IssueID>
			<IssueID Type="QuotePermID">21565090248</IssueID>
			<Exchange Code="NASD" Country="USA">NASDAQ</Exchange>
			<GlobalListingType>OSR</GlobalListingType>
			<MostRecentSplit Date="2017-07-25">0.25</MostRecentSplit>
		</Issue>
	</Issues>
	<CoGeneralInfo>
		<CoStatus Code="1">Active</CoStatus>
		<CoType Code="EQU">Equity Issue</CoType>
		<LastModified>2020-11-13</LastModified>
		<LatestAvailableAnnual>2019-12-31</LatestAvailableAnnual>
		<LatestAvailableInterim>2020-09-30</LatestAvailableInterim>
		<Employees LastUpdated="2019-12-31">53</Employees>
		<SharesOut Date="2020-11-05" TotalFloat="17037938.0">23803183.0</SharesOut>
		<ReportingCurrency Code="USD">U.S. Dollars</ReportingCurrency>
		<MostRecentExchange Date="2021-02-03">1.0</MostRecentExchange>
	</CoGeneralInfo>
	<TextInfo>
		<Text Type="Business Summary" lastModified="2017-08-08T00:40:18">Alpine Immune Sciences, Inc., formerly Nivalis Therapeutics, Inc., is focused on developing a protein-based immunotherapies using Variant immunoglobulin domain (vlgD) platform technology. The vlgD platform is designed to interact with multiple targets, including many present in the immune synapse. The vlgDs are developed using a process known as directed evolution. The vlgD platform exploits both known and unknown interactions at immune synapse through a process called direct evolution for patients living with cancer, autominnue/inflammatory conditions and chronic infectious disease. It optimizes native immune system proteins for use as therapeutics. The Company also developed Transmembrane Immunomodulatory Protien (TIP) technology, based on the vIgD platform, to enhance engineered cellular therapies. TIP program is created to help companies focused on engineered cellular therapies.</Text>
		<Text Type="Financial Summary" lastModified="2020-11-13T10:23:01">BRIEF: For the nine months ended 30 September 2020, AlpineImmune Sciences Inc revenues increased from $856K to $3.7M.Net loss decreased 40% to $21.6M. Revenues reflect anincrease in demand for the Company's products and servicesdue to favorable market conditions. Lower net loss reflectsResearch and Development - Balancing val decrease of 43% to$16.4M (expense). Basic Earnings per Share excludingExtraordinary Items increased from -$1.96 to -$1.11.</Text>
	</TextInfo>
	<contactInfo lastUpdated="2021-01-07T02:46:40">
		<streetAddress line="1">188 East Blaine St., Suite 200</streetAddress>
		<streetAddress line="2"></streetAddress>
		<streetAddress line="3"></streetAddress>
		<city>SEATTLE</city>
		<state-region>WA</state-region>
		<postalCode>98102</postalCode>
		<country code="USA">United States</country>
		<contactName>Laurence Watts</contactName>
		<contactTitle>IR Contact Officer</contactTitle>
		<phone>
			<phone type="mainphone">
				<countryPhoneCode>1</countryPhoneCode>
				<city-areacode>206</city-areacode>
				<number>7884545</number>
			</phone>
			<phone type="mainfax">
				<countryPhoneCode>1</countryPhoneCode>
				<city-areacode>303</city-areacode>
				<number>4408399</number>
			</phone>
		</phone>
	</contactInfo>
	<webLinks lastUpdated="2017-07-26T17:30:01"><webSite mainCategory="Home Page">https://www.alpineimmunesciences.com/</webSite><eMail mainCategory="Company Contact/E-mail">laurence@gilmartinir.com</eMail></webLinks>
	<peerInfo lastUpdated="2021-01-07T02:46:40">
		<IndustryInfo>
			<Industry type="TRBC" order="1" reported="0" code="5620201011" mnem="">Bio Therapeutic Drugs</Industry>
			<Industry type="NAICS" order="1" reported="0" code="325412" mnem="">Pharmaceutical Preparation Mfg</Industry>
			<Industry type="SIC" order="1" reported="0" code="2834" mnem="">Pharmaceutical Preparations</Industry>
		</IndustryInfo>
	</peerInfo>
	<officers>
		<officer rank="1" since="07/24/2017">
			<firstName>Mitchell</firstName>
			<mI>H.</mI>
			<lastName>Gold</lastName>
			<age>53 </age>
			<title startYear="2017" startMonth="07" startDay="24" iD1="CHM" abbr1="Chmn." iD2="CEO" abbr2="CEO">Executive Chairman of the Board, Chief Executive Officer</title>
		</officer>
		<officer rank="2" since="07/24/2017">
			<firstName>Stanford</firstName>
			<mI>L.</mI>
			<lastName>Peng</lastName>
			<age>49 </age>
			<title startYear="2019" startMonth="04" startDay="16" iD1="PRE" abbr1="Pres." iD2="" abbr2="">President and Head of Research and Development</title>
		</officer>
		<officer rank="3" since="07/24/2017">
			<firstName>Paul</firstName>
			<mI></mI>
			<lastName>Rickey</lastName>
			<age>41 </age>
			<title startYear="2019" startMonth="03" startDay="" iD1="CFO" abbr1="CFO" iD2="SVP" abbr2="Sr. VP">Chief Financial Officer, Senior Vice President, Corporate Secretary</title>
		</officer>
		<officer rank="4" since="01/06/2021">
			<firstName>Pamela</firstName>
			<mI></mI>
			<lastName>Holland</lastName>
			<age></age>
			<title startYear="2021" startMonth="01" startDay="06" iD1="SVP" abbr1="Sr. VP" iD2="" abbr2="">Senior Vice President - Research</title>
		</officer>
		<officer rank="5" since="06/03/2019">
			<firstName>Wayne</firstName>
			<mI>R.</mI>
			<lastName>Gombotz</lastName>
			<age>58 </age>
			<title startYear="2019" startMonth="06" startDay="03" iD1="CTO" abbr1="CTO" iD2="" abbr2="">Chief Technology Officer</title>
		</officer>
		<officer rank="6" since="2018">
			<firstName>Remy</firstName>
			<mI></mI>
			<lastName>Durand</lastName>
			<age></age>
			<title startYear="2021" startMonth="01" startDay="06" iD1="OTH" abbr1="Other" iD2="" abbr2="">Chief Business Officer</title>
		</officer>
	</officers>
	<Ratios PriceCurrency="USD" ReportingCurrency="USD" ExchangeRate="1.00000" LatestAvailableDate="2020-09-30">
		<Group ID="Price and Volume">
			<Ratio FieldName="NPRICE" Type="N">12.68000</Ratio>
			<Ratio FieldName="NHIG" Type="N">16.37000</Ratio>
			<Ratio FieldName="NLOW" Type="N">2.05000</Ratio>
			<Ratio FieldName="PDATE" Type="D">2021-02-04T00:00:00</Ratio>
			<Ratio FieldName="VOL10DAVG" Type="N">0.14377</Ratio>
			<Ratio FieldName="EV" Type="N">170.80840</Ratio>
		</Group>
		<Group ID="Income Statement">
			<Ratio FieldName="MKTCAP" Type="N">301.82440</Ratio>
			<Ratio FieldName="TTMREV" Type="N">4.57600</Ratio>
			<Ratio FieldName="TTMEBITD" Type="N">-28.76200</Ratio>
			<Ratio FieldName="TTMNIAC" Type="N">-27.73800</Ratio>
		</Group>
		<Group ID="Per share data">
			<Ratio FieldName="TTMEPSXCLX" Type="N">-1.43751</Ratio>
			<Ratio FieldName="TTMREVPS" Type="N">0.23453</Ratio>
			<Ratio FieldName="QBVPS" Type="N">2.83441</Ratio>
			<Ratio FieldName="QCSHPS" Type="N">5.92673</Ratio>
			<Ratio FieldName="TTMCFSHR" Type="N">-1.39382</Ratio>
			<Ratio FieldName="TTMDIVSHR" Type="N">0.00000</Ratio>
		</Group>
		<Group ID="Other Ratios">
			<Ratio FieldName="TTMGROSMGN" Type="N">-99999.99000</Ratio>
			<Ratio FieldName="TTMROEPCT" Type="N">-54.22927</Ratio>
			<Ratio FieldName="TTMPR2REV" Type="N">65.95812</Ratio>
			<Ratio FieldName="PEEXCLXOR" Type="N">-99999.99000</Ratio>
			<Ratio FieldName="PRICE2BK" Type="N">4.47359</Ratio>
			<Ratio FieldName="Employees" Type="N">53</Ratio>
		</Group>
	</Ratios>
	<ForecastData ConsensusType="Mean" CurFiscalYear="2020" CurFiscalYearEndMonth="12" CurInterimEndCalYear="2020" CurInterimEndMonth="12" EarningsBasis="PRX">
		<Ratio FieldName="ConsRecom" Type="N">
			<Value PeriodType="CURR">1.5</Value>
		</Ratio>
		<Ratio FieldName="TargetPrice" Type="N">
			<Value PeriodType="CURR">21.50000</Value>
		</Ratio>
		<Ratio FieldName="ProjLTGrowthRate" Type="N">
			<Value PeriodType="CURR">-99999.99000</Value>
		</Ratio>
		<Ratio FieldName="ProjPE" Type="N">
			<Value PeriodType="CURR">-8.81780</Value>
		</Ratio>
		<Ratio FieldName="ProjSales" Type="N">
			<Value PeriodType="CURR">6.28180</Value>
		</Ratio>
		<Ratio FieldName="ProjSalesQ" Type="N">
			<Value PeriodType="CURR">2.24260</Value>
		</Ratio>
		<Ratio FieldName="ProjEPS" Type="N">
			<Value PeriodType="CURR">-1.43800</Value>
		</Ratio>
		<Ratio FieldName="ProjEPSQ" Type="N">
			<Value PeriodType="CURR">-0.33600</Value>
		</Ratio>
		<Ratio FieldName="ProjProfit" Type="N">
			<Value PeriodType="CURR">-29.63500</Value>
		</Ratio>
		<Ratio FieldName="ProjDPS" Type="N">
			<Value PeriodType="CURR">-99999.99000</Value>
		</Ratio>
	</ForecastData>
</ReportSnapshot>
