<?xml version="1.0" encoding="UTF-8"?>
<ReportSnapshot Major="1" Minor="0" Revision="1">
	<CoIDs>
		<CoID Type="RepNo">F6DBF</CoID>
		<CoID Type="CompanyName">AlarmCom Hldg Inc</CoID>
		<CoID Type="IRSNo">264247032</CoID>
		<CoID Type="CIKNo">0001459200</CoID>
		<CoID Type="OrganizationPermID">5000386924</CoID>
	</CoIDs>
	<Issues>
		<Issue ID="1" Type="C" Desc="Common Stock" Order="1">
			<IssueID Type="Name">Ordinary Shares</IssueID>
			<IssueID Type="Ticker">ALRM</IssueID>
			<IssueID Type="RIC">ALRM.O</IssueID>
			<IssueID Type="DisplayRIC">ALRM.OQ</IssueID>
			<IssueID Type="InstrumentPI">191925784</IssueID>
			<IssueID Type="QuotePI">191965761</IssueID>
			<IssueID Type="InstrumentPermID">21564502493</IssueID>
			<IssueID Type="QuotePermID">21564506886</IssueID>
			<Exchange Code="NASD" Country="USA">NASDAQ</Exchange>
			<GlobalListingType>OSR</GlobalListingType>
		</Issue>
	</Issues>
	<CoGeneralInfo>
		<CoStatus Code="1">Active</CoStatus>
		<CoType Code="EQU">Equity Issue</CoType>
		<LastModified>2021-01-07</LastModified>
		<LatestAvailableAnnual>2019-12-31</LatestAvailableAnnual>
		<LatestAvailableInterim>2020-09-30</LatestAvailableInterim>
		<Employees LastUpdated="2019-12-31">1160</Employees>
		<SharesOut Date="2020-10-29" TotalFloat="44499207.0">49112071.0</SharesOut>
		<ReportingCurrency Code="USD">U.S. Dollars</ReportingCurrency>
		<MostRecentExchange Date="2021-02-03">1.0</MostRecentExchange>
	</CoGeneralInfo>
	<TextInfo>
		<Text Type="Business Summary" lastModified="2017-04-04T00:37:11">Alarm.com Holdings, Inc. is a platform solution for the connected property. The Company offers a suite of cloud-based solutions for the smart home and business, including interactive security, video monitoring, intelligent automation and energy management. The Company operates through two segments: Alarm.com and Other. The Alarm.com segment represents its cloud-based platform for the intelligently connected property solutions. The Other segment is focused on researching and developing home and commercial automation and energy management products and services for sale in adjacent markets. Its solutions are used in both smart homes and businesses. It is involved in designing and manufacturing various types of hardware that enable its solutions, including cellular communication modules, image sensor, video cameras and alarm.com smart thermostat. The Company offers a suite of high definition, Internet protocol (IP), video cameras to enable its video monitoring services.</Text>
		<Text Type="Financial Summary" lastModified="2021-01-07T02:28:53">BRIEF: For the nine months ended 30 September 2020,AlarmCom Hldg Inc revenues increased 25% to $452.4M. Netincome increased 53% to $61.9M. Revenues reflect Alarm.Comsegment increase of 26% to $429M, Other segment increase of7% to $31.6M. Net income benefited from Alarm.Com segmentincome increase of 22% to $45.4M, Intersegment Alarm.comincome increase from $71K to $246K.</Text>
	</TextInfo>
	<contactInfo lastUpdated="2021-01-13T22:13:08">
		<streetAddress line="1">8281 Greensboro Dr Ste 100, Tysons</streetAddress>
		<streetAddress line="2"></streetAddress>
		<streetAddress line="3"></streetAddress>
		<city>FAIRFAX</city>
		<state-region>VA</state-region>
		<postalCode>22102-5211</postalCode>
		<country code="USA">United States</country>
		<contactName>David Trone</contactName>
		<contactTitle>Vice President, Investor Relations</contactTitle>
		<phone>
			<phone type="mainfax">
				<countryPhoneCode>1</countryPhoneCode>
				<city-areacode>302</city-areacode>
				<number>6555049</number>
			</phone>
		</phone>
	</contactInfo>
	<webLinks lastUpdated=""><webSite mainCategory=""></webSite><eMail mainCategory=""></eMail></webLinks>
	<peerInfo lastUpdated="2021-01-13T22:13:08">
		<IndustryInfo>
			<Industry type="TRBC" order="1" reported="0" code="5720102010" mnem="">Software - NEC</Industry>
			<Industry type="NAICS" order="1" reported="0" code="511210" mnem="">Software Publishers</Industry>
			<Industry type="NAICS" order="2" reported="0" code="334290" mnem="">Other Communications Equipment Manufacturing</Industry>
			<Industry type="SIC" order="1" reported="0" code="7372" mnem="">Prepackaged Software</Industry>
			<Industry type="SIC" order="2" reported="0" code="3669" mnem="">Communications Equipment, Nec</Industry>
		</IndustryInfo>
		<Indexconstituet>S&amp;P 600 Small Cap</Indexconstituet>
	</peerInfo>
	<officers>
		<officer rank="1" since="04/2015">
			<firstName>Timothy</firstName>
			<mI>P.</mI>
			<lastName>McAdam</lastName>
			<age>52 </age>
			<title startYear="2015" startMonth="04" startDay="" iD1="CHM" abbr1="Chmn." iD2="IND" abbr2="Ind. Dir.">Independent Chairman of the Board</title>
		</officer>
		<officer rank="2" since="05/2003">
			<firstName>Stephen</firstName>
			<mI>S.</mI>
			<lastName>Trundle</lastName>
			<age>51 </age>
			<title startYear="2003" startMonth="10" startDay="" iD1="PRE" abbr1="Pres." iD2="CEO" abbr2="CEO">President, Chief Executive Officer, Director</title>
		</officer>
		<officer rank="3" since="03/2000">
			<firstName>Jean-Paul</firstName>
			<mI></mI>
			<lastName>Martin</lastName>
			<age>59 </age>
			<title startYear="2000" startMonth="03" startDay="" iD1="CFD" abbr1="Co-Fndr." iD2="CTO" abbr2="CTO">Co-Founder, Chief Technology Officer</title>
		</officer>
		<officer rank="4" since="11/15/2016">
			<firstName>Steve</firstName>
			<mI></mI>
			<lastName>Valenzuela</lastName>
			<age>62 </age>
			<title startYear="2016" startMonth="11" startDay="15" iD1="CFO" abbr1="CFO" iD2="" abbr2="">Chief Financial Officer</title>
		</officer>
		<officer rank="5" since="06/2007">
			<firstName>Daniel</firstName>
			<mI></mI>
			<lastName>Ramos</lastName>
			<age>51 </age>
			<title startYear="2016" startMonth="" startDay="" iD1="SVP" abbr1="Sr. VP" iD2="SEC" abbr2="Secy.">Senior Vice President of Corporate Development, Corporate Secretary</title>
		</officer>
		<officer rank="6" since="04/2013">
			<firstName>Jeffrey</firstName>
			<mI>Allan</mI>
			<lastName>Bedell</lastName>
			<age>51 </age>
			<title startYear="2013" startMonth="04" startDay="" iD1="OTH" abbr1="Other" iD2="" abbr2="">Chief Strategy and Innovation Officer</title>
		</officer>
		<officer rank="7" since="02/2006">
			<firstName>David</firstName>
			<mI></mI>
			<lastName>Hutz</lastName>
			<age>43 </age>
			<title startYear="2006" startMonth="02" startDay="" iD1="OTH" abbr1="Other" iD2="" abbr2="">Chief Systems Architect</title>
		</officer>
		<officer rank="8" since="12/2013">
			<firstName>Daniel</firstName>
			<mI></mI>
			<lastName>Kerzner</lastName>
			<age>44 </age>
			<title startYear="2013" startMonth="12" startDay="" iD1="OTH" abbr1="Other" iD2="" abbr2="">Chief Product Officer</title>
		</officer>
	</officers>
	<Ratios PriceCurrency="USD" ReportingCurrency="USD" ExchangeRate="1.00000" LatestAvailableDate="2020-09-30">
		<Group ID="Price and Volume">
			<Ratio FieldName="NPRICE" Type="N">96.28000</Ratio>
			<Ratio FieldName="NHIG" Type="N">108.67000</Ratio>
			<Ratio FieldName="NLOW" Type="N">32.00000</Ratio>
			<Ratio FieldName="PDATE" Type="D">2021-02-04T00:00:00</Ratio>
			<Ratio FieldName="VOL10DAVG" Type="N">0.41832</Ratio>
			<Ratio FieldName="EV" Type="N">4592.33400</Ratio>
		</Group>
		<Group ID="Income Statement">
			<Ratio FieldName="MKTCAP" Type="N">4728.51000</Ratio>
			<Ratio FieldName="TTMREV" Type="N">592.91500</Ratio>
			<Ratio FieldName="TTMEBITD" Type="N">96.08300</Ratio>
			<Ratio FieldName="TTMNIAC" Type="N">74.92100</Ratio>
		</Group>
		<Group ID="Per share data">
			<Ratio FieldName="TTMEPSXCLX" Type="N">1.47800</Ratio>
			<Ratio FieldName="TTMREVPS" Type="N">11.73168</Ratio>
			<Ratio FieldName="QBVPS" Type="N">8.93347</Ratio>
			<Ratio FieldName="QCSHPS" Type="N">5.03319</Ratio>
			<Ratio FieldName="TTMCFSHR" Type="N">1.99196</Ratio>
			<Ratio FieldName="TTMDIVSHR" Type="N">0.00000</Ratio>
		</Group>
		<Group ID="Other Ratios">
			<Ratio FieldName="TTMGROSMGN" Type="N">62.77072</Ratio>
			<Ratio FieldName="TTMROEPCT" Type="N">19.33740</Ratio>
			<Ratio FieldName="TTMPR2REV" Type="N">7.97502</Ratio>
			<Ratio FieldName="PEEXCLXOR" Type="N">65.14208</Ratio>
			<Ratio FieldName="PRICE2BK" Type="N">10.77745</Ratio>
			<Ratio FieldName="Employees" Type="N">1160</Ratio>
		</Group>
	</Ratios>
	<ForecastData ConsensusType="Mean" CurFiscalYear="2020" CurFiscalYearEndMonth="12" CurInterimEndCalYear="2020" CurInterimEndMonth="12" EarningsBasis="PRX">
		<Ratio FieldName="ConsRecom" Type="N">
			<Value PeriodType="CURR">1.8571</Value>
		</Ratio>
		<Ratio FieldName="TargetPrice" Type="N">
			<Value PeriodType="CURR">69.42860</Value>
		</Ratio>
		<Ratio FieldName="ProjLTGrowthRate" Type="N">
			<Value PeriodType="CURR">10.6500</Value>
		</Ratio>
		<Ratio FieldName="ProjPE" Type="N">
			<Value PeriodType="CURR">60.79434</Value>
		</Ratio>
		<Ratio FieldName="ProjSales" Type="N">
			<Value PeriodType="CURR">598.68700</Value>
		</Ratio>
		<Ratio FieldName="ProjSalesQ" Type="N">
			<Value PeriodType="CURR">146.26390</Value>
		</Ratio>
		<Ratio FieldName="ProjEPS" Type="N">
			<Value PeriodType="CURR">1.58370</Value>
		</Ratio>
		<Ratio FieldName="ProjEPSQ" Type="N">
			<Value PeriodType="CURR">0.27110</Value>
		</Ratio>
		<Ratio FieldName="ProjProfit" Type="N">
			<Value PeriodType="CURR">101.37150</Value>
		</Ratio>
		<Ratio FieldName="ProjDPS" Type="N">
			<Value PeriodType="CURR">0.00000</Value>
		</Ratio>
	</ForecastData>
</ReportSnapshot>
