<?xml version="1.0" encoding="UTF-8"?>
<ReportSnapshot Major="1" Minor="0" Revision="1">
	<CoIDs>
		<CoID Type="RepNo">A2461</CoID>
		<CoID Type="CompanyName">Alaska Communications Systems Group Inc</CoID>
		<CoID Type="IRSNo">522126573</CoID>
		<CoID Type="CIKNo">0001089511</CoID>
		<CoID Type="OrganizationPermID">4295912427</CoID>
	</CoIDs>
	<Issues>
		<Issue ID="1" Type="C" Desc="Common Stock" Order="1">
			<IssueID Type="Name">Ordinary Shares</IssueID>
			<IssueID Type="Ticker">ALSK</IssueID>
			<IssueID Type="RIC">ALSK.O</IssueID>
			<IssueID Type="DisplayRIC">ALSK.OQ</IssueID>
			<IssueID Type="InstrumentPI">445802</IssueID>
			<IssueID Type="QuotePI">7656109</IssueID>
			<IssueID Type="InstrumentPermID">8590943081</IssueID>
			<IssueID Type="QuotePermID">55835313539</IssueID>
			<Exchange Code="NASD" Country="USA">NASDAQ</Exchange>
			<GlobalListingType>OSR</GlobalListingType>
		</Issue>
	</Issues>
	<CoGeneralInfo>
		<CoStatus Code="1">Active</CoStatus>
		<CoType Code="EQU">Equity Issue</CoType>
		<LastModified>2020-11-11</LastModified>
		<LatestAvailableAnnual>2019-12-31</LatestAvailableAnnual>
		<LatestAvailableInterim>2020-09-30</LatestAvailableInterim>
		<Employees LastUpdated="2020-09-30">565</Employees>
		<SharesOut Date="2020-11-03" TotalFloat="49825638.0">53822535.0</SharesOut>
		<ReportingCurrency Code="USD">U.S. Dollars</ReportingCurrency>
		<MostRecentExchange Date="2021-02-03">1.0</MostRecentExchange>
	</CoGeneralInfo>
	<TextInfo>
		<Text Type="Business Summary" lastModified="2020-12-25T11:42:26">Alaska Communications Systems Group, Inc. is a fiber broadband and managed information technology (IT) services provider. The Company is focused primarily on business and wholesale customers in and out of Alaska. The Company also provides telecommunication services to consumers across Alaska. The Company's facilities-based communications network extends across Alaska and connects to the contiguous states through its undersea fiber optic cable systems and its usage rights on an undersea system. It serves customers in various areas, such as Business and Wholesale (broadband, voice and managed IT services); Consumer (broadband and voice services), and Regulatory (carrier termination and access services). It provides voice and broadband services to residential customers. It provides voice and broadband origination and termination services to inter and intrastate carriers serving its retail customers.</Text>
		<Text Type="Financial Summary" lastModified="2020-11-11T06:33:22">BRIEF: For the nine months ended 30 September 2020, AlaskaCommunications Systems Group Inc revenues increased 3% to$178.2M. Net income increased from $2.3M to $7.1M. Revenuesreflect an increase in demand for the Company's productsand services due to favorable market conditions. Net incomebenefited from Selling, general and administrative decreaseof 8% to $48.2M (expense), Loss on extinguishment of debtdecrease from $2.8M (expense) to $0K.</Text>
	</TextInfo>
	<contactInfo lastUpdated="2020-12-28T03:10:30">
		<streetAddress line="1">600 Telephone Ave</streetAddress>
		<streetAddress line="2"></streetAddress>
		<streetAddress line="3"></streetAddress>
		<city>ANCHORAGE</city>
		<state-region>AK</state-region>
		<postalCode>99503-6010</postalCode>
		<country code="USA">United States</country>
		<contactName></contactName>
		<contactTitle></contactTitle>
		<phone>
			<phone type="mainphone">
				<countryPhoneCode>1</countryPhoneCode>
				<city-areacode>907</city-areacode>
				<number>2973000</number>
			</phone>
			<phone type="mainfax">
				<countryPhoneCode>1</countryPhoneCode>
				<city-areacode>302</city-areacode>
				<number>6555049</number>
			</phone>
		</phone>
	</contactInfo>
	<webLinks lastUpdated="2013-05-07T01:39:54"><webSite mainCategory="Home Page">http://www.alsk.com</webSite><eMail mainCategory="Company Contact/E-mail">investors@acsalaska.com</eMail></webLinks>
	<peerInfo lastUpdated="2020-12-28T03:10:30">
		<IndustryInfo>
			<Industry type="TRBC" order="1" reported="0" code="5740101020" mnem="">Wired Telecommunications Carriers</Industry>
			<Industry type="NAICS" order="1" reported="0" code="517110" mnem="">Wired Telecommunications Carriers</Industry>
			<Industry type="NAICS" order="2" reported="0" code="517210" mnem="">Wireless Telecommunications Carriers (except Satellite)</Industry>
			<Industry type="NAICS" order="3" reported="0" code="541511" mnem="">Custom Computer Programming Services</Industry>
			<Industry type="NAICS" order="4" reported="0" code="423690" mnem="">Other Electronic Parts and Equipment Merchant Wholesalers</Industry>
			<Industry type="SIC" order="0" reported="1" code="4813" mnem="">Telephon Communications Not Radio</Industry>
			<Industry type="SIC" order="1" reported="0" code="4813" mnem="">Telephon Communications Not Radio</Industry>
			<Industry type="SIC" order="2" reported="0" code="4812" mnem="">Radiotelephone Communications</Industry>
			<Industry type="SIC" order="3" reported="0" code="7371" mnem="">Computer Programming Services</Industry>
			<Industry type="SIC" order="4" reported="0" code="5065" mnem="">Electronic Parts And Equipment</Industry>
		</IndustryInfo>
	</peerInfo>
	<officers>
		<officer rank="1" since="05/29/2019">
			<firstName>David</firstName>
			<mI>W.</mI>
			<lastName>Karp</lastName>
			<age>53 </age>
			<title startYear="2019" startMonth="05" startDay="29" iD1="CHM" abbr1="Chmn." iD2="IND" abbr2="Ind. Dir.">Independent Chairman of the Board</title>
		</officer>
		<officer rank="2" since="NA">
			<firstName>William</firstName>
			<mI>H.</mI>
			<lastName>Bishop</lastName>
			<age>54 </age>
			<title startYear="2019" startMonth="10" startDay="12" iD1="PRE" abbr1="Pres." iD2="CEO" abbr2="CEO">President, Chief Executive Officer, Director</title>
		</officer>
		<officer rank="3" since="10/04/2015">
			<firstName>Laurie</firstName>
			<mI>M.</mI>
			<lastName>Butcher</lastName>
			<age>57 </age>
			<title startYear="2019" startMonth="10" startDay="24" iD1="CFO" abbr1="CFO" iD2="" abbr2="">Chief Financial Officer</title>
		</officer>
		<officer rank="4" since="01/2001">
			<firstName>Leonard</firstName>
			<mI>A.</mI>
			<lastName>Steinberg</lastName>
			<age>66 </age>
			<title startYear="2012" startMonth="01" startDay="01" iD1="SVP" abbr1="Sr. VP" iD2="SEC" abbr2="Secy.">Senior Vice President, Legal, Regulatory &amp; Government Affairs and Corporate Secretary</title>
		</officer>
		<officer rank="5" since="09/22/2019">
			<firstName>Diedre</firstName>
			<mI></mI>
			<lastName>Williams</lastName>
			<age>46 </age>
			<title startYear="2019" startMonth="09" startDay="22" iD1="SVP" abbr1="Sr. VP" iD2="" abbr2="">Senior Vice President, Operations and People Matters</title>
		</officer>
		<officer rank="6" since="12/08/2019">
			<firstName>Tiffany</firstName>
			<mI>G.</mI>
			<lastName>Hoogerhyde</lastName>
			<age>48 </age>
			<title startYear="2019" startMonth="12" startDay="08" iD1="VFN" abbr1="VP-Fin." iD2="CTR" abbr2="Contr.">Vice President - Finance, Controller</title>
		</officer>
		<officer rank="7" since="07/23/2017">
			<firstName>Richard</firstName>
			<mI>P.</mI>
			<lastName>Benken</lastName>
			<age>61 </age>
			<title startYear="2017" startMonth="07" startDay="23" iD1="VOP" abbr1="VP-Op." iD2="" abbr2="">Vice President - Network Strategy, Engineering and Operations</title>
		</officer>
		<officer rank="8" since="01/01/2020">
			<firstName>Beth</firstName>
			<mI>R.</mI>
			<lastName>Barnes</lastName>
			<age>42 </age>
			<title startYear="2020" startMonth="01" startDay="01" iD1="VPR" abbr1="VP" iD2="" abbr2="">Vice President - Mass Markets and Marketing</title>
		</officer>
		<officer rank="9" since="05/14/2012">
			<firstName>Aurora</firstName>
			<mI>G.</mI>
			<lastName>David</lastName>
			<age>59 </age>
			<title startYear="2012" startMonth="05" startDay="14" iD1="VPR" abbr1="VP" iD2="" abbr2="">Vice President - Information Technology</title>
		</officer>
		<officer rank="10" since="01/01/2020">
			<firstName>James</firstName>
			<mI>R.</mI>
			<lastName>Gutcher</lastName>
			<age>54 </age>
			<title startYear="2020" startMonth="01" startDay="01" iD1="VPR" abbr1="VP" iD2="" abbr2="">Vice President - Strategy and Product Management</title>
		</officer>
	</officers>
	<Ratios PriceCurrency="USD" ReportingCurrency="USD" ExchangeRate="1.00000" LatestAvailableDate="2020-09-30">
		<Group ID="Price and Volume">
			<Ratio FieldName="NPRICE" Type="N">3.28000</Ratio>
			<Ratio FieldName="NHIG" Type="N">3.92000</Ratio>
			<Ratio FieldName="NLOW" Type="N">1.37354</Ratio>
			<Ratio FieldName="PDATE" Type="D">2021-02-04T00:00:00</Ratio>
			<Ratio FieldName="VOL10DAVG" Type="N">0.70156</Ratio>
			<Ratio FieldName="EV" Type="N">314.87190</Ratio>
		</Group>
		<Group ID="Income Statement">
			<Ratio FieldName="MKTCAP" Type="N">176.53790</Ratio>
			<Ratio FieldName="TTMREV" Type="N">236.49800</Ratio>
			<Ratio FieldName="TTMEBITD" Type="N">64.84900</Ratio>
			<Ratio FieldName="TTMNIAC" Type="N">9.77300</Ratio>
		</Group>
		<Group ID="Per share data">
			<Ratio FieldName="TTMEPSXCLX" Type="N">0.18015</Ratio>
			<Ratio FieldName="TTMREVPS" Type="N">4.35853</Ratio>
			<Ratio FieldName="QBVPS" Type="N">3.22966</Ratio>
			<Ratio FieldName="QCSHPS" Type="N">0.60103</Ratio>
			<Ratio FieldName="TTMCFSHR" Type="N">0.91502</Ratio>
			<Ratio FieldName="TTMDIVSHR" Type="N">0.00000</Ratio>
		</Group>
		<Group ID="Other Ratios">
			<Ratio FieldName="TTMGROSMGN" Type="N">53.92181</Ratio>
			<Ratio FieldName="TTMROEPCT" Type="N">5.70140</Ratio>
			<Ratio FieldName="TTMPR2REV" Type="N">0.74647</Ratio>
			<Ratio FieldName="PEEXCLXOR" Type="N">18.20705</Ratio>
			<Ratio FieldName="PRICE2BK" Type="N">1.01559</Ratio>
			<Ratio FieldName="Employees" Type="N">565</Ratio>
		</Group>
	</Ratios>
	<ForecastData ConsensusType="Mean" CurFiscalYear="2019" CurFiscalYearEndMonth="12" CurInterimEndCalYear="2019" CurInterimEndMonth="3" EarningsBasis="PRX">
		<Ratio FieldName="ConsRecom" Type="N">
			<Value PeriodType="CURR">-99999.99000</Value>
		</Ratio>
		<Ratio FieldName="TargetPrice" Type="N">
			<Value PeriodType="CURR">-99999.99000</Value>
		</Ratio>
		<Ratio FieldName="ProjLTGrowthRate" Type="N">
			<Value PeriodType="CURR">-99999.99000</Value>
		</Ratio>
		<Ratio FieldName="ProjPE" Type="N">
			<Value PeriodType="CURR">-99999.99000</Value>
		</Ratio>
		<Ratio FieldName="ProjSales" Type="N">
			<Value PeriodType="CURR">-99999.99000</Value>
		</Ratio>
		<Ratio FieldName="ProjSalesQ" Type="N">
			<Value PeriodType="CURR">-99999.99000</Value>
		</Ratio>
		<Ratio FieldName="ProjEPS" Type="N">
			<Value PeriodType="CURR">-99999.99000</Value>
		</Ratio>
		<Ratio FieldName="ProjEPSQ" Type="N">
			<Value PeriodType="CURR">-99999.99000</Value>
		</Ratio>
		<Ratio FieldName="ProjProfit" Type="N">
			<Value PeriodType="CURR">-99999.99000</Value>
		</Ratio>
		<Ratio FieldName="ProjDPS" Type="N">
			<Value PeriodType="CURR">-99999.99000</Value>
		</Ratio>
	</ForecastData>
</ReportSnapshot>
