<?xml version="1.0" encoding="UTF-8"?>
<ReportSnapshot Major="1" Minor="0" Revision="1">
	<CoIDs>
		<CoID Type="RepNo">00FB9</CoID>
		<CoID Type="CompanyName">Altus Midstream Co</CoID>
		<CoID Type="IRSNo">814675947</CoID>
		<CoID Type="CIKNo">0001692787</CoID>
		<CoID Type="OrganizationPermID">5054815406</CoID>
	</CoIDs>
	<Issues>
		<Issue ID="3" Type="C" Desc="Common Stock" Order="1">
			<IssueID Type="Name">Ordinary Shares Class A</IssueID>
			<IssueID Type="Ticker">ALTM</IssueID>
			<IssueID Type="RIC">ALTM.O</IssueID>
			<IssueID Type="DisplayRIC">ALTM.OQ</IssueID>
			<IssueID Type="InstrumentPI">258680733</IssueID>
			<IssueID Type="QuotePI">258680734</IssueID>
			<IssueID Type="InstrumentPermID">25727437031</IssueID>
			<IssueID Type="QuotePermID">25727437030</IssueID>
			<Exchange Code="NASD" Country="USA">NASDAQ</Exchange>
			<GlobalListingType>OSR</GlobalListingType>
			<MostRecentSplit Date="2020-07-01">0.05</MostRecentSplit>
		</Issue>
		<Issue ID="1" Type="C" Desc="Common Stock" Order="2">
			<IssueID Type="Name">Unit</IssueID>
			<IssueID Type="RIC">KAACU.OQ^K18</IssueID>
			<IssueID Type="DisplayRIC">KAACU.OQ</IssueID>
			<IssueID Type="InstrumentPI">255638759</IssueID>
			<IssueID Type="QuotePI">255734271</IssueID>
			<IssueID Type="InstrumentPermID">21609897058</IssueID>
			<IssueID Type="QuotePermID">25727438221</IssueID>
			<Exchange Code="NASD" Country="USA">NASDAQ</Exchange>
		</Issue>
		<Issue ID="2" Type="C" Desc="Common Stock" Order="3">
			<IssueID Type="Name">Ordinary Shares Class B</IssueID>
			<IssueID Type="InstrumentPI">256126511</IssueID>
			<IssueID Type="InstrumentPermID">21610255633</IssueID>
			<Exchange Code="NA" Country="">Not Available</Exchange>
		</Issue>
	</Issues>
	<CoGeneralInfo>
		<CoStatus Code="1">Active</CoStatus>
		<CoType Code="EQU">Equity Issue</CoType>
		<LastModified>2020-11-07</LastModified>
		<LatestAvailableAnnual>2019-12-31</LatestAvailableAnnual>
		<LatestAvailableInterim>2020-09-30</LatestAvailableInterim>
		<SharesOut Date="2020-10-31" TotalFloat="3651749.0">16246460.0</SharesOut>
		<ReportingCurrency Code="USD">U.S. Dollars</ReportingCurrency>
		<MostRecentExchange Date="2021-02-03">1.0</MostRecentExchange>
	</CoGeneralInfo>
	<TextInfo>
		<Text Type="Business Summary" lastModified="2018-11-13T01:28:05">Altus Midstream Co, formerly Kayne Anderson Acquisition Corp., is a pure-play, Permian Basin midstream C-corporation. The Company owns gas gathering, processing and transportation assets in Alpine High, an unconventional resource play in the Delaware Basin. The Company also owns options for equity participation in five gas, natural gas liquids (NGL) and crude oil pipeline projects from the Permian Basin. Its assets includes 150 miles of transmission and gathering pipelines, compressor stations, mechanical refrigeration units, cryogenic units and associated gas treatment facilities.</Text>
		<Text Type="Financial Summary" lastModified="2020-11-07T15:26:50">BRIEF: For the nine months ended 30 September 2020, AltusMidstream Co revenues increased 23% to $113.2M. Net lossapplicable to common stockholders increased 29% to $7.8M.Revenues reflect Gas processing segment increase of 87% to$81.6M, Gas gathering segment increase from $7.3M to$15.5M. Higher net loss reflects Unrealized derivativeinstrument loss increase from $3.8M to $76.1M (expense),Interest income decrease of 100% to $9K (income).</Text>
	</TextInfo>
	<contactInfo lastUpdated="2020-12-10T09:52:36">
		<streetAddress line="1">2000 Post Oak Blvd Ste 100</streetAddress>
		<streetAddress line="2"></streetAddress>
		<streetAddress line="3"></streetAddress>
		<city>HOUSTON</city>
		<state-region>TX</state-region>
		<postalCode>77056-4400</postalCode>
		<country code="USA">United States</country>
		<contactName></contactName>
		<contactTitle></contactTitle>
		<phone>
			<phone type="mainphone">
				<countryPhoneCode>1</countryPhoneCode>
				<city-areacode>713</city-areacode>
				<number>2966000</number>
			</phone>
			<phone type="mainfax">
				<countryPhoneCode>1</countryPhoneCode>
				<city-areacode>302</city-areacode>
				<number>6555049</number>
			</phone>
		</phone>
	</contactInfo>
	<webLinks lastUpdated="2019-09-09T00:00:02"><webSite mainCategory="Home Page">https://www.altusmidstream.com/home</webSite><eMail mainCategory="Company Contact/E-mail">
		</eMail></webLinks>
	<peerInfo lastUpdated="2020-12-10T09:52:36">
		<IndustryInfo>
			<Industry type="TRBC" order="1" reported="0" code="5010303010" mnem="">Oil &amp; Gas Transportation Services - NEC</Industry>
			<Industry type="NAICS" order="1" reported="0" code="486210" mnem="">Pipeline Transportation of Natural Gas</Industry>
			<Industry type="SIC" order="1" reported="0" code="4922" mnem="">Natural Gas Transmission</Industry>
		</IndustryInfo>
	</peerInfo>
	<officers></officers>
	<Ratios PriceCurrency="USD" ReportingCurrency="USD" ExchangeRate="1.00000" LatestAvailableDate="2020-09-30">
		<Group ID="Price and Volume">
			<Ratio FieldName="NPRICE" Type="N">53.92000</Ratio>
			<Ratio FieldName="NHIG" Type="N">55.00000</Ratio>
			<Ratio FieldName="NLOW" Type="N">9.40000</Ratio>
			<Ratio FieldName="PDATE" Type="D">2021-02-04T00:00:00</Ratio>
			<Ratio FieldName="VOL10DAVG" Type="N">0.05787</Ratio>
			<Ratio FieldName="EV" Type="N">1454.02610</Ratio>
		</Group>
		<Group ID="Income Statement">
			<Ratio FieldName="MKTCAP" Type="N">876.00910</Ratio>
			<Ratio FieldName="TTMREV" Type="N">156.95600</Ratio>
			<Ratio FieldName="TTMEBITD" Type="N">87.18500</Ratio>
			<Ratio FieldName="TTMNIAC" Type="N">-371.41800</Ratio>
		</Group>
		<Group ID="Per share data">
			<Ratio FieldName="TTMEPSXCLX" Type="N">-99.45462</Ratio>
			<Ratio FieldName="TTMREVPS" Type="N">5.78139</Ratio>
			<Ratio FieldName="QBVPS" Type="N">4.48122</Ratio>
			<Ratio FieldName="QCSHPS" Type="N">0.12206</Ratio>
			<Ratio FieldName="TTMCFSHR" Type="N">-50.06904</Ratio>
			<Ratio FieldName="TTMDIVSHR" Type="N">0.00000</Ratio>
		</Group>
		<Group ID="Other Ratios">
			<Ratio FieldName="TTMGROSMGN" Type="N">72.95803</Ratio>
			<Ratio FieldName="TTMROEPCT" Type="N">-143.68060</Ratio>
			<Ratio FieldName="TTMPR2REV" Type="N">5.58124</Ratio>
			<Ratio FieldName="PEEXCLXOR" Type="N">-99999.99000</Ratio>
			<Ratio FieldName="PRICE2BK" Type="N">12.03243</Ratio>
			<Ratio FieldName="Employees" Type="N">-99999.99000</Ratio>
		</Group>
	</Ratios>
	<ForecastData ConsensusType="Mean" CurFiscalYear="2020" CurFiscalYearEndMonth="12" CurInterimEndCalYear="2020" CurInterimEndMonth="12" EarningsBasis="PRX">
		<Ratio FieldName="ConsRecom" Type="N">
			<Value PeriodType="CURR">3.5</Value>
		</Ratio>
		<Ratio FieldName="TargetPrice" Type="N">
			<Value PeriodType="CURR">12.75000</Value>
		</Ratio>
		<Ratio FieldName="ProjLTGrowthRate" Type="N">
			<Value PeriodType="CURR">-99999.99000</Value>
		</Ratio>
		<Ratio FieldName="ProjPE" Type="N">
			<Value PeriodType="CURR">46.99730</Value>
		</Ratio>
		<Ratio FieldName="ProjSales" Type="N">
			<Value PeriodType="CURR">144.28150</Value>
		</Ratio>
		<Ratio FieldName="ProjSalesQ" Type="N">
			<Value PeriodType="CURR">32.00800</Value>
		</Ratio>
		<Ratio FieldName="ProjEPS" Type="N">
			<Value PeriodType="CURR">1.14730</Value>
		</Ratio>
		<Ratio FieldName="ProjEPSQ" Type="N">
			<Value PeriodType="CURR">0.49100</Value>
		</Ratio>
		<Ratio FieldName="ProjProfit" Type="N">
			<Value PeriodType="CURR">88.20950</Value>
		</Ratio>
		<Ratio FieldName="ProjDPS" Type="N">
			<Value PeriodType="CURR">0.00000</Value>
		</Ratio>
	</ForecastData>
</ReportSnapshot>
