<?xml version="1.0" encoding="UTF-8"?>
<ReportSnapshot Major="1" Minor="0" Revision="1">
	<CoIDs>
		<CoID Type="RepNo">049D8</CoID>
		<CoID Type="CompanyName">Allovir Inc</CoID>
		<CoID Type="IRSNo">831971007</CoID>
		<CoID Type="CIKNo">0001754068</CoID>
		<CoID Type="OrganizationPermID">5044174285</CoID>
	</CoIDs>
	<Issues>
		<Issue ID="1" Type="C" Desc="Common Stock" Order="1">
			<IssueID Type="Name">Ordinary Shares</IssueID>
			<IssueID Type="Ticker">ALVR</IssueID>
			<IssueID Type="RIC">ALVR.O</IssueID>
			<IssueID Type="DisplayRIC">ALVR.OQ</IssueID>
			<IssueID Type="InstrumentPI">447348410</IssueID>
			<IssueID Type="QuotePI">447495615</IssueID>
			<IssueID Type="InstrumentPermID">25727343906</IssueID>
			<IssueID Type="QuotePermID">25727343843</IssueID>
			<Exchange Code="NASD" Country="USA">NASDAQ</Exchange>
			<GlobalListingType>OSR</GlobalListingType>
		</Issue>
	</Issues>
	<CoGeneralInfo>
		<CoStatus Code="1">Active</CoStatus>
		<CoType Code="EQU">Equity Issue</CoType>
		<LastModified>2021-01-11</LastModified>
		<LatestAvailableAnnual>2019-12-31</LatestAvailableAnnual>
		<LatestAvailableInterim>2020-09-30</LatestAvailableInterim>
		<Employees LastUpdated="2020-09-30">32</Employees>
		<SharesOut Date="2020-11-09" TotalFloat="27353489.0">65106873.0</SharesOut>
		<ReportingCurrency Code="USD">U.S. Dollars</ReportingCurrency>
		<MostRecentExchange Date="2021-02-03">1.0</MostRecentExchange>
	</CoGeneralInfo>
	<TextInfo>
		<Text Type="Business Summary" lastModified="2020-07-15T04:12:38">AlloVir, Inc. is a late clinical-stage cell therapy company. The Company is engaged in developing allogeneic T cell therapies to treat and prevent viral diseases. Its virus-specific T cell (VST) therapy platform enables to generate VSTs designed to restore immunity in patients with T cell deficiencies. The Companys product pipeline includes Viralym-M (ALVR105), ALVR106, ALVR109, ALVR107 and ALVR108. Its lead product candidate, Viralym-M, is a multi-VST therapy targeting five viruses: BK virus (BKV), cytomegalovirus (CMV) adenovirus (AdV), Epstein-Barr virus (EBV), and human herpesvirus six (HHV-6). The ALVR106 is an allogeneic VST therapy developed to target diseases caused by four respiratory viruses: respiratory syncytial virus (RSV), influenza, parainfluenza virus (PIV), and human metapneumovirus (hMPV). LVR109 is an allogeneic VST therapy that targets severe acute respiratory syndrome coronavirus two (SARS-CoV-2).</Text>
		<Text Type="Financial Summary" lastModified="2021-01-11T09:33:54">BRIEF: For the nine months ended 30 September 2020, AllovirInc revenues was not reported. Net loss totaled to $44.6M.</Text>
	</TextInfo>
	<contactInfo lastUpdated="2021-01-11T09:33:56">
		<streetAddress line="1">139 Main Street, Suite 500, Suite 1274</streetAddress>
		<streetAddress line="2"></streetAddress>
		<streetAddress line="3"></streetAddress>
		<city>CAMBRIDGE</city>
		<state-region>MA</state-region>
		<postalCode>02142</postalCode>
		<country code="USA">United States</country>
		<contactName></contactName>
		<contactTitle></contactTitle>
		<phone>
			<phone type="mainphone">
				<countryPhoneCode>1</countryPhoneCode>
				<city-areacode>617</city-areacode>
				<number>4332605</number>
			</phone>
			<phone type="mainfax">
				<countryPhoneCode>1</countryPhoneCode>
				<city-areacode>302</city-areacode>
				<number>6555049</number>
			</phone>
		</phone>
	</contactInfo>
	<webLinks lastUpdated="2020-07-30T04:30:02"><webSite mainCategory="Home Page">https://www.allovir.com</webSite><eMail mainCategory="Company Contact/E-mail">ir@allovir.com</eMail></webLinks>
	<peerInfo lastUpdated="2021-01-11T09:33:56">
		<IndustryInfo>
			<Industry type="TRBC" order="1" reported="0" code="5620201011" mnem="">Bio Therapeutic Drugs</Industry>
			<Industry type="NAICS" order="1" reported="0" code="541711" mnem="">Research and Development in Biotechnology</Industry>
			<Industry type="SIC" order="1" reported="0" code="8731" mnem="">Commercial Physical Research</Industry>
		</IndustryInfo>
	</peerInfo>
	<officers>
		<officer rank="1" since="09/2018">
			<firstName>David</firstName>
			<mI>L.</mI>
			<lastName>Hallal</lastName>
			<age>54 </age>
			<title startYear="2018" startMonth="09" startDay="" iD1="CHM" abbr1="Chmn." iD2="CEO" abbr2="CEO">Chairman of the Board, Chief Executive Officer</title>
		</officer>
		<officer rank="2" since="01/2019">
			<firstName>Vikas</firstName>
			<mI></mI>
			<lastName>Sinha</lastName>
			<age>57 </age>
			<title startYear="2019" startMonth="01" startDay="" iD1="PRE" abbr1="Pres." iD2="CFO" abbr2="CFO">President, Chief Financial Officer, Director</title>
		</officer>
		<officer rank="3" since="NA">
			<firstName>Ann</firstName>
			<mI></mI>
			<lastName>Leen</lastName>
			<age>44 </age>
			<title startYear="NA" startMonth="" startDay="" iD1="CFD" abbr1="Co-Fndr." iD2="CSO" abbr2="CSO">Co-Founder, Chief Scientific Officer</title>
		</officer>
		<officer rank="4" since="01/2019">
			<firstName>Brett</firstName>
			<mI>R.</mI>
			<lastName>Hagen</lastName>
			<age>47 </age>
			<title startYear="2019" startMonth="01" startDay="" iD1="CAO" abbr1="CAO" iD2="" abbr2="">Chief Accounting Officer</title>
		</officer>
		<officer rank="5" since="01/2019">
			<firstName>Edward</firstName>
			<mI></mI>
			<lastName>Miller</lastName>
			<age>56 </age>
			<title startYear="2019" startMonth="01" startDay="" iD1="GCN" abbr1="Counsel" iD2="" abbr2="">General Counsel</title>
		</officer>
		<officer rank="6" since="01/2019">
			<firstName>Jeroen</firstName>
			<mI></mI>
			<lastName>van Beek</lastName>
			<age>57 </age>
			<title startYear="2019" startMonth="01" startDay="" iD1="EXO" abbr1="Ex.Off." iD2="" abbr2="">Chief Commercial Officer</title>
		</officer>
		<officer rank="7" since="07/2020">
			<firstName>Ercem</firstName>
			<mI></mI>
			<lastName>Atillasoy</lastName>
			<age>56 </age>
			<title startYear="2020" startMonth="07" startDay="" iD1="OTH" abbr1="Other" iD2="" abbr2="">Chief Regulatory and Safety Officer</title>
		</officer>
		<officer rank="8" since="04/2019">
			<firstName>Agustin</firstName>
			<mI></mI>
			<lastName>Melian</lastName>
			<age>56 </age>
			<title startYear="2019" startMonth="04" startDay="" iD1="OTH" abbr1="Other" iD2="" abbr2="">Chief Medical Officer</title>
		</officer>
	</officers>
	<Ratios PriceCurrency="USD" ReportingCurrency="USD" ExchangeRate="1.00000" LatestAvailableDate="2020-09-30">
		<Group ID="Price and Volume">
			<Ratio FieldName="NPRICE" Type="N">42.99000</Ratio>
			<Ratio FieldName="NHIG" Type="N">48.96000</Ratio>
			<Ratio FieldName="NLOW" Type="N">18.15000</Ratio>
			<Ratio FieldName="PDATE" Type="D">2021-02-04T00:00:00</Ratio>
			<Ratio FieldName="VOL10DAVG" Type="N">0.28800</Ratio>
			<Ratio FieldName="EV" Type="N">2420.45700</Ratio>
		</Group>
		<Group ID="Income Statement">
			<Ratio FieldName="MKTCAP" Type="N">2798.94500</Ratio>
			<Ratio FieldName="TTMREV" Type="N">-99999.99000</Ratio>
			<Ratio FieldName="TTMEBITD" Type="N">-99999.99000</Ratio>
			<Ratio FieldName="TTMNIAC" Type="N">-99999.99000</Ratio>
		</Group>
		<Group ID="Per share data">
			<Ratio FieldName="TTMEPSXCLX" Type="N">-99999.99000</Ratio>
			<Ratio FieldName="TTMREVPS" Type="N">-99999.99000</Ratio>
			<Ratio FieldName="QBVPS" Type="N">6.06399</Ratio>
			<Ratio FieldName="QCSHPS" Type="N">6.13835</Ratio>
			<Ratio FieldName="TTMCFSHR" Type="N">-99999.99000</Ratio>
			<Ratio FieldName="TTMDIVSHR" Type="N">-99999.99000</Ratio>
		</Group>
		<Group ID="Other Ratios">
			<Ratio FieldName="TTMGROSMGN" Type="N">-99999.99000</Ratio>
			<Ratio FieldName="TTMROEPCT" Type="N">-99999.99000</Ratio>
			<Ratio FieldName="TTMPR2REV" Type="N">-99999.99000</Ratio>
			<Ratio FieldName="PEEXCLXOR" Type="N">-99999.99000</Ratio>
			<Ratio FieldName="PRICE2BK" Type="N">7.08939</Ratio>
			<Ratio FieldName="Employees" Type="N">32</Ratio>
		</Group>
	</Ratios>
	<ForecastData ConsensusType="" CurFiscalYear="" CurFiscalYearEndMonth="" CurInterimEndCalYear="" CurInterimEndMonth="" EarningsBasis="">
		<Ratio FieldName="ConsRecom" Type="N">
			<Value PeriodType="CURR">-99999.99000</Value>
		</Ratio>
		<Ratio FieldName="TargetPrice" Type="N">
			<Value PeriodType="CURR">-99999.99000</Value>
		</Ratio>
		<Ratio FieldName="ProjLTGrowthRate" Type="N">
			<Value PeriodType="CURR">-99999.99000</Value>
		</Ratio>
		<Ratio FieldName="ProjPE" Type="N">
			<Value PeriodType="CURR">-99999.99000</Value>
		</Ratio>
		<Ratio FieldName="ProjSales" Type="N">
			<Value PeriodType="CURR">-99999.99000</Value>
		</Ratio>
		<Ratio FieldName="ProjSalesQ" Type="N">
			<Value PeriodType="CURR">-99999.99000</Value>
		</Ratio>
		<Ratio FieldName="ProjEPS" Type="N">
			<Value PeriodType="CURR">-99999.99000</Value>
		</Ratio>
		<Ratio FieldName="ProjEPSQ" Type="N">
			<Value PeriodType="CURR">-99999.99000</Value>
		</Ratio>
		<Ratio FieldName="ProjProfit" Type="N">
			<Value PeriodType="CURR">-99999.99000</Value>
		</Ratio>
		<Ratio FieldName="ProjDPS" Type="N">
			<Value PeriodType="CURR">-99999.99000</Value>
		</Ratio>
	</ForecastData>
</ReportSnapshot>
