<?xml version="1.0" encoding="UTF-8"?>
<ReportSnapshot Major="1" Minor="0" Revision="1">
	<CoIDs>
		<CoID Type="RepNo">A0E46</CoID>
		<CoID Type="CompanyName">Alexion Pharmaceuticals, Inc.</CoID>
		<CoID Type="IRSNo">133648318</CoID>
		<CoID Type="CIKNo">0000899866</CoID>
		<CoID Type="OrganizationPermID">4295905466</CoID>
	</CoIDs>
	<Issues>
		<Issue ID="1" Type="C" Desc="Common Stock" Order="1">
			<IssueID Type="Name">Ordinary Shares</IssueID>
			<IssueID Type="Ticker">ALXN</IssueID>
			<IssueID Type="RIC">ALXN.O</IssueID>
			<IssueID Type="DisplayRIC">ALXN.OQ</IssueID>
			<IssueID Type="InstrumentPI">278336</IssueID>
			<IssueID Type="QuotePI">7656157</IssueID>
			<IssueID Type="InstrumentPermID">8590926156</IssueID>
			<IssueID Type="QuotePermID">55835313837</IssueID>
			<Exchange Code="NASD" Country="USA">NASDAQ</Exchange>
			<GlobalListingType>OSR</GlobalListingType>
			<MostRecentSplit Date="2011-05-23">2.0</MostRecentSplit>
		</Issue>
	</Issues>
	<CoGeneralInfo>
		<CoStatus Code="1">Active</CoStatus>
		<CoType Code="EQU">Equity Issue</CoType>
		<LastModified>2021-02-04</LastModified>
		<LatestAvailableAnnual>2020-12-31</LatestAvailableAnnual>
		<LatestAvailableInterim>2020-12-31</LatestAvailableInterim>
		<Employees LastUpdated="2019-12-31">3082</Employees>
		<SharesOut Date="2020-12-31" TotalFloat="218113706.0">219000000.0</SharesOut>
		<ReportingCurrency Code="USD">U.S. Dollars</ReportingCurrency>
		<MostRecentExchange Date="2021-02-04">1.0</MostRecentExchange>
	</CoGeneralInfo>
	<TextInfo>
		<Text Type="Business Summary" lastModified="2020-07-02T15:34:15">Alexion Pharmaceuticals, Inc. is a biopharmaceutical company. The Company is focused on the development and commercialization of therapeutic products. The Companys marketed products include SOLIRIS (eculizumab), Strensiq (asfotase alfa), Kanuma (sebelipase alfa), ULTOMIRIS, Andexxa and Ondexxya. The Companys clinical development programs include ALXN1210, ALXN1810, ALXN1720, ALXN1830, ALXN1840 and ABY-039. The Companys ULTOMIRIS is a long-acting C5 inhibitor discovered and developed by Alexion that works by inhibiting the C5 protein in the terminal complement cascade. Its SOLIRIS is an C5 inhibitor discovered and developed by Alexion that works by inhibiting the C5 protein in the terminal complement cascade. SOLIRIS is a humanized monoclonal antibody that effectively blocks terminal complement activity at the doses prescribed. </Text>
		<Text Type="Financial Summary" lastModified="2021-02-04T10:52:01">BRIEF: For the fiscal year ended 31 December 2020, AlexionPharmaceuticals, Inc. revenues increased 22% to $6.07B. Netincome decreased 75% to $603.4M. Revenues reflect anincrease in demand for the Company's products and servicesdue to favorable market conditions. Net income was offsetby Impairment of intangible assets increase from $0K to$2.05B (expense), Investment income (expense) decrease of55% to $44.7M (income).</Text>
	</TextInfo>
	<contactInfo lastUpdated="2021-02-04T21:16:52">
		<streetAddress line="1">121 Seaport Blvd</streetAddress>
		<streetAddress line="2"></streetAddress>
		<streetAddress line="3"></streetAddress>
		<city>BOSTON</city>
		<state-region>MA</state-region>
		<postalCode>02210-2050</postalCode>
		<country code="USA">United States</country>
		<contactName></contactName>
		<contactTitle></contactTitle>
		<phone>
			<phone type="mainphone">
				<countryPhoneCode>1</countryPhoneCode>
				<city-areacode>475</city-areacode>
				<number>2302596</number>
			</phone>
			<phone type="mainfax">
				<countryPhoneCode>1</countryPhoneCode>
				<city-areacode>203</city-areacode>
				<number>2718198</number>
			</phone>
		</phone>
	</contactInfo>
	<webLinks lastUpdated="2020-06-17T13:45:00"><webSite mainCategory="Home Page">https://alexion.com/</webSite><eMail mainCategory="Company Contact/E-mail">investorrelations@alexion.com</eMail></webLinks>
	<peerInfo lastUpdated="2021-02-04T10:53:09">
		<IndustryInfo>
			<Industry type="TRBC" order="1" reported="0" code="5620104012" mnem="">Biopharmaceuticals</Industry>
			<Industry type="NAICS" order="1" reported="0" code="325412" mnem="">Pharmaceutical Preparation Mfg</Industry>
			<Industry type="NAICS" order="2" reported="0" code="541711" mnem="">Research and Development in Biotechnology</Industry>
			<Industry type="SIC" order="0" reported="1" code="2834" mnem="">Pharmaceutical Preparations</Industry>
			<Industry type="SIC" order="1" reported="0" code="2834" mnem="">Pharmaceutical Preparations</Industry>
			<Industry type="SIC" order="2" reported="0" code="8731" mnem="">Commercial Physical Research</Industry>
		</IndustryInfo>
		<Indexconstituet>S&amp;P 500</Indexconstituet>
	</peerInfo>
	<officers>
		<officer rank="1" since="12/11/2016">
			<firstName>David</firstName>
			<mI>R.</mI>
			<lastName>Brennan</lastName>
			<age>66 </age>
			<title startYear="2017" startMonth="05" startDay="10" iD1="CHM" abbr1="Chmn." iD2="IND" abbr2="Ind. Dir.">Independent Chairman of the Board</title>
		</officer>
		<officer rank="2" since="03/27/2017">
			<firstName>Ludwig</firstName>
			<mI>N.</mI>
			<lastName>Hantson</lastName>
			<age>58 </age>
			<title startYear="2017" startMonth="03" startDay="27" iD1="CEO" abbr1="CEO" iD2="DRC" abbr2="Dir.">Chief Executive Officer, Director</title>
		</officer>
		<officer rank="3" since="10/2019">
			<firstName>Aradhana</firstName>
			<mI></mI>
			<lastName>Sarin</lastName>
			<age>45 </age>
			<title startYear="2019" startMonth="10" startDay="" iD1="CFO" abbr1="CFO" iD2="EVP" abbr2="Exec. VP">Executive Vice President, Chief Financial Officer</title>
		</officer>
		<officer rank="4" since="06/2017">
			<firstName>Indrani</firstName>
			<mI></mI>
			<lastName>Franchini</lastName>
			<age>48 </age>
			<title startYear="2017" startMonth="06" startDay="" iD1="EVP" abbr1="Exec. VP" iD2="CCO" abbr2="Chief Comp.">Executive Vice President, Chief Compliance Officer</title>
		</officer>
		<officer rank="5" since="01/2018">
			<firstName>Ellen</firstName>
			<mI></mI>
			<lastName>Chiniara</lastName>
			<age>61 </age>
			<title startYear="2019" startMonth="11" startDay="" iD1="EVP" abbr1="Exec. VP" iD2="SEC" abbr2="Secy.">Executive Vice President, Chief Legal Officer. Corporate Secretary</title>
		</officer>
		<officer rank="6" since="11/2019">
			<firstName>Tanisha</firstName>
			<mI></mI>
			<lastName>Carino</lastName>
			<age>45 </age>
			<title startYear="2019" startMonth="11" startDay="" iD1="EVP" abbr1="Exec. VP" iD2="" abbr2="">Executive Vice President, Chief Corporate Affairs Officer</title>
		</officer>
		<officer rank="7" since="06/01/2017">
			<firstName>Brian</firstName>
			<mI>M.</mI>
			<lastName>Goff</lastName>
			<age>50 </age>
			<title startYear="2019" startMonth="" startDay="" iD1="EVP" abbr1="Exec. VP" iD2="" abbr2="">Executive Vice President, Chief Commercial and Global Operations Officer</title>
		</officer>
		<officer rank="8" since="06/2017">
			<firstName>John</firstName>
			<mI>J.</mI>
			<lastName>Orloff</lastName>
			<age>62 </age>
			<title startYear="2017" startMonth="06" startDay="" iD1="EVP" abbr1="Exec. VP" iD2="" abbr2="">Executive Vice President, Head of Research and Development</title>
		</officer>
		<officer rank="9" since="08/21/2020">
			<firstName>Becky</firstName>
			<mI></mI>
			<lastName>Lillie</lastName>
			<age></age>
			<title startYear="2020" startMonth="08" startDay="21" iD1="OTH" abbr1="Other" iD2="" abbr2="">Interim Chief Human Experience Officer</title>
		</officer>
		<officer rank="10" since="08/06/2020">
			<firstName>Uzair</firstName>
			<mI></mI>
			<lastName>Qadeer</lastName>
			<age></age>
			<title startYear="2020" startMonth="08" startDay="06" iD1="OTH" abbr1="Other" iD2="" abbr2="">Chief Diversity Officer</title>
		</officer>
	</officers>
	<Ratios PriceCurrency="USD" ReportingCurrency="USD" ExchangeRate="1.00000" LatestAvailableDate="2020-12-31">
		<Group ID="Price and Volume">
			<Ratio FieldName="NPRICE" Type="N">155.59000</Ratio>
			<Ratio FieldName="NHIG" Type="N">162.60000</Ratio>
			<Ratio FieldName="NLOW" Type="N">72.67000</Ratio>
			<Ratio FieldName="PDATE" Type="D">2021-02-04T00:00:00</Ratio>
			<Ratio FieldName="VOL10DAVG" Type="N">3.02992</Ratio>
			<Ratio FieldName="EV" Type="N">33593.33000</Ratio>
		</Group>
		<Group ID="Income Statement">
			<Ratio FieldName="MKTCAP" Type="N">34030.73000</Ratio>
			<Ratio FieldName="TTMREV" Type="N">6069.90000</Ratio>
			<Ratio FieldName="TTMEBITD" Type="N">3128.10000</Ratio>
			<Ratio FieldName="TTMNIAC" Type="N">603.40000</Ratio>
		</Group>
		<Group ID="Per share data">
			<Ratio FieldName="TTMEPSXCLX" Type="N">2.70487</Ratio>
			<Ratio FieldName="TTMREVPS" Type="N">27.43148</Ratio>
			<Ratio FieldName="QBVPS" Type="N">53.20183</Ratio>
			<Ratio FieldName="QCSHPS" Type="N">13.69589</Ratio>
			<Ratio FieldName="TTMCFSHR" Type="N">4.21557</Ratio>
			<Ratio FieldName="TTMDIVSHR" Type="N">0.00000</Ratio>
		</Group>
		<Group ID="Other Ratios">
			<Ratio FieldName="TTMGROSMGN" Type="N">90.88123</Ratio>
			<Ratio FieldName="TTMROEPCT" Type="N">5.26458</Ratio>
			<Ratio FieldName="TTMPR2REV" Type="N">5.60647</Ratio>
			<Ratio FieldName="PEEXCLXOR" Type="N">57.52217</Ratio>
			<Ratio FieldName="PRICE2BK" Type="N">2.92452</Ratio>
			<Ratio FieldName="Employees" Type="N">3082</Ratio>
		</Group>
	</Ratios>
	<ForecastData ConsensusType="Mean" CurFiscalYear="2021" CurFiscalYearEndMonth="12" CurInterimEndCalYear="2021" CurInterimEndMonth="3" EarningsBasis="PRX">
		<Ratio FieldName="ConsRecom" Type="N">
			<Value PeriodType="CURR">2.8333</Value>
		</Ratio>
		<Ratio FieldName="TargetPrice" Type="N">
			<Value PeriodType="CURR">142.17650</Value>
		</Ratio>
		<Ratio FieldName="ProjLTGrowthRate" Type="N">
			<Value PeriodType="CURR">11.1119</Value>
		</Ratio>
		<Ratio FieldName="ProjPE" Type="N">
			<Value PeriodType="CURR">11.94118</Value>
		</Ratio>
		<Ratio FieldName="ProjSales" Type="N">
			<Value PeriodType="CURR">6577.11690</Value>
		</Ratio>
		<Ratio FieldName="ProjSalesQ" Type="N">
			<Value PeriodType="CURR">1585.84350</Value>
		</Ratio>
		<Ratio FieldName="ProjEPS" Type="N">
			<Value PeriodType="CURR">13.02970</Value>
		</Ratio>
		<Ratio FieldName="ProjEPSQ" Type="N">
			<Value PeriodType="CURR">3.18660</Value>
		</Ratio>
		<Ratio FieldName="ProjProfit" Type="N">
			<Value PeriodType="CURR">2918.77310</Value>
		</Ratio>
		<Ratio FieldName="ProjDPS" Type="N">
			<Value PeriodType="CURR">0.00000</Value>
		</Ratio>
	</ForecastData>
</ReportSnapshot>
