<?xml version="1.0" encoding="UTF-8"?>
<ReportSnapshot Major="1" Minor="0" Revision="1">
	<CoIDs>
		<CoID Type="RepNo">02EAA</CoID>
		<CoID Type="CompanyName">Amalgamated Bank</CoID>
		<CoID Type="IRSNo">134920330</CoID>
		<CoID Type="CIKNo">0000919192</CoID>
		<CoID Type="OrganizationPermID">4297404958</CoID>
	</CoIDs>
	<Issues>
		<Issue ID="1" Type="C" Desc="Common Stock" Order="1">
			<IssueID Type="Name">Ordinary Shares Class A</IssueID>
			<IssueID Type="Ticker">AMAL</IssueID>
			<IssueID Type="RIC">AMAL.O</IssueID>
			<IssueID Type="DisplayRIC">AMAL.OQ</IssueID>
			<IssueID Type="InstrumentPI">309702960</IssueID>
			<IssueID Type="QuotePI">319619775</IssueID>
			<IssueID Type="InstrumentPermID">21650974110</IssueID>
			<IssueID Type="QuotePermID">25727398308</IssueID>
			<Exchange Code="NASD" Country="USA">NASDAQ</Exchange>
			<GlobalListingType>OSR</GlobalListingType>
		</Issue>
	</Issues>
	<CoGeneralInfo>
		<CoStatus Code="1">Active</CoStatus>
		<CoType Code="EQU">Equity Issue</CoType>
		<LastModified>2021-01-28</LastModified>
		<LatestAvailableAnnual>2020-12-31</LatestAvailableAnnual>
		<LatestAvailableInterim>2020-12-31</LatestAvailableInterim>
		<Employees LastUpdated="2019-12-31">398</Employees>
		<SharesOut Date="2020-12-31" TotalFloat="29558803.0">31049525.0</SharesOut>
		<ReportingCurrency Code="USD">U.S. Dollars</ReportingCurrency>
		<MostRecentExchange Date="2021-02-03">1.0</MostRecentExchange>
	</CoGeneralInfo>
	<TextInfo>
		<Text Type="Business Summary" lastModified="2018-08-09T17:02:41">Amalgamated Bank is a commercial bank and a chartered trust company that provides banking services. The Company offers solutions in the areas of personal banking, small business, commercial banking and institutional investing. Its product line includes residential mortgage loans, commercial and industrial loans, commercial real estate loans, multifamily mortgages, and a variety of commercial and consumer deposit products, including non-interest bearing accounts, interest-bearing demand products, savings accounts, money market accounts and certificates of deposit. It also offer online banking and bill payment services, online cash management, safe deposit box rentals, debit card and automated teller machine (ATM) card services. Its corporate divisions include Commercial Banking, Trust and Investment Management and Consumer Banking. </Text>
		<Text Type="Financial Summary" lastModified="2021-01-28T22:31:31">BRIEF: For the fiscal year ended 31 December 2020,Amalgamated Bank interest income increased 2% to $190.5M.Net interest income after loan loss provision decreased 2%to $159.6M.  Net income decreased 2% to $46.2M. Netinterest income after loan loss provision reflects NetInterest Margin - Total - % decrease of 12% to 3.11%, NetInterest Spread - Total - % decrease of 10% to 2.89%.</Text>
	</TextInfo>
	<contactInfo lastUpdated="2021-01-28T22:31:32">
		<streetAddress line="1">275 7th Ave</streetAddress>
		<streetAddress line="2"></streetAddress>
		<streetAddress line="3"></streetAddress>
		<city>NEW YORK</city>
		<state-region>NY</state-region>
		<postalCode>10001-6708</postalCode>
		<country code="USA">United States</country>
		<contactName></contactName>
		<contactTitle></contactTitle>
		<phone>
			<phone type="mainphone">
				<countryPhoneCode>1</countryPhoneCode>
				<city-areacode>212</city-areacode>
				<number>8954922</number>
			</phone>
		</phone>
	</contactInfo>
	<webLinks lastUpdated="2018-08-09T15:45:02"><webSite mainCategory="Home Page">https://www.amalgamatedbank.com/</webSite><eMail mainCategory="Company Contact/E-mail">shareholderrelations@amalgamatedbank.com</eMail></webLinks>
	<peerInfo lastUpdated="2021-01-28T22:31:32">
		<IndustryInfo>
			<Industry type="TRBC" order="1" reported="0" code="5510101010" mnem="">Banks - NEC</Industry>
			<Industry type="NAICS" order="1" reported="0" code="522110" mnem="">Commercial Banking</Industry>
			<Industry type="SIC" order="1" reported="0" code="6029" mnem="">Commercial Banks, Nec</Industry>
		</IndustryInfo>
	</peerInfo>
	<officers>
		<officer rank="1" since="05/2016">
			<firstName>Lynne</firstName>
			<mI>P.</mI>
			<lastName>Fox</lastName>
			<age>62 </age>
			<title startYear="2016" startMonth="05" startDay="" iD1="CHM" abbr1="Chmn." iD2="DRC" abbr2="Dir.">Chairman of the Board</title>
		</officer>
		<officer rank="2" since="2014">
			<firstName>Keith</firstName>
			<mI>R.</mI>
			<lastName>Mestrich</lastName>
			<age>53 </age>
			<title startYear="2014" startMonth="" startDay="" iD1="PRE" abbr1="Pres." iD2="CEO" abbr2="CEO">President, Chief Executive Officer, Director</title>
		</officer>
		<officer rank="3" since="04/2015">
			<firstName>Andrew</firstName>
			<mI></mI>
			<lastName>LaBenne</lastName>
			<age>46 </age>
			<title startYear="2017" startMonth="04" startDay="" iD1="CFO" abbr1="CFO" iD2="EVP" abbr2="Exec. VP">Chief Financial Officer, Senior Executive Vice President</title>
		</officer>
		<officer rank="4" since="04/2017">
			<firstName>Martin</firstName>
			<mI></mI>
			<lastName>Murrell</lastName>
			<age>57 </age>
			<title startYear="2017" startMonth="04" startDay="" iD1="COO" abbr1="COO" iD2="EVP" abbr2="Exec. VP">Chief Operating Officer, Senior Executive Vice President - Consumer Banking</title>
		</officer>
		<officer rank="5" since="07/2015">
			<firstName>Jason</firstName>
			<mI></mI>
			<lastName>Darby</lastName>
			<age>48 </age>
			<title startYear="2018" startMonth="02" startDay="" iD1="EVP" abbr1="Exec. VP" iD2="CAO" abbr2="CAO">Executive Vice President, Chief Accounting Officer, Controller</title>
		</officer>
		<officer rank="6" since="07/2014">
			<firstName>James</firstName>
			<mI>M.</mI>
			<lastName>Paul</lastName>
			<age>76 </age>
			<title startYear="2018" startMonth="04" startDay="" iD1="EVP" abbr1="Exec. VP" iD2="CAD" abbr2="Chief Admin.">Executive Vice President, Chief Administrative Officer</title>
		</officer>
		<officer rank="7" since="NA">
			<firstName>Barbara</firstName>
			<mI>D.</mI>
			<lastName>Kissner</lastName>
			<age></age>
			<title startYear="NA" startMonth="" startDay="" iD1="EVP" abbr1="Exec. VP" iD2="CIO" abbr2="CIO">Executive Vice President, Chief Information Officer</title>
		</officer>
		<officer rank="8" since="2016">
			<firstName>Peter</firstName>
			<mI></mI>
			<lastName>Neiman</lastName>
			<age></age>
			<title startYear="2016" startMonth="" startDay="" iD1="EVP" abbr1="Exec. VP" iD2="CMO" abbr2="CMO">Executive Vice President, Chief Marketing Officer</title>
		</officer>
		<officer rank="9" since="08/2015">
			<firstName>Mark</firstName>
			<mI></mI>
			<lastName>Pappas</lastName>
			<age>60 </age>
			<title startYear="2018" startMonth="04" startDay="" iD1="EVP" abbr1="Exec. VP" iD2="CRO" abbr2="CRO">Executive Vice President, Chief Risk Officer</title>
		</officer>
		<officer rank="10" since="02/2009">
			<firstName>Deborah</firstName>
			<mI></mI>
			<lastName>Silodor</lastName>
			<age>60 </age>
			<title startYear="2015" startMonth="" startDay="" iD1="EVP" abbr1="Exec. VP" iD2="GCN" abbr2="Counsel">Executive Vice President, General Counsel</title>
		</officer>
	</officers>
	<Ratios PriceCurrency="USD" ReportingCurrency="USD" ExchangeRate="1.00000" LatestAvailableDate="2020-12-31">
		<Group ID="Price and Volume">
			<Ratio FieldName="NPRICE" Type="N">15.44000</Ratio>
			<Ratio FieldName="NHIG" Type="N">19.40000</Ratio>
			<Ratio FieldName="NLOW" Type="N">7.90000</Ratio>
			<Ratio FieldName="PDATE" Type="D">2021-02-04T00:00:00</Ratio>
			<Ratio FieldName="VOL10DAVG" Type="N">0.04933</Ratio>
			<Ratio FieldName="EV" Type="N">-99999.99000</Ratio>
		</Group>
		<Group ID="Income Statement">
			<Ratio FieldName="MKTCAP" Type="N">479.40470</Ratio>
			<Ratio FieldName="TTMREV" Type="N">190.49600</Ratio>
			<Ratio FieldName="TTMEBITD" Type="N">73.07100</Ratio>
			<Ratio FieldName="TTMNIAC" Type="N">46.18900</Ratio>
		</Group>
		<Group ID="Per share data">
			<Ratio FieldName="TTMEPSXCLX" Type="N">1.47874</Ratio>
			<Ratio FieldName="TTMREVPS" Type="N">7.05646</Ratio>
			<Ratio FieldName="QBVPS" Type="N">17.25269</Ratio>
			<Ratio FieldName="QCSHPS" Type="N">0.24915</Ratio>
			<Ratio FieldName="TTMCFSHR" Type="N">1.23959</Ratio>
			<Ratio FieldName="TTMDIVSHR" Type="N">0.32000</Ratio>
		</Group>
		<Group ID="Other Ratios">
			<Ratio FieldName="TTMGROSMGN" Type="N">-99999.99000</Ratio>
			<Ratio FieldName="TTMROEPCT" Type="N">9.00284</Ratio>
			<Ratio FieldName="TTMPR2REV" Type="N">2.17297</Ratio>
			<Ratio FieldName="PEEXCLXOR" Type="N">10.44132</Ratio>
			<Ratio FieldName="PRICE2BK" Type="N">0.89493</Ratio>
			<Ratio FieldName="Employees" Type="N">398</Ratio>
		</Group>
	</Ratios>
	<ForecastData ConsensusType="Mean" CurFiscalYear="2021" CurFiscalYearEndMonth="12" CurInterimEndCalYear="2021" CurInterimEndMonth="3" EarningsBasis="REP">
		<Ratio FieldName="ConsRecom" Type="N">
			<Value PeriodType="CURR">2</Value>
		</Ratio>
		<Ratio FieldName="TargetPrice" Type="N">
			<Value PeriodType="CURR">14.20000</Value>
		</Ratio>
		<Ratio FieldName="ProjLTGrowthRate" Type="N">
			<Value PeriodType="CURR">-99999.99000</Value>
		</Ratio>
		<Ratio FieldName="ProjPE" Type="N">
			<Value PeriodType="CURR">10.11796</Value>
		</Ratio>
		<Ratio FieldName="ProjSales" Type="N">
			<Value PeriodType="CURR">204.92460</Value>
		</Ratio>
		<Ratio FieldName="ProjSalesQ" Type="N">
			<Value PeriodType="CURR">48.70040</Value>
		</Ratio>
		<Ratio FieldName="ProjEPS" Type="N">
			<Value PeriodType="CURR">1.52600</Value>
		</Ratio>
		<Ratio FieldName="ProjEPSQ" Type="N">
			<Value PeriodType="CURR">0.29800</Value>
		</Ratio>
		<Ratio FieldName="ProjProfit" Type="N">
			<Value PeriodType="CURR">61.16040</Value>
		</Ratio>
		<Ratio FieldName="ProjDPS" Type="N">
			<Value PeriodType="CURR">0.32000</Value>
		</Ratio>
	</ForecastData>
</ReportSnapshot>
