<?xml version="1.0" encoding="UTF-8"?>
<ReportSnapshot Major="1" Minor="0" Revision="1">
	<CoIDs>
		<CoID Type="RepNo">04960</CoID>
		<CoID Type="CompanyName">Amgen, Inc.</CoID>
		<CoID Type="IRSNo">953540776</CoID>
		<CoID Type="CIKNo">0000318154</CoID>
		<CoID Type="OrganizationPermID">4295905537</CoID>
	</CoIDs>
	<Issues>
		<Issue ID="1" Type="C" Desc="Common Stock" Order="1">
			<IssueID Type="Name">Ordinary Shares</IssueID>
			<IssueID Type="Ticker">AMGN</IssueID>
			<IssueID Type="RIC">AMGN.O</IssueID>
			<IssueID Type="DisplayRIC">AMGN.OQ</IssueID>
			<IssueID Type="InstrumentPI">260033</IssueID>
			<IssueID Type="QuotePI">7656285</IssueID>
			<IssueID Type="InstrumentPermID">8590930977</IssueID>
			<IssueID Type="QuotePermID">55835313783</IssueID>
			<Exchange Code="NASD" Country="USA">NASDAQ</Exchange>
			<GlobalListingType>OSR</GlobalListingType>
			<MostRecentSplit Date="1999-11-22">2.0</MostRecentSplit>
		</Issue>
	</Issues>
	<CoGeneralInfo>
		<CoStatus Code="1">Active</CoStatus>
		<CoType Code="EQU">Equity Issue</CoType>
		<LastModified>2021-02-03</LastModified>
		<LatestAvailableAnnual>2020-12-31</LatestAvailableAnnual>
		<LatestAvailableInterim>2020-12-31</LatestAvailableInterim>
		<Employees LastUpdated="2019-12-31">23400</Employees>
		<SharesOut Date="2020-12-31" TotalFloat="572.0">578000000.0</SharesOut>
		<ReportingCurrency Code="USD">U.S. Dollars</ReportingCurrency>
		<MostRecentExchange Date="2021-02-03">1.0</MostRecentExchange>
	</CoGeneralInfo>
	<TextInfo>
		<Text Type="Business Summary" lastModified="2017-02-27T02:03:28">Amgen Inc. is a biotechnology company. The Company discovers, develops, manufactures and delivers various human therapeutics. It operates in human therapeutics segment. Its marketed products portfolio includes Neulasta (pegfilgrastim); erythropoiesis-stimulating agents (ESAs), such as Aranesp (darbepoetin alfa) and EPOGEN (epoetin alfa); Sensipar/Mimpara (cinacalcet); XGEVA (denosumab); Prolia (denosumab); NEUPOGEN (filgrastim), and other marketed products, such as KYPROLIS (carfilzomib), Vectibix (panitumumab), Nplate (romiplostim), Repatha (evolocumab), BLINCYTO (blinatumomab), IMLYGIC (talimogene laherparepvec) and Corlanor (ivabradine). It focuses on human therapeutics for the treatment of serious illness in the areas of oncology/hematology, cardiovascular disease and neuroscience. Its product candidates in Phase III include Erenumab for episodic migraine, Aranesp for myelodysplastic syndromes, BLINCYTO for acute lymphoblastic leukemia and IMLYGIC for metastatic melanoma.</Text>
		<Text Type="Financial Summary" lastModified="2021-02-03T00:56:09">BRIEF: For the fiscal year ended 31 December 2020, Amgen,Inc. revenues increased 9% to $25.42B. Net income decreased7% to $7.26B. Revenues reflect Product Sales increase of 9%to $24.24B, Other revenues increase of 2% to $1.18B. Netincome was offset by Research and development increase of2% to $4.21B (expense). Dividend per share increased from$5.80 to $6.40. Basic Earnings per Share excludingExtraordinary Items decreased from $12.96 to $12.40.</Text>
	</TextInfo>
	<contactInfo lastUpdated="2021-02-03T00:56:35">
		<streetAddress line="1">1 Amgen Center Dr</streetAddress>
		<streetAddress line="2"></streetAddress>
		<streetAddress line="3"></streetAddress>
		<city>THOUSAND OAKS</city>
		<state-region>CA</state-region>
		<postalCode>91320-1730</postalCode>
		<country code="USA">United States</country>
		<contactName></contactName>
		<contactTitle></contactTitle>
		<phone>
			<phone type="mainphone">
				<countryPhoneCode>1</countryPhoneCode>
				<city-areacode>805</city-areacode>
				<number>4471000</number>
			</phone>
			<phone type="mainfax">
				<countryPhoneCode>1</countryPhoneCode>
				<city-areacode>805</city-areacode>
				<number>4471010</number>
			</phone>
		</phone>
	</contactInfo>
	<webLinks lastUpdated="2014-10-28T04:47:33"><webSite mainCategory="Home Page">http://www.amgen.com</webSite><eMail mainCategory="Company Contact/E-mail">investor.relations@amgen.com</eMail></webLinks>
	<peerInfo lastUpdated="2021-02-03T00:56:35">
		<IndustryInfo>
			<Industry type="TRBC" order="1" reported="0" code="5620104010" mnem="">Pharmaceuticals - NEC</Industry>
			<Industry type="NAICS" order="1" reported="0" code="541711" mnem="">Research and Development in Biotechnology</Industry>
			<Industry type="NAICS" order="2" reported="0" code="325414" mnem="">Biological Product (exc Diagnostic) Mfg</Industry>
			<Industry type="NAICS" order="3" reported="0" code="325412" mnem="">Pharmaceutical Preparation Mfg</Industry>
			<Industry type="SIC" order="0" reported="1" code="2836" mnem="">Biological Prod's Not Diagnostic</Industry>
			<Industry type="SIC" order="1" reported="0" code="8731" mnem="">Commercial Physical Research</Industry>
			<Industry type="SIC" order="2" reported="0" code="2836" mnem="">Biological Prod's Not Diagnostic</Industry>
			<Industry type="SIC" order="3" reported="0" code="2834" mnem="">Pharmaceutical Preparations</Industry>
		</IndustryInfo>
		<Indexconstituet>S&amp;P 500</Indexconstituet>
		<Indexconstituet>Dow Industry</Indexconstituet>
	</peerInfo>
	<officers>
		<officer rank="1" since="04/10/2007">
			<firstName>Robert</firstName>
			<mI>A.</mI>
			<lastName>Bradway</lastName>
			<age>57 </age>
			<title startYear="2013" startMonth="01" startDay="01" iD1="CHM" abbr1="Chmn." iD2="CEO" abbr2="CEO">Chairman of the Board, President, Chief Executive Officer</title>
		</officer>
		<officer rank="2" since="NA">
			<firstName>Peter</firstName>
			<mI>H.</mI>
			<lastName>Griffith</lastName>
			<age>61 </age>
			<title startYear="2020" startMonth="01" startDay="01" iD1="CFO" abbr1="CFO" iD2="EVP" abbr2="Exec. VP">Chief Financial Officer, Executive Vice President</title>
		</officer>
		<officer rank="3" since="09/03/2018">
			<firstName>Murdo</firstName>
			<mI></mI>
			<lastName>Gordon</lastName>
			<age>53 </age>
			<title startYear="2018" startMonth="09" startDay="03" iD1="EVP" abbr1="Exec. VP" iD2="" abbr2="">Executive Vice President of Global Commercial Operations</title>
		</officer>
		<officer rank="4" since="07/26/2018">
			<firstName>David</firstName>
			<mI>M.</mI>
			<lastName>Reese</lastName>
			<age>57 </age>
			<title startYear="2018" startMonth="07" startDay="26" iD1="EVP" abbr1="Exec. VP" iD2="" abbr2="">Executive Vice President - Research and Development</title>
		</officer>
		<officer rank="5" since="07/2016">
			<firstName>Esteban</firstName>
			<mI></mI>
			<lastName>Santos</lastName>
			<age>52 </age>
			<title startYear="2016" startMonth="07" startDay="" iD1="EVP" abbr1="Exec. VP" iD2="" abbr2="">Executive Vice President, Operations</title>
		</officer>
		<officer rank="6" since="10/22/2012">
			<firstName>Cynthia</firstName>
			<mI>M.</mI>
			<lastName>Patton</lastName>
			<age>58 </age>
			<title startYear="2012" startMonth="10" startDay="22" iD1="SVP" abbr1="Sr. VP" iD2="CCO" abbr2="Chief Comp.">Senior Vice President, Chief Compliance Officer</title>
		</officer>
		<officer rank="7" since="07/2015">
			<firstName>Jonathan</firstName>
			<mI>P.</mI>
			<lastName>Graham</lastName>
			<age>59 </age>
			<title startYear="2015" startMonth="07" startDay="" iD1="SVP" abbr1="Sr. VP" iD2="GCN" abbr2="Counsel">Senior Vice President, General Counsel, Secretary</title>
		</officer>
		<officer rank="8" since="11/02/2016">
			<firstName>Lori</firstName>
			<mI>A.</mI>
			<lastName>Johnston</lastName>
			<age>55 </age>
			<title startYear="2016" startMonth="12" startDay="" iD1="SVP" abbr1="Sr. VP" iD2="DHR" abbr2="Dir.-HR">Senior Vice President - Human Resources</title>
		</officer>
		<officer rank="9" since="06/2010">
			<firstName>David</firstName>
			<mI>A.</mI>
			<lastName>Piacquad</lastName>
			<age>63 </age>
			<title startYear="2014" startMonth="03" startDay="" iD1="SVP" abbr1="Sr. VP" iD2="" abbr2="">Senior Vice President - Business Development</title>
		</officer>
		<officer rank="10" since="07/23/2020">
			<firstName>Linda</firstName>
			<mI>H.</mI>
			<lastName>Louie</lastName>
			<age>48 </age>
			<title startYear="2020" startMonth="07" startDay="23" iD1="CAO" abbr1="CAO" iD2="VFN" abbr2="VP-Fin.">Vice President - Finance, Chief Accounting Officer</title>
		</officer>
	</officers>
	<Ratios PriceCurrency="USD" ReportingCurrency="USD" ExchangeRate="1.00000" LatestAvailableDate="2020-12-31">
		<Group ID="Price and Volume">
			<Ratio FieldName="NPRICE" Type="N">237.22000</Ratio>
			<Ratio FieldName="NHIG" Type="N">276.69000</Ratio>
			<Ratio FieldName="NLOW" Type="N">177.05000</Ratio>
			<Ratio FieldName="PDATE" Type="D">2021-02-04T00:00:00</Ratio>
			<Ratio FieldName="VOL10DAVG" Type="N">2.98596</Ratio>
			<Ratio FieldName="EV" Type="N">160441.00000</Ratio>
		</Group>
		<Group ID="Income Statement">
			<Ratio FieldName="MKTCAP" Type="N">138102.00000</Ratio>
			<Ratio FieldName="TTMREV" Type="N">25424.00000</Ratio>
			<Ratio FieldName="TTMEBITD" Type="N">11840.00000</Ratio>
			<Ratio FieldName="TTMNIAC" Type="N">7264.00000</Ratio>
		</Group>
		<Group ID="Per share data">
			<Ratio FieldName="TTMEPSXCLX" Type="N">12.30992</Ratio>
			<Ratio FieldName="TTMREVPS" Type="N">43.09153</Ratio>
			<Ratio FieldName="QBVPS" Type="N">16.27855</Ratio>
			<Ratio FieldName="QCSHPS" Type="N">18.42042</Ratio>
			<Ratio FieldName="TTMCFSHR" Type="N">14.19831</Ratio>
			<Ratio FieldName="TTMDIVSHR" Type="N">6.40000</Ratio>
		</Group>
		<Group ID="Other Ratios">
			<Ratio FieldName="TTMGROSMGN" Type="N">75.77486</Ratio>
			<Ratio FieldName="TTMROEPCT" Type="N">76.13458</Ratio>
			<Ratio FieldName="TTMPR2REV" Type="N">5.43196</Ratio>
			<Ratio FieldName="PEEXCLXOR" Type="N">19.27064</Ratio>
			<Ratio FieldName="PRICE2BK" Type="N">14.57255</Ratio>
			<Ratio FieldName="Employees" Type="N">23400</Ratio>
		</Group>
	</Ratios>
	<ForecastData ConsensusType="Mean" CurFiscalYear="2021" CurFiscalYearEndMonth="12" CurInterimEndCalYear="2021" CurInterimEndMonth="3" EarningsBasis="PRX">
		<Ratio FieldName="ConsRecom" Type="N">
			<Value PeriodType="CURR">2.3667</Value>
		</Ratio>
		<Ratio FieldName="TargetPrice" Type="N">
			<Value PeriodType="CURR">262.76000</Value>
		</Ratio>
		<Ratio FieldName="ProjLTGrowthRate" Type="N">
			<Value PeriodType="CURR">6.8570</Value>
		</Ratio>
		<Ratio FieldName="ProjPE" Type="N">
			<Value PeriodType="CURR">14.00834</Value>
		</Ratio>
		<Ratio FieldName="ProjSales" Type="N">
			<Value PeriodType="CURR">26462.20540</Value>
		</Ratio>
		<Ratio FieldName="ProjSalesQ" Type="N">
			<Value PeriodType="CURR">6292.86520</Value>
		</Ratio>
		<Ratio FieldName="ProjEPS" Type="N">
			<Value PeriodType="CURR">16.93420</Value>
		</Ratio>
		<Ratio FieldName="ProjEPSQ" Type="N">
			<Value PeriodType="CURR">4.07510</Value>
		</Ratio>
		<Ratio FieldName="ProjProfit" Type="N">
			<Value PeriodType="CURR">9764.66870</Value>
		</Ratio>
		<Ratio FieldName="ProjDPS" Type="N">
			<Value PeriodType="CURR">6.88800</Value>
		</Ratio>
	</ForecastData>
</ReportSnapshot>
