<?xml version="1.0" encoding="UTF-8"?>
<ReportSnapshot Major="1" Minor="0" Revision="1">
	<CoIDs>
		<CoID Type="RepNo">A1A7A</CoID>
		<CoID Type="CompanyName">Amkor Technology, Inc.</CoID>
		<CoID Type="IRSNo">231722724</CoID>
		<CoID Type="CIKNo">0001047127</CoID>
		<CoID Type="OrganizationPermID">4295905539</CoID>
	</CoIDs>
	<Issues>
		<Issue ID="1" Type="C" Desc="Common Stock" Order="1">
			<IssueID Type="Name">Ordinary Shares</IssueID>
			<IssueID Type="Ticker">AMKR</IssueID>
			<IssueID Type="RIC">AMKR.O</IssueID>
			<IssueID Type="DisplayRIC">AMKR.OQ</IssueID>
			<IssueID Type="InstrumentPI">378101</IssueID>
			<IssueID Type="QuotePI">7656317</IssueID>
			<IssueID Type="InstrumentPermID">8590942855</IssueID>
			<IssueID Type="QuotePermID">55835313855</IssueID>
			<Exchange Code="NASD" Country="USA">NASDAQ</Exchange>
			<GlobalListingType>OSR</GlobalListingType>
		</Issue>
	</Issues>
	<CoGeneralInfo>
		<CoStatus Code="1">Active</CoStatus>
		<CoType Code="EQU">Equity Issue</CoType>
		<LastModified>2020-10-31</LastModified>
		<LatestAvailableAnnual>2019-12-31</LatestAvailableAnnual>
		<LatestAvailableInterim>2020-09-30</LatestAvailableInterim>
		<Employees LastUpdated="2019-12-31">29650</Employees>
		<SharesOut Date="2020-10-23" TotalFloat="94371168.0">242446149.0</SharesOut>
		<ReportingCurrency Code="USD">U.S. Dollars</ReportingCurrency>
		<MostRecentExchange Date="2021-02-03">1.0</MostRecentExchange>
	</CoGeneralInfo>
	<TextInfo>
		<Text Type="Business Summary" lastModified="2017-03-13T05:00:50">Amkor Technology, Inc. is a provider of outsourced semiconductor packaging and test services. The Company's packaging and test services are designed to meet application and chip specific requirements, including the type of interconnect technology; size, thickness and electrical, and mechanical and thermal performance. It provides packaging and test services, including semiconductor wafer bump, wafer probe, wafer backgrind, package design, packaging, system-level, and final test and drop shipment services. The Company provides its services to integrated device manufacturers (IDMs), fabless semiconductor companies and contract foundries. IDMs design, manufacture, package and test semiconductors in their own facilities. The Company offers a range of advanced and mainstream packaging and test services. The Company's mainstream packages include leadframe packages, substrate-based wirebond packages and micro-electro-mechanical systems packages.</Text>
		<Text Type="Financial Summary" lastModified="2020-10-31T11:19:45">BRIEF: For the nine months ended 30 September 2020, AmkorTechnology, Inc. revenues increased 28% to $3.68B. Netincome increased from $21.7M to $211.5M. Revenues reflectAdvanced products segment increase of 62% to $2.33B. Netincome benefited from Loss on debt retirement, net decreaseof 89% to $919K (expense), Interest expense decrease of 10%to $49.5M (expense). Basic Earnings per Share excludingExtraordinary Items increased from $0.09 to $0.88.</Text>
	</TextInfo>
	<contactInfo lastUpdated="2021-01-07T01:24:58">
		<streetAddress line="1">2045 East Innovation Circle</streetAddress>
		<streetAddress line="2"></streetAddress>
		<streetAddress line="3"></streetAddress>
		<city>TEMPE</city>
		<state-region>AZ</state-region>
		<postalCode>85284</postalCode>
		<country code="USA">United States</country>
		<contactName>Vincent Keenan</contactName>
		<contactTitle>Vice President, Investor Relations</contactTitle>
		<phone>
			<phone type="mainphone">
				<countryPhoneCode>1</countryPhoneCode>
				<city-areacode>480</city-areacode>
				<number>8215000</number>
			</phone>
			<phone type="mainfax">
				<countryPhoneCode>1</countryPhoneCode>
				<city-areacode>480</city-areacode>
				<number>8218276</number>
			</phone>
			<phone type="contactphone">
				<countryPhoneCode>1</countryPhoneCode>
				<city-areacode>480</city-areacode>
				<number>7867594</number>
			</phone>
		</phone>
	</contactInfo>
	<webLinks lastUpdated="2018-07-11T09:33:54"><webSite mainCategory="Home Page">https://www.amkor.com/</webSite><eMail mainCategory="Company Contact/E-mail">vincent.keenan@amkor.com</eMail></webLinks>
	<peerInfo lastUpdated="2021-01-07T01:24:58">
		<IndustryInfo>
			<Industry type="TRBC" order="1" reported="0" code="5710102010" mnem="">Semiconductor Equipment &amp; Testing - NEC</Industry>
			<Industry type="NAICS" order="1" reported="0" code="334413" mnem="">Semiconductor &amp; Related Device Mfg</Industry>
			<Industry type="SIC" order="0" reported="1" code="3674" mnem="">Semiconductors/related Devices</Industry>
			<Industry type="SIC" order="1" reported="0" code="3674" mnem="">Semiconductors/related Devices</Industry>
		</IndustryInfo>
	</peerInfo>
	<officers>
		<officer rank="1" since="09/1997">
			<firstName>James</firstName>
			<mI>J.</mI>
			<lastName>Kim</lastName>
			<age>84 </age>
			<title startYear="2009" startMonth="10" startDay="01" iD1="CHM" abbr1="Chmn." iD2="EDR" abbr2="Exec. Dir.">Executive Chairman of the Board</title>
		</officer>
		<officer rank="2" since="01/15/2014">
			<firstName>Giel</firstName>
			<mI></mI>
			<lastName>Rutten</lastName>
			<age>62 </age>
			<title startYear="2020" startMonth="06" startDay="17" iD1="PRE" abbr1="Pres." iD2="CEO" abbr2="CEO">President, Chief Executive Officer, Director</title>
		</officer>
		<officer rank="3" since="05/19/2020">
			<firstName>Susan</firstName>
			<mI>Y.</mI>
			<lastName>Kim</lastName>
			<age>57 </age>
			<title startYear="2020" startMonth="05" startDay="19" iD1="VCH" abbr1="Vice Chmn." iD2="DRC" abbr2="Dir.">Vice Chairman of the Board</title>
		</officer>
		<officer rank="4" since="2003">
			<firstName>Megan</firstName>
			<mI></mI>
			<lastName>Faust</lastName>
			<age>46 </age>
			<title startYear="2019" startMonth="11" startDay="" iD1="CFO" abbr1="CFO" iD2="EVP" abbr2="Exec. VP">Chief Financial Officer, Executive Vice President</title>
		</officer>
		<officer rank="5" since="06/10/2019">
			<firstName>Mark</firstName>
			<mI>N.</mI>
			<lastName>Rogers</lastName>
			<age>54 </age>
			<title startYear="2019" startMonth="06" startDay="10" iD1="EVP" abbr1="Exec. VP" iD2="GCN" abbr2="Counsel">Executive Vice President, General Counsel, Corporate Secretary</title>
		</officer>
		<officer rank="6" since="07/10/2013">
			<firstName>John</firstName>
			<mI>Charles</mI>
			<lastName>Stone</lastName>
			<age>63 </age>
			<title startYear="2020" startMonth="02" startDay="" iD1="EVP" abbr1="Exec. VP" iD2="DSL" abbr2="Dir.-Sales">Executive Vice President - North America and Europe Sales &amp; Marketing</title>
		</officer>
		<officer rank="7" since="03/2019">
			<firstName>YoungKuk</firstName>
			<mI></mI>
			<lastName>Park</lastName>
			<age>60 </age>
			<title startYear="2019" startMonth="03" startDay="" iD1="EVP" abbr1="Exec. VP" iD2="" abbr2="">Executive Vice President of Worldwide Manufacturing Operations, President of Amkor Technology Korea</title>
		</officer>
	</officers>
	<Ratios PriceCurrency="USD" ReportingCurrency="USD" ExchangeRate="1.00000" LatestAvailableDate="2020-09-30">
		<Group ID="Price and Volume">
			<Ratio FieldName="NPRICE" Type="N">17.15000</Ratio>
			<Ratio FieldName="NHIG" Type="N">19.05000</Ratio>
			<Ratio FieldName="NLOW" Type="N">5.40000</Ratio>
			<Ratio FieldName="PDATE" Type="D">2021-02-04T00:00:00</Ratio>
			<Ratio FieldName="VOL10DAVG" Type="N">0.99545</Ratio>
			<Ratio FieldName="EV" Type="N">4564.38400</Ratio>
		</Group>
		<Group ID="Income Statement">
			<Ratio FieldName="MKTCAP" Type="N">4157.95200</Ratio>
			<Ratio FieldName="TTMREV" Type="N">4858.01200</Ratio>
			<Ratio FieldName="TTMEBITD" Type="N">926.53500</Ratio>
			<Ratio FieldName="TTMNIAC" Type="N">310.61100</Ratio>
		</Group>
		<Group ID="Per share data">
			<Ratio FieldName="TTMEPSXCLX" Type="N">1.28572</Ratio>
			<Ratio FieldName="TTMREVPS" Type="N">20.11081</Ratio>
			<Ratio FieldName="QBVPS" Type="N">9.07036</Ratio>
			<Ratio FieldName="QCSHPS" Type="N">3.81432</Ratio>
			<Ratio FieldName="TTMCFSHR" Type="N">3.38313</Ratio>
			<Ratio FieldName="TTMDIVSHR" Type="N">0.00000</Ratio>
		</Group>
		<Group ID="Other Ratios">
			<Ratio FieldName="TTMGROSMGN" Type="N">17.55650</Ratio>
			<Ratio FieldName="TTMROEPCT" Type="N">15.31515</Ratio>
			<Ratio FieldName="TTMPR2REV" Type="N">0.85590</Ratio>
			<Ratio FieldName="PEEXCLXOR" Type="N">13.33883</Ratio>
			<Ratio FieldName="PRICE2BK" Type="N">1.89077</Ratio>
			<Ratio FieldName="Employees" Type="N">29650</Ratio>
		</Group>
	</Ratios>
	<ForecastData ConsensusType="Mean" CurFiscalYear="2020" CurFiscalYearEndMonth="12" CurInterimEndCalYear="2020" CurInterimEndMonth="12" EarningsBasis="PRX">
		<Ratio FieldName="ConsRecom" Type="N">
			<Value PeriodType="CURR">3.3333</Value>
		</Ratio>
		<Ratio FieldName="TargetPrice" Type="N">
			<Value PeriodType="CURR">13.33330</Value>
		</Ratio>
		<Ratio FieldName="ProjLTGrowthRate" Type="N">
			<Value PeriodType="CURR">29.8010</Value>
		</Ratio>
		<Ratio FieldName="ProjPE" Type="N">
			<Value PeriodType="CURR">13.74970</Value>
		</Ratio>
		<Ratio FieldName="ProjSales" Type="N">
			<Value PeriodType="CURR">4985.97500</Value>
		</Ratio>
		<Ratio FieldName="ProjSalesQ" Type="N">
			<Value PeriodType="CURR">1300.00000</Value>
		</Ratio>
		<Ratio FieldName="ProjEPS" Type="N">
			<Value PeriodType="CURR">1.24730</Value>
		</Ratio>
		<Ratio FieldName="ProjEPSQ" Type="N">
			<Value PeriodType="CURR">0.37350</Value>
		</Ratio>
		<Ratio FieldName="ProjProfit" Type="N">
			<Value PeriodType="CURR">301.75900</Value>
		</Ratio>
		<Ratio FieldName="ProjDPS" Type="N">
			<Value PeriodType="CURR">0.00000</Value>
		</Ratio>
	</ForecastData>
</ReportSnapshot>
