<?xml version="1.0" encoding="UTF-8"?>
<ReportSnapshot Major="1" Minor="0" Revision="1">
	<CoIDs>
		<CoID Type="RepNo">41450</CoID>
		<CoID Type="CompanyName">Allied Motion Technologies, Inc.</CoID>
		<CoID Type="IRSNo">840518115</CoID>
		<CoID Type="CIKNo">0000046129</CoID>
		<CoID Type="OrganizationPermID">4295906670</CoID>
	</CoIDs>
	<Issues>
		<Issue ID="1" Type="C" Desc="Common Stock" Order="1">
			<IssueID Type="Name">Ordinary Shares</IssueID>
			<IssueID Type="Ticker">AMOT</IssueID>
			<IssueID Type="RIC">AMOT.O</IssueID>
			<IssueID Type="DisplayRIC">AMOT.OQ</IssueID>
			<IssueID Type="InstrumentPI">260037</IssueID>
			<IssueID Type="QuotePI">10190161</IssueID>
			<IssueID Type="InstrumentPermID">8590928588</IssueID>
			<IssueID Type="QuotePermID">55835314133</IssueID>
			<Exchange Code="NASD" Country="USA">NASDAQ</Exchange>
			<GlobalListingType>OSR</GlobalListingType>
			<MostRecentSplit Date="1985-04-12">1.5</MostRecentSplit>
		</Issue>
	</Issues>
	<CoGeneralInfo>
		<CoStatus Code="1">Active</CoStatus>
		<CoType Code="EQU">Equity Issue</CoType>
		<LastModified>2020-11-05</LastModified>
		<LatestAvailableAnnual>2019-12-31</LatestAvailableAnnual>
		<LatestAvailableInterim>2020-09-30</LatestAvailableInterim>
		<Employees LastUpdated="2019-12-31">1700</Employees>
		<SharesOut Date="2020-11-04" TotalFloat="7644312.0">9757694.0</SharesOut>
		<ReportingCurrency Code="USD">U.S. Dollars</ReportingCurrency>
		<MostRecentExchange Date="2021-02-03">1.0</MostRecentExchange>
	</CoGeneralInfo>
	<TextInfo>
		<Text Type="Business Summary" lastModified="2016-05-16T00:38:18">Allied Motion Technologies Inc. designs, manufactures and sells precision and specialty motion control components and systems used in a range of industries. The Company serves various markets, including vehicle, medical, aerospace and defense, electronics and industrial. It focuses on motion control applications. It is engaged in developing electro-magnetic, mechanical and electronic motion technology. It operates in the design and manufacture of motion control products, marketed to original equipment manufacturers and end users segment. Its products are used in the handling, inspection, and testing of components and final products, such as printers, tunable lasers and spectrum analyzers for the fiber optic industry, and test and processing equipment for the semiconductor manufacturing industry. Its products are used in a range of medical, industrial and commercial aviation applications, such as dialysis equipment, industrial ink jet printers and cash dispensers.</Text>
		<Text Type="Financial Summary" lastModified="2020-11-05T07:21:37">BRIEF: For the nine months ended 30 September 2020, AlliedMotion Technologies, Inc. revenues decreased 3% to $273.7M.Net income decreased 19% to $10.9M. Revenues reflect UnitedStates segment decrease of 14% to $159.9M, Europe segmentdecrease of 1% to $93.9M. Net income also reflectsEngineering and development increase of 10% to $18.9M(expense), General and administrative increase of 2% to$28.9M (expense).</Text>
	</TextInfo>
	<contactInfo lastUpdated="2020-11-05T07:23:06">
		<streetAddress line="1">455 Commerce Dr Ste 4</streetAddress>
		<streetAddress line="2"></streetAddress>
		<streetAddress line="3"></streetAddress>
		<city>AMHERST</city>
		<state-region>NY</state-region>
		<postalCode>14228-2313</postalCode>
		<country code="USA">United States</country>
		<contactName>Deborah Pawlowski</contactName>
		<contactTitle>IR Contact Officer</contactTitle>
		<phone>
			<phone type="mainphone">
				<countryPhoneCode>1</countryPhoneCode>
				<city-areacode>716</city-areacode>
				<number>2428634</number>
			</phone>
			<phone type="contactphone">
				<countryPhoneCode>1</countryPhoneCode>
				<city-areacode>716</city-areacode>
				<number>8433908</number>
			</phone>
		</phone>
	</contactInfo>
	<webLinks lastUpdated="2019-12-02T11:00:29"><webSite mainCategory="Home Page">http://www.alliedmotion.com/</webSite><eMail mainCategory="Company Contact/E-mail">dpawlowski@keiadvisors.com</eMail></webLinks>
	<peerInfo lastUpdated="2020-11-05T07:23:06">
		<IndustryInfo>
			<Industry type="TRBC" order="1" reported="0" code="5210203010" mnem="">Electrical Components &amp; Equipment - NEC</Industry>
			<Industry type="NAICS" order="1" reported="0" code="335312" mnem="">Motor &amp; Generator Mfg</Industry>
			<Industry type="NAICS" order="2" reported="0" code="336350" mnem="">Motor Vehicle Transmission and Power Train Parts Manufacturing</Industry>
			<Industry type="NAICS" order="3" reported="0" code="334515" mnem="">Electricity Measuring/Testing Instrument Mfg</Industry>
			<Industry type="NAICS" order="4" reported="0" code="333612" mnem="">Spd Changer, Ind High-Speed Drive &amp; Gear Mfg</Industry>
			<Industry type="NAICS" order="5" reported="0" code="333613" mnem="">Mechanical Power Transmission Equipment Mfg</Industry>
			<Industry type="SIC" order="0" reported="1" code="3825" mnem="">Instruments To Measure Electric</Industry>
			<Industry type="SIC" order="1" reported="0" code="3621" mnem="">Motors And Generators</Industry>
			<Industry type="SIC" order="2" reported="0" code="3714" mnem="">Motor Vehicle Parts/accessories</Industry>
			<Industry type="SIC" order="3" reported="0" code="3825" mnem="">Instruments To Measure Electric</Industry>
			<Industry type="SIC" order="4" reported="0" code="3566" mnem="">Speed Changers, Drives, And Gears</Industry>
			<Industry type="SIC" order="5" reported="0" code="3568" mnem="">Power Transmission Equipment, Nec</Industry>
		</IndustryInfo>
	</peerInfo>
	<officers>
		<officer rank="1" since="05/21/2002">
			<firstName>Richard</firstName>
			<mI>S.</mI>
			<lastName>Warzala</lastName>
			<age>66 </age>
			<title startYear="2014" startMonth="02" startDay="15" iD1="CHM" abbr1="Chmn." iD2="PRE" abbr2="Pres.">Chairman of the Board, President, Chief Executive Officer</title>
		</officer>
		<officer rank="2" since="08/10/2015">
			<firstName>Michael</firstName>
			<mI>R.</mI>
			<lastName>Leach</lastName>
			<age>51 </age>
			<title startYear="2015" startMonth="08" startDay="10" iD1="CFO" abbr1="CFO" iD2="" abbr2="">Chief Financial Officer</title>
		</officer>
		<officer rank="3" since="12/01/2012">
			<firstName>Robert</firstName>
			<mI>P.</mI>
			<lastName>Maida</lastName>
			<age>55 </age>
			<title startYear="2015" startMonth="08" startDay="07" iD1="VPR" abbr1="VP" iD2="" abbr2="">Vice President of Operational Excellence</title>
		</officer>
	</officers>
	<Ratios PriceCurrency="USD" ReportingCurrency="USD" ExchangeRate="1.00000" LatestAvailableDate="2020-09-30">
		<Group ID="Price and Volume">
			<Ratio FieldName="NPRICE" Type="N">49.00000</Ratio>
			<Ratio FieldName="NHIG" Type="N">55.09000</Ratio>
			<Ratio FieldName="NLOW" Type="N">19.00000</Ratio>
			<Ratio FieldName="PDATE" Type="D">2021-02-04T00:00:00</Ratio>
			<Ratio FieldName="VOL10DAVG" Type="N">0.02790</Ratio>
			<Ratio FieldName="EV" Type="N">582.28700</Ratio>
		</Group>
		<Group ID="Income Statement">
			<Ratio FieldName="MKTCAP" Type="N">478.12700</Ratio>
			<Ratio FieldName="TTMREV" Type="N">361.62100</Ratio>
			<Ratio FieldName="TTMEBITD" Type="N">39.86800</Ratio>
			<Ratio FieldName="TTMNIAC" Type="N">14.43300</Ratio>
		</Group>
		<Group ID="Per share data">
			<Ratio FieldName="TTMEPSXCLX" Type="N">1.51241</Ratio>
			<Ratio FieldName="TTMREVPS" Type="N">37.89583</Ratio>
			<Ratio FieldName="QBVPS" Type="N">13.77391</Ratio>
			<Ratio FieldName="QCSHPS" Type="N">2.07308</Ratio>
			<Ratio FieldName="TTMCFSHR" Type="N">3.13346</Ratio>
			<Ratio FieldName="TTMDIVSHR" Type="N">0.12000</Ratio>
		</Group>
		<Group ID="Other Ratios">
			<Ratio FieldName="TTMGROSMGN" Type="N">30.17303</Ratio>
			<Ratio FieldName="TTMROEPCT" Type="N">11.63070</Ratio>
			<Ratio FieldName="TTMPR2REV" Type="N">1.32218</Ratio>
			<Ratio FieldName="PEEXCLXOR" Type="N">32.39862</Ratio>
			<Ratio FieldName="PRICE2BK" Type="N">3.55745</Ratio>
			<Ratio FieldName="Employees" Type="N">1700</Ratio>
		</Group>
	</Ratios>
	<ForecastData ConsensusType="Mean" CurFiscalYear="2020" CurFiscalYearEndMonth="12" CurInterimEndCalYear="2020" CurInterimEndMonth="12" EarningsBasis="REP">
		<Ratio FieldName="ConsRecom" Type="N">
			<Value PeriodType="CURR">2</Value>
		</Ratio>
		<Ratio FieldName="TargetPrice" Type="N">
			<Value PeriodType="CURR">48.66670</Value>
		</Ratio>
		<Ratio FieldName="ProjLTGrowthRate" Type="N">
			<Value PeriodType="CURR">30.0000</Value>
		</Ratio>
		<Ratio FieldName="ProjPE" Type="N">
			<Value PeriodType="CURR">34.62898</Value>
		</Ratio>
		<Ratio FieldName="ProjSales" Type="N">
			<Value PeriodType="CURR">362.39350</Value>
		</Ratio>
		<Ratio FieldName="ProjSalesQ" Type="N">
			<Value PeriodType="CURR">88.69550</Value>
		</Ratio>
		<Ratio FieldName="ProjEPS" Type="N">
			<Value PeriodType="CURR">1.41500</Value>
		</Ratio>
		<Ratio FieldName="ProjEPSQ" Type="N">
			<Value PeriodType="CURR">0.26500</Value>
		</Ratio>
		<Ratio FieldName="ProjProfit" Type="N">
			<Value PeriodType="CURR">13.51650</Value>
		</Ratio>
		<Ratio FieldName="ProjDPS" Type="N">
			<Value PeriodType="CURR">-99999.99000</Value>
		</Ratio>
	</ForecastData>
</ReportSnapshot>
