<?xml version="1.0" encoding="UTF-8"?>
<ReportSnapshot Major="1" Minor="0" Revision="1">
	<CoIDs>
		<CoID Type="RepNo">A21D4</CoID>
		<CoID Type="CompanyName">Amarin Corporation plc (ADR)</CoID>
		<CoID Type="CIKNo">0000897448</CoID>
		<CoID Type="OrganizationPermID">4295897405</CoID>
	</CoIDs>
	<Issues>
		<Issue ID="1" Type="C" Desc="Common Stock" Order="1">
			<IssueID Type="Name">ADR</IssueID>
			<IssueID Type="Ticker">AMRN</IssueID>
			<IssueID Type="RIC">AMRN.O</IssueID>
			<IssueID Type="DisplayRIC">AMRN.OQ</IssueID>
			<IssueID Type="InstrumentPI">274717</IssueID>
			<IssueID Type="QuotePI">7656725</IssueID>
			<IssueID Type="InstrumentPermID">8590922648</IssueID>
			<IssueID Type="QuotePermID">55835313558</IssueID>
			<Exchange Code="NASD" Country="USA">NASDAQ</Exchange>
			<GlobalListingType SharesPerListing="1.0">ADR</GlobalListingType>
			<MostRecentSplit Date="2008-01-18">0.1</MostRecentSplit>
		</Issue>
		<Issue ID="2" Type="P" Desc="Preferred Stock" Order="1">
			<IssueID Type="Name">Preference Shares</IssueID>
			<IssueID Type="InstrumentPI">74126969</IssueID>
			<IssueID Type="InstrumentPermID">21475080740</IssueID>
			<Exchange Code="NA" Country="">Not Available</Exchange>
		</Issue>
	</Issues>
	<CoGeneralInfo>
		<CoStatus Code="1">Active</CoStatus>
		<CoType Code="EQU">Equity Issue</CoType>
		<LastModified>2021-01-26</LastModified>
		<LatestAvailableAnnual>2019-12-31</LatestAvailableAnnual>
		<LatestAvailableInterim>2020-09-30</LatestAvailableInterim>
		<Employees LastUpdated="2019-12-31">965</Employees>
		<SharesOut Date="2020-10-30" TotalFloat="381305082.0">391214481.0</SharesOut>
		<ReportingCurrency Code="USD">U.S. Dollars</ReportingCurrency>
		<MostRecentExchange Date="2021-02-03">1.0</MostRecentExchange>
	</CoGeneralInfo>
	<TextInfo>
		<Text Type="Business Summary" lastModified="2017-04-04T00:38:55">Amarin Corporation plc is a biopharmaceutical company with operations in lipid science focused on the commercialization and development of therapeutics for cardiovascular health. The Company operates through the development and commercialization of Vascepa segment. The Company's lead product, Vascepa (icosapent ethyl) capsule, is approved by the United States Food and Drug Administration (FDA) for use as an adjunct to diet to reduce triglyceride levels in adult patients with severe hypertriglyceridemia. This indication for Vascepa, known as the MARINE indication, is based primarily on the results from the MARINE study of Vascepa in this approved patient population. The Company sells Vascepa principally to wholesalers, as well as selected regional wholesalers and specialty pharmacy providers, or collectively, its distributors, which in turn resell Vascepa to retail pharmacies for resale to patients and healthcare providers.</Text>
		<Text Type="Financial Summary" lastModified="2021-01-26T21:08:46">BRIEF: For the nine months ended 30 September 2020, AmarinCorporation plc (ADR) revenues increased 56% to $446.8M.Net loss decreased 23% to $22.9M. Revenues reflectLicensing and royalty revenue increase from $1.1M to $5.7M.Lower net loss reflects Interest expense decrease of 53% to$2.4M (expense), Other expense, net increase from $182K(expense) to $50K (income).</Text>
	</TextInfo>
	<contactInfo lastUpdated="2021-01-29T14:48:12">
		<streetAddress line="1">Gemini House, Bartholomews Walk</streetAddress>
		<streetAddress line="2"></streetAddress>
		<streetAddress line="3"></streetAddress>
		<city>DUBLIN</city>
		<state-region></state-region>
		<postalCode>FK7 9JQ</postalCode>
		<country code="IRL">Ireland</country>
		<contactName>Elisabeth Schwartz</contactName>
		<contactTitle>IR Contact Officer</contactTitle>
		<phone>
			<phone type="mainphone">
				<countryPhoneCode>353</countryPhoneCode>
				<city-areacode>1</city-areacode>
				<number>6699020</number>
			</phone>
			<phone type="contactphone">
				<countryPhoneCode>1</countryPhoneCode>
				<city-areacode>908</city-areacode>
				<number>7191315</number>
			</phone>
		</phone>
	</contactInfo>
	<webLinks lastUpdated="2019-12-02T11:00:33"><webSite mainCategory="Home Page">http://www.amarincorp.com/</webSite><eMail mainCategory="Company Contact/E-mail">investor.relations@amarincorp.com</eMail></webLinks>
	<peerInfo lastUpdated="2021-01-29T14:48:12">
		<IndustryInfo>
			<Industry type="TRBC" order="1" reported="0" code="5620201011" mnem="">Bio Therapeutic Drugs</Industry>
			<Industry type="NAICS" order="1" reported="0" code="325412" mnem="">Pharmaceutical Preparation Mfg</Industry>
			<Industry type="NAICS" order="2" reported="0" code="541712" mnem="">Research and Development in the Physical, Engineering, and Life Sciences (except Biotechnology)</Industry>
			<Industry type="SIC" order="0" reported="1" code="2834" mnem="">Pharmaceutical Preparations</Industry>
			<Industry type="SIC" order="1" reported="0" code="2834" mnem="">Pharmaceutical Preparations</Industry>
			<Industry type="SIC" order="2" reported="0" code="8731" mnem="">Commercial Physical Research</Industry>
		</IndustryInfo>
	</peerInfo>
	<officers>
		<officer rank="1" since="11/2009">
			<firstName>John</firstName>
			<mI>F.</mI>
			<lastName>Thero</lastName>
			<age>59 </age>
			<title startYear="2014" startMonth="01" startDay="01" iD1="PRE" abbr1="Pres." iD2="CEO" abbr2="CEO">President, Chief Executive Officer, Director</title>
		</officer>
		<officer rank="2" since="06/30/2016">
			<firstName>Michael</firstName>
			<mI>Wayne</mI>
			<lastName>Kalb</lastName>
			<age>49 </age>
			<title startYear="2016" startMonth="06" startDay="30" iD1="CFO" abbr1="CFO" iD2="SVP" abbr2="Sr. VP">Chief Financial Officer, Senior Vice President, Assistant Secretary</title>
		</officer>
		<officer rank="3" since="12/20/2011">
			<firstName>Joseph</firstName>
			<mI>T.</mI>
			<lastName>Kennedy</lastName>
			<age>52 </age>
			<title startYear="2015" startMonth="07" startDay="" iD1="EVP" abbr1="Exec. VP" iD2="GCN" abbr2="Counsel">Executive Vice President, General Counsel, Secretary, Strategic Initiatives</title>
		</officer>
		<officer rank="4" since="02/16/2012">
			<firstName>Stephen</firstName>
			<mI>B.</mI>
			<lastName>Ketchum</lastName>
			<age>55 </age>
			<title startYear="2016" startMonth="01" startDay="21" iD1="SVP" abbr1="Sr. VP" iD2="CSO" abbr2="CSO">President - Research and Development, Senior Vice President, Chief Scientific Officer</title>
		</officer>
		<officer rank="5" since="02/04/2014">
			<firstName>Aaron</firstName>
			<mI>D.</mI>
			<lastName>Berg</lastName>
			<age>57 </age>
			<title startYear="2018" startMonth="04" startDay="23" iD1="SVP" abbr1="Sr. VP" iD2="" abbr2="">Senior Vice President, Chief Commercial Officer</title>
		</officer>
	</officers>
	<Ratios PriceCurrency="USD" ReportingCurrency="USD" ExchangeRate="1.00000" LatestAvailableDate="2020-09-30">
		<Group ID="Price and Volume">
			<Ratio FieldName="NPRICE" Type="N">8.60000</Ratio>
			<Ratio FieldName="NHIG" Type="N">18.88000</Ratio>
			<Ratio FieldName="NLOW" Type="N">3.36000</Ratio>
			<Ratio FieldName="PDATE" Type="D">2021-02-04T00:00:00</Ratio>
			<Ratio FieldName="VOL10DAVG" Type="N">10.16603</Ratio>
			<Ratio FieldName="EV" Type="N">2796.97200</Ratio>
		</Group>
		<Group ID="Income Statement">
			<Ratio FieldName="MKTCAP" Type="N">3343.93300</Ratio>
			<Ratio FieldName="TTMREV" Type="N">590.08600</Ratio>
			<Ratio FieldName="TTMEBITD" Type="N">-20.01400</Ratio>
			<Ratio FieldName="TTMNIAC" Type="N">-15.85800</Ratio>
		</Group>
		<Group ID="Per share data">
			<Ratio FieldName="TTMEPSXCLX" Type="N">-0.04361</Ratio>
			<Ratio FieldName="TTMREVPS" Type="N">1.56331</Ratio>
			<Ratio FieldName="QBVPS" Type="N">1.56176</Ratio>
			<Ratio FieldName="QCSHPS" Type="N">1.44501</Ratio>
			<Ratio FieldName="TTMCFSHR" Type="N">-0.03711</Ratio>
			<Ratio FieldName="TTMDIVSHR" Type="N">0.00000</Ratio>
		</Group>
		<Group ID="Other Ratios">
			<Ratio FieldName="TTMGROSMGN" Type="N">78.42009</Ratio>
			<Ratio FieldName="TTMROEPCT" Type="N">-2.69724</Ratio>
			<Ratio FieldName="TTMPR2REV" Type="N">5.66686</Ratio>
			<Ratio FieldName="PEEXCLXOR" Type="N">-99999.99000</Ratio>
			<Ratio FieldName="PRICE2BK" Type="N">5.55633</Ratio>
			<Ratio FieldName="Employees" Type="N">965</Ratio>
		</Group>
	</Ratios>
	<ForecastData ConsensusType="Mean" CurFiscalYear="2020" CurFiscalYearEndMonth="12" CurInterimEndCalYear="2020" CurInterimEndMonth="12" EarningsBasis="PRX">
		<Ratio FieldName="ConsRecom" Type="N">
			<Value PeriodType="CURR">2.0833</Value>
		</Ratio>
		<Ratio FieldName="TargetPrice" Type="N">
			<Value PeriodType="CURR">11.10000</Value>
		</Ratio>
		<Ratio FieldName="ProjLTGrowthRate" Type="N">
			<Value PeriodType="CURR">38.9000</Value>
		</Ratio>
		<Ratio FieldName="ProjPE" Type="N">
			<Value PeriodType="CURR">-120.95640</Value>
		</Ratio>
		<Ratio FieldName="ProjSales" Type="N">
			<Value PeriodType="CURR">611.21760</Value>
		</Ratio>
		<Ratio FieldName="ProjSalesQ" Type="N">
			<Value PeriodType="CURR">164.94490</Value>
		</Ratio>
		<Ratio FieldName="ProjEPS" Type="N">
			<Value PeriodType="CURR">-0.07110</Value>
		</Ratio>
		<Ratio FieldName="ProjEPSQ" Type="N">
			<Value PeriodType="CURR">-0.01110</Value>
		</Ratio>
		<Ratio FieldName="ProjProfit" Type="N">
			<Value PeriodType="CURR">-25.33400</Value>
		</Ratio>
		<Ratio FieldName="ProjDPS" Type="N">
			<Value PeriodType="CURR">0.00000</Value>
		</Ratio>
	</ForecastData>
</ReportSnapshot>
