<?xml version="1.0" encoding="UTF-8"?>
<ReportSnapshot Major="1" Minor="0" Revision="1">
	<CoIDs>
		<CoID Type="RepNo">05AD0</CoID>
		<CoID Type="CompanyName">Amesite Inc</CoID>
		<CoID Type="IRSNo">823431717</CoID>
		<CoID Type="CIKNo">0001807166</CoID>
		<CoID Type="OrganizationPermID">5065359827</CoID>
	</CoIDs>
	<Issues>
		<Issue ID="1" Type="C" Desc="Common Stock" Order="1">
			<IssueID Type="Name">Ordinary Shares</IssueID>
			<IssueID Type="Ticker">AMST</IssueID>
			<IssueID Type="RIC">AMST.O</IssueID>
			<IssueID Type="DisplayRIC">AMST.OQ</IssueID>
			<IssueID Type="InstrumentPI">453610520</IssueID>
			<IssueID Type="QuotePI">453610528</IssueID>
			<IssueID Type="InstrumentPermID">25727340615</IssueID>
			<IssueID Type="QuotePermID">25727340613</IssueID>
			<Exchange Code="NASD" Country="USA">NASDAQ</Exchange>
			<GlobalListingType>OSR</GlobalListingType>
		</Issue>
	</Issues>
	<CoGeneralInfo>
		<CoStatus Code="1">Active</CoStatus>
		<CoType Code="EQU">Equity Issue</CoType>
		<LastModified>2020-11-19</LastModified>
		<LatestAvailableAnnual>2020-06-30</LatestAvailableAnnual>
		<LatestAvailableInterim>2020-09-30</LatestAvailableInterim>
		<Employees LastUpdated="2020-08-14">12</Employees>
		<SharesOut Date="2020-11-13" TotalFloat="9048965.0">20419693.0</SharesOut>
		<ReportingCurrency Code="USD">U.S. Dollars</ReportingCurrency>
		<MostRecentExchange Date="2021-02-03">1.0</MostRecentExchange>
	</CoGeneralInfo>
	<TextInfo>
		<Text Type="Business Summary" lastModified="2020-09-24T09:07:25">Amesite Inc., formerly Amesite Operating Company, is an artificial intelligence driven platform and course designer, that provides online products for schools and businesses. The Company uses machine learning to provide a customized experience to learners. Its contracts with partners have three to six-year terms. The Companys contract provides a hosted platform of integrated technology and services that enables partners to enroll, educate and support students. It develops the technology stack integrating online engagement features. The Company serves businesses, universities and colleges and kindergarten to 12th grade (K-12) schools.</Text>
		<Text Type="Financial Summary" lastModified="2020-11-19T03:23:10">BRIEF: For the three months ended 30 September 2020,Amesite Inc revenues totaled $110K. Net loss totaled to$5.1M.</Text>
	</TextInfo>
	<contactInfo lastUpdated="2021-02-04T17:28:59">
		<streetAddress line="1">205 East Washington Street, Suite B</streetAddress>
		<streetAddress line="2"></streetAddress>
		<streetAddress line="3"></streetAddress>
		<city>ANN ARBOR</city>
		<state-region>MI</state-region>
		<postalCode>48104</postalCode>
		<country code="USA">United States</country>
		<contactName></contactName>
		<contactTitle></contactTitle>
		<phone>
			<phone type="mainphone">
				<countryPhoneCode>1</countryPhoneCode>
				<city-areacode>734</city-areacode>
				<number>8768130</number>
			</phone>
		</phone>
	</contactInfo>
	<webLinks lastUpdated="2020-09-24T08:45:02"><webSite mainCategory="Home Page">https://www.amesite.com/</webSite><eMail mainCategory="Company Contact/E-mail">
		</eMail></webLinks>
	<peerInfo lastUpdated="2021-02-04T17:28:59">
		<IndustryInfo>
			<Industry type="TRBC" order="1" reported="0" code="5720102010" mnem="">Software - NEC</Industry>
			<Industry type="NAICS" order="1" reported="0" code="511210" mnem="">Software Publishers</Industry>
			<Industry type="NAICS" order="2" reported="0" code="519130" mnem="">Internet Publishing and Broadcasting and Web Search Portals</Industry>
			<Industry type="SIC" order="1" reported="0" code="7372" mnem="">Prepackaged Software</Industry>
			<Industry type="SIC" order="2" reported="0" code="7375" mnem="">Information Retrieval Services</Industry>
		</IndustryInfo>
	</peerInfo>
	<officers></officers>
	<Ratios PriceCurrency="USD" ReportingCurrency="USD" ExchangeRate="1.00000" LatestAvailableDate="2020-09-30">
		<Group ID="Price and Volume">
			<Ratio FieldName="NPRICE" Type="N">6.20000</Ratio>
			<Ratio FieldName="NHIG" Type="N">9.06000</Ratio>
			<Ratio FieldName="NLOW" Type="N">3.65000</Ratio>
			<Ratio FieldName="PDATE" Type="D">2021-02-04T00:00:00</Ratio>
			<Ratio FieldName="VOL10DAVG" Type="N">0.34893</Ratio>
			<Ratio FieldName="EV" Type="N">110.24693</Ratio>
		</Group>
		<Group ID="Income Statement">
			<Ratio FieldName="MKTCAP" Type="N">126.60210</Ratio>
			<Ratio FieldName="TTMREV" Type="N">-99999.99000</Ratio>
			<Ratio FieldName="TTMEBITD" Type="N">-99999.99000</Ratio>
			<Ratio FieldName="TTMNIAC" Type="N">-99999.99000</Ratio>
		</Group>
		<Group ID="Per share data">
			<Ratio FieldName="TTMEPSXCLX" Type="N">-99999.99000</Ratio>
			<Ratio FieldName="TTMREVPS" Type="N">-99999.99000</Ratio>
			<Ratio FieldName="QBVPS" Type="N">0.81345</Ratio>
			<Ratio FieldName="QCSHPS" Type="N">0.80331</Ratio>
			<Ratio FieldName="TTMCFSHR" Type="N">-99999.99000</Ratio>
			<Ratio FieldName="TTMDIVSHR" Type="N">-99999.99000</Ratio>
		</Group>
		<Group ID="Other Ratios">
			<Ratio FieldName="TTMGROSMGN" Type="N">-99999.99000</Ratio>
			<Ratio FieldName="TTMROEPCT" Type="N">-99999.99000</Ratio>
			<Ratio FieldName="TTMPR2REV" Type="N">-99999.99000</Ratio>
			<Ratio FieldName="PEEXCLXOR" Type="N">-99999.99000</Ratio>
			<Ratio FieldName="PRICE2BK" Type="N">7.62183</Ratio>
			<Ratio FieldName="Employees" Type="N">12</Ratio>
		</Group>
	</Ratios>
	<ForecastData ConsensusType="" CurFiscalYear="" CurFiscalYearEndMonth="" CurInterimEndCalYear="" CurInterimEndMonth="" EarningsBasis="">
		<Ratio FieldName="ConsRecom" Type="N">
			<Value PeriodType="CURR">-99999.99000</Value>
		</Ratio>
		<Ratio FieldName="TargetPrice" Type="N">
			<Value PeriodType="CURR">-99999.99000</Value>
		</Ratio>
		<Ratio FieldName="ProjLTGrowthRate" Type="N">
			<Value PeriodType="CURR">-99999.99000</Value>
		</Ratio>
		<Ratio FieldName="ProjPE" Type="N">
			<Value PeriodType="CURR">-99999.99000</Value>
		</Ratio>
		<Ratio FieldName="ProjSales" Type="N">
			<Value PeriodType="CURR">-99999.99000</Value>
		</Ratio>
		<Ratio FieldName="ProjSalesQ" Type="N">
			<Value PeriodType="CURR">-99999.99000</Value>
		</Ratio>
		<Ratio FieldName="ProjEPS" Type="N">
			<Value PeriodType="CURR">-99999.99000</Value>
		</Ratio>
		<Ratio FieldName="ProjEPSQ" Type="N">
			<Value PeriodType="CURR">-99999.99000</Value>
		</Ratio>
		<Ratio FieldName="ProjProfit" Type="N">
			<Value PeriodType="CURR">-99999.99000</Value>
		</Ratio>
		<Ratio FieldName="ProjDPS" Type="N">
			<Value PeriodType="CURR">-99999.99000</Value>
		</Ratio>
	</ForecastData>
</ReportSnapshot>
