<?xml version="1.0" encoding="UTF-8"?>
<ReportSnapshot Major="1" Minor="0" Revision="1">
	<CoIDs>
		<CoID Type="RepNo">02F8F</CoID>
		<CoID Type="CompanyName">Amerant Bancorp Inc</CoID>
		<CoID Type="IRSNo">650032379</CoID>
		<CoID Type="CIKNo">0001734342</CoID>
		<CoID Type="OrganizationPermID">5060004761</CoID>
	</CoIDs>
	<Issues>
		<Issue ID="1" Type="C" Desc="Common Stock" Order="1">
			<IssueID Type="Name">Ordinary Shares Class A</IssueID>
			<IssueID Type="Ticker">AMTB</IssueID>
			<IssueID Type="RIC">AMTB.O</IssueID>
			<IssueID Type="DisplayRIC">AMTB.OQ</IssueID>
			<IssueID Type="InstrumentPI">319949124</IssueID>
			<IssueID Type="QuotePI">319949141</IssueID>
			<IssueID Type="InstrumentPermID">25727398146</IssueID>
			<IssueID Type="QuotePermID">25727398145</IssueID>
			<Exchange Code="NASD" Country="USA">NASDAQ</Exchange>
			<GlobalListingType>OSR</GlobalListingType>
			<MostRecentSplit Date="2018-10-24">0.33333</MostRecentSplit>
		</Issue>
		<Issue ID="2" Type="C" Desc="Common Stock" Order="2">
			<IssueID Type="Name">Ordinary Shares Class B</IssueID>
			<IssueID Type="Ticker">AMTBB</IssueID>
			<IssueID Type="RIC">AMTBB.O</IssueID>
			<IssueID Type="DisplayRIC">AMTBB.OQ</IssueID>
			<IssueID Type="InstrumentPI">319949552</IssueID>
			<IssueID Type="QuotePI">319949560</IssueID>
			<IssueID Type="InstrumentPermID">25727398125</IssueID>
			<IssueID Type="QuotePermID">25727398124</IssueID>
			<Exchange Code="NASD" Country="USA">NASDAQ</Exchange>
		</Issue>
	</Issues>
	<CoGeneralInfo>
		<CoStatus Code="1">Active</CoStatus>
		<CoType Code="EQU">Equity Issue</CoType>
		<LastModified>2021-02-01</LastModified>
		<LatestAvailableAnnual>2020-12-31</LatestAvailableAnnual>
		<LatestAvailableInterim>2020-12-31</LatestAvailableInterim>
		<Employees LastUpdated="2019-12-31">829</Employees>
		<SharesOut Date="2020-12-31" TotalFloat="25353931.0">42146560.0</SharesOut>
		<ReportingCurrency Code="USD">U.S. Dollars</ReportingCurrency>
		<MostRecentExchange Date="2021-02-03">1.0</MostRecentExchange>
	</CoGeneralInfo>
	<TextInfo>
		<Text Type="Business Summary" lastModified="2021-02-03T09:30:29">Amerant Bancorp Inc is a bank holding company. The Company operates through its main subsidiaries, Amerant Bank, N.A. (the Bank), Amerant Investments, Inc., Amerant Trust, N.A. and Elant Bank and Trust Ltd. The Company provides individuals and businesses in the United States, as well as select international clients, with deposit, credit and wealth management services. The Bank operates over 25 banking centers that include 18 in South Florida and 7 in the Houston, Texas area, and loan production offices in Dallas, Texas and New York, New York.</Text>
		<Text Type="Financial Summary" lastModified="2021-02-01T01:53:36">BRIEF: For the nine months ended 30 September 2020, AmerantBancorp Inc interest income decreased 17% to $197.4M. Netinterest income after loan loss provision decreased 39% to$100.3M.  Net loss totaled $10.2M vs. income of $37.9M. Netinterest income after loan loss provision reflects PACsegment decrease from $50.8M to $0K, Net Interest Margin -Total - % decrease of 14% to 2.49%, Net Interest Spread -Total - % decrease of 13% to 2.29%.</Text>
	</TextInfo>
	<contactInfo lastUpdated="2021-02-03T09:30:29">
		<streetAddress line="1">220 Alhambra Cir</streetAddress>
		<streetAddress line="2"></streetAddress>
		<streetAddress line="3"></streetAddress>
		<city>CORAL GABLES</city>
		<state-region>FL</state-region>
		<postalCode>33134-5174</postalCode>
		<country code="USA">United States</country>
		<contactName></contactName>
		<contactTitle></contactTitle>
		<phone>
			<phone type="mainphone">
				<countryPhoneCode>1</countryPhoneCode>
				<city-areacode>305</city-areacode>
				<number>4604038</number>
			</phone>
		</phone>
	</contactInfo>
	<webLinks lastUpdated="2020-05-22T11:00:01"><webSite mainCategory="Home Page">https://investor.amerantbank.com/</webSite><eMail mainCategory="Company Contact/E-mail">InvestorRelations@amerantbank.com</eMail></webLinks>
	<peerInfo lastUpdated="2021-02-03T09:30:29">
		<IndustryInfo>
			<Industry type="TRBC" order="1" reported="0" code="5510101011" mnem="">Corporate Banks</Industry>
			<Industry type="NAICS" order="1" reported="0" code="522110" mnem="">Commercial Banking</Industry>
			<Industry type="NAICS" order="2" reported="0" code="551111" mnem="">Offices of Bank Holding Companies</Industry>
			<Industry type="SIC" order="1" reported="0" code="6029" mnem="">Commercial Banks, Nec</Industry>
			<Industry type="SIC" order="2" reported="0" code="6712" mnem="">Bank Holding Companies</Industry>
		</IndustryInfo>
	</peerInfo>
	<officers>
		<officer rank="1" since="12/31/2018">
			<firstName>Frederick</firstName>
			<mI>C.</mI>
			<lastName>Copeland</lastName>
			<age>78 </age>
			<title startYear="2018" startMonth="12" startDay="31" iD1="CHM" abbr1="Chmn." iD2="IND" abbr2="Ind. Dir.">Independent Chairman of the Board</title>
		</officer>
		<officer rank="2" since="02/2018">
			<firstName>Alfonso</firstName>
			<mI></mI>
			<lastName>Figueredo Davis</lastName>
			<age>58 </age>
			<title startYear="2018" startMonth="02" startDay="" iD1="CPR" abbr1="Co-Pres." iD2="COO" abbr2="COO">Co-President, Chief Operating Officer</title>
		</officer>
		<officer rank="3" since="01/15/2021">
			<firstName>Gerald</firstName>
			<mI>P.</mI>
			<lastName>Plush</lastName>
			<age>62 </age>
			<title startYear="2021" startMonth="01" startDay="15" iD1="CEO" abbr1="CEO" iD2="VCH" abbr2="Vice Chmn.">Chief Executive Officer, Executive Vice Chairman of the Board</title>
		</officer>
		<officer rank="4" since="03/16/2020">
			<firstName>Carlos</firstName>
			<mI></mI>
			<lastName>Iafigliola</lastName>
			<age>43 </age>
			<title startYear="2020" startMonth="03" startDay="16" iD1="CFO" abbr1="CFO" iD2="" abbr2="">Interim Chief Financial Officer</title>
		</officer>
		<officer rank="5" since="02/2018">
			<firstName>Alberto</firstName>
			<mI></mI>
			<lastName>Capriles</lastName>
			<age>52 </age>
			<title startYear="2018" startMonth="02" startDay="" iD1="EVP" abbr1="Exec. VP" iD2="CRO" abbr2="CRO">Executive Vice President, Chief Risk Officer</title>
		</officer>
		<officer rank="6" since="02/2018">
			<firstName>Miguel</firstName>
			<mI></mI>
			<lastName>Palacios</lastName>
			<age>51 </age>
			<title startYear="2018" startMonth="02" startDay="" iD1="EVP" abbr1="Exec. VP" iD2="" abbr2="">Executive Vice President, Chief Business Officer</title>
		</officer>
		<officer rank="7" since="01/01/2021">
			<firstName>Armando</firstName>
			<mI></mI>
			<lastName>Fleitas</lastName>
			<age>44 </age>
			<title startYear="2021" startMonth="01" startDay="01" iD1="SVP" abbr1="Sr. VP" iD2="CAO" abbr2="CAO">Senior Vice President, Principal Accounting Officer, Controller</title>
		</officer>
		<officer rank="8" since="09/01/2020">
			<firstName>Adrian</firstName>
			<mI>D.</mI>
			<lastName>Collard</lastName>
			<age></age>
			<title startYear="2020" startMonth="09" startDay="01" iD1="SVP" abbr1="Sr. VP" iD2="CMO" abbr2="CMO">Senior Vice President, Chief Marketing Officer</title>
		</officer>
	</officers>
	<Ratios PriceCurrency="USD" ReportingCurrency="USD" ExchangeRate="1.00000" LatestAvailableDate="2020-12-31">
		<Group ID="Price and Volume">
			<Ratio FieldName="NPRICE" Type="N">15.58000</Ratio>
			<Ratio FieldName="NHIG" Type="N">20.03000</Ratio>
			<Ratio FieldName="NLOW" Type="N">9.01000</Ratio>
			<Ratio FieldName="PDATE" Type="D">2021-02-04T00:00:00</Ratio>
			<Ratio FieldName="VOL10DAVG" Type="N">0.03883</Ratio>
			<Ratio FieldName="EV" Type="N">708.27360</Ratio>
		</Group>
		<Group ID="Income Statement">
			<Ratio FieldName="MKTCAP" Type="N">615.69760</Ratio>
			<Ratio FieldName="TTMREV" Type="N">-99999.99000</Ratio>
			<Ratio FieldName="TTMEBITD" Type="N">-99999.99000</Ratio>
			<Ratio FieldName="TTMNIAC" Type="N">-99999.99000</Ratio>
		</Group>
		<Group ID="Per share data">
			<Ratio FieldName="TTMEPSXCLX" Type="N">-99999.99000</Ratio>
			<Ratio FieldName="TTMREVPS" Type="N">-99999.99000</Ratio>
			<Ratio FieldName="QBVPS" Type="N">18.58802</Ratio>
			<Ratio FieldName="QCSHPS" Type="N">0.71605</Ratio>
			<Ratio FieldName="TTMCFSHR" Type="N">-99999.99000</Ratio>
			<Ratio FieldName="TTMDIVSHR" Type="N">-99999.99000</Ratio>
		</Group>
		<Group ID="Other Ratios">
			<Ratio FieldName="TTMGROSMGN" Type="N">-99999.99000</Ratio>
			<Ratio FieldName="TTMROEPCT" Type="N">-99999.99000</Ratio>
			<Ratio FieldName="TTMPR2REV" Type="N">-99999.99000</Ratio>
			<Ratio FieldName="PEEXCLXOR" Type="N">-99999.99000</Ratio>
			<Ratio FieldName="PRICE2BK" Type="N">0.83817</Ratio>
			<Ratio FieldName="Employees" Type="N">829</Ratio>
		</Group>
	</Ratios>
	<ForecastData ConsensusType="Mean" CurFiscalYear="2021" CurFiscalYearEndMonth="12" CurInterimEndCalYear="2021" CurInterimEndMonth="3" EarningsBasis="PRX">
		<Ratio FieldName="ConsRecom" Type="N">
			<Value PeriodType="CURR">3</Value>
		</Ratio>
		<Ratio FieldName="TargetPrice" Type="N">
			<Value PeriodType="CURR">15.16670</Value>
		</Ratio>
		<Ratio FieldName="ProjLTGrowthRate" Type="N">
			<Value PeriodType="CURR">-99999.99000</Value>
		</Ratio>
		<Ratio FieldName="ProjPE" Type="N">
			<Value PeriodType="CURR">17.31111</Value>
		</Ratio>
		<Ratio FieldName="ProjSales" Type="N">
			<Value PeriodType="CURR">242.59670</Value>
		</Ratio>
		<Ratio FieldName="ProjSalesQ" Type="N">
			<Value PeriodType="CURR">59.47970</Value>
		</Ratio>
		<Ratio FieldName="ProjEPS" Type="N">
			<Value PeriodType="CURR">0.90000</Value>
		</Ratio>
		<Ratio FieldName="ProjEPSQ" Type="N">
			<Value PeriodType="CURR">0.23330</Value>
		</Ratio>
		<Ratio FieldName="ProjProfit" Type="N">
			<Value PeriodType="CURR">44.44670</Value>
		</Ratio>
		<Ratio FieldName="ProjDPS" Type="N">
			<Value PeriodType="CURR">0.00000</Value>
		</Ratio>
	</ForecastData>
</ReportSnapshot>
