<?xml version="1.0" encoding="UTF-8"?>
<ReportSnapshot Major="1" Minor="0" Revision="1">
	<CoIDs>
		<CoID Type="RepNo">B1639</CoID>
		<CoID Type="CompanyName">Aemetis Inc</CoID>
		<CoID Type="IRSNo">840925128</CoID>
		<CoID Type="CIKNo">0000738214</CoID>
		<CoID Type="OrganizationPermID">4295902167</CoID>
	</CoIDs>
	<Issues>
		<Issue ID="1" Type="C" Desc="Common Stock" Order="1">
			<IssueID Type="Name">Ordinary Shares</IssueID>
			<IssueID Type="Ticker">AMTX</IssueID>
			<IssueID Type="RIC">AMTX.O</IssueID>
			<IssueID Type="DisplayRIC">AMTX.OQ</IssueID>
			<IssueID Type="InstrumentPI">19582852</IssueID>
			<IssueID Type="QuotePI">160213919</IssueID>
			<IssueID Type="InstrumentPermID">8590002714</IssueID>
			<IssueID Type="QuotePermID">21542625669</IssueID>
			<Exchange Code="NASD" Country="USA">NASDAQ</Exchange>
			<GlobalListingType>OSR</GlobalListingType>
			<MostRecentSplit Date="2014-05-15">0.1</MostRecentSplit>
		</Issue>
		<Issue ID="2" Type="P" Desc="Preferred Stock" Order="1">
			<IssueID Type="Name">Preference Shares Series A</IssueID>
			<IssueID Type="InstrumentPI">97401457</IssueID>
			<IssueID Type="InstrumentPermID">21478698707</IssueID>
			<Exchange Code="OTC" Country="USA">Over The Counter</Exchange>
		</Issue>
		<Issue ID="3" Type="P" Desc="Preferred Stock" Order="2">
			<IssueID Type="Name">Preference Shares Series B</IssueID>
			<IssueID Type="InstrumentPI">97408660</IssueID>
			<IssueID Type="InstrumentPermID">21478700324</IssueID>
			<Exchange Code="OTC" Country="USA">Over The Counter</Exchange>
		</Issue>
	</Issues>
	<CoGeneralInfo>
		<CoStatus Code="1">Active</CoStatus>
		<CoType Code="EQU">Equity Issue</CoType>
		<LastModified>2020-11-20</LastModified>
		<LatestAvailableAnnual>2019-12-31</LatestAvailableAnnual>
		<LatestAvailableInterim>2020-09-30</LatestAvailableInterim>
		<Employees LastUpdated="2019-12-31">160</Employees>
		<SharesOut Date="2020-10-31" TotalFloat="19616965.0">21815654.0</SharesOut>
		<ReportingCurrency Code="USD">U.S. Dollars</ReportingCurrency>
		<MostRecentExchange Date="2021-02-03">1.0</MostRecentExchange>
	</CoGeneralInfo>
	<TextInfo>
		<Text Type="Business Summary" lastModified="2016-05-31T02:33:20">Aemetis, Inc. is an international renewable fuels and biochemicals company. The Company is focused on the production of fuels and chemicals through the acquisition, development and commercialization of technologies that replace traditional petroleum-based products by conversion of first-generation ethanol and biodiesel plants into biorefineries. Its segments include North America and India. The North America segment includes the Company's approximately 60 million gallon per year capacity ethanol manufacturing plant in Keyes, California and its technology lab in College Park, Maryland. The India segment includes the Company's over 50 million gallon per year capacity biodiesel manufacturing plant in Kakinada, the administrative offices in Hyderabad, India, and the holding companies in Nevada and Mauritius. The Keyes plant produces denatured ethanol, Wet Distillers Grains, corn oil and Condensed Distillers Solubles. It produces biodiesel and refined glycerin at the Kakinada plant.</Text>
		<Text Type="Financial Summary" lastModified="2020-11-20T05:06:10">BRIEF: For the nine months ended 30 September 2020, AemetisInc revenues decreased 14% to $128.2M. Net loss decreased24% to $22.1M. Revenues reflect India segment decrease of61% to $14M. Lower net loss reflects Interest rate expensedecrease of 64% to $5.6M (expense), Loss contingency onlitigation decrease from $6.2M (expense) to $0K. BasicEarnings per Share excluding Extraordinary Items increasedfrom -$1.42 to -$1.06.</Text>
	</TextInfo>
	<contactInfo lastUpdated="2020-12-22T08:44:32">
		<streetAddress line="1">20400 Stevens Creek Blvd Ste 700</streetAddress>
		<streetAddress line="2"></streetAddress>
		<streetAddress line="3"></streetAddress>
		<city>CUPERTINO</city>
		<state-region>CA</state-region>
		<postalCode>95014-2296</postalCode>
		<country code="USA">United States</country>
		<contactName></contactName>
		<contactTitle></contactTitle>
		<phone>
			<phone type="mainphone">
				<countryPhoneCode>1</countryPhoneCode>
				<city-areacode>408</city-areacode>
				<number>5173304</number>
			</phone>
			<phone type="mainfax">
				<countryPhoneCode>1</countryPhoneCode>
				<city-areacode>408</city-areacode>
				<number>2528044</number>
			</phone>
		</phone>
	</contactInfo>
	<webLinks lastUpdated="2019-12-02T11:02:20"><webSite mainCategory="Home Page">http://www.aemetis.com/</webSite><eMail mainCategory="Company Contact/E-mail">investors@aemetis.com</eMail></webLinks>
	<peerInfo lastUpdated="2020-12-22T08:44:32">
		<IndustryInfo>
			<Industry type="TRBC" order="1" reported="0" code="5020102012" mnem="">Ethanol Fuels</Industry>
			<Industry type="NAICS" order="1" reported="0" code="325193" mnem="">Ethyl Alcohol Mfg</Industry>
			<Industry type="NAICS" order="2" reported="0" code="325188" mnem="">All Other Basic Inorganic Chemical Mfg</Industry>
			<Industry type="NAICS" order="3" reported="0" code="311119" mnem="">Other Animal Food Mfg</Industry>
			<Industry type="SIC" order="1" reported="0" code="2869" mnem="">Industrial Organic Chemicals, Nec</Industry>
			<Industry type="SIC" order="2" reported="0" code="2819" mnem="">Indust'L Inorganic Chemicals, Nec</Industry>
			<Industry type="SIC" order="3" reported="0" code="2048" mnem="">Prepared Feeds, Nec</Industry>
		</IndustryInfo>
	</peerInfo>
	<officers>
		<officer rank="1" since="02/2006">
			<firstName>Eric</firstName>
			<mI>A.</mI>
			<lastName>McAfee</lastName>
			<age>57 </age>
			<title startYear="2018" startMonth="12" startDay="31" iD1="CHM" abbr1="Chmn." iD2="CEO" abbr2="CEO">Chairman of the Board, Chief Executive Officer, Co-Founder</title>
		</officer>
		<officer rank="2" since="03/12/2010">
			<firstName>Todd</firstName>
			<mI>A.</mI>
			<lastName>Waltz</lastName>
			<age>58 </age>
			<title startYear="2010" startMonth="03" startDay="12" iD1="CFO" abbr1="CFO" iD2="EVP" abbr2="Exec. VP">Chief Financial Officer, Executive Vice President, Secretary</title>
		</officer>
		<officer rank="3" since="06/2008">
			<firstName>Andrew</firstName>
			<mI>B</mI>
			<lastName>Foster</lastName>
			<age>54 </age>
			<title startYear="2010" startMonth="03" startDay="" iD1="COO" abbr1="COO" iD2="EVP" abbr2="Exec. VP">Chief Operating Officer, Executive Vice President</title>
		</officer>
	</officers>
	<Ratios PriceCurrency="USD" ReportingCurrency="USD" ExchangeRate="1.00000" LatestAvailableDate="2020-09-30">
		<Group ID="Price and Volume">
			<Ratio FieldName="NPRICE" Type="N">7.38000</Ratio>
			<Ratio FieldName="NHIG" Type="N">11.00000</Ratio>
			<Ratio FieldName="NLOW" Type="N">0.37050</Ratio>
			<Ratio FieldName="PDATE" Type="D">2021-02-04T00:00:00</Ratio>
			<Ratio FieldName="VOL10DAVG" Type="N">10.39675</Ratio>
			<Ratio FieldName="EV" Type="N">420.87850</Ratio>
		</Group>
		<Group ID="Income Statement">
			<Ratio FieldName="MKTCAP" Type="N">160.99950</Ratio>
			<Ratio FieldName="TTMREV" Type="N">180.32900</Ratio>
			<Ratio FieldName="TTMEBITD" Type="N">7.55300</Ratio>
			<Ratio FieldName="TTMNIAC" Type="N">-28.80200</Ratio>
		</Group>
		<Group ID="Per share data">
			<Ratio FieldName="TTMEPSXCLX" Type="N">-1.39256</Ratio>
			<Ratio FieldName="TTMREVPS" Type="N">8.66623</Ratio>
			<Ratio FieldName="QBVPS" Type="N">-8.34941</Ratio>
			<Ratio FieldName="QCSHPS" Type="N">0.00376</Ratio>
			<Ratio FieldName="TTMCFSHR" Type="N">-1.19626</Ratio>
			<Ratio FieldName="TTMDIVSHR" Type="N">0.00000</Ratio>
		</Group>
		<Group ID="Other Ratios">
			<Ratio FieldName="TTMGROSMGN" Type="N">11.19676</Ratio>
			<Ratio FieldName="TTMROEPCT" Type="N">-99999.99000</Ratio>
			<Ratio FieldName="TTMPR2REV" Type="N">0.89281</Ratio>
			<Ratio FieldName="PEEXCLXOR" Type="N">-99999.99000</Ratio>
			<Ratio FieldName="PRICE2BK" Type="N">-99999.99000</Ratio>
			<Ratio FieldName="Employees" Type="N">160</Ratio>
		</Group>
	</Ratios>
	<ForecastData ConsensusType="Mean" CurFiscalYear="2020" CurFiscalYearEndMonth="12" CurInterimEndCalYear="2020" CurInterimEndMonth="12" EarningsBasis="REP">
		<Ratio FieldName="ConsRecom" Type="N">
			<Value PeriodType="CURR">2</Value>
		</Ratio>
		<Ratio FieldName="TargetPrice" Type="N">
			<Value PeriodType="CURR">4.50000</Value>
		</Ratio>
		<Ratio FieldName="ProjLTGrowthRate" Type="N">
			<Value PeriodType="CURR">-99999.99000</Value>
		</Ratio>
		<Ratio FieldName="ProjPE" Type="N">
			<Value PeriodType="CURR">-4.59813</Value>
		</Ratio>
		<Ratio FieldName="ProjSales" Type="N">
			<Value PeriodType="CURR">178.09150</Value>
		</Ratio>
		<Ratio FieldName="ProjSalesQ" Type="N">
			<Value PeriodType="CURR">49.87800</Value>
		</Ratio>
		<Ratio FieldName="ProjEPS" Type="N">
			<Value PeriodType="CURR">-1.60500</Value>
		</Ratio>
		<Ratio FieldName="ProjEPSQ" Type="N">
			<Value PeriodType="CURR">-0.54500</Value>
		</Ratio>
		<Ratio FieldName="ProjProfit" Type="N">
			<Value PeriodType="CURR">-35.15500</Value>
		</Ratio>
		<Ratio FieldName="ProjDPS" Type="N">
			<Value PeriodType="CURR">-99999.99000</Value>
		</Ratio>
	</ForecastData>
</ReportSnapshot>
