<?xml version="1.0" encoding="UTF-8"?>
<ReportSnapshot Major="1" Minor="0" Revision="1">
	<CoIDs>
		<CoID Type="RepNo">04300</CoID>
		<CoID Type="CompanyName">American National Group Inc</CoID>
		<CoID Type="IRSNo">301221711</CoID>
		<CoID Type="CIKNo">0001801075</CoID>
		<CoID Type="OrganizationPermID">5073494343</CoID>
	</CoIDs>
	<Issues>
		<Issue ID="1" Type="C" Desc="Common Stock" Order="1">
			<IssueID Type="Name">Ordinary Shares</IssueID>
			<IssueID Type="Ticker">ANAT</IssueID>
			<IssueID Type="RIC">ANAT.O</IssueID>
			<IssueID Type="DisplayRIC">ANAT.OQ</IssueID>
			<IssueID Type="InstrumentPI">259713</IssueID>
			<IssueID Type="QuotePI">7656845</IssueID>
			<IssueID Type="InstrumentPermID">8590932940</IssueID>
			<IssueID Type="QuotePermID">55835313506</IssueID>
			<Exchange Code="NASD" Country="USA">NASDAQ</Exchange>
			<GlobalListingType>OSR</GlobalListingType>
		</Issue>
	</Issues>
	<CoGeneralInfo>
		<CoStatus Code="1">Active</CoStatus>
		<CoType Code="EQU">Equity Issue</CoType>
		<LastModified>2020-11-05</LastModified>
		<LatestAvailableAnnual>2019-12-31</LatestAvailableAnnual>
		<LatestAvailableInterim>2020-09-30</LatestAvailableInterim>
		<Employees LastUpdated="2018-12-31">4640</Employees>
		<SharesOut Date="2020-10-29" TotalFloat="20558984.0">26887200.0</SharesOut>
		<ReportingCurrency Code="USD">U.S. Dollars</ReportingCurrency>
		<MostRecentExchange Date="2021-02-03">1.0</MostRecentExchange>
	</CoGeneralInfo>
	<TextInfo>
		<Text Type="Business Summary" lastModified="2020-07-06T11:24:51">American National Group Inc, formerly American National Insurance Company, is engaged in life insurance, annuities, and property and casualty insurance. Its family of companies includes six life insurance companies, eight property and casualty insurance companies, and various non-insurance subsidiaries. Its segments include Life, which offers products, such as Whole Life, Term Life, Universal Life, Variable Universal Life and Credit Life Insurance; Annuity, including products, such as Deferred Annuity, Single Premium Immediate Annuity and Variable Annuity; Health, including, such as Medicare Supplement, Supplemental Insurance, Stop-Loss, Credit Disability and Medical Expense; Property and Casualty, which offers products, such as Personal Lines, Commercial Lines and Credit-Related Property Insurance products, and Corporate and Other, which consists of its invested assets that are not used to support insurance activities, and non-insurance subsidiaries.</Text>
		<Text Type="Financial Summary" lastModified="2020-11-05T16:02:08">BRIEF: For the nine months ended 30 September 2020,American National Group Inc revenues decreased 6% to$2.58B. Net income applicable to common stockholdersdecreased 64% to $161.2M. Revenues reflect Corporate &amp;Other segment decrease of 83% to $64.8M. Net income alsoreflects Loss Ratio -%  - Agribusiness - Commeric decreaseof 23% to 56.1%, Realized G/L-Invest Sec AFS/HTM-Businessdecrease of 58% to $118.4M (income).</Text>
	</TextInfo>
	<contactInfo lastUpdated="2020-11-05T16:03:17">
		<streetAddress line="1">One Moody Plaza</streetAddress>
		<streetAddress line="2"></streetAddress>
		<streetAddress line="3"></streetAddress>
		<city>GALVESTON</city>
		<state-region>TX</state-region>
		<postalCode>77550-7999</postalCode>
		<country code="USA">United States</country>
		<contactName></contactName>
		<contactTitle></contactTitle>
		<phone>
			<phone type="mainphone">
				<countryPhoneCode>1</countryPhoneCode>
				<city-areacode>409</city-areacode>
				<number>7634661</number>
			</phone>
			<phone type="mainfax">
				<countryPhoneCode>1</countryPhoneCode>
				<city-areacode>302</city-areacode>
				<number>6555049</number>
			</phone>
		</phone>
	</contactInfo>
	<webLinks lastUpdated=""><webSite mainCategory=""></webSite><eMail mainCategory=""></eMail></webLinks>
	<peerInfo lastUpdated="2020-11-05T16:03:17">
		<IndustryInfo>
			<Industry type="TRBC" order="1" reported="0" code="5530101010" mnem="">Multiline Insurance &amp; Brokers - NEC</Industry>
			<Industry type="NAICS" order="1" reported="0" code="524126" mnem="">Direct Property &amp; Casualty Insurance Carriers</Industry>
			<Industry type="NAICS" order="2" reported="0" code="524113" mnem="">Direct Life Insurance Carriers</Industry>
			<Industry type="NAICS" order="3" reported="0" code="524114" mnem="">Direct Health &amp; Medical Insurance Carriers</Industry>
			<Industry type="NAICS" order="4" reported="0" code="523930" mnem="">Investment Advice</Industry>
			<Industry type="SIC" order="0" reported="1" code="6311" mnem="">Life Insurance</Industry>
			<Industry type="SIC" order="1" reported="0" code="6331" mnem="">Fire/marine/casualty Insurance</Industry>
			<Industry type="SIC" order="2" reported="0" code="6311" mnem="">Life Insurance</Industry>
			<Industry type="SIC" order="3" reported="0" code="6324" mnem="">Hospital/medical Service Plans</Industry>
			<Industry type="SIC" order="4" reported="0" code="6282" mnem="">Investment Advice</Industry>
		</IndustryInfo>
	</peerInfo>
	<officers></officers>
	<Ratios PriceCurrency="USD" ReportingCurrency="USD" ExchangeRate="1.00000" LatestAvailableDate="2020-09-30">
		<Group ID="Price and Volume">
			<Ratio FieldName="NPRICE" Type="N">92.21000</Ratio>
			<Ratio FieldName="NHIG" Type="N">113.92000</Ratio>
			<Ratio FieldName="NLOW" Type="N">63.93000</Ratio>
			<Ratio FieldName="PDATE" Type="D">2021-02-04T00:00:00</Ratio>
			<Ratio FieldName="VOL10DAVG" Type="N">0.02903</Ratio>
			<Ratio FieldName="EV" Type="N">2249.97400</Ratio>
		</Group>
		<Group ID="Income Statement">
			<Ratio FieldName="MKTCAP" Type="N">2479.26900</Ratio>
			<Ratio FieldName="TTMREV" Type="N">3500.50900</Ratio>
			<Ratio FieldName="TTMEBITD" Type="N">431.78400</Ratio>
			<Ratio FieldName="TTMNIAC" Type="N">332.27500</Ratio>
		</Group>
		<Group ID="Per share data">
			<Ratio FieldName="TTMEPSXCLX" Type="N">12.35473</Ratio>
			<Ratio FieldName="TTMREVPS" Type="N">130.19030</Ratio>
			<Ratio FieldName="QBVPS" Type="N">228.60350</Ratio>
			<Ratio FieldName="QCSHPS" Type="N">32.88119</Ratio>
			<Ratio FieldName="TTMCFSHR" Type="N">13.42141</Ratio>
			<Ratio FieldName="TTMDIVSHR" Type="N">3.28000</Ratio>
		</Group>
		<Group ID="Other Ratios">
			<Ratio FieldName="TTMGROSMGN" Type="N">-99999.99000</Ratio>
			<Ratio FieldName="TTMROEPCT" Type="N">5.55036</Ratio>
			<Ratio FieldName="TTMPR2REV" Type="N">0.70826</Ratio>
			<Ratio FieldName="PEEXCLXOR" Type="N">7.46354</Ratio>
			<Ratio FieldName="PRICE2BK" Type="N">0.40336</Ratio>
			<Ratio FieldName="Employees" Type="N">4640</Ratio>
		</Group>
	</Ratios>
	<ForecastData ConsensusType="Mean" CurFiscalYear="2017" CurFiscalYearEndMonth="12" CurInterimEndCalYear="2017" CurInterimEndMonth="12" EarningsBasis="PRX">
		<Ratio FieldName="ConsRecom" Type="N">
			<Value PeriodType="CURR">-99999.99000</Value>
		</Ratio>
		<Ratio FieldName="TargetPrice" Type="N">
			<Value PeriodType="CURR">-99999.99000</Value>
		</Ratio>
		<Ratio FieldName="ProjLTGrowthRate" Type="N">
			<Value PeriodType="CURR">-99999.99000</Value>
		</Ratio>
		<Ratio FieldName="ProjPE" Type="N">
			<Value PeriodType="CURR">-99999.99000</Value>
		</Ratio>
		<Ratio FieldName="ProjSales" Type="N">
			<Value PeriodType="CURR">-99999.99000</Value>
		</Ratio>
		<Ratio FieldName="ProjSalesQ" Type="N">
			<Value PeriodType="CURR">-99999.99000</Value>
		</Ratio>
		<Ratio FieldName="ProjEPS" Type="N">
			<Value PeriodType="CURR">-99999.99000</Value>
		</Ratio>
		<Ratio FieldName="ProjEPSQ" Type="N">
			<Value PeriodType="CURR">-99999.99000</Value>
		</Ratio>
		<Ratio FieldName="ProjProfit" Type="N">
			<Value PeriodType="CURR">-99999.99000</Value>
		</Ratio>
		<Ratio FieldName="ProjDPS" Type="N">
			<Value PeriodType="CURR">-99999.99000</Value>
		</Ratio>
	</ForecastData>
</ReportSnapshot>
