<?xml version="1.0" encoding="UTF-8"?>
<ReportSnapshot Major="1" Minor="0" Revision="1">
	<CoIDs>
		<CoID Type="RepNo">06E68</CoID>
		<CoID Type="CompanyName">Anchiano Therapeutics Ltd - ADR</CoID>
		<CoID Type="CIKNo">0001534248</CoID>
		<CoID Type="OrganizationPermID">5037249677</CoID>
	</CoIDs>
	<Issues>
		<Issue ID="1" Type="C" Desc="Common Stock" Order="1">
			<IssueID Type="Name">ADR</IssueID>
			<IssueID Type="Ticker">ANCN</IssueID>
			<IssueID Type="RIC">ANCN.O</IssueID>
			<IssueID Type="DisplayRIC">ANCN.O</IssueID>
			<IssueID Type="InstrumentPI">77243239</IssueID>
			<IssueID Type="QuotePI">349534881</IssueID>
			<IssueID Type="InstrumentPermID">21475135821</IssueID>
			<IssueID Type="QuotePermID">25727382346</IssueID>
			<Exchange Code="NASD" Country="USA">NASDAQ</Exchange>
			<GlobalListingType SharesPerListing="5.0">ADR</GlobalListingType>
		</Issue>
	</Issues>
	<CoGeneralInfo>
		<CoStatus Code="1">Active</CoStatus>
		<CoType Code="EQU">Equity Issue</CoType>
		<LastModified>2020-11-23</LastModified>
		<LatestAvailableAnnual>2019-12-31</LatestAvailableAnnual>
		<LatestAvailableInterim>2020-09-30</LatestAvailableInterim>
		<SharesOut Date="2020-09-30" TotalFloat="34649380.0">37099352.0</SharesOut>
		<ReportingCurrency Code="USD">U.S. Dollars</ReportingCurrency>
		<MostRecentExchange Date="2021-02-03">1.0</MostRecentExchange>
	</CoGeneralInfo>
	<TextInfo>
		<Text Type="Business Summary" lastModified="2020-06-12T10:33:35">Anchiano Therapeutics Ltd, formerly known as ABioCancell Therapeutics Inc, is a Israel-based biopharmaceutical company. The Company specializes in the development of patient oriented targeted therapy for the treatment of a wide range of cancers. Its therapeutic and diagnostic technology, BC-819, constitutes a search and destroys paradigm for the targeted destruction of cancer cells with no effect on surrounding tissue and no observed side effects for long-term, safe treatment and prevention of cancer. The patient oriented targeted therapy approach is based on the identification of particular genes that are expressed only in tumors.</Text>
		<Text Type="Financial Summary" lastModified="2020-11-23T02:03:56">BRIEF: For the nine months ended 30 September 2020,Anchiano Therapeutics Ltd - ADR revenues was not reported.Net loss decreased 56% to $9.5M. Lower net loss reflectsResearch and development - Balancing val decrease of 68% to$3.8M (expense), Interest Expense/Income - Net increasefrom $4.3M (expense) to $19K (income), Stock-basedCompensation in R&amp;D decrease from $438K (expense) to $163K(income).</Text>
	</TextInfo>
	<contactInfo lastUpdated="2020-12-15T09:33:17">
		<streetAddress line="1">1/3 High-Tech Village, Givat Ram,</streetAddress>
		<streetAddress line="2">PO Box 45032</streetAddress>
		<streetAddress line="3"></streetAddress>
		<city>JERUSALEM</city>
		<state-region></state-region>
		<postalCode>9139102</postalCode>
		<country code="ISR">Israel</country>
		<contactName></contactName>
		<contactTitle></contactTitle>
		<phone>
			<phone type="mainphone">
				<countryPhoneCode>972</countryPhoneCode>
				<city-areacode>2</city-areacode>
				<number>5486555</number>
			</phone>
			<phone type="mainfax">
				<countryPhoneCode>972</countryPhoneCode>
				<city-areacode>2</city-areacode>
				<number>5486550</number>
			</phone>
		</phone>
	</contactInfo>
	<webLinks lastUpdated="2019-06-20T04:00:02"><webSite mainCategory="Home Page">https://www.anchiano.com/</webSite><eMail mainCategory="Company Contact/E-mail">info@anchiano.com</eMail></webLinks>
	<peerInfo lastUpdated="2020-12-15T09:33:17">
		<IndustryInfo>
			<Industry type="TRBC" order="1" reported="0" code="5620201011" mnem="">Bio Therapeutic Drugs</Industry>
			<Industry type="NAICS" order="1" reported="0" code="541712" mnem="">Research and Development in the Physical, Engineering, and Life Sciences (except Biotechnology)</Industry>
			<Industry type="NAICS" order="2" reported="0" code="325412" mnem="">Pharmaceutical Preparation Mfg</Industry>
			<Industry type="SIC" order="1" reported="0" code="8731" mnem="">Commercial Physical Research</Industry>
			<Industry type="SIC" order="2" reported="0" code="2834" mnem="">Pharmaceutical Preparations</Industry>
		</IndustryInfo>
	</peerInfo>
	<officers>
		<officer rank="1" since="05/26/2020">
			<firstName>Stanislav</firstName>
			<mI></mI>
			<lastName>Polovets</lastName>
			<age>57 </age>
			<title startYear="2020" startMonth="05" startDay="26" iD1="CHM" abbr1="Chmn." iD2="DRC" abbr2="Dir.">Chairman of the Board</title>
		</officer>
		<officer rank="2" since="10/20/2020">
			<firstName>Neil</firstName>
			<mI></mI>
			<lastName>Cohen</lastName>
			<age>57 </age>
			<title startYear="2020" startMonth="10" startDay="20" iD1="CEO" abbr1="CEO" iD2="DRC" abbr2="Dir.">Chief Executive Officer, Director</title>
		</officer>
		<officer rank="3" since="10/20/2020">
			<firstName>Andrew</firstName>
			<mI></mI>
			<lastName>Fine</lastName>
			<age>50 </age>
			<title startYear="2020" startMonth="10" startDay="20" iD1="CFO" abbr1="CFO" iD2="" abbr2="">Chief Financial Officer</title>
		</officer>
		<officer rank="4" since="03/01/2018">
			<firstName>Ronald</firstName>
			<mI>K.</mI>
			<lastName>Knickerbocker</lastName>
			<age>54 </age>
			<title startYear="2018" startMonth="03" startDay="01" iD1="SVP" abbr1="Sr. VP" iD2="" abbr2="">Senior Vice President - Clinical Development and Data Sciences</title>
		</officer>
		<officer rank="5" since="03/01/2018">
			<firstName>Sean</firstName>
			<mI>T.</mI>
			<lastName>Daly</lastName>
			<age>48 </age>
			<title startYear="2018" startMonth="03" startDay="01" iD1="VPR" abbr1="VP" iD2="" abbr2="">Vice President - Clinical Operations</title>
		</officer>
		<officer rank="6" since="02/26/2013">
			<firstName>Michal</firstName>
			<mI></mI>
			<lastName>Gilon Ohev-Zion</lastName>
			<age>42 </age>
			<title startYear="2013" startMonth="02" startDay="26" iD1="VRD" abbr1="VP-R.D." iD2="" abbr2="">Vice President - Research &amp; Development</title>
		</officer>
		<officer rank="7" since="08/09/2012">
			<firstName>Joseph</firstName>
			<mI></mI>
			<lastName>Ginossar</lastName>
			<age>61 </age>
			<title startYear="2012" startMonth="08" startDay="09" iD1="OTH" abbr1="Other" iD2="" abbr2="">Internal Auditor</title>
		</officer>
		<officer rank="8" since="11/2018">
			<firstName>David</firstName>
			<mI></mI>
			<lastName>Kerstein</lastName>
			<age>36 </age>
			<title startYear="2018" startMonth="11" startDay="" iD1="OTH" abbr1="Other" iD2="" abbr2="">Chief Medical Officer</title>
		</officer>
	</officers>
	<Ratios PriceCurrency="USD" ReportingCurrency="USD" ExchangeRate="1.00000" LatestAvailableDate="2020-09-30">
		<Group ID="Price and Volume">
			<Ratio FieldName="NPRICE" Type="N">2.56000</Ratio>
			<Ratio FieldName="NHIG" Type="N">5.49000</Ratio>
			<Ratio FieldName="NLOW" Type="N">0.51363</Ratio>
			<Ratio FieldName="PDATE" Type="D">2021-02-04T00:00:00</Ratio>
			<Ratio FieldName="VOL10DAVG" Type="N">0.18687</Ratio>
			<Ratio FieldName="EV" Type="N">88.20634</Ratio>
		</Group>
		<Group ID="Income Statement">
			<Ratio FieldName="MKTCAP" Type="N">94.97434</Ratio>
			<Ratio FieldName="TTMREV" Type="N">-99999.99000</Ratio>
			<Ratio FieldName="TTMEBITD" Type="N">-99999.99000</Ratio>
			<Ratio FieldName="TTMNIAC" Type="N">-99999.99000</Ratio>
		</Group>
		<Group ID="Per share data">
			<Ratio FieldName="TTMEPSXCLX" Type="N">-99999.99000</Ratio>
			<Ratio FieldName="TTMREVPS" Type="N">-99999.99000</Ratio>
			<Ratio FieldName="QBVPS" Type="N">0.72117</Ratio>
			<Ratio FieldName="QCSHPS" Type="N">0.91215</Ratio>
			<Ratio FieldName="TTMCFSHR" Type="N">-99999.99000</Ratio>
			<Ratio FieldName="TTMDIVSHR" Type="N">-99999.99000</Ratio>
		</Group>
		<Group ID="Other Ratios">
			<Ratio FieldName="TTMGROSMGN" Type="N">-99999.99000</Ratio>
			<Ratio FieldName="TTMROEPCT" Type="N">-99999.99000</Ratio>
			<Ratio FieldName="TTMPR2REV" Type="N">-99999.99000</Ratio>
			<Ratio FieldName="PEEXCLXOR" Type="N">-99999.99000</Ratio>
			<Ratio FieldName="PRICE2BK" Type="N">3.54978</Ratio>
			<Ratio FieldName="Employees" Type="N">-99999.99000</Ratio>
		</Group>
	</Ratios>
	<ForecastData ConsensusType="Mean" CurFiscalYear="2020" CurFiscalYearEndMonth="12" CurInterimEndCalYear="2020" CurInterimEndMonth="12" EarningsBasis="REP">
		<Ratio FieldName="ConsRecom" Type="N">
			<Value PeriodType="CURR">3</Value>
		</Ratio>
		<Ratio FieldName="TargetPrice" Type="N">
			<Value PeriodType="CURR">-99999.99000</Value>
		</Ratio>
		<Ratio FieldName="ProjLTGrowthRate" Type="N">
			<Value PeriodType="CURR">-99999.99000</Value>
		</Ratio>
		<Ratio FieldName="ProjPE" Type="N">
			<Value PeriodType="CURR">-99999.99000</Value>
		</Ratio>
		<Ratio FieldName="ProjSales" Type="N">
			<Value PeriodType="CURR">-99999.99000</Value>
		</Ratio>
		<Ratio FieldName="ProjSalesQ" Type="N">
			<Value PeriodType="CURR">-99999.99000</Value>
		</Ratio>
		<Ratio FieldName="ProjEPS" Type="N">
			<Value PeriodType="CURR">-99999.99000</Value>
		</Ratio>
		<Ratio FieldName="ProjEPSQ" Type="N">
			<Value PeriodType="CURR">-99999.99000</Value>
		</Ratio>
		<Ratio FieldName="ProjProfit" Type="N">
			<Value PeriodType="CURR">-14.40000</Value>
		</Ratio>
		<Ratio FieldName="ProjDPS" Type="N">
			<Value PeriodType="CURR">-99999.99000</Value>
		</Ratio>
	</ForecastData>
</ReportSnapshot>
