<?xml version="1.0" encoding="UTF-8"?>
<ReportSnapshot Major="1" Minor="0" Revision="1">
	<CoIDs>
		<CoID Type="RepNo">A14C7</CoID>
		<CoID Type="CompanyName">Andersons Inc</CoID>
		<CoID Type="IRSNo">341562374</CoID>
		<CoID Type="CIKNo">0000821026</CoID>
		<CoID Type="OrganizationPermID">4295905559</CoID>
	</CoIDs>
	<Issues>
		<Issue ID="1" Type="C" Desc="Common Stock" Order="1">
			<IssueID Type="Name">Ordinary Shares</IssueID>
			<IssueID Type="Ticker">ANDE</IssueID>
			<IssueID Type="RIC">ANDE.O</IssueID>
			<IssueID Type="DisplayRIC">ANDE.OQ</IssueID>
			<IssueID Type="InstrumentPI">275741</IssueID>
			<IssueID Type="QuotePI">7656861</IssueID>
			<IssueID Type="InstrumentPermID">8590920504</IssueID>
			<IssueID Type="QuotePermID">55835313505</IssueID>
			<Exchange Code="NASD" Country="USA">NASDAQ</Exchange>
			<GlobalListingType>OSR</GlobalListingType>
			<MostRecentSplit Date="2014-02-19">1.49999</MostRecentSplit>
		</Issue>
	</Issues>
	<CoGeneralInfo>
		<CoStatus Code="1">Active</CoStatus>
		<CoType Code="EQU">Equity Issue</CoType>
		<LastModified>2020-11-06</LastModified>
		<LatestAvailableAnnual>2019-12-31</LatestAvailableAnnual>
		<LatestAvailableInterim>2020-09-30</LatestAvailableInterim>
		<Employees LastUpdated="2019-12-31">2247</Employees>
		<SharesOut Date="2020-10-23" TotalFloat="30788342.0">32978498.0</SharesOut>
		<ReportingCurrency Code="USD">U.S. Dollars</ReportingCurrency>
		<MostRecentExchange Date="2021-02-03">1.0</MostRecentExchange>
	</CoGeneralInfo>
	<TextInfo>
		<Text Type="Business Summary" lastModified="2020-01-14T05:50:24">The Andersons, Inc. is a diversified company that operates in agriculture business. The Company conducts business across North America in the commodity trading, ethanol, plant nutrient and rail sectors. The Company operates through four segments: Trade Group, Plant Nutrient Group, Ethanol Group and Rail Group. Its Trade Group specializes in the movement and merchandising of physical commodities, such as whole grains and feed ingredients, while providing marketing and risk management services to customers. Its Plant Nutrient Group formulates, stores and distributes plant nutrients, specialty and industrial inputs, as well as corncob-based products. Its Ethanol Group operates five United States ethanol plants and provides risk management, ethanol and distiller dried grains marketing. Its Rail Group leases, repairs and sells various types of railcars, locomotives and barges.</Text>
		<Text Type="Financial Summary" lastModified="2020-11-06T21:54:33">BRIEF: For the nine months ended 30 September 2020,Andersons Inc revenues decreased 10% to $5.67B. Net losstotaled $8.3M vs. income of $11.7M. Revenues reflect Tradesegment decrease of 16% to $4.16B, Rail segment decrease of12% to $109.2M. Net loss reflects FV/Uls Adjust onDerivatives for Hedging decrease from $445K (income) to$598K (expense). Dividend per share increased from $0.51 to$0.53.</Text>
	</TextInfo>
	<contactInfo lastUpdated="2021-01-22T16:36:16">
		<streetAddress line="1">1947 Briarfield Blvd</streetAddress>
		<streetAddress line="2"></streetAddress>
		<streetAddress line="3"></streetAddress>
		<city>MAUMEE</city>
		<state-region>OH</state-region>
		<postalCode>43537-9803</postalCode>
		<country code="USA">United States</country>
		<contactName>John Kraus</contactName>
		<contactTitle>IR Contact Officer</contactTitle>
		<phone>
			<phone type="mainphone">
				<countryPhoneCode>1</countryPhoneCode>
				<city-areacode>419</city-areacode>
				<number>8935050</number>
			</phone>
			<phone type="mainfax">
				<countryPhoneCode>1</countryPhoneCode>
				<city-areacode>800</city-areacode>
				<number>5373370</number>
			</phone>
			<phone type="contactphone">
				<countryPhoneCode>1</countryPhoneCode>
				<city-areacode>419</city-areacode>
				<number>8916544</number>
			</phone>
		</phone>
	</contactInfo>
	<webLinks lastUpdated="2019-07-29T08:30:02"><webSite mainCategory="Home Page">https://andersonsinc.com/</webSite><eMail mainCategory="Company Contact/E-mail">InvestorRelations@andersonsinc.com</eMail></webLinks>
	<peerInfo lastUpdated="2021-01-22T16:36:16">
		<IndustryInfo>
			<Industry type="TRBC" order="1" reported="0" code="5410201026" mnem="">Fishing &amp; Farming Wholesale</Industry>
			<Industry type="NAICS" order="1" reported="0" code="424510" mnem="">Grain and Field Bean Merchant Wholesalers</Industry>
			<Industry type="NAICS" order="2" reported="0" code="424910" mnem="">Farm Supplies Merchant Wholesalers</Industry>
			<Industry type="NAICS" order="3" reported="0" code="325193" mnem="">Ethyl Alcohol Mfg</Industry>
			<Industry type="NAICS" order="4" reported="0" code="325311" mnem="">Nitrogenous Fertilizer Mfg</Industry>
			<Industry type="NAICS" order="5" reported="0" code="532411" mnem="">Commercial Trans Equip (exc MV) Rental/Lease</Industry>
			<Industry type="NAICS" order="6" reported="0" code="327410" mnem="">Lime Manufacturing</Industry>
			<Industry type="NAICS" order="7" reported="0" code="327420" mnem="">Gypsum Product Manufacturing</Industry>
			<Industry type="SIC" order="0" reported="1" code="5150" mnem="">Wholesale-Farm Product Raw Materials</Industry>
			<Industry type="SIC" order="1" reported="0" code="5153" mnem="">Grain And Field Beans</Industry>
			<Industry type="SIC" order="2" reported="0" code="5191" mnem="">Farm Supplies</Industry>
			<Industry type="SIC" order="3" reported="0" code="2869" mnem="">Industrial Organic Chemicals, Nec</Industry>
			<Industry type="SIC" order="4" reported="0" code="2873" mnem="">Nitrogenous Fertilizers</Industry>
			<Industry type="SIC" order="5" reported="0" code="7359" mnem="">Equipment Rental &amp; Leasing, Nec</Industry>
			<Industry type="SIC" order="6" reported="0" code="3274" mnem="">Lime</Industry>
			<Industry type="SIC" order="7" reported="0" code="3275" mnem="">Gypsum Products</Industry>
		</IndustryInfo>
		<Indexconstituet>S&amp;P 600 Small Cap</Indexconstituet>
	</peerInfo>
	<officers>
		<officer rank="1" since="1990">
			<firstName>Michael</firstName>
			<mI>J.</mI>
			<lastName>Anderson</lastName>
			<age>68 </age>
			<title startYear="2015" startMonth="11" startDay="02" iD1="CHM" abbr1="Chmn." iD2="DRC" abbr2="Dir.">Chairman of the Board</title>
		</officer>
		<officer rank="2" since="09/09/2015">
			<firstName>Patrick</firstName>
			<mI>E.</mI>
			<lastName>Bowe</lastName>
			<age>61 </age>
			<title startYear="2015" startMonth="11" startDay="02" iD1="PRE" abbr1="Pres." iD2="CEO" abbr2="CEO">President, Chief Executive Officer, Director</title>
		</officer>
		<officer rank="3" since="08/01/2018">
			<firstName>Brian</firstName>
			<mI>A.</mI>
			<lastName>Valentine</lastName>
			<age>50 </age>
			<title startYear="2020" startMonth="" startDay="" iD1="CFO" abbr1="CFO" iD2="EVP" abbr2="Exec. VP">Chief Financial Officer, Executive Vice President</title>
		</officer>
		<officer rank="4" since="12/04/2017">
			<firstName>Jeffrey</firstName>
			<mI>C.</mI>
			<lastName>Blair</lastName>
			<age>47 </age>
			<title startYear="2017" startMonth="12" startDay="04" iD1="CEX" abbr1="Corp. Exec." iD2="" abbr2="">President - Plant Nutrient Group</title>
		</officer>
		<officer rank="5" since="2019">
			<firstName>William</firstName>
			<mI>E.</mI>
			<lastName>Krueger</lastName>
			<age>52 </age>
			<title startYear="2019" startMonth="" startDay="" iD1="CEX" abbr1="Corp. Exec." iD2="" abbr2="">President - Andersons Trade Group</title>
		</officer>
		<officer rank="6" since="01/08/2018">
			<firstName>Joseph</firstName>
			<mI>E.</mI>
			<lastName>McNeely</lastName>
			<age>55 </age>
			<title startYear="2018" startMonth="01" startDay="08" iD1="CEX" abbr1="Corp. Exec." iD2="" abbr2="">President - Rail Group</title>
		</officer>
		<officer rank="7" since="04/01/2019">
			<firstName>James</firstName>
			<mI>J.</mI>
			<lastName>Pirolli</lastName>
			<age>40 </age>
			<title startYear="2021" startMonth="01" startDay="12" iD1="CEX" abbr1="Corp. Exec." iD2="" abbr2="">Group President - Ethanol Group, Senior Vice Presidents - The Andersons Trade and Processing group</title>
		</officer>
		<officer rank="8" since="02/03/2020">
			<firstName>Christine</firstName>
			<mI>M.</mI>
			<lastName>Castellano</lastName>
			<age>54 </age>
			<title startYear="2020" startMonth="02" startDay="03" iD1="EVP" abbr1="Exec. VP" iD2="GCN" abbr2="Counsel">Executive Vice President, General Counsel, Company Secretary</title>
		</officer>
		<officer rank="9" since="09/01/2016">
			<firstName>Anthony</firstName>
			<mI>A.</mI>
			<lastName>Lombardi</lastName>
			<age>61 </age>
			<title startYear="2016" startMonth="09" startDay="01" iD1="CIO" abbr1="CIO" iD2="VPR" abbr2="VP">Chief Information Officer, Vice President</title>
		</officer>
		<officer rank="10" since="11/01/2019">
			<firstName>Brian</firstName>
			<mI>K.</mI>
			<lastName>Walz</lastName>
			<age>50 </age>
			<title startYear="2019" startMonth="11" startDay="01" iD1="VPR" abbr1="VP" iD2="TRS" abbr2="Treas.">Vice President, Treasurer</title>
		</officer>
	</officers>
	<Ratios PriceCurrency="USD" ReportingCurrency="USD" ExchangeRate="1.00000" LatestAvailableDate="2020-09-30">
		<Group ID="Price and Volume">
			<Ratio FieldName="NPRICE" Type="N">25.26000</Ratio>
			<Ratio FieldName="NHIG" Type="N">26.22000</Ratio>
			<Ratio FieldName="NLOW" Type="N">10.00000</Ratio>
			<Ratio FieldName="PDATE" Type="D">2021-02-04T00:00:00</Ratio>
			<Ratio FieldName="VOL10DAVG" Type="N">0.14001</Ratio>
			<Ratio FieldName="EV" Type="N">1903.62190</Ratio>
		</Group>
		<Group ID="Income Statement">
			<Ratio FieldName="MKTCAP" Type="N">833.03690</Ratio>
			<Ratio FieldName="TTMREV" Type="N">7551.12200</Ratio>
			<Ratio FieldName="TTMEBITD" Type="N">206.55500</Ratio>
			<Ratio FieldName="TTMNIAC" Type="N">-1.63200</Ratio>
		</Group>
		<Group ID="Per share data">
			<Ratio FieldName="TTMEPSXCLX" Type="N">-0.05768</Ratio>
			<Ratio FieldName="TTMREVPS" Type="N">228.69370</Ratio>
			<Ratio FieldName="QBVPS" Type="N">27.98734</Ratio>
			<Ratio FieldName="QCSHPS" Type="N">0.40804</Ratio>
			<Ratio FieldName="TTMCFSHR" Type="N">5.01961</Ratio>
			<Ratio FieldName="TTMDIVSHR" Type="N">0.70000</Ratio>
		</Group>
		<Group ID="Other Ratios">
			<Ratio FieldName="TTMGROSMGN" Type="N">5.42423</Ratio>
			<Ratio FieldName="TTMROEPCT" Type="N">-0.17164</Ratio>
			<Ratio FieldName="TTMPR2REV" Type="N">0.11032</Ratio>
			<Ratio FieldName="PEEXCLXOR" Type="N">-99999.99000</Ratio>
			<Ratio FieldName="PRICE2BK" Type="N">0.90255</Ratio>
			<Ratio FieldName="Employees" Type="N">2247</Ratio>
		</Group>
	</Ratios>
	<ForecastData ConsensusType="Mean" CurFiscalYear="2020" CurFiscalYearEndMonth="12" CurInterimEndCalYear="2020" CurInterimEndMonth="12" EarningsBasis="PRX">
		<Ratio FieldName="ConsRecom" Type="N">
			<Value PeriodType="CURR">2.25</Value>
		</Ratio>
		<Ratio FieldName="TargetPrice" Type="N">
			<Value PeriodType="CURR">22.66670</Value>
		</Ratio>
		<Ratio FieldName="ProjLTGrowthRate" Type="N">
			<Value PeriodType="CURR">-99999.99000</Value>
		</Ratio>
		<Ratio FieldName="ProjPE" Type="N">
			<Value PeriodType="CURR">540.89936</Value>
		</Ratio>
		<Ratio FieldName="ProjSales" Type="N">
			<Value PeriodType="CURR">7605.70450</Value>
		</Ratio>
		<Ratio FieldName="ProjSalesQ" Type="N">
			<Value PeriodType="CURR">1940.07500</Value>
		</Ratio>
		<Ratio FieldName="ProjEPS" Type="N">
			<Value PeriodType="CURR">0.04670</Value>
		</Ratio>
		<Ratio FieldName="ProjEPSQ" Type="N">
			<Value PeriodType="CURR">0.54670</Value>
		</Ratio>
		<Ratio FieldName="ProjProfit" Type="N">
			<Value PeriodType="CURR">-2.15000</Value>
		</Ratio>
		<Ratio FieldName="ProjDPS" Type="N">
			<Value PeriodType="CURR">0.69330</Value>
		</Ratio>
	</ForecastData>
</ReportSnapshot>
