<?xml version="1.0" encoding="UTF-8"?>
<ReportSnapshot Major="1" Minor="0" Revision="1">
	<CoIDs>
		<CoID Type="RepNo">EF0E7</CoID>
		<CoID Type="CompanyName">Angion Biomedica Corp</CoID>
		<CoID Type="IRSNo">113430072</CoID>
		<CoID Type="CIKNo">0001601485</CoID>
		<CoID Type="OrganizationPermID">5000644263</CoID>
	</CoIDs>
	<Issues>
		<Issue ID="1" Type="C" Desc="Common Stock" Order="1">
			<IssueID Type="Name">Ordinary Shares</IssueID>
			<IssueID Type="Ticker">ANGN</IssueID>
			<IssueID Type="RIC">ANGN.O</IssueID>
			<IssueID Type="DisplayRIC">ANGN.OQ</IssueID>
			<IssueID Type="InstrumentPI">488899200</IssueID>
			<IssueID Type="QuotePI">488899848</IssueID>
			<Exchange Code="NASD" Country="USA">NASDAQ</Exchange>
			<GlobalListingType>OSR</GlobalListingType>
		</Issue>
	</Issues>
	<CoGeneralInfo>
		<CoStatus Code="1">Active</CoStatus>
		<CoType Code="IPO">Pre-IPO</CoType>
		<LastModified>2021-02-04</LastModified>
		<LatestAvailableAnnual>2019-12-31</LatestAvailableAnnual>
		<LatestAvailableInterim>2020-09-30</LatestAvailableInterim>
		<Employees LastUpdated="2021-01-01">53</Employees>
		<SharesOut Date="2020-09-30" TotalFloat="0.0">9976348.0</SharesOut>
		<ReportingCurrency Code="USD">U.S. Dollars</ReportingCurrency>
		<MostRecentExchange Date="2021-02-03">1.0</MostRecentExchange>
	</CoGeneralInfo>
	<TextInfo>
		<Text Type="Business Summary" lastModified="2021-01-18T22:56:22">Angion Biomedica Corp. is a late-stage biopharmaceutical company. The Company focuses on discovery, development and commercialization of small molecule therapeutics to address acute organ injuries and fibrotic diseases. The Companys lead product candidate is ANG-3777. Its pipeline includes ANG-3070, rho kinase 2 (ROCK2), and CYP11B2. Its ANG-3777 is a hepatocyte growth factor (HGF) mimetic it is evaluating in multiple acute organ injuries and related indications, including acute kidney injury (AKI) and injuries to other organs, such as the lungs, central nervous system (CNS) and heart. It is also evaluating ANG-3777 for indications within acute lung injury (ALI), with focus on acute respiratory distress syndrome (ARDS), as well as acute CNS injuries. The Companys other programs are for the treatment of fibrotic diseases, ANG-3070, a tyrosine kinase inhibitor (TKI), and inhibitor of rho kinase 2 (ROCK2).</Text>
		<Text Type="Financial Summary" lastModified="2021-01-31T23:41:05">BRIEF: For the nine months ended 30 September 2020, AngionBiomedica Corp revenues increased from $791K to $2.4M. Netloss increased from $24.6M to $51.2M. Revenues reflect anincrease in demand for the Company's products and servicesdue to favorable market conditions. Higher net lossreflects General and administrative - Balanci increase from$4.6M to $12.9M (expense), Research and development -Balancing increase of 43% to $26.3M (expense).</Text>
	</TextInfo>
	<contactInfo lastUpdated="2021-02-04T02:19:41">
		<streetAddress line="1">456 Montgomery Street, Suite 1200</streetAddress>
		<streetAddress line="2"></streetAddress>
		<streetAddress line="3"></streetAddress>
		<city>SAN FRANCISCO</city>
		<state-region>CA</state-region>
		<postalCode>94104</postalCode>
		<country code="USA">United States</country>
		<contactName></contactName>
		<contactTitle></contactTitle>
		<phone>
			<phone type="mainphone">
				<countryPhoneCode>1</countryPhoneCode>
				<city-areacode>415</city-areacode>
				<number>6554899</number>
			</phone>
			<phone type="mainfax">
				<countryPhoneCode>1</countryPhoneCode>
				<city-areacode>302</city-areacode>
				<number>6555049</number>
			</phone>
		</phone>
	</contactInfo>
	<webLinks lastUpdated=""><webSite mainCategory=""></webSite><eMail mainCategory=""></eMail></webLinks>
	<peerInfo lastUpdated="2021-02-04T02:19:41">
		<IndustryInfo>
			<Industry type="TRBC" order="1" reported="0" code="5620201010" mnem="">Biotechnology &amp; Medical Research - NEC</Industry>
			<Industry type="NAICS" order="1" reported="0" code="541711" mnem="">Research and Development in Biotechnology</Industry>
			<Industry type="SIC" order="1" reported="0" code="8731" mnem="">Commercial Physical Research</Industry>
		</IndustryInfo>
	</peerInfo>
	<officers></officers>
	<Ratios PriceCurrency="USD" ReportingCurrency="USD" ExchangeRate="1.00000" LatestAvailableDate="2020-09-30">
		<Group ID="Price and Volume">
			<Ratio FieldName="NPRICE" Type="N">-99999.99000</Ratio>
			<Ratio FieldName="NHIG" Type="N">-99999.99000</Ratio>
			<Ratio FieldName="NLOW" Type="N">-99999.99000</Ratio>
			<Ratio FieldName="PDATE" Type="N">-99999.99000</Ratio>
			<Ratio FieldName="VOL10DAVG" Type="N">0.00000</Ratio>
			<Ratio FieldName="EV" Type="N">-99999.99000</Ratio>
		</Group>
		<Group ID="Income Statement">
			<Ratio FieldName="MKTCAP" Type="N">-99999.99000</Ratio>
			<Ratio FieldName="TTMREV" Type="N">3.11700</Ratio>
			<Ratio FieldName="TTMEBITD" Type="N">-55.51200</Ratio>
			<Ratio FieldName="TTMNIAC" Type="N">-67.24700</Ratio>
		</Group>
		<Group ID="Per share data">
			<Ratio FieldName="TTMEPSXCLX" Type="N">-6.74065</Ratio>
			<Ratio FieldName="TTMREVPS" Type="N">0.31244</Ratio>
			<Ratio FieldName="QBVPS" Type="N">-6.33418</Ratio>
			<Ratio FieldName="QCSHPS" Type="N">1.41445</Ratio>
			<Ratio FieldName="TTMCFSHR" Type="N">-6.73022</Ratio>
			<Ratio FieldName="TTMDIVSHR" Type="N">0.00000</Ratio>
		</Group>
		<Group ID="Other Ratios">
			<Ratio FieldName="TTMGROSMGN" Type="N">56.27206</Ratio>
			<Ratio FieldName="TTMROEPCT" Type="N">-99999.99000</Ratio>
			<Ratio FieldName="TTMPR2REV" Type="N">-99999.99000</Ratio>
			<Ratio FieldName="PEEXCLXOR" Type="N">-99999.99000</Ratio>
			<Ratio FieldName="PRICE2BK" Type="N">-99999.99000</Ratio>
			<Ratio FieldName="Employees" Type="N">53</Ratio>
		</Group>
	</Ratios>
	<ForecastData ConsensusType="" CurFiscalYear="" CurFiscalYearEndMonth="" CurInterimEndCalYear="" CurInterimEndMonth="" EarningsBasis="">
		<Ratio FieldName="ConsRecom" Type="N">
			<Value PeriodType="CURR">-99999.99000</Value>
		</Ratio>
		<Ratio FieldName="TargetPrice" Type="N">
			<Value PeriodType="CURR">-99999.99000</Value>
		</Ratio>
		<Ratio FieldName="ProjLTGrowthRate" Type="N">
			<Value PeriodType="CURR">-99999.99000</Value>
		</Ratio>
		<Ratio FieldName="ProjPE" Type="N">
			<Value PeriodType="CURR">-99999.99000</Value>
		</Ratio>
		<Ratio FieldName="ProjSales" Type="N">
			<Value PeriodType="CURR">-99999.99000</Value>
		</Ratio>
		<Ratio FieldName="ProjSalesQ" Type="N">
			<Value PeriodType="CURR">-99999.99000</Value>
		</Ratio>
		<Ratio FieldName="ProjEPS" Type="N">
			<Value PeriodType="CURR">-99999.99000</Value>
		</Ratio>
		<Ratio FieldName="ProjEPSQ" Type="N">
			<Value PeriodType="CURR">-99999.99000</Value>
		</Ratio>
		<Ratio FieldName="ProjProfit" Type="N">
			<Value PeriodType="CURR">-99999.99000</Value>
		</Ratio>
		<Ratio FieldName="ProjDPS" Type="N">
			<Value PeriodType="CURR">-99999.99000</Value>
		</Ratio>
	</ForecastData>
</ReportSnapshot>
