<?xml version="1.0" encoding="UTF-8"?>
<ReportSnapshot Major="1" Minor="0" Revision="1">
	<CoIDs>
		<CoID Type="RepNo">A753D</CoID>
		<CoID Type="CompanyName">ANI Pharmaceuticals Inc</CoID>
		<CoID Type="IRSNo">582301143</CoID>
		<CoID Type="CIKNo">0001023024</CoID>
		<CoID Type="OrganizationPermID">4295902157</CoID>
	</CoIDs>
	<Issues>
		<Issue ID="1" Type="C" Desc="Common Stock" Order="1">
			<IssueID Type="Name">Ordinary Shares</IssueID>
			<IssueID Type="Ticker">ANIP</IssueID>
			<IssueID Type="RIC">ANIP.O</IssueID>
			<IssueID Type="DisplayRIC">ANIP.OQ</IssueID>
			<IssueID Type="InstrumentPI">467973</IssueID>
			<IssueID Type="QuotePI">14115964</IssueID>
			<IssueID Type="InstrumentPermID">8590932972</IssueID>
			<IssueID Type="QuotePermID">55835342515</IssueID>
			<Exchange Code="NASD" Country="USA">NASDAQ</Exchange>
			<GlobalListingType>OSR</GlobalListingType>
			<MostRecentSplit Date="2013-07-18">0.16666</MostRecentSplit>
		</Issue>
		<Issue ID="2" Type="C" Desc="Common Stock" Order="2">
			<IssueID Type="Name">Ordinary Shares Class C</IssueID>
			<IssueID Type="InstrumentPI">119164514</IssueID>
			<IssueID Type="InstrumentPermID">21513583410</IssueID>
			<Exchange Code="NA" Country="">Not Available</Exchange>
		</Issue>
	</Issues>
	<CoGeneralInfo>
		<CoStatus Code="1">Active</CoStatus>
		<CoType Code="EQU">Equity Issue</CoType>
		<LastModified>2020-12-08</LastModified>
		<LatestAvailableAnnual>2019-12-31</LatestAvailableAnnual>
		<LatestAvailableInterim>2020-09-30</LatestAvailableInterim>
		<Employees LastUpdated="2019-12-31">338</Employees>
		<SharesOut Date="2020-10-29" TotalFloat="9543309.0">12358418.0</SharesOut>
		<ReportingCurrency Code="USD">U.S. Dollars</ReportingCurrency>
		<MostRecentExchange Date="2021-02-03">1.0</MostRecentExchange>
	</CoGeneralInfo>
	<TextInfo>
		<Text Type="Business Summary" lastModified="2017-04-04T00:41:17">ANI Pharmaceuticals, Inc. is an integrated specialty pharmaceutical company. The Company is engaged in developing, manufacturing and marketing branded and generic prescription pharmaceuticals. The Company focuses on areas, including controlled substances, anti-cancer (oncolytics), hormones and steroids, and complex formulations. It also performs contract manufacturing for other pharmaceutical companies. Its products include both branded and generic pharmaceuticals. Its generic products include Erythromycin Ethylsuccinate, Esterified Estrogen with Methyltestosterone (EEMT), Etodolac Fenofibrate, Flecainide, Fluvoxamine, Hydrocortisone Enema, Methazolamide, Metoclopramide Syrup Nilutamide, Nimodipine, Opium Tincture, Oxycodone Capsules, Oxycodone Oral Solution, Propafenone and Vancomycin. Its branded products include Cortenema, Inderal LA, Lithobid, Reglan and Vancocin. Its pharmaceutical manufacturing facilities are located in Baudette, Minnesota.</Text>
		<Text Type="Financial Summary" lastModified="2020-12-08T08:05:13">BRIEF: For the nine months ended 30 September 2020, ANIPharmaceuticals Inc revenues decreased 5% to $151.2M. Netloss applicable to common stockholders totaled $18.9M vs.income of $10.8M. Revenues reflect United States segmentdecrease of 36% to $98.4M, Canada segment decrease of 44%to $3.1M. Net loss reflects Cortrophin pre-launch chargesincrease from $195K to $8.3M (expense), Selling, Generaland administrative increase of 14% to $40.7M (expense).</Text>
	</TextInfo>
	<contactInfo lastUpdated="2020-12-08T08:05:31">
		<streetAddress line="1">210 W Main St</streetAddress>
		<streetAddress line="2"></streetAddress>
		<streetAddress line="3"></streetAddress>
		<city>BAUDETTE</city>
		<state-region>MN</state-region>
		<postalCode>56623-2467</postalCode>
		<country code="USA">United States</country>
		<contactName></contactName>
		<contactTitle></contactTitle>
		<phone>
			<phone type="mainphone">
				<countryPhoneCode>1</countryPhoneCode>
				<city-areacode>218</city-areacode>
				<number>6343500</number>
			</phone>
			<phone type="mainfax">
				<countryPhoneCode>1</countryPhoneCode>
				<city-areacode>218</city-areacode>
				<number>6343540</number>
			</phone>
		</phone>
	</contactInfo>
	<webLinks lastUpdated="2019-12-02T11:02:32"><webSite mainCategory="Home Page">http://www.anipharmaceuticals.com/</webSite><eMail mainCategory="Company Contact/E-mail">
		</eMail></webLinks>
	<peerInfo lastUpdated="2020-12-08T08:05:31">
		<IndustryInfo>
			<Industry type="TRBC" order="1" reported="0" code="5620104010" mnem="">Pharmaceuticals - NEC</Industry>
			<Industry type="NAICS" order="1" reported="0" code="325412" mnem="">Pharmaceutical Preparation Mfg</Industry>
			<Industry type="NAICS" order="2" reported="0" code="325414" mnem="">Biological Product (exc Diagnostic) Mfg</Industry>
			<Industry type="NAICS" order="3" reported="0" code="541711" mnem="">Research and Development in Biotechnology</Industry>
			<Industry type="NAICS" order="4" reported="0" code="533110" mnem="">Lessors of Nonfinancial Intangible Assets (except Copyrighted Works)</Industry>
			<Industry type="SIC" order="0" reported="1" code="2836" mnem="">Biological Prod's Not Diagnostic</Industry>
			<Industry type="SIC" order="1" reported="0" code="2834" mnem="">Pharmaceutical Preparations</Industry>
			<Industry type="SIC" order="2" reported="0" code="2836" mnem="">Biological Prod's Not Diagnostic</Industry>
			<Industry type="SIC" order="3" reported="0" code="8731" mnem="">Commercial Physical Research</Industry>
			<Industry type="SIC" order="4" reported="0" code="6794" mnem="">Patent Owners And Lessors</Industry>
		</IndustryInfo>
		<Indexconstituet>S&amp;P 600 Small Cap</Indexconstituet>
	</peerInfo>
	<officers>
		<officer rank="1" since="05/11/2020">
			<firstName>Patrick</firstName>
			<mI>D.</mI>
			<lastName>Walsh</lastName>
			<age>59 </age>
			<title startYear="2020" startMonth="09" startDay="08" iD1="CHM" abbr1="Chmn." iD2="DRC" abbr2="Dir.">Chairman of the Board</title>
		</officer>
		<officer rank="2" since="09/08/2020">
			<firstName>Nikhil</firstName>
			<mI>Suresh</mI>
			<lastName>Lalwani</lastName>
			<age>43 </age>
			<title startYear="2020" startMonth="09" startDay="08" iD1="PRE" abbr1="Pres." iD2="CEO" abbr2="CEO">President, Chief Executive Officer, Director</title>
		</officer>
		<officer rank="3" since="05/06/2016">
			<firstName>Stephen</firstName>
			<mI>P.</mI>
			<lastName>Carey</lastName>
			<age>50 </age>
			<title startYear="2016" startMonth="05" startDay="06" iD1="CFO" abbr1="CFO" iD2="VFN" abbr2="VP-Fin.">Corporate Secretary, Vice President, Finance and Chief Financial Officer</title>
		</officer>
		<officer rank="4" since="08/12/2013">
			<firstName>Robert</firstName>
			<mI>W.</mI>
			<lastName>Schrepfer</lastName>
			<age>48 </age>
			<title startYear="2016" startMonth="05" startDay="" iD1="SVP" abbr1="Sr. VP" iD2="DSL" abbr2="Dir.-Sales">Senior Vice President - New Business Development and Specialty Sales</title>
		</officer>
		<officer rank="5" since="06/19/2013">
			<firstName>James</firstName>
			<mI>G.</mI>
			<lastName>Marken</lastName>
			<age>57 </age>
			<title startYear="2016" startMonth="05" startDay="" iD1="SVP" abbr1="Sr. VP" iD2="" abbr2="">Senior Vice President - Operations and Product Development</title>
		</officer>
	</officers>
	<Ratios PriceCurrency="USD" ReportingCurrency="USD" ExchangeRate="1.00000" LatestAvailableDate="2020-09-30">
		<Group ID="Price and Volume">
			<Ratio FieldName="NPRICE" Type="N">30.46000</Ratio>
			<Ratio FieldName="NHIG" Type="N">68.19000</Ratio>
			<Ratio FieldName="NLOW" Type="N">23.55000</Ratio>
			<Ratio FieldName="PDATE" Type="D">2021-02-04T00:00:00</Ratio>
			<Ratio FieldName="VOL10DAVG" Type="N">0.05431</Ratio>
			<Ratio FieldName="EV" Type="N">546.48340</Ratio>
		</Group>
		<Group ID="Income Statement">
			<Ratio FieldName="MKTCAP" Type="N">376.43740</Ratio>
			<Ratio FieldName="TTMREV" Type="N">199.18900</Ratio>
			<Ratio FieldName="TTMEBITD" Type="N">37.30100</Ratio>
			<Ratio FieldName="TTMNIAC" Type="N">-23.67600</Ratio>
		</Group>
		<Group ID="Per share data">
			<Ratio FieldName="TTMEPSXCLX" Type="N">-1.98050</Ratio>
			<Ratio FieldName="TTMREVPS" Type="N">16.68145</Ratio>
			<Ratio FieldName="QBVPS" Type="N">15.78682</Ratio>
			<Ratio FieldName="QCSHPS" Type="N">1.44841</Ratio>
			<Ratio FieldName="TTMCFSHR" Type="N">1.64228</Ratio>
			<Ratio FieldName="TTMDIVSHR" Type="N">0.00000</Ratio>
		</Group>
		<Group ID="Other Ratios">
			<Ratio FieldName="TTMGROSMGN" Type="N">59.63030</Ratio>
			<Ratio FieldName="TTMROEPCT" Type="N">-11.59934</Ratio>
			<Ratio FieldName="TTMPR2REV" Type="N">1.88985</Ratio>
			<Ratio FieldName="PEEXCLXOR" Type="N">-99999.99000</Ratio>
			<Ratio FieldName="PRICE2BK" Type="N">1.92946</Ratio>
			<Ratio FieldName="Employees" Type="N">338</Ratio>
		</Group>
	</Ratios>
	<ForecastData ConsensusType="Mean" CurFiscalYear="2020" CurFiscalYearEndMonth="12" CurInterimEndCalYear="2020" CurInterimEndMonth="12" EarningsBasis="PRX">
		<Ratio FieldName="ConsRecom" Type="N">
			<Value PeriodType="CURR">2</Value>
		</Ratio>
		<Ratio FieldName="TargetPrice" Type="N">
			<Value PeriodType="CURR">38.33330</Value>
		</Ratio>
		<Ratio FieldName="ProjLTGrowthRate" Type="N">
			<Value PeriodType="CURR">-99999.99000</Value>
		</Ratio>
		<Ratio FieldName="ProjPE" Type="N">
			<Value PeriodType="CURR">8.35276</Value>
		</Ratio>
		<Ratio FieldName="ProjSales" Type="N">
			<Value PeriodType="CURR">205.36670</Value>
		</Ratio>
		<Ratio FieldName="ProjSalesQ" Type="N">
			<Value PeriodType="CURR">54.26670</Value>
		</Ratio>
		<Ratio FieldName="ProjEPS" Type="N">
			<Value PeriodType="CURR">3.64670</Value>
		</Ratio>
		<Ratio FieldName="ProjEPSQ" Type="N">
			<Value PeriodType="CURR">0.94330</Value>
		</Ratio>
		<Ratio FieldName="ProjProfit" Type="N">
			<Value PeriodType="CURR">43.76670</Value>
		</Ratio>
		<Ratio FieldName="ProjDPS" Type="N">
			<Value PeriodType="CURR">-99999.99000</Value>
		</Ratio>
	</ForecastData>
</ReportSnapshot>
