<?xml version="1.0" encoding="UTF-8"?>
<ReportSnapshot Major="1" Minor="0" Revision="1">
	<CoIDs>
		<CoID Type="RepNo">23050</CoID>
		<CoID Type="CompanyName">Anixa Biosciences Inc</CoID>
		<CoID Type="IRSNo">112622630</CoID>
		<CoID Type="CIKNo">0000715446</CoID>
		<CoID Type="OrganizationPermID">4295906056</CoID>
	</CoIDs>
	<Issues>
		<Issue ID="1" Type="C" Desc="Common Stock" Order="1">
			<IssueID Type="Name">Ordinary Shares</IssueID>
			<IssueID Type="Ticker">ANIX</IssueID>
			<IssueID Type="RIC">ANIX.O</IssueID>
			<IssueID Type="DisplayRIC">ANIX.OQ</IssueID>
			<IssueID Type="InstrumentPI">266962</IssueID>
			<IssueID Type="QuotePI">196669623</IssueID>
			<IssueID Type="InstrumentPermID">8590938198</IssueID>
			<IssueID Type="QuotePermID">21567220026</IssueID>
			<Exchange Code="NASD" Country="USA">NASDAQ</Exchange>
			<GlobalListingType>OSR</GlobalListingType>
			<MostRecentSplit Date="2015-06-26">0.04</MostRecentSplit>
		</Issue>
		<Issue ID="2" Type="P" Desc="Preferred Stock" Order="1">
			<IssueID Type="Name">Conv. Pref. Shrs</IssueID>
			<IssueID Type="InstrumentPI">201525448</IssueID>
			<IssueID Type="InstrumentPermID">21570460332</IssueID>
			<Exchange Code="NA" Country="">Not Available</Exchange>
		</Issue>
	</Issues>
	<CoGeneralInfo>
		<CoStatus Code="1">Active</CoStatus>
		<CoType Code="EQU">Equity Issue</CoType>
		<LastModified>2021-01-08</LastModified>
		<LatestAvailableAnnual>2020-10-31</LatestAvailableAnnual>
		<LatestAvailableInterim>2020-10-31</LatestAvailableInterim>
		<Employees LastUpdated="2020-10-31">3</Employees>
		<SharesOut Date="2021-01-07" TotalFloat="23149094.0">26076819.0</SharesOut>
		<ReportingCurrency Code="USD">U.S. Dollars</ReportingCurrency>
		<MostRecentExchange Date="2021-02-03">1.0</MostRecentExchange>
	</CoGeneralInfo>
	<TextInfo>
		<Text Type="Business Summary" lastModified="2019-07-14T20:51:51">Anixa Biosciences, Inc. is a biotechnology company. The Company is developing a cancer immunotherapy program, which leverages chimeric endocrine receptor t-cell (CER-T) technology, and is engaged in developing a diagnostic platform called Cchek, for the early detection of tumor-based cancers. The Cchek liquid biopsy technology is a series of non-invasive blood tests for early detection of solid tumors based on the body's immune response to a malignancy by detecting the presence, absence and quantity of certain immune cells that exist in and around a tumor and that enter the blood stream. This technology enables cancer detection in its earliest stages in efforts to treat patients when the disease is curable. The Company has developed techniques and protocols for measuring the subtle immunological changes that occur in the blood stream during tumor development. Through its protocols, the Company has detected the biomarkers in the peripheral blood of biopsy verified cancer patients.</Text>
		<Text Type="Financial Summary" lastModified="2021-01-08T01:44:12">BRIEF: For the fiscal year ended 31 October 2020, AnixaBiosciences Inc revenues decreased from $250K to $0K. Netloss decreased 14% to $10M. Revenues reflect a decrease indemand for the Company's products and services due tounfavorable market conditions. Lower net loss reflectsStock-based Compensation in R&amp;D decrease of 47% to $1.5M(expense), Amortization of patents decrease from $419K(expense) to $0K.</Text>
	</TextInfo>
	<contactInfo lastUpdated="2021-01-08T01:44:23">
		<streetAddress line="1">3150 Almaden Expy Ste 250</streetAddress>
		<streetAddress line="2"></streetAddress>
		<streetAddress line="3"></streetAddress>
		<city>SAN JOSE</city>
		<state-region>CA</state-region>
		<postalCode>95118</postalCode>
		<country code="USA">United States</country>
		<contactName>Michael Catelani</contactName>
		<contactTitle>Chief Financial Officer, Chief Operating Officer</contactTitle>
		<phone>
			<phone type="mainphone">
				<countryPhoneCode>1</countryPhoneCode>
				<city-areacode>408</city-areacode>
				<number>7089808</number>
			</phone>
			<phone type="mainfax">
				<countryPhoneCode>1</countryPhoneCode>
				<city-areacode>302</city-areacode>
				<number>6555049</number>
			</phone>
			<phone type="contactphone">
				<countryPhoneCode>1</countryPhoneCode>
				<city-areacode>408</city-areacode>
				<number>7089808</number>
			</phone>
		</phone>
	</contactInfo>
	<webLinks lastUpdated="2018-10-08T02:00:03"><webSite mainCategory="Home Page">https://www.anixa.com/</webSite><eMail mainCategory="Company Contact/E-mail">
		</eMail></webLinks>
	<peerInfo lastUpdated="2021-01-08T01:44:23">
		<IndustryInfo>
			<Industry type="TRBC" order="1" reported="0" code="5620201010" mnem="">Biotechnology &amp; Medical Research - NEC</Industry>
			<Industry type="NAICS" order="1" reported="0" code="541711" mnem="">Research and Development in Biotechnology</Industry>
			<Industry type="SIC" order="0" reported="1" code="3577" mnem="">Computer Periph'L Equipment, Nec</Industry>
			<Industry type="SIC" order="1" reported="0" code="8731" mnem="">Commercial Physical Research</Industry>
		</IndustryInfo>
	</peerInfo>
	<officers>
		<officer rank="1" since="06/15/2015">
			<firstName>Amit</firstName>
			<mI></mI>
			<lastName>Kumar</lastName>
			<age>55 </age>
			<title startYear="2017" startMonth="07" startDay="06" iD1="CHM" abbr1="Chmn." iD2="PRE" abbr2="Pres.">Chairman of the Board, President, Chief Executive Officer</title>
		</officer>
		<officer rank="2" since="11/01/2016">
			<firstName>Michael</firstName>
			<mI>J.</mI>
			<lastName>Catelani</lastName>
			<age>53 </age>
			<title startYear="2017" startMonth="07" startDay="06" iD1="CFO" abbr1="CFO" iD2="COO" abbr2="COO">Chief Financial Officer, Chief Operating Officer</title>
		</officer>
		<officer rank="3" since="10/15/2019">
			<firstName>Thomas</firstName>
			<mI></mI>
			<lastName>Schlumpberger</lastName>
			<age></age>
			<title startYear="2019" startMonth="10" startDay="15" iD1="EVP" abbr1="Exec. VP" iD2="" abbr2="">Executive Vice President</title>
		</officer>
	</officers>
	<Ratios PriceCurrency="USD" ReportingCurrency="USD" ExchangeRate="1.00000" LatestAvailableDate="2020-10-31">
		<Group ID="Price and Volume">
			<Ratio FieldName="NPRICE" Type="N">4.53000</Ratio>
			<Ratio FieldName="NHIG" Type="N">5.40000</Ratio>
			<Ratio FieldName="NLOW" Type="N">1.33000</Ratio>
			<Ratio FieldName="PDATE" Type="D">2021-02-04T00:00:00</Ratio>
			<Ratio FieldName="VOL10DAVG" Type="N">0.46143</Ratio>
			<Ratio FieldName="EV" Type="N">109.07094</Ratio>
		</Group>
		<Group ID="Income Statement">
			<Ratio FieldName="MKTCAP" Type="N">118.12800</Ratio>
			<Ratio FieldName="TTMREV" Type="N">0.00000</Ratio>
			<Ratio FieldName="TTMEBITD" Type="N">-9.93993</Ratio>
			<Ratio FieldName="TTMNIAC" Type="N">-10.01835</Ratio>
		</Group>
		<Group ID="Per share data">
			<Ratio FieldName="TTMEPSXCLX" Type="N">-0.45372</Ratio>
			<Ratio FieldName="TTMREVPS" Type="N">0.00000</Ratio>
			<Ratio FieldName="QBVPS" Type="N">0.36131</Ratio>
			<Ratio FieldName="QCSHPS" Type="N">0.37351</Ratio>
			<Ratio FieldName="TTMCFSHR" Type="N">-0.45235</Ratio>
			<Ratio FieldName="TTMDIVSHR" Type="N">0.00000</Ratio>
		</Group>
		<Group ID="Other Ratios">
			<Ratio FieldName="TTMGROSMGN" Type="N">-99999.99000</Ratio>
			<Ratio FieldName="TTMROEPCT" Type="N">-143.15290</Ratio>
			<Ratio FieldName="TTMPR2REV" Type="N">-99999.99000</Ratio>
			<Ratio FieldName="PEEXCLXOR" Type="N">-99999.99000</Ratio>
			<Ratio FieldName="PRICE2BK" Type="N">12.53762</Ratio>
			<Ratio FieldName="Employees" Type="N">3</Ratio>
		</Group>
	</Ratios>
	<ForecastData ConsensusType="Mean" CurFiscalYear="2021" CurFiscalYearEndMonth="10" CurInterimEndCalYear="2021" CurInterimEndMonth="1" EarningsBasis="PRX">
		<Ratio FieldName="ConsRecom" Type="N">
			<Value PeriodType="CURR">2</Value>
		</Ratio>
		<Ratio FieldName="TargetPrice" Type="N">
			<Value PeriodType="CURR">8.75000</Value>
		</Ratio>
		<Ratio FieldName="ProjLTGrowthRate" Type="N">
			<Value PeriodType="CURR">-99999.99000</Value>
		</Ratio>
		<Ratio FieldName="ProjPE" Type="N">
			<Value PeriodType="CURR">-8.54717</Value>
		</Ratio>
		<Ratio FieldName="ProjSales" Type="N">
			<Value PeriodType="CURR">0.00000</Value>
		</Ratio>
		<Ratio FieldName="ProjSalesQ" Type="N">
			<Value PeriodType="CURR">0.00000</Value>
		</Ratio>
		<Ratio FieldName="ProjEPS" Type="N">
			<Value PeriodType="CURR">-0.53000</Value>
		</Ratio>
		<Ratio FieldName="ProjEPSQ" Type="N">
			<Value PeriodType="CURR">-0.11000</Value>
		</Ratio>
		<Ratio FieldName="ProjProfit" Type="N">
			<Value PeriodType="CURR">-14.15000</Value>
		</Ratio>
		<Ratio FieldName="ProjDPS" Type="N">
			<Value PeriodType="CURR">-99999.99000</Value>
		</Ratio>
	</ForecastData>
</ReportSnapshot>
