<?xml version="1.0" encoding="UTF-8"?>
<ReportSnapshot Major="1" Minor="0" Revision="1">
	<CoIDs>
		<CoID Type="RepNo">C77C5</CoID>
		<CoID Type="CompanyName">Sphere 3D Corp</CoID>
		<CoID Type="IRSNo">981220792</CoID>
		<CoID Type="CIKNo">0001591956</CoID>
		<CoID Type="OrganizationPermID">5064705141</CoID>
	</CoIDs>
	<Issues>
		<Issue ID="1" Type="C" Desc="Common Stock" Order="1">
			<IssueID Type="Name">Ordinary Shares</IssueID>
			<IssueID Type="Ticker">ANY</IssueID>
			<IssueID Type="RIC">ANY.O</IssueID>
			<IssueID Type="DisplayRIC">ANY.OQ</IssueID>
			<IssueID Type="InstrumentPI">71420420</IssueID>
			<IssueID Type="QuotePI">162189443</IssueID>
			<IssueID Type="InstrumentPermID">21475005112</IssueID>
			<IssueID Type="QuotePermID">21544034319</IssueID>
			<Exchange Code="NASD" Country="USA">NASDAQ</Exchange>
			<GlobalListingType>OSR</GlobalListingType>
			<MostRecentSplit Date="2018-11-06">0.125</MostRecentSplit>
		</Issue>
		<Issue ID="2" Type="P" Desc="Preferred Stock" Order="1">
			<IssueID Type="Name">Preference Shares</IssueID>
			<IssueID Type="InstrumentPI">401732521</IssueID>
			<IssueID Type="InstrumentPermID">21723476994</IssueID>
			<Exchange Code="NA" Country="">Not Available</Exchange>
		</Issue>
		<Issue ID="3" Type="P" Desc="Preferred Stock" Order="2">
			<IssueID Type="Name">Preference Shares Series B</IssueID>
			<IssueID Type="InstrumentPI">436777551</IssueID>
			<IssueID Type="InstrumentPermID">21751458810</IssueID>
			<Exchange Code="NA" Country="">Not Available</Exchange>
		</Issue>
		<Issue ID="4" Type="P" Desc="Preferred Stock" Order="3">
			<IssueID Type="Name">Preference Shares Series C</IssueID>
			<IssueID Type="InstrumentPI">436777556</IssueID>
			<IssueID Type="InstrumentPermID">21751458811</IssueID>
			<Exchange Code="NA" Country="">Not Available</Exchange>
		</Issue>
	</Issues>
	<CoGeneralInfo>
		<CoStatus Code="1">Active</CoStatus>
		<CoType Code="EQU">Equity Issue</CoType>
		<LastModified>2020-11-20</LastModified>
		<LatestAvailableAnnual>2019-12-31</LatestAvailableAnnual>
		<LatestAvailableInterim>2020-09-30</LatestAvailableInterim>
		<Employees LastUpdated="2015-12-31">429</Employees>
		<SharesOut Date="2020-11-10" TotalFloat="5462375.0">7867186.0</SharesOut>
		<ReportingCurrency Code="USD">U.S. Dollars</ReportingCurrency>
		<MostRecentExchange Date="2021-02-03">1.0</MostRecentExchange>
	</CoGeneralInfo>
	<TextInfo>
		<Text Type="Business Summary" lastModified="2018-08-21T05:13:46">Sphere 3D Corp is a Canada-based company engaged in software development sector. The Company delivers data management, desktop and application virtualization solutions through hybrid cloud, cloud and on premise implementations by its global reseller network. The Company achieves this through a combination of containerized applications, virtual desktops, virtual storage and physical hyper-converged platforms. The Companys products allow organizations to deploy a combination of public, private or hybrid cloud strategies while backing them up with the latest storage solutions. The Company has a portfolio of brands including RDX, Glassware 2.0, SnapCLOUD, SnapServer, SnapSync, NEO and V3 .</Text>
		<Text Type="Financial Summary" lastModified="2020-11-20T02:55:36">BRIEF: For the nine months ended 30 September 2020, Sphere3D Corp revenues decreased 37% to $2.8M. Net loss increased62% to $4.2M. Revenues reflect a decrease in demand for theCompany's products and services due to unfavorable marketconditions. Higher net loss reflects General andadministrative increase of 57% to $4.4M (expense), Otherincome (expense), net decrease of 56% to $1M (income),Interest expense increase from $24K to $142K (expense).</Text>
	</TextInfo>
	<contactInfo lastUpdated="2020-11-20T02:55:40">
		<streetAddress line="1">Bldg. 2, 895 Don Mills Rd Suite 900</streetAddress>
		<streetAddress line="2"></streetAddress>
		<streetAddress line="3"></streetAddress>
		<city>NORTH YORK</city>
		<state-region>ON</state-region>
		<postalCode>M3C 1W3</postalCode>
		<country code="CAN">Canada</country>
		<contactName></contactName>
		<contactTitle></contactTitle>
		<phone>
			<phone type="mainphone">
				<countryPhoneCode>1</countryPhoneCode>
				<city-areacode>416</city-areacode>
				<number>7495999</number>
			</phone>
			<phone type="mainfax">
				<countryPhoneCode>1</countryPhoneCode>
				<city-areacode>905</city-areacode>
				<number>2829966</number>
			</phone>
		</phone>
	</contactInfo>
	<webLinks lastUpdated="2019-10-27T21:31:52"><webSite mainCategory="Home Page">http://sphere3d.com</webSite><eMail mainCategory="Company Contact/E-mail">
		</eMail></webLinks>
	<peerInfo lastUpdated="2020-11-20T02:55:40">
		<IndustryInfo>
			<Industry type="TRBC" order="1" reported="0" code="5720102010" mnem="">Software - NEC</Industry>
			<Industry type="NAICS" order="1" reported="0" code="511210" mnem="">Software Publishers</Industry>
			<Industry type="SIC" order="1" reported="0" code="7372" mnem="">Prepackaged Software</Industry>
		</IndustryInfo>
	</peerInfo>
	<officers></officers>
	<Ratios PriceCurrency="USD" ReportingCurrency="USD" ExchangeRate="1.00000" LatestAvailableDate="2020-09-30">
		<Group ID="Price and Volume">
			<Ratio FieldName="NPRICE" Type="N">2.64000</Ratio>
			<Ratio FieldName="NHIG" Type="N">5.55000</Ratio>
			<Ratio FieldName="NLOW" Type="N">0.33000</Ratio>
			<Ratio FieldName="PDATE" Type="D">2021-02-04T00:00:00</Ratio>
			<Ratio FieldName="VOL10DAVG" Type="N">3.74646</Ratio>
			<Ratio FieldName="EV" Type="N">32.21237</Ratio>
		</Group>
		<Group ID="Income Statement">
			<Ratio FieldName="MKTCAP" Type="N">20.76937</Ratio>
			<Ratio FieldName="TTMREV" Type="N">3.90900</Ratio>
			<Ratio FieldName="TTMEBITD" Type="N">-5.18500</Ratio>
			<Ratio FieldName="TTMNIAC" Type="N">-5.89600</Ratio>
		</Group>
		<Group ID="Per share data">
			<Ratio FieldName="TTMEPSXCLX" Type="N">-1.32115</Ratio>
			<Ratio FieldName="TTMREVPS" Type="N">0.81179</Ratio>
			<Ratio FieldName="QBVPS" Type="N">0.79398</Ratio>
			<Ratio FieldName="QCSHPS" Type="N">0.38119</Ratio>
			<Ratio FieldName="TTMCFSHR" Type="N">-1.01697</Ratio>
			<Ratio FieldName="TTMDIVSHR" Type="N">0.00000</Ratio>
		</Group>
		<Group ID="Other Ratios">
			<Ratio FieldName="TTMGROSMGN" Type="N">47.78716</Ratio>
			<Ratio FieldName="TTMROEPCT" Type="N">-99999.99000</Ratio>
			<Ratio FieldName="TTMPR2REV" Type="N">5.31322</Ratio>
			<Ratio FieldName="PEEXCLXOR" Type="N">-99999.99000</Ratio>
			<Ratio FieldName="PRICE2BK" Type="N">-99999.99000</Ratio>
			<Ratio FieldName="Employees" Type="N">429</Ratio>
		</Group>
	</Ratios>
	<ForecastData ConsensusType="Mean" CurFiscalYear="2017" CurFiscalYearEndMonth="12" CurInterimEndCalYear="2017" CurInterimEndMonth="12" EarningsBasis="PRX">
		<Ratio FieldName="ConsRecom" Type="N">
			<Value PeriodType="CURR">-99999.99000</Value>
		</Ratio>
		<Ratio FieldName="TargetPrice" Type="N">
			<Value PeriodType="CURR">-99999.99000</Value>
		</Ratio>
		<Ratio FieldName="ProjLTGrowthRate" Type="N">
			<Value PeriodType="CURR">-99999.99000</Value>
		</Ratio>
		<Ratio FieldName="ProjPE" Type="N">
			<Value PeriodType="CURR">-99999.99000</Value>
		</Ratio>
		<Ratio FieldName="ProjSales" Type="N">
			<Value PeriodType="CURR">-99999.99000</Value>
		</Ratio>
		<Ratio FieldName="ProjSalesQ" Type="N">
			<Value PeriodType="CURR">-99999.99000</Value>
		</Ratio>
		<Ratio FieldName="ProjEPS" Type="N">
			<Value PeriodType="CURR">-99999.99000</Value>
		</Ratio>
		<Ratio FieldName="ProjEPSQ" Type="N">
			<Value PeriodType="CURR">-99999.99000</Value>
		</Ratio>
		<Ratio FieldName="ProjProfit" Type="N">
			<Value PeriodType="CURR">-99999.99000</Value>
		</Ratio>
		<Ratio FieldName="ProjDPS" Type="N">
			<Value PeriodType="CURR">-99999.99000</Value>
		</Ratio>
	</ForecastData>
</ReportSnapshot>
