<?xml version="1.0" encoding="UTF-8"?>
<ReportSnapshot Major="1" Minor="0" Revision="1">
	<CoIDs>
		<CoID Type="RepNo">06161</CoID>
		<CoID Type="CompanyName">American Outdoor Brands Inc</CoID>
		<CoID Type="IRSNo">844630928</CoID>
		<CoID Type="CIKNo">0001808997</CoID>
		<CoID Type="OrganizationPermID">5074853845</CoID>
	</CoIDs>
	<Issues>
		<Issue ID="1" Type="C" Desc="Common Stock" Order="1">
			<IssueID Type="Name">Ordinary Shares</IssueID>
			<IssueID Type="Ticker">AOUT</IssueID>
			<IssueID Type="RIC">AOUT.O</IssueID>
			<IssueID Type="DisplayRIC">AOUT.OQ</IssueID>
			<IssueID Type="InstrumentPI">451782941</IssueID>
			<IssueID Type="QuotePI">451782945</IssueID>
			<IssueID Type="InstrumentPermID">25727341477</IssueID>
			<IssueID Type="QuotePermID">25727341476</IssueID>
			<Exchange Code="NASD" Country="USA">NASDAQ</Exchange>
			<GlobalListingType>OSR</GlobalListingType>
		</Issue>
	</Issues>
	<CoGeneralInfo>
		<CoStatus Code="1">Active</CoStatus>
		<CoType Code="EQU">Equity Issue</CoType>
		<LastModified>2021-01-20</LastModified>
		<LatestAvailableAnnual>2020-04-30</LatestAvailableAnnual>
		<LatestAvailableInterim>2020-10-31</LatestAvailableInterim>
		<Employees LastUpdated="2020-04-30">262</Employees>
		<SharesOut Date="2020-12-10" TotalFloat="13902874.0">14000834.0</SharesOut>
		<ReportingCurrency Code="USD">U.S. Dollars</ReportingCurrency>
		<MostRecentExchange Date="2021-02-03">1.0</MostRecentExchange>
	</CoGeneralInfo>
	<TextInfo>
		<Text Type="Business Summary" lastModified="2020-08-07T04:42:40">American Outdoor Brands Inc. is a manufacturer of outdoor sporting accessories, firearms and other recreational products. It is a provider of shooting, reloading, gunsmithing and gun cleaning supplies, specialty tools and cutlery, and electro-optics products and technology for firearms. It designs, produces or sources, and sell products and accessories, including shooting supplies, rests, vaults, and other related accessories; sportsman knives and tools for fishing and hunting; land management tools for hunting preparedness; harvesting products for post-hunt or post-fishing activities; and survival, camping, and emergency preparedness products The company produces its products under the brands Caldwell, Crimson Trace, Wheeler, Tipton, Frankford Arsenal, Lockdown, BOG, Hooyman, Smith &amp; Wesson Accessories; M&amp;P Accessories, Thompson/Center Arms Accessories, Performance Center Accessories, Schrade, Old Timer, Uncle Henry, Imperial, BUBBA, and LaserLyte. </Text>
		<Text Type="Financial Summary" lastModified="2021-01-20T05:13:28">BRIEF: For the six months ended 31 October 2020, AmericanOutdoor Brands Inc revenues totaled $129.6M. Net incometotaled to $9.1M.</Text>
	</TextInfo>
	<contactInfo lastUpdated="2021-01-20T05:13:28">
		<streetAddress line="1">1800 North Route Z</streetAddress>
		<streetAddress line="2"></streetAddress>
		<streetAddress line="3"></streetAddress>
		<city>COLUMBIA</city>
		<state-region>MO</state-region>
		<postalCode>65202</postalCode>
		<country code="USA">United States</country>
		<contactName>Liz Sharp</contactName>
		<contactTitle>Vice President - Investor Relations</contactTitle>
		<phone>
			<phone type="contactphone">
				<countryPhoneCode>1</countryPhoneCode>
				<city-areacode>573</city-areacode>
				<number>3034620</number>
			</phone>
		</phone>
	</contactInfo>
	<webLinks lastUpdated=""><webSite mainCategory=""></webSite><eMail mainCategory=""></eMail></webLinks>
	<peerInfo lastUpdated="2021-01-20T05:13:28">
		<IndustryInfo>
			<Industry type="TRBC" order="1" reported="0" code="5320502010" mnem="">Recreational Products - NEC</Industry>
			<Industry type="NAICS" order="1" reported="0" code="332994" mnem="">Small Arms Mfg</Industry>
			<Industry type="NAICS" order="2" reported="0" code="332212" mnem="">Hand &amp; Edge Tool Mfg</Industry>
			<Industry type="NAICS" order="3" reported="0" code="332995" mnem="">Other Ordnance &amp; Accessories Mfg</Industry>
			<Industry type="NAICS" order="4" reported="0" code="339920" mnem="">Sporting and Athletic Goods Manufacturing</Industry>
			<Industry type="SIC" order="1" reported="0" code="3484" mnem="">Small Arms</Industry>
			<Industry type="SIC" order="2" reported="0" code="3423" mnem="">Hand And Edge Tools, Nec</Industry>
			<Industry type="SIC" order="3" reported="0" code="3489" mnem="">Ordnance And Accessories, Nec</Industry>
			<Industry type="SIC" order="4" reported="0" code="3949" mnem="">Sporting And Athletic Goods, Nec</Industry>
		</IndustryInfo>
	</peerInfo>
	<officers>
		<officer rank="1" since="08/24/2020">
			<firstName>Brian</firstName>
			<mI>D.</mI>
			<lastName>Murphy</lastName>
			<age>36 </age>
			<title startYear="2020" startMonth="08" startDay="24" iD1="PRE" abbr1="Pres." iD2="CEO" abbr2="CEO">President, Chief Executive Officer, Director</title>
		</officer>
		<officer rank="2" since="08/24/2020">
			<firstName>H. Andrew</firstName>
			<mI></mI>
			<lastName>Fulmer</lastName>
			<age>46 </age>
			<title startYear="2020" startMonth="08" startDay="24" iD1="CFO" abbr1="CFO" iD2="" abbr2="">Chief Financial Officer</title>
		</officer>
	</officers>
	<Ratios PriceCurrency="USD" ReportingCurrency="USD" ExchangeRate="1.00000" LatestAvailableDate="2020-10-31">
		<Group ID="Price and Volume">
			<Ratio FieldName="NPRICE" Type="N">19.91000</Ratio>
			<Ratio FieldName="NHIG" Type="N">30.01000</Ratio>
			<Ratio FieldName="NLOW" Type="N">12.23800</Ratio>
			<Ratio FieldName="PDATE" Type="D">2021-02-04T00:00:00</Ratio>
			<Ratio FieldName="VOL10DAVG" Type="N">0.17959</Ratio>
			<Ratio FieldName="EV" Type="N">244.87660</Ratio>
		</Group>
		<Group ID="Income Statement">
			<Ratio FieldName="MKTCAP" Type="N">278.75660</Ratio>
			<Ratio FieldName="TTMREV" Type="N">-99999.99000</Ratio>
			<Ratio FieldName="TTMEBITD" Type="N">-99999.99000</Ratio>
			<Ratio FieldName="TTMNIAC" Type="N">-99999.99000</Ratio>
		</Group>
		<Group ID="Per share data">
			<Ratio FieldName="TTMEPSXCLX" Type="N">-99999.99000</Ratio>
			<Ratio FieldName="TTMREVPS" Type="N">-99999.99000</Ratio>
			<Ratio FieldName="QBVPS" Type="N">19.21026</Ratio>
			<Ratio FieldName="QCSHPS" Type="N">2.42143</Ratio>
			<Ratio FieldName="TTMCFSHR" Type="N">-99999.99000</Ratio>
			<Ratio FieldName="TTMDIVSHR" Type="N">-99999.99000</Ratio>
		</Group>
		<Group ID="Other Ratios">
			<Ratio FieldName="TTMGROSMGN" Type="N">-99999.99000</Ratio>
			<Ratio FieldName="TTMROEPCT" Type="N">-99999.99000</Ratio>
			<Ratio FieldName="TTMPR2REV" Type="N">-99999.99000</Ratio>
			<Ratio FieldName="PEEXCLXOR" Type="N">-99999.99000</Ratio>
			<Ratio FieldName="PRICE2BK" Type="N">1.03643</Ratio>
			<Ratio FieldName="Employees" Type="N">262</Ratio>
		</Group>
	</Ratios>
	<ForecastData ConsensusType="" CurFiscalYear="" CurFiscalYearEndMonth="" CurInterimEndCalYear="" CurInterimEndMonth="" EarningsBasis="">
		<Ratio FieldName="ConsRecom" Type="N">
			<Value PeriodType="CURR">-99999.99000</Value>
		</Ratio>
		<Ratio FieldName="TargetPrice" Type="N">
			<Value PeriodType="CURR">-99999.99000</Value>
		</Ratio>
		<Ratio FieldName="ProjLTGrowthRate" Type="N">
			<Value PeriodType="CURR">-99999.99000</Value>
		</Ratio>
		<Ratio FieldName="ProjPE" Type="N">
			<Value PeriodType="CURR">-99999.99000</Value>
		</Ratio>
		<Ratio FieldName="ProjSales" Type="N">
			<Value PeriodType="CURR">-99999.99000</Value>
		</Ratio>
		<Ratio FieldName="ProjSalesQ" Type="N">
			<Value PeriodType="CURR">-99999.99000</Value>
		</Ratio>
		<Ratio FieldName="ProjEPS" Type="N">
			<Value PeriodType="CURR">-99999.99000</Value>
		</Ratio>
		<Ratio FieldName="ProjEPSQ" Type="N">
			<Value PeriodType="CURR">-99999.99000</Value>
		</Ratio>
		<Ratio FieldName="ProjProfit" Type="N">
			<Value PeriodType="CURR">-99999.99000</Value>
		</Ratio>
		<Ratio FieldName="ProjDPS" Type="N">
			<Value PeriodType="CURR">-99999.99000</Value>
		</Ratio>
	</ForecastData>
</ReportSnapshot>
