<?xml version="1.0" encoding="UTF-8"?>
<ReportSnapshot Major="1" Minor="0" Revision="1">
	<CoIDs>
		<CoID Type="RepNo">AF646</CoID>
		<CoID Type="CompanyName">American Public Education, Inc.</CoID>
		<CoID Type="IRSNo">010724376</CoID>
		<CoID Type="CIKNo">0001201792</CoID>
		<CoID Type="OrganizationPermID">4295916205</CoID>
	</CoIDs>
	<Issues>
		<Issue ID="1" Type="C" Desc="Common Stock" Order="1">
			<IssueID Type="Name">Ordinary Shares</IssueID>
			<IssueID Type="Ticker">APEI</IssueID>
			<IssueID Type="RIC">APEI.O</IssueID>
			<IssueID Type="DisplayRIC">APEI.OQ</IssueID>
			<IssueID Type="InstrumentPI">36449790</IssueID>
			<IssueID Type="QuotePI">40829519</IssueID>
			<IssueID Type="InstrumentPermID">8590925776</IssueID>
			<IssueID Type="QuotePermID">55835316351</IssueID>
			<Exchange Code="NASD" Country="USA">NASDAQ</Exchange>
			<GlobalListingType>OSR</GlobalListingType>
		</Issue>
		<Issue ID="2" Type="C" Desc="Common Stock" Order="2">
			<IssueID Type="Name">Ordinary Shares</IssueID>
			<IssueID Type="InstrumentPI">101256004</IssueID>
			<IssueID Type="InstrumentPermID">21484154314</IssueID>
			<Exchange Code="NASD" Country="USA">NASDAQ</Exchange>
		</Issue>
	</Issues>
	<CoGeneralInfo>
		<CoStatus Code="1">Active</CoStatus>
		<CoType Code="EQU">Equity Issue</CoType>
		<LastModified>2020-11-11</LastModified>
		<LatestAvailableAnnual>2019-12-31</LatestAvailableAnnual>
		<LatestAvailableInterim>2020-09-30</LatestAvailableInterim>
		<Employees LastUpdated="2019-12-31">1780</Employees>
		<SharesOut Date="2020-11-06" TotalFloat="14195819.0">14809172.0</SharesOut>
		<ReportingCurrency Code="USD">U.S. Dollars</ReportingCurrency>
		<MostRecentExchange Date="2021-02-03">1.0</MostRecentExchange>
	</CoGeneralInfo>
	<TextInfo>
		<Text Type="Business Summary" lastModified="2017-04-11T01:52:58">American Public Education, Inc. provides online and on-campus postsecondary education. The Company provides postsecondary education through its subsidiary institutions, American Public University System, Inc. (APUS) and Hondros College of Nursing (HCON). It operates through two segments: American Public Education Segment, which consists of the operational activities of APUS, other corporate activities, and minority investments, and Hondros College of Nursing Segment, which consists of the operational activities of HCON. APUS provides online postsecondary education to approximately 88,700 adult learners serving the needs of the military and public safety communities as of December 31, 2016. As of December 31, 2016, HCON provided nursing education to approximately 1,300 students across five campuses in the State of Ohio, as well as online. It offers a Diploma in Practical Nursing and an Associate Degree in Nursing. As of December 31, 2016, the Company had approximately 90,000 students.</Text>
		<Text Type="Financial Summary" lastModified="2020-11-11T05:53:39">BRIEF: For the nine months ended 30 September 2020,American Public Education, Inc. revenues increased 11% to$235.9M. Net income increased from $4.3M to $11.8M.Revenues reflect American Public Education, Inc. segmentincrease of 10% to $210.3M, Hondros College, NursingPrograms segment increase of 19% to $25.7M. Net incomebenefited from Impairment of goodwill decrease from $7.3M(expense) to $0K.</Text>
	</TextInfo>
	<contactInfo lastUpdated="2020-11-11T05:53:46">
		<streetAddress line="1">111 W Congress St</streetAddress>
		<streetAddress line="2"></streetAddress>
		<streetAddress line="3"></streetAddress>
		<city>CHARLES TOWN</city>
		<state-region>WV</state-region>
		<postalCode>25414-1621</postalCode>
		<country code="USA">United States</country>
		<contactName>Christopher Symanoskie</contactName>
		<contactTitle>Vice President, Investor Relations</contactTitle>
		<phone>
			<phone type="mainphone">
				<countryPhoneCode>1</countryPhoneCode>
				<city-areacode>304</city-areacode>
				<number>7243700</number>
			</phone>
			<phone type="mainfax">
				<countryPhoneCode>1</countryPhoneCode>
				<city-areacode>304</city-areacode>
				<number>7243780</number>
			</phone>
			<phone type="contactphone">
				<countryPhoneCode>1</countryPhoneCode>
				<city-areacode>703</city-areacode>
				<number>3343880</number>
			</phone>
		</phone>
	</contactInfo>
	<webLinks lastUpdated="2016-05-24T11:15:38"><webSite mainCategory="Home Page">http://www.americanpubliceducation.com/</webSite><eMail mainCategory="Company Contact/E-mail">csymanoskie@apus.edu</eMail></webLinks>
	<peerInfo lastUpdated="2020-11-11T05:53:46">
		<IndustryInfo>
			<Industry type="TRBC" order="1" reported="0" code="6310101010" mnem="">Miscellaneous Educational Service Providers</Industry>
			<Industry type="NAICS" order="1" reported="0" code="611310" mnem="">Colleges, Universities, and Professional Schools</Industry>
			<Industry type="NAICS" order="2" reported="0" code="519130" mnem="">Internet Publishing and Broadcasting and Web Search Portals</Industry>
			<Industry type="NAICS" order="3" reported="0" code="551112" mnem="">Offices of Other Holding Companies</Industry>
			<Industry type="SIC" order="1" reported="0" code="8221" mnem="">Colleges And Universities</Industry>
			<Industry type="SIC" order="2" reported="0" code="7375" mnem="">Information Retrieval Services</Industry>
			<Industry type="SIC" order="3" reported="0" code="6719" mnem="">Holding Companies, Nec</Industry>
		</IndustryInfo>
		<Indexconstituet>S&amp;P 600 Small Cap</Indexconstituet>
	</peerInfo>
	<officers>
		<officer rank="1" since="08/2014">
			<firstName>Barbara</firstName>
			<mI>G.</mI>
			<lastName>Fast</lastName>
			<age>67 </age>
			<title startYear="2015" startMonth="06" startDay="" iD1="CHM" abbr1="Chmn." iD2="IND" abbr2="Ind. Dir.">Independent Chairperson of the Board</title>
		</officer>
		<officer rank="2" since="09/23/2019">
			<firstName>Angela</firstName>
			<mI>K.</mI>
			<lastName>Selden</lastName>
			<age></age>
			<title startYear="2019" startMonth="09" startDay="23" iD1="PRE" abbr1="Pres." iD2="CEO" abbr2="CEO">President, Chief Executive Officer, Director</title>
		</officer>
		<officer rank="3" since="05/2019">
			<firstName>Eric</firstName>
			<mI>C.</mI>
			<lastName>Andersen</lastName>
			<age>57 </age>
			<title startYear="2019" startMonth="05" startDay="" iD1="VCH" abbr1="Vice Chmn." iD2="IND" abbr2="Ind. Dir.">Independent Vice Chairman of The Board</title>
		</officer>
		<officer rank="4" since="01/01/2014">
			<firstName>Richard</firstName>
			<mI>W.</mI>
			<lastName>Sunderland</lastName>
			<age>58 </age>
			<title startYear="2014" startMonth="01" startDay="01" iD1="CFO" abbr1="CFO" iD2="EVP" abbr2="Exec. VP">Chief Financial Officer, Executive Vice President</title>
		</officer>
		<officer rank="5" since="08/12/2020">
			<firstName>Wade</firstName>
			<mI>T</mI>
			<lastName>Dyke</lastName>
			<age></age>
			<title startYear="2020" startMonth="08" startDay="12" iD1="CEX" abbr1="Corp. Exec." iD2="" abbr2="">President - APUS</title>
		</officer>
		<officer rank="6" since="05/2018">
			<firstName>Patrik</firstName>
			<mI>C.</mI>
			<lastName>Dyberg</lastName>
			<age>55 </age>
			<title startYear="2018" startMonth="05" startDay="" iD1="EVP" abbr1="Exec. VP" iD2="CTO" abbr2="CTO">Executive Vice President, Chief Technology Officer</title>
		</officer>
		<officer rank="7" since="01/2012">
			<firstName>Thomas</firstName>
			<mI>A</mI>
			<lastName>Beckett</lastName>
			<age>52 </age>
			<title startYear="2016" startMonth="06" startDay="" iD1="SVP" abbr1="Sr. VP" iD2="GCN" abbr2="Counsel">Senior Vice President, General Counsel, Secretary</title>
		</officer>
		<officer rank="8" since="NA">
			<firstName>Robert</firstName>
			<mI>E.</mI>
			<lastName>Gay</lastName>
			<age></age>
			<title startYear="NA" startMonth="" startDay="" iD1="SVP" abbr1="Sr. VP" iD2="" abbr2="">Senior Vice President, Chief Operating Officer of Apus</title>
		</officer>
		<officer rank="9" since="NA">
			<firstName>Vernon</firstName>
			<mI></mI>
			<lastName>Smith</lastName>
			<age></age>
			<title startYear="NA" startMonth="" startDay="" iD1="SVP" abbr1="Sr. VP" iD2="" abbr2="">Senior Vice President, Provost of APUS</title>
		</officer>
	</officers>
	<Ratios PriceCurrency="USD" ReportingCurrency="USD" ExchangeRate="1.00000" LatestAvailableDate="2020-09-30">
		<Group ID="Price and Volume">
			<Ratio FieldName="NPRICE" Type="N">29.60000</Ratio>
			<Ratio FieldName="NHIG" Type="N">41.08770</Ratio>
			<Ratio FieldName="NLOW" Type="N">18.47000</Ratio>
			<Ratio FieldName="PDATE" Type="D">2021-02-04T00:00:00</Ratio>
			<Ratio FieldName="VOL10DAVG" Type="N">0.08076</Ratio>
			<Ratio FieldName="EV" Type="N">210.34250</Ratio>
		</Group>
		<Group ID="Income Statement">
			<Ratio FieldName="MKTCAP" Type="N">438.35150</Ratio>
			<Ratio FieldName="TTMREV" Type="N">310.25700</Ratio>
			<Ratio FieldName="TTMEBITD" Type="N">38.21800</Ratio>
			<Ratio FieldName="TTMNIAC" Type="N">17.47000</Ratio>
		</Group>
		<Group ID="Per share data">
			<Ratio FieldName="TTMEPSXCLX" Type="N">1.15113</Ratio>
			<Ratio FieldName="TTMREVPS" Type="N">20.46730</Ratio>
			<Ratio FieldName="QBVPS" Type="N">20.12587</Ratio>
			<Ratio FieldName="QCSHPS" Type="N">15.39665</Ratio>
			<Ratio FieldName="TTMCFSHR" Type="N">2.06252</Ratio>
			<Ratio FieldName="TTMDIVSHR" Type="N">0.00000</Ratio>
		</Group>
		<Group ID="Other Ratios">
			<Ratio FieldName="TTMGROSMGN" Type="N">61.62343</Ratio>
			<Ratio FieldName="TTMROEPCT" Type="N">5.83479</Ratio>
			<Ratio FieldName="TTMPR2REV" Type="N">1.41287</Ratio>
			<Ratio FieldName="PEEXCLXOR" Type="N">25.71386</Ratio>
			<Ratio FieldName="PRICE2BK" Type="N">1.47074</Ratio>
			<Ratio FieldName="Employees" Type="N">1780</Ratio>
		</Group>
	</Ratios>
	<ForecastData ConsensusType="Mean" CurFiscalYear="2020" CurFiscalYearEndMonth="12" CurInterimEndCalYear="2020" CurInterimEndMonth="12" EarningsBasis="REP">
		<Ratio FieldName="ConsRecom" Type="N">
			<Value PeriodType="CURR">2</Value>
		</Ratio>
		<Ratio FieldName="TargetPrice" Type="N">
			<Value PeriodType="CURR">37.33330</Value>
		</Ratio>
		<Ratio FieldName="ProjLTGrowthRate" Type="N">
			<Value PeriodType="CURR">-99999.99000</Value>
		</Ratio>
		<Ratio FieldName="ProjPE" Type="N">
			<Value PeriodType="CURR">24.71816</Value>
		</Ratio>
		<Ratio FieldName="ProjSales" Type="N">
			<Value PeriodType="CURR">319.79400</Value>
		</Ratio>
		<Ratio FieldName="ProjSalesQ" Type="N">
			<Value PeriodType="CURR">83.80000</Value>
		</Ratio>
		<Ratio FieldName="ProjEPS" Type="N">
			<Value PeriodType="CURR">1.19750</Value>
		</Ratio>
		<Ratio FieldName="ProjEPSQ" Type="N">
			<Value PeriodType="CURR">0.40750</Value>
		</Ratio>
		<Ratio FieldName="ProjProfit" Type="N">
			<Value PeriodType="CURR">17.97370</Value>
		</Ratio>
		<Ratio FieldName="ProjDPS" Type="N">
			<Value PeriodType="CURR">-99999.99000</Value>
		</Ratio>
	</ForecastData>
</ReportSnapshot>
