<?xml version="1.0" encoding="UTF-8"?>
<ReportSnapshot Major="1" Minor="0" Revision="1">
	<CoIDs>
		<CoID Type="RepNo">D9835</CoID>
		<CoID Type="CompanyName">Aphria Inc</CoID>
		<CoID Type="OrganizationPermID">5042943443</CoID>
	</CoIDs>
	<Issues>
		<Issue ID="1" Type="C" Desc="Common Stock" Order="1">
			<IssueID Type="Name">Ordinary Shares</IssueID>
			<IssueID Type="Ticker">APHA</IssueID>
			<IssueID Type="RIC">APHA.TO</IssueID>
			<IssueID Type="DisplayRIC">APHA.TO</IssueID>
			<IssueID Type="InstrumentPI">96325330</IssueID>
			<IssueID Type="QuotePI">99600880</IssueID>
			<IssueID Type="InstrumentPermID">21477045254</IssueID>
			<IssueID Type="QuotePermID">21481984369</IssueID>
			<Exchange Code="TSE" Country="CAN">Toronto Stock Exchange</Exchange>
			<GlobalListingType>OSR</GlobalListingType>
			<MostRecentSplit Date="2014-12-08">0.1</MostRecentSplit>
		</Issue>
	</Issues>
	<CoGeneralInfo>
		<CoStatus Code="1">Active</CoStatus>
		<CoType Code="EQU">Equity Issue</CoType>
		<LastModified>2021-01-14</LastModified>
		<LatestAvailableAnnual>2020-05-31</LatestAvailableAnnual>
		<LatestAvailableInterim>2020-11-30</LatestAvailableInterim>
		<Employees LastUpdated="2020-05-31">1200</Employees>
		<SharesOut Date="2020-12-23" TotalFloat="316702161.0">316745571.0</SharesOut>
		<ReportingCurrency Code="CAD">Canadian Dollars</ReportingCurrency>
		<MostRecentExchange Date="2021-02-03">1.2781</MostRecentExchange>
	</CoGeneralInfo>
	<TextInfo>
		<Text Type="Business Summary" lastModified="2020-11-30T13:46:02">Aphria Inc is a Canada-based cannabis company. The Company's Canadian cannabis operations are comprised of its Aphria One greenhouse facility (Aphria One), facilities held through its wholly owned British Columbia-based subsidiary, Broken Coast Cannabis Ltd. (Broken Coast) and its Leamington-based subsidiary, 1974568 Ontario Limited (Aphria Diamond). Aphria One is the Company's greenhouse facility, which is located in Leamington, Ontario. Broken Coast's indoor cannabis production facility on Vancouver Island provides B.C. Bud, a cannabis brands in Canada. Its subsidiary, Avanti Rx Analytics Inc., provides testing services to its Canadian cannabis operations and allows to process, package, label and test cannabis oil as well as package, label and test dried cannabis for medicinal use. It also manufactures and distributes bottled, canned and draft craft beers. The Company has operations in Canada, Germany, Italy, Malta, Colombia and Argentina.</Text>
		<Text Type="Financial Summary" lastModified="2021-01-14T10:07:04">BRIEF: For the six months ended 30 November 2020, AphriaInc revenues increased 24% to C$306.2M. Net loss totaledC$125.7M vs. income of C$8.5M. Revenues reflect Cannabisoperations segment increase of 5% to C$67.9M, Businessesunder developement segment increase from C$174K to C$705K,Northern America (Region) segment increase of 4% toC$67.5M. Net loss reflects Transaction costs increase fromC$1.4M to C$25.6M (expense).</Text>
	</TextInfo>
	<contactInfo lastUpdated="2021-01-14T10:07:14">
		<streetAddress line="1">269 Erie St S,</streetAddress>
		<streetAddress line="2">P.O. Box 20009</streetAddress>
		<streetAddress line="3"></streetAddress>
		<city>LEAMINGTON</city>
		<state-region>ON</state-region>
		<postalCode>N8H 3C4</postalCode>
		<country code="CAN">Canada</country>
		<contactName></contactName>
		<contactTitle></contactTitle>
		<phone>
			<phone type="mainfax">
				<countryPhoneCode>1</countryPhoneCode>
				<city-areacode>519</city-areacode>
				<number>3222916</number>
			</phone>
		</phone>
	</contactInfo>
	<webLinks lastUpdated="2020-09-03T10:45:01"><webSite mainCategory="Home Page">https://aphriainc.com/</webSite><eMail mainCategory="Company Contact/E-mail">info@aphria.com</eMail></webLinks>
	<peerInfo lastUpdated="2021-01-14T10:07:14">
		<IndustryInfo>
			<Industry type="TRBC" order="1" reported="0" code="5620104016" mnem="">Alternative Medicine</Industry>
			<Industry type="NAICS" order="1" reported="0" code="325412" mnem="">Pharmaceutical Preparation Mfg</Industry>
			<Industry type="SIC" order="1" reported="0" code="2834" mnem="">Pharmaceutical Preparations</Industry>
		</IndustryInfo>
	</peerInfo>
	<officers>
		<officer rank="1" since="12/27/2018">
			<firstName>Irwin</firstName>
			<mI>David</mI>
			<lastName>Simon</lastName>
			<age>62 </age>
			<title startYear="2019" startMonth="03" startDay="01" iD1="CHM" abbr1="Chmn." iD2="CEO" abbr2="CEO">Chairman of the Board, Chief Executive Officer</title>
		</officer>
		<officer rank="2" since="11/14/2019">
			<firstName>Renah</firstName>
			<mI></mI>
			<lastName>Persofsky</lastName>
			<age>62 </age>
			<title startYear="2019" startMonth="11" startDay="14" iD1="VCH" abbr1="Vice Chmn." iD2="LED" abbr2="Lead Dir.">Lead Independent Vice Chairman of the Board</title>
		</officer>
		<officer rank="3" since="NA">
			<firstName>Carl</firstName>
			<mI>A.</mI>
			<lastName>Merton</lastName>
			<age></age>
			<title startYear="NA" startMonth="" startDay="" iD1="CFO" abbr1="CFO" iD2="" abbr2="">Chief Financial Officer</title>
		</officer>
		<officer rank="4" since="05/14/2019">
			<firstName>James</firstName>
			<mI></mI>
			<lastName>Meiers</lastName>
			<age></age>
			<title startYear="2019" startMonth="05" startDay="14" iD1="COO" abbr1="COO" iD2="" abbr2="">Chief Operating Officer</title>
		</officer>
		<officer rank="5" since="11/14/2019">
			<firstName>Bernard</firstName>
			<mI></mI>
			<lastName>Yeung</lastName>
			<age></age>
			<title startYear="2019" startMonth="11" startDay="14" iD1="SVP" abbr1="Sr. VP" iD2="DSL" abbr2="Dir.-Sales">Senior Vice President of Sales and Marketing</title>
		</officer>
		<officer rank="6" since="11/14/2019">
			<firstName>Denise</firstName>
			<mI>M.</mI>
			<lastName>Faltischek</lastName>
			<age></age>
			<title startYear="2019" startMonth="11" startDay="14" iD1="OTH" abbr1="Other" iD2="" abbr2="">Chief Strategy Officer</title>
		</officer>
		<officer rank="7" since="06/01/2018">
			<firstName>Christelle</firstName>
			<mI></mI>
			<lastName>Gedeon</lastName>
			<age></age>
			<title startYear="2018" startMonth="06" startDay="01" iD1="OTH" abbr1="Other" iD2="" abbr2="">Chief Legal Officer</title>
		</officer>
		<officer rank="8" since="NA">
			<firstName>Hendrik</firstName>
			<mI></mI>
			<lastName>Knopp</lastName>
			<age></age>
			<title startYear="NA" startMonth="" startDay="" iD1="OTH" abbr1="Other" iD2="" abbr2="">Managing Director of Aphria Germany</title>
		</officer>
		<officer rank="9" since="NA">
			<firstName>Tamara</firstName>
			<mI></mI>
			<lastName>Macgregor</lastName>
			<age></age>
			<title startYear="2019" startMonth="11" startDay="14" iD1="OTH" abbr1="Other" iD2="" abbr2="">Chief Corporate Affairs Officer</title>
		</officer>
	</officers>
	<Ratios PriceCurrency="CAD" ReportingCurrency="CAD" ExchangeRate="1.00000" LatestAvailableDate="2020-05-31">
		<Group ID="Price and Volume">
			<Ratio FieldName="NPRICE" Type="N">21.13000</Ratio>
			<Ratio FieldName="NHIG" Type="N">22.37000</Ratio>
			<Ratio FieldName="NLOW" Type="N">2.65000</Ratio>
			<Ratio FieldName="PDATE" Type="D">2021-02-04T00:00:00</Ratio>
			<Ratio FieldName="VOL10DAVG" Type="N">7.08813</Ratio>
			<Ratio FieldName="EV" Type="N">6612.17900</Ratio>
		</Group>
		<Group ID="Income Statement">
			<Ratio FieldName="MKTCAP" Type="N">6692.83400</Ratio>
			<Ratio FieldName="AREV" Type="N">543.33900</Ratio>
			<Ratio FieldName="AEBITD" Type="N">-62.30700</Ratio>
			<Ratio FieldName="ANIAC" Type="N">-84.63400</Ratio>
		</Group>
		<Group ID="Per share data">
			<Ratio FieldName="AEPSXCLXOR" Type="N">-0.32815</Ratio>
			<Ratio FieldName="AREVPS" Type="N">2.10666</Ratio>
			<Ratio FieldName="ABVPS" Type="N">6.32603</Ratio>
			<Ratio FieldName="ACSHPS" Type="N">1.73538</Ratio>
			<Ratio FieldName="ACFSHR" Type="N">-0.13711</Ratio>
			<Ratio FieldName="ADIVSHR" Type="N">-99999.99000</Ratio>
		</Group>
		<Group ID="Other Ratios">
			<Ratio FieldName="AGROSMGN" Type="N">14.12010</Ratio>
			<Ratio FieldName="AROEPCT" Type="N">-4.81247</Ratio>
			<Ratio FieldName="APR2REV" Type="N">12.31797</Ratio>
			<Ratio FieldName="APEEXCLXOR" Type="N">-99999.99000</Ratio>
			<Ratio FieldName="APRICE2BK" Type="N">3.34017</Ratio>
			<Ratio FieldName="Employees" Type="N">1200</Ratio>
		</Group>
	</Ratios>
	<ForecastData ConsensusType="Mean" CurFiscalYear="2021" CurFiscalYearEndMonth="5" CurInterimEndCalYear="2021" CurInterimEndMonth="2" EarningsBasis="PRX">
		<Ratio FieldName="ConsRecom" Type="N">
			<Value PeriodType="CURR">1.8182</Value>
		</Ratio>
		<Ratio FieldName="TargetPrice" Type="N">
			<Value PeriodType="CURR">9.05000</Value>
		</Ratio>
		<Ratio FieldName="ProjLTGrowthRate" Type="N">
			<Value PeriodType="CURR">-99999.99000</Value>
		</Ratio>
		<Ratio FieldName="ProjPE" Type="N">
			<Value PeriodType="CURR">-124.29412</Value>
		</Ratio>
		<Ratio FieldName="ProjSales" Type="N">
			<Value PeriodType="CURR">689.87000</Value>
		</Ratio>
		<Ratio FieldName="ProjSalesQ" Type="N">
			<Value PeriodType="CURR">178.69000</Value>
		</Ratio>
		<Ratio FieldName="ProjEPS" Type="N">
			<Value PeriodType="CURR">-0.17000</Value>
		</Ratio>
		<Ratio FieldName="ProjEPSQ" Type="N">
			<Value PeriodType="CURR">-0.02000</Value>
		</Ratio>
		<Ratio FieldName="ProjProfit" Type="N">
			<Value PeriodType="CURR">-18.59430</Value>
		</Ratio>
		<Ratio FieldName="ProjDPS" Type="N">
			<Value PeriodType="CURR">-99999.99000</Value>
		</Ratio>
	</ForecastData>
</ReportSnapshot>
