<?xml version="1.0" encoding="UTF-8"?>
<ReportSnapshot Major="1" Minor="0" Revision="1">
	<CoIDs>
		<CoID Type="RepNo">08197</CoID>
		<CoID Type="CompanyName">Agora Inc</CoID>
		<CoID Type="CIKNo">0001802883</CoID>
		<CoID Type="OrganizationPermID">5074639679</CoID>
	</CoIDs>
	<Issues>
		<Issue ID="1" Type="C" Desc="Common Stock" Order="1">
			<IssueID Type="Name">ADR</IssueID>
			<IssueID Type="Ticker">API</IssueID>
			<IssueID Type="RIC">API.O</IssueID>
			<IssueID Type="DisplayRIC">API.OQ</IssueID>
			<IssueID Type="InstrumentPI">440313289</IssueID>
			<IssueID Type="QuotePI">440313293</IssueID>
			<IssueID Type="InstrumentPermID">25727347575</IssueID>
			<IssueID Type="QuotePermID">25727347573</IssueID>
			<Exchange Code="NASD" Country="USA">NASDAQ</Exchange>
			<GlobalListingType SharesPerListing="4.0">ADR</GlobalListingType>
		</Issue>
		<Issue ID="2" Type="C" Desc="Common Stock" Order="2">
			<IssueID Type="Name">Ordinary Shares</IssueID>
			<IssueID Type="InstrumentPI">440341986</IssueID>
			<IssueID Type="InstrumentPermID">21754214781</IssueID>
			<Exchange Code="NA" Country="">Not Available</Exchange>
		</Issue>
		<Issue ID="3" Type="C" Desc="Common Stock" Order="3">
			<IssueID Type="Name">Ordinary Shares Class B</IssueID>
			<IssueID Type="InstrumentPI">444129501</IssueID>
			<IssueID Type="InstrumentPermID">21757201339</IssueID>
			<Exchange Code="NA" Country="">Not Available</Exchange>
		</Issue>
	</Issues>
	<CoGeneralInfo>
		<CoStatus Code="1">Active</CoStatus>
		<CoType Code="EQU">Equity Issue</CoType>
		<LastModified>2020-11-16</LastModified>
		<LatestAvailableAnnual>2019-12-31</LatestAvailableAnnual>
		<LatestAvailableInterim>2020-09-30</LatestAvailableInterim>
		<Employees LastUpdated="2020-03-31">498</Employees>
		<SharesOut Date="2020-09-30" TotalFloat="70000000.0">396897929.0</SharesOut>
		<ReportingCurrency Code="USD">U.S. Dollars</ReportingCurrency>
		<MostRecentExchange Date="2021-02-03">1.0</MostRecentExchange>
	</CoGeneralInfo>
	<TextInfo>
		<Text Type="Business Summary" lastModified="2020-06-09T23:39:25">Agora Inc is a company engaged in providing real-time engagement services on video, voice and messaging. The Company operates a real-time engagement platform-as-a-service (RTE-PaaS) to provide the software and infrastructure required to enable real-time engagement. The Company's products include Real-Time Video, Real-Time Voice, Real-Time Messaging, Real-Time Recording and so on. The products and services are applied in social, gaming, retail, education and other areas. The Company operates its businesses in China, the United States and other countries in Asia Pacific region. </Text>
		<Text Type="Financial Summary" lastModified="2020-11-16T21:30:57">BRIEF: For the nine months ended 30 September 2020, AgoraInc revenues totaled $100.3M. Net loss applicable to commonstockholders totaled to $197.1M.</Text>
	</TextInfo>
	<contactInfo lastUpdated="2021-01-27T21:07:35">
		<streetAddress line="1">2804 Mission College Blvd., Suite 110</streetAddress>
		<streetAddress line="2"></streetAddress>
		<streetAddress line="3"></streetAddress>
		<city>SHANGHAI</city>
		<state-region>SHA</state-region>
		<postalCode>200433</postalCode>
		<country code="CHN">China</country>
		<contactName>Nina Grabos</contactName>
		<contactTitle>Corporate Communication Director</contactTitle>
		<phone>
			<phone type="mainphone">
				<countryPhoneCode>1</countryPhoneCode>
				<city-areacode>410</city-areacode>
				<number>7838499</number>
			</phone>
			<phone type="contactphone">
				<countryPhoneCode>1</countryPhoneCode>
				<city-areacode>22</city-areacode>
				<number>5556036</number>
			</phone>
		</phone>
	</contactInfo>
	<webLinks lastUpdated=""><webSite mainCategory=""></webSite><eMail mainCategory=""></eMail></webLinks>
	<peerInfo lastUpdated="2021-01-27T21:07:35">
		<IndustryInfo>
			<Industry type="TRBC" order="1" reported="0" code="5720102010" mnem="">Software - NEC</Industry>
			<Industry type="NAICS" order="1" reported="0" code="511210" mnem="">Software Publishers</Industry>
			<Industry type="NAICS" order="2" reported="0" code="551112" mnem="">Offices of Other Holding Companies</Industry>
			<Industry type="SIC" order="1" reported="0" code="7372" mnem="">Prepackaged Software</Industry>
			<Industry type="SIC" order="2" reported="0" code="6719" mnem="">Holding Companies, Nec</Industry>
		</IndustryInfo>
	</peerInfo>
	<officers>
		<officer rank="1" since="NA">
			<firstName>Bin</firstName>
			<mI></mI>
			<lastName>Zhao</lastName>
			<age>49 </age>
			<title startYear="NA" startMonth="" startDay="" iD1="CHM" abbr1="Chmn." iD2="CEO" abbr2="CEO">Chairman of the Board, Chief Executive Officer</title>
		</officer>
		<officer rank="2" since="01/2020">
			<firstName>Jingbo</firstName>
			<mI></mI>
			<lastName>Wang</lastName>
			<age>39 </age>
			<title startYear="2020" startMonth="01" startDay="" iD1="CFO" abbr1="CFO" iD2="" abbr2="">Chief Financial Officer</title>
		</officer>
		<officer rank="3" since="02/2018">
			<firstName>Regev</firstName>
			<mI></mI>
			<lastName>Yativ</lastName>
			<age>45 </age>
			<title startYear="2018" startMonth="02" startDay="" iD1="COO" abbr1="COO" iD2="" abbr2="">Chief Revenue Officer and Chief Operating Officer of Agora Lab</title>
		</officer>
		<officer rank="4" since="05/2014">
			<firstName>Siming</firstName>
			<mI></mI>
			<lastName>Tao</lastName>
			<age>39 </age>
			<title startYear="2014" startMonth="05" startDay="" iD1="SVP" abbr1="Sr. VP" iD2="" abbr2="">Senior Vice President - Products</title>
		</officer>
		<officer rank="5" since="01/2018">
			<firstName>Sheng</firstName>
			<mI></mI>
			<lastName>Zhong</lastName>
			<age>54 </age>
			<title startYear="2018" startMonth="01" startDay="" iD1="CSO" abbr1="CSO" iD2="" abbr2="">Chief Scientist</title>
		</officer>
	</officers>
	<Ratios PriceCurrency="USD" ReportingCurrency="USD" ExchangeRate="1.00000" LatestAvailableDate="2020-09-30">
		<Group ID="Price and Volume">
			<Ratio FieldName="NPRICE" Type="N">88.17000</Ratio>
			<Ratio FieldName="NHIG" Type="N">93.99930</Ratio>
			<Ratio FieldName="NLOW" Type="N">33.60000</Ratio>
			<Ratio FieldName="PDATE" Type="D">2021-02-04T00:00:00</Ratio>
			<Ratio FieldName="VOL10DAVG" Type="N">3.07916</Ratio>
			<Ratio FieldName="EV" Type="N">-99999.99000</Ratio>
		</Group>
		<Group ID="Income Statement">
			<Ratio FieldName="MKTCAP" Type="N">8748.62300</Ratio>
			<Ratio FieldName="TTMREV" Type="N">-99999.99000</Ratio>
			<Ratio FieldName="TTMEBITD" Type="N">-99999.99000</Ratio>
			<Ratio FieldName="TTMNIAC" Type="N">-99999.99000</Ratio>
		</Group>
		<Group ID="Per share data">
			<Ratio FieldName="TTMEPSXCLX" Type="N">-99999.99000</Ratio>
			<Ratio FieldName="TTMREVPS" Type="N">-99999.99000</Ratio>
			<Ratio FieldName="QBVPS" Type="N">6.61202</Ratio>
			<Ratio FieldName="QCSHPS" Type="N">6.40332</Ratio>
			<Ratio FieldName="TTMCFSHR" Type="N">-99999.99000</Ratio>
			<Ratio FieldName="TTMDIVSHR" Type="N">-99999.99000</Ratio>
		</Group>
		<Group ID="Other Ratios">
			<Ratio FieldName="TTMGROSMGN" Type="N">-99999.99000</Ratio>
			<Ratio FieldName="TTMROEPCT" Type="N">-99999.99000</Ratio>
			<Ratio FieldName="TTMPR2REV" Type="N">-99999.99000</Ratio>
			<Ratio FieldName="PEEXCLXOR" Type="N">-99999.99000</Ratio>
			<Ratio FieldName="PRICE2BK" Type="N">13.33481</Ratio>
			<Ratio FieldName="Employees" Type="N">498</Ratio>
		</Group>
	</Ratios>
	<ForecastData ConsensusType="Mean" CurFiscalYear="2020" CurFiscalYearEndMonth="12" CurInterimEndCalYear="2020" CurInterimEndMonth="12" EarningsBasis="PRX">
		<Ratio FieldName="ConsRecom" Type="N">
			<Value PeriodType="CURR">1.8333</Value>
		</Ratio>
		<Ratio FieldName="TargetPrice" Type="N">
			<Value PeriodType="CURR">52.33330</Value>
		</Ratio>
		<Ratio FieldName="ProjLTGrowthRate" Type="N">
			<Value PeriodType="CURR">-99999.99000</Value>
		</Ratio>
		<Ratio FieldName="ProjPE" Type="N">
			<Value PeriodType="CURR">1685.85086</Value>
		</Ratio>
		<Ratio FieldName="ProjSales" Type="N">
			<Value PeriodType="CURR">131.57880</Value>
		</Ratio>
		<Ratio FieldName="ProjSalesQ" Type="N">
			<Value PeriodType="CURR">31.04450</Value>
		</Ratio>
		<Ratio FieldName="ProjEPS" Type="N">
			<Value PeriodType="CURR">0.05230</Value>
		</Ratio>
		<Ratio FieldName="ProjEPSQ" Type="N">
			<Value PeriodType="CURR">-0.07000</Value>
		</Ratio>
		<Ratio FieldName="ProjProfit" Type="N">
			<Value PeriodType="CURR">3.05680</Value>
		</Ratio>
		<Ratio FieldName="ProjDPS" Type="N">
			<Value PeriodType="CURR">0.00000</Value>
		</Ratio>
	</ForecastData>
</ReportSnapshot>
