<?xml version="1.0" encoding="UTF-8"?>
<ReportSnapshot Major="1" Minor="0" Revision="1">
	<CoIDs>
		<CoID Type="RepNo">02FDE</CoID>
		<CoID Type="CompanyName">Aptorum Group Ltd</CoID>
		<CoID Type="CIKNo">0001734005</CoID>
		<CoID Type="OrganizationPermID">5045946995</CoID>
	</CoIDs>
	<Issues>
		<Issue ID="1" Type="C" Desc="Common Stock" Order="1">
			<IssueID Type="Name">Ordinary Shares Class A</IssueID>
			<IssueID Type="Ticker">APM</IssueID>
			<IssueID Type="RIC">APM.O</IssueID>
			<IssueID Type="DisplayRIC">APM.OQ</IssueID>
			<IssueID Type="InstrumentPI">324156617</IssueID>
			<IssueID Type="QuotePI">341525251</IssueID>
			<IssueID Type="InstrumentPermID">21661834974</IssueID>
			<IssueID Type="QuotePermID">25727384710</IssueID>
			<Exchange Code="NASD" Country="USA">NASDAQ</Exchange>
			<GlobalListingType>OSR</GlobalListingType>
		</Issue>
		<Issue ID="2" Type="C" Desc="Common Stock" Order="2">
			<IssueID Type="Name">Ordinary Shares Class B</IssueID>
			<IssueID Type="InstrumentPI">362031525</IssueID>
			<IssueID Type="InstrumentPermID">21691982979</IssueID>
			<Exchange Code="NA" Country="">Not Available</Exchange>
		</Issue>
	</Issues>
	<CoGeneralInfo>
		<CoStatus Code="1">Active</CoStatus>
		<CoType Code="EQU">Equity Issue</CoType>
		<LastModified>2021-02-04</LastModified>
		<LatestAvailableAnnual>2019-12-31</LatestAvailableAnnual>
		<LatestAvailableInterim>2020-06-30</LatestAvailableInterim>
		<Employees LastUpdated="2019-12-31">36</Employees>
		<SharesOut Date="2020-06-30" TotalFloat="4941613.0">30388740.0</SharesOut>
		<ReportingCurrency Code="USD">U.S. Dollars</ReportingCurrency>
		<MostRecentExchange Date="2021-02-04">1.0</MostRecentExchange>
	</CoGeneralInfo>
	<TextInfo>
		<Text Type="Business Summary" lastModified="2020-10-12T09:20:49">Aptorum Group Limited is a pharmaceutical company dedicated to the discovery, development and commercializing of therapeutic assets to treat diseases, particularly infectious diseases and cancers (including orphan oncology indications). Through the establishment of drug discovery platforms, it enables the discovery of new therapeutics assets through systematic screening of existing approved drug molecules, and microbiome-based research platform for treatments of metabolic diseases. In addition to this, the Company is also pursuing therapeutic and diagnostic projects in neurology, gastroenterology, metabolic disorders, womens health and other disease areas. It also has projects focused on surgical robotics and natural supplement for women undergoing menopause and experiencing related symptoms.</Text>
		<Text Type="Financial Summary" lastModified="2020-12-16T22:39:40">BRIEF: For the six months ended 30 June 2020, Aptorum GroupLtd revenues increased 36% to $327K. Net loss decreased 32%to $6.2M. Revenues reflect an increase in demand for theCompany's products and services due to favorable marketconditions. Lower net loss reflects Interest income(expense), net decrease of 96% to $144K (expense), Generaland administrative fees decrease of 36% to $2.1M (expense).</Text>
	</TextInfo>
	<contactInfo lastUpdated="2021-02-04T22:10:53">
		<streetAddress line="1">17 Hanover Square</streetAddress>
		<streetAddress line="2"></streetAddress>
		<streetAddress line="3"></streetAddress>
		<city>LONDON</city>
		<state-region></state-region>
		<postalCode>W1S 1BN</postalCode>
		<country code="GBR">United Kingdom</country>
		<contactName></contactName>
		<contactTitle></contactTitle>
		<phone>
			<phone type="mainphone">
				<countryPhoneCode>44</countryPhoneCode>
				<city-areacode>20</city-areacode>
				<number>80929299</number>
			</phone>
			<phone type="mainfax">
				<countryPhoneCode>44</countryPhoneCode>
				<city-areacode>20</city-areacode>
				<number>39288277</number>
			</phone>
		</phone>
	</contactInfo>
	<webLinks lastUpdated="2018-12-19T00:00:02"><webSite mainCategory="Home Page">http://www.aptorumgroup.com/</webSite><eMail mainCategory="Company Contact/E-mail">investor.relations@aptorumgroup.com</eMail></webLinks>
	<peerInfo lastUpdated="2020-12-16T22:39:40">
		<IndustryInfo>
			<Industry type="TRBC" order="1" reported="0" code="5620104010" mnem="">Pharmaceuticals - NEC</Industry>
			<Industry type="NAICS" order="1" reported="0" code="325412" mnem="">Pharmaceutical Preparation Mfg</Industry>
			<Industry type="NAICS" order="2" reported="0" code="334510" mnem="">Electromedical Apparatus Mfg</Industry>
			<Industry type="SIC" order="1" reported="0" code="2834" mnem="">Pharmaceutical Preparations</Industry>
			<Industry type="SIC" order="2" reported="0" code="3845" mnem="">Electromedical Equipment</Industry>
		</IndustryInfo>
	</peerInfo>
	<officers>
		<officer rank="1" since="10/01/2017">
			<firstName>Darren</firstName>
			<mI></mI>
			<lastName>Lui</lastName>
			<age>39 </age>
			<title startYear="2017" startMonth="10" startDay="01" iD1="PRE" abbr1="Pres." iD2="EDR" abbr2="Exec. Dir.">President, Executive Director</title>
		</officer>
		<officer rank="2" since="10/01/2017">
			<firstName>Ian</firstName>
			<mI></mI>
			<lastName>Huen</lastName>
			<age>40 </age>
			<title startYear="2017" startMonth="10" startDay="01" iD1="CEO" abbr1="CEO" iD2="FDR" abbr2="Fndr.">Chief Executive Officer, Founder, Executive Director</title>
		</officer>
		<officer rank="3" since="10/16/2017">
			<firstName>Sabrina</firstName>
			<mI></mI>
			<lastName>Khan</lastName>
			<age>39 </age>
			<title startYear="2017" startMonth="10" startDay="16" iD1="CFO" abbr1="CFO" iD2="" abbr2="">Chief Financial Officer</title>
		</officer>
		<officer rank="4" since="04/01/2019">
			<firstName>Angel</firstName>
			<mI></mI>
			<lastName>Ng</lastName>
			<age>39 </age>
			<title startYear="2019" startMonth="04" startDay="01" iD1="COO" abbr1="COO" iD2="" abbr2="">Chief Operating Officer</title>
		</officer>
		<officer rank="5" since="01/02/2018">
			<firstName>Clark</firstName>
			<mI></mI>
			<lastName>Cheng</lastName>
			<age>40 </age>
			<title startYear="2018" startMonth="01" startDay="02" iD1="EDR" abbr1="Exec. Dir." iD2="" abbr2="">Chief Medical Officer and Executive Director</title>
		</officer>
		<officer rank="6" since="04/01/2019">
			<firstName>Thomas</firstName>
			<mI></mI>
			<lastName>Lee</lastName>
			<age>47 </age>
			<title startYear="2019" startMonth="04" startDay="01" iD1="OTH" abbr1="Other" iD2="" abbr2="">Head of Research and Development</title>
		</officer>
	</officers>
	<Ratios PriceCurrency="USD" ReportingCurrency="USD" ExchangeRate="1.00000" LatestAvailableDate="2020-06-30">
		<Group ID="Price and Volume">
			<Ratio FieldName="NPRICE" Type="N">3.56000</Ratio>
			<Ratio FieldName="NHIG" Type="N">18.25000</Ratio>
			<Ratio FieldName="NLOW" Type="N">1.16000</Ratio>
			<Ratio FieldName="PDATE" Type="D">2021-02-04T00:00:00</Ratio>
			<Ratio FieldName="VOL10DAVG" Type="N">0.43182</Ratio>
			<Ratio FieldName="EV" Type="N">116.87983</Ratio>
		</Group>
		<Group ID="Income Statement">
			<Ratio FieldName="MKTCAP" Type="N">121.08280</Ratio>
			<Ratio FieldName="TTMREV" Type="N">0.62264</Ratio>
			<Ratio FieldName="TTMEBITD" Type="N">-17.97003</Ratio>
			<Ratio FieldName="TTMNIAC" Type="N">-15.80286</Ratio>
		</Group>
		<Group ID="Per share data">
			<Ratio FieldName="TTMEPSXCLX" Type="N">-0.53765</Ratio>
			<Ratio FieldName="TTMREVPS" Type="N">0.02111</Ratio>
			<Ratio FieldName="QBVPS" Type="N">0.65280</Ratio>
			<Ratio FieldName="QCSHPS" Type="N">0.14229</Ratio>
			<Ratio FieldName="TTMCFSHR" Type="N">-0.21309</Ratio>
			<Ratio FieldName="TTMDIVSHR" Type="N">0.00000</Ratio>
		</Group>
		<Group ID="Other Ratios">
			<Ratio FieldName="TTMGROSMGN" Type="N">-38.04124</Ratio>
			<Ratio FieldName="TTMROEPCT" Type="N">-70.57919</Ratio>
			<Ratio FieldName="TTMPR2REV" Type="N">194.46680</Ratio>
			<Ratio FieldName="PEEXCLXOR" Type="N">-99999.99000</Ratio>
			<Ratio FieldName="PRICE2BK" Type="N">5.45339</Ratio>
			<Ratio FieldName="Employees" Type="N">36</Ratio>
		</Group>
	</Ratios>
	<ForecastData ConsensusType="Mean" CurFiscalYear="2020" CurFiscalYearEndMonth="12" CurInterimEndCalYear="2020" CurInterimEndMonth="9" EarningsBasis="PRX">
		<Ratio FieldName="ConsRecom" Type="N">
			<Value PeriodType="CURR">2</Value>
		</Ratio>
		<Ratio FieldName="TargetPrice" Type="N">
			<Value PeriodType="CURR">13.00000</Value>
		</Ratio>
		<Ratio FieldName="ProjLTGrowthRate" Type="N">
			<Value PeriodType="CURR">-99999.99000</Value>
		</Ratio>
		<Ratio FieldName="ProjPE" Type="N">
			<Value PeriodType="CURR">-6.03390</Value>
		</Ratio>
		<Ratio FieldName="ProjSales" Type="N">
			<Value PeriodType="CURR">0.68100</Value>
		</Ratio>
		<Ratio FieldName="ProjSalesQ" Type="N">
			<Value PeriodType="CURR">-99999.99000</Value>
		</Ratio>
		<Ratio FieldName="ProjEPS" Type="N">
			<Value PeriodType="CURR">-0.59000</Value>
		</Ratio>
		<Ratio FieldName="ProjEPSQ" Type="N">
			<Value PeriodType="CURR">-0.21000</Value>
		</Ratio>
		<Ratio FieldName="ProjProfit" Type="N">
			<Value PeriodType="CURR">-19.70000</Value>
		</Ratio>
		<Ratio FieldName="ProjDPS" Type="N">
			<Value PeriodType="CURR">-99999.99000</Value>
		</Ratio>
	</ForecastData>
</ReportSnapshot>
