<?xml version="1.0" encoding="UTF-8"?>
<ReportSnapshot Major="1" Minor="0" Revision="1">
	<CoIDs>
		<CoID Type="RepNo">F6BF1</CoID>
		<CoID Type="CompanyName">AppFolio Inc</CoID>
		<CoID Type="IRSNo">260359894</CoID>
		<CoID Type="CIKNo">0001433195</CoID>
		<CoID Type="OrganizationPermID">4297844648</CoID>
	</CoIDs>
	<Issues>
		<Issue ID="1" Type="C" Desc="Common Stock" Order="1">
			<IssueID Type="Name">Ordinary Shares Class A</IssueID>
			<IssueID Type="Ticker">APPF</IssueID>
			<IssueID Type="RIC">APPF.O</IssueID>
			<IssueID Type="DisplayRIC">APPF.OQ</IssueID>
			<IssueID Type="InstrumentPI">191490077</IssueID>
			<IssueID Type="QuotePI">191622605</IssueID>
			<IssueID Type="InstrumentPermID">21564221334</IssueID>
			<IssueID Type="QuotePermID">21564310696</IssueID>
			<Exchange Code="NASD" Country="USA">NASDAQ</Exchange>
			<GlobalListingType>OSR</GlobalListingType>
		</Issue>
		<Issue ID="2" Type="C" Desc="Common Stock" Order="2">
			<IssueID Type="Name">Ordinary Shares</IssueID>
			<IssueID Type="InstrumentPI">194231753</IssueID>
			<IssueID Type="InstrumentPermID">21565830239</IssueID>
			<Exchange Code="NA" Country="">Not Available</Exchange>
		</Issue>
	</Issues>
	<CoGeneralInfo>
		<CoStatus Code="1">Active</CoStatus>
		<CoType Code="EQU">Equity Issue</CoType>
		<LastModified>2020-11-11</LastModified>
		<LatestAvailableAnnual>2019-12-31</LatestAvailableAnnual>
		<LatestAvailableInterim>2020-09-30</LatestAvailableInterim>
		<Employees LastUpdated="2020-09-30">1420</Employees>
		<SharesOut Date="2020-11-02" TotalFloat="17262096.0">34328188.0</SharesOut>
		<ReportingCurrency Code="USD">U.S. Dollars</ReportingCurrency>
		<MostRecentExchange Date="2021-02-03">1.0</MostRecentExchange>
	</CoGeneralInfo>
	<TextInfo>
		<Text Type="Business Summary" lastModified="2017-04-04T00:42:02">AppFolio, Inc. is a provider of industry-specific, cloud-based software solutions for small and medium-sized businesses (SMBs) in the property management and legal industries. The Company's mobile-optimized software solutions enable its customers to work at any time and from anywhere across multiple devices. Its property management software provides small and medium-sized property managers with an end-to-end solution to their business needs. The Company's legal software provides solo practitioners and small law firms with a streamlined practice and case management solution, allowing them to manage their practices and case load. It also offers Value+ services, such as its professionally designed Websites and electronic payment services. The Company's property manager customers include third-party managers and owner-operators, managing single- and multi-family residences, commercial property and student housing, as well as mixed real estate portfolios.</Text>
		<Text Type="Financial Summary" lastModified="2020-11-11T10:03:34">BRIEF: For the nine months ended 30 September 2020,AppFolio Inc revenues increased 26% to $237.6M. Net incomeincreased from $31.9M to $158.9M. Revenues reflect ValueServices increase of 30% to $149.1M, Core Solutionsincrease of 20% to $78.1M, Other Revenue increase of 12% to$10.4M. Net income benefited from Other Income/Expense, Netincrease from $68K (expense) to $187.8M (income).</Text>
	</TextInfo>
	<contactInfo lastUpdated="2020-11-11T10:03:40">
		<streetAddress line="1">50 Castilian Dr</streetAddress>
		<streetAddress line="2"></streetAddress>
		<streetAddress line="3"></streetAddress>
		<city>GOLETA</city>
		<state-region>CA</state-region>
		<postalCode>93117-3080</postalCode>
		<country code="USA">United States</country>
		<contactName>Ida Kane</contactName>
		<contactTitle>Chief Financial Officer</contactTitle>
		<phone>
			<phone type="mainphone">
				<countryPhoneCode>1</countryPhoneCode>
				<city-areacode>805</city-areacode>
				<number>3646093</number>
			</phone>
			<phone type="mainfax">
				<countryPhoneCode>1</countryPhoneCode>
				<city-areacode>302</city-areacode>
				<number>6365454</number>
			</phone>
			<phone type="contactphone">
				<countryPhoneCode>1</countryPhoneCode>
				<city-areacode>805</city-areacode>
				<number>3646093</number>
			</phone>
		</phone>
	</contactInfo>
	<webLinks lastUpdated="2020-08-03T06:30:00"><webSite mainCategory="Home Page">https://www.appfolioinc.com/</webSite><eMail mainCategory="Company Contact/E-mail">ir@appfolio.com</eMail></webLinks>
	<peerInfo lastUpdated="2020-11-11T10:03:40">
		<IndustryInfo>
			<Industry type="TRBC" order="1" reported="0" code="5720102013" mnem="">Enterprise Software</Industry>
			<Industry type="NAICS" order="1" reported="0" code="511210" mnem="">Software Publishers</Industry>
			<Industry type="SIC" order="1" reported="0" code="7372" mnem="">Prepackaged Software</Industry>
		</IndustryInfo>
	</peerInfo>
	<officers>
		<officer rank="1" since="NA">
			<firstName>Andreas</firstName>
			<mI></mI>
			<lastName>Von Blottnitz</lastName>
			<age>54 </age>
			<title startYear="NA" startMonth="" startDay="" iD1="CHM" abbr1="Chmn." iD2="IND" abbr2="Ind. Dir.">Independent Chairman of the Board</title>
		</officer>
		<officer rank="2" since="2016">
			<firstName>Jason</firstName>
			<mI>Robert</mI>
			<lastName>Randall</lastName>
			<age>47 </age>
			<title startYear="2017" startMonth="08" startDay="08" iD1="PRE" abbr1="Pres." iD2="CEO" abbr2="CEO">President, Chief Executive Officer, Director</title>
		</officer>
		<officer rank="3" since="2006">
			<firstName>Jonathan</firstName>
			<mI></mI>
			<lastName>Walker</lastName>
			<age>51 </age>
			<title startYear="2006" startMonth="" startDay="" iD1="FDR" abbr1="Fndr." iD2="CTO" abbr2="CTO">Founder, Chief Technology Officer</title>
		</officer>
		<officer rank="4" since="02/2015">
			<firstName>Ida</firstName>
			<mI>Kathleen</mI>
			<lastName>Kane</lastName>
			<age>50 </age>
			<title startYear="2015" startMonth="02" startDay="" iD1="CFO" abbr1="CFO" iD2="IRC" abbr2="IR-Contact">Chief Financial Officer</title>
		</officer>
	</officers>
	<Ratios PriceCurrency="USD" ReportingCurrency="USD" ExchangeRate="1.00000" LatestAvailableDate="2020-09-30">
		<Group ID="Price and Volume">
			<Ratio FieldName="NPRICE" Type="N">161.07000</Ratio>
			<Ratio FieldName="NHIG" Type="N">186.59000</Ratio>
			<Ratio FieldName="NLOW" Type="N">81.01000</Ratio>
			<Ratio FieldName="PDATE" Type="D">2021-02-04T00:00:00</Ratio>
			<Ratio FieldName="VOL10DAVG" Type="N">0.20277</Ratio>
			<Ratio FieldName="EV" Type="N">5352.52400</Ratio>
		</Group>
		<Group ID="Income Statement">
			<Ratio FieldName="MKTCAP" Type="N">5529.24100</Ratio>
			<Ratio FieldName="TTMREV" Type="N">304.98600</Ratio>
			<Ratio FieldName="TTMEBITD" Type="N">41.06600</Ratio>
			<Ratio FieldName="TTMNIAC" Type="N">163.34400</Ratio>
		</Group>
		<Group ID="Per share data">
			<Ratio FieldName="TTMEPSXCLX" Type="N">4.57938</Ratio>
			<Ratio FieldName="TTMREVPS" Type="N">8.53048</Ratio>
			<Ratio FieldName="QBVPS" Type="N">8.29178</Ratio>
			<Ratio FieldName="QCSHPS" Type="N">5.15015</Ratio>
			<Ratio FieldName="TTMCFSHR" Type="N">5.35613</Ratio>
			<Ratio FieldName="TTMDIVSHR" Type="N">0.00000</Ratio>
		</Group>
		<Group ID="Other Ratios">
			<Ratio FieldName="TTMGROSMGN" Type="N">62.12056</Ratio>
			<Ratio FieldName="TTMROEPCT" Type="N">79.69302</Ratio>
			<Ratio FieldName="TTMPR2REV" Type="N">18.12949</Ratio>
			<Ratio FieldName="PEEXCLXOR" Type="N">35.17288</Ratio>
			<Ratio FieldName="PRICE2BK" Type="N">19.42525</Ratio>
			<Ratio FieldName="Employees" Type="N">1420</Ratio>
		</Group>
	</Ratios>
	<ForecastData ConsensusType="Mean" CurFiscalYear="2020" CurFiscalYearEndMonth="12" CurInterimEndCalYear="2020" CurInterimEndMonth="12" EarningsBasis="PRX">
		<Ratio FieldName="ConsRecom" Type="N">
			<Value PeriodType="CURR">3.4</Value>
		</Ratio>
		<Ratio FieldName="TargetPrice" Type="N">
			<Value PeriodType="CURR">100.00000</Value>
		</Ratio>
		<Ratio FieldName="ProjLTGrowthRate" Type="N">
			<Value PeriodType="CURR">-99999.99000</Value>
		</Ratio>
		<Ratio FieldName="ProjPE" Type="N">
			<Value PeriodType="CURR">35.60345</Value>
		</Ratio>
		<Ratio FieldName="ProjSales" Type="N">
			<Value PeriodType="CURR">311.17200</Value>
		</Ratio>
		<Ratio FieldName="ProjSalesQ" Type="N">
			<Value PeriodType="CURR">73.55280</Value>
		</Ratio>
		<Ratio FieldName="ProjEPS" Type="N">
			<Value PeriodType="CURR">4.52400</Value>
		</Ratio>
		<Ratio FieldName="ProjEPSQ" Type="N">
			<Value PeriodType="CURR">0.07200</Value>
		</Ratio>
		<Ratio FieldName="ProjProfit" Type="N">
			<Value PeriodType="CURR">200.01270</Value>
		</Ratio>
		<Ratio FieldName="ProjDPS" Type="N">
			<Value PeriodType="CURR">-99999.99000</Value>
		</Ratio>
	</ForecastData>
</ReportSnapshot>
