<?xml version="1.0" encoding="UTF-8"?>
<ReportSnapshot Major="1" Minor="0" Revision="1">
	<CoIDs>
		<CoID Type="RepNo">0719E</CoID>
		<CoID Type="CompanyName">Appharvest Inc</CoID>
		<CoID Type="IRSNo">845042965</CoID>
		<CoID Type="CIKNo">0001807707</CoID>
		<CoID Type="OrganizationPermID">5074213142</CoID>
	</CoIDs>
	<Issues>
		<Issue ID="1" Type="C" Desc="Common Stock" Order="1">
			<IssueID Type="Name">Ordinary Shares</IssueID>
			<IssueID Type="Ticker">APPH</IssueID>
			<IssueID Type="RIC">APPH.O</IssueID>
			<IssueID Type="DisplayRIC">APPH.OQ</IssueID>
			<IssueID Type="InstrumentPI">440960585</IssueID>
			<IssueID Type="QuotePI">440971732</IssueID>
			<IssueID Type="InstrumentPermID">25727347208</IssueID>
			<IssueID Type="QuotePermID">25727347205</IssueID>
			<Exchange Code="NASD" Country="USA">NASDAQ</Exchange>
			<GlobalListingType>OSR</GlobalListingType>
		</Issue>
	</Issues>
	<CoGeneralInfo>
		<CoStatus Code="1">Active</CoStatus>
		<CoType Code="EQU">Equity Issue</CoType>
		<LastModified>2021-02-02</LastModified>
		<LatestAvailableAnnual>2020-12-31</LatestAvailableAnnual>
		<LatestAvailableInterim>2020-12-31</LatestAvailableInterim>
		<SharesOut Date="2021-01-25" TotalFloat="11092458.0">12650000.0</SharesOut>
		<ReportingCurrency Code="USD">U.S. Dollars</ReportingCurrency>
		<MostRecentExchange Date="2021-02-03">1.0</MostRecentExchange>
	</CoGeneralInfo>
	<TextInfo>
		<Text Type="Business Summary" lastModified="2021-02-01T06:45:22">Appharvest, Inc., formerly Novus Capital Corporation, is an agriculture technology company. The Company focuses on building an indoor farm in Appalachia. The Company combines agricultural techniques with cutting-edge technology and including access for all to nutritious food, farming and building a homegrown food supply. The Company operates a 60-acre controlled environment, agriculture facility in Morehead, Kentucky., which grows juicy beefsteak tomatoes and tomatoes on the vine. It also operates a 60-acre indoor farm, outside Richmond, Kentucky, where it cultivates fresh fruits and veggies. The Companys technological systems monitor the pollination across all 68 bays and 684 rows of plants.</Text>
		<Text Type="Financial Summary" lastModified="2021-02-02T16:29:10">BRIEF: For the fiscal year ended 31 December 2020,Appharvest Inc revenues was not reported. Net loss totaled$3.5M vs. income of $0K. Basic Earnings per Share excludingExtraordinary Items totaled to -$0.27.</Text>
	</TextInfo>
	<contactInfo lastUpdated="2021-02-02T16:30:01">
		<streetAddress line="1">401 W. Main Street, Suite 321</streetAddress>
		<streetAddress line="2"></streetAddress>
		<streetAddress line="3"></streetAddress>
		<city>LEXINGTON</city>
		<state-region>KY</state-region>
		<postalCode>40507</postalCode>
		<country code="USA">United States</country>
		<contactName></contactName>
		<contactTitle></contactTitle>
		<phone>
			<phone type="mainphone">
				<countryPhoneCode>1</countryPhoneCode>
				<city-areacode>606</city-areacode>
				<number>6536100</number>
			</phone>
			<phone type="mainfax">
				<countryPhoneCode>1</countryPhoneCode>
				<city-areacode>302</city-areacode>
				<number>6365454</number>
			</phone>
		</phone>
	</contactInfo>
	<webLinks lastUpdated="2021-02-02T08:00:00"><webSite mainCategory="Home Page">https://novuscapitalcorporation.com/</webSite><eMail mainCategory="Company Contact/E-mail">
		</eMail></webLinks>
	<peerInfo lastUpdated="2021-02-02T16:30:01">
		<IndustryInfo>
			<Industry type="TRBC" order="1" reported="0" code="5410201014" mnem="">Vegetable, Fruit &amp; Nut Farming</Industry>
			<Industry type="NAICS" order="1" reported="0" code="111219" mnem="">Other Vegetable (exc Potato) &amp; Melon Farming</Industry>
			<Industry type="NAICS" order="2" reported="0" code="111339" mnem="">Other Noncitrus Fruit Farming</Industry>
			<Industry type="SIC" order="1" reported="0" code="0161" mnem="">Vegetables And Melons</Industry>
			<Industry type="SIC" order="2" reported="0" code="0179" mnem="">Fruits And Tree Nuts, Nec</Industry>
		</IndustryInfo>
	</peerInfo>
	<officers></officers>
	<Ratios PriceCurrency="USD" ReportingCurrency="USD" ExchangeRate="1.00000" LatestAvailableDate="2020-12-31">
		<Group ID="Price and Volume">
			<Ratio FieldName="NPRICE" Type="N">29.08000</Ratio>
			<Ratio FieldName="NHIG" Type="N">42.90000</Ratio>
			<Ratio FieldName="NLOW" Type="N">9.61000</Ratio>
			<Ratio FieldName="PDATE" Type="D">2021-02-04T00:00:00</Ratio>
			<Ratio FieldName="VOL10DAVG" Type="N">0.80123</Ratio>
			<Ratio FieldName="EV" Type="N">2847.35105</Ratio>
		</Group>
		<Group ID="Income Statement">
			<Ratio FieldName="MKTCAP" Type="N">2847.66300</Ratio>
			<Ratio FieldName="TTMREV" Type="N">0.00000</Ratio>
			<Ratio FieldName="TTMEBITD" Type="N">-3.50695</Ratio>
			<Ratio FieldName="TTMNIAC" Type="N">-3.45842</Ratio>
		</Group>
		<Group ID="Per share data">
			<Ratio FieldName="TTMEPSXCLX" Type="N">-0.27339</Ratio>
			<Ratio FieldName="TTMREVPS" Type="N">0.00000</Ratio>
			<Ratio FieldName="QBVPS" Type="N">7.69643</Ratio>
			<Ratio FieldName="QCSHPS" Type="N">0.02466</Ratio>
			<Ratio FieldName="TTMCFSHR" Type="N">-99999.99000</Ratio>
			<Ratio FieldName="TTMDIVSHR" Type="N">0.00000</Ratio>
		</Group>
		<Group ID="Other Ratios">
			<Ratio FieldName="TTMGROSMGN" Type="N">-99999.99000</Ratio>
			<Ratio FieldName="TTMROEPCT" Type="N">-99999.99000</Ratio>
			<Ratio FieldName="TTMPR2REV" Type="N">-99999.99000</Ratio>
			<Ratio FieldName="PEEXCLXOR" Type="N">-99999.99000</Ratio>
			<Ratio FieldName="PRICE2BK" Type="N">3.77837</Ratio>
			<Ratio FieldName="Employees" Type="N">-99999.99000</Ratio>
		</Group>
	</Ratios>
	<ForecastData ConsensusType="" CurFiscalYear="" CurFiscalYearEndMonth="" CurInterimEndCalYear="" CurInterimEndMonth="" EarningsBasis="">
		<Ratio FieldName="ConsRecom" Type="N">
			<Value PeriodType="CURR">-99999.99000</Value>
		</Ratio>
		<Ratio FieldName="TargetPrice" Type="N">
			<Value PeriodType="CURR">-99999.99000</Value>
		</Ratio>
		<Ratio FieldName="ProjLTGrowthRate" Type="N">
			<Value PeriodType="CURR">-99999.99000</Value>
		</Ratio>
		<Ratio FieldName="ProjPE" Type="N">
			<Value PeriodType="CURR">-99999.99000</Value>
		</Ratio>
		<Ratio FieldName="ProjSales" Type="N">
			<Value PeriodType="CURR">-99999.99000</Value>
		</Ratio>
		<Ratio FieldName="ProjSalesQ" Type="N">
			<Value PeriodType="CURR">-99999.99000</Value>
		</Ratio>
		<Ratio FieldName="ProjEPS" Type="N">
			<Value PeriodType="CURR">-99999.99000</Value>
		</Ratio>
		<Ratio FieldName="ProjEPSQ" Type="N">
			<Value PeriodType="CURR">-99999.99000</Value>
		</Ratio>
		<Ratio FieldName="ProjProfit" Type="N">
			<Value PeriodType="CURR">-99999.99000</Value>
		</Ratio>
		<Ratio FieldName="ProjDPS" Type="N">
			<Value PeriodType="CURR">-99999.99000</Value>
		</Ratio>
	</ForecastData>
</ReportSnapshot>
