<?xml version="1.0" encoding="UTF-8"?>
<ReportSnapshot Major="1" Minor="0" Revision="1">
	<CoIDs>
		<CoID Type="RepNo">03AC2</CoID>
		<CoID Type="CompanyName">Aprea Therapeutics Inc</CoID>
		<CoID Type="IRSNo">842246769</CoID>
		<CoID Type="CIKNo">0001781983</CoID>
		<CoID Type="OrganizationPermID">5071168699</CoID>
	</CoIDs>
	<Issues>
		<Issue ID="1" Type="C" Desc="Common Stock" Order="1">
			<IssueID Type="Name">Ordinary Shares</IssueID>
			<IssueID Type="Ticker">APRE</IssueID>
			<IssueID Type="RIC">APRE.O</IssueID>
			<IssueID Type="DisplayRIC">APRE.OQ</IssueID>
			<IssueID Type="InstrumentPI">386451925</IssueID>
			<IssueID Type="QuotePI">387829193</IssueID>
			<IssueID Type="InstrumentPermID">21711455250</IssueID>
			<IssueID Type="QuotePermID">25727363992</IssueID>
			<Exchange Code="NASD" Country="USA">NASDAQ</Exchange>
			<GlobalListingType>OSR</GlobalListingType>
		</Issue>
	</Issues>
	<CoGeneralInfo>
		<CoStatus Code="1">Active</CoStatus>
		<CoType Code="EQU">Equity Issue</CoType>
		<LastModified>2020-11-10</LastModified>
		<LatestAvailableAnnual>2019-12-31</LatestAvailableAnnual>
		<LatestAvailableInterim>2020-09-30</LatestAvailableInterim>
		<Employees LastUpdated="2019-12-31">13</Employees>
		<SharesOut Date="2020-09-30" TotalFloat="18451870.0">21186827.0</SharesOut>
		<ReportingCurrency Code="USD">U.S. Dollars</ReportingCurrency>
		<MostRecentExchange Date="2021-02-03">1.0</MostRecentExchange>
	</CoGeneralInfo>
	<TextInfo>
		<Text Type="Business Summary" lastModified="2019-09-22T21:27:14">Aprea Therapeutics, Inc. is a clinical-stage biopharmaceutical company. The Company is focused on developing and commercializing cancer therapeutics that reactivate mutant p53 tumor suppressor protein. Its lead product candidate, APR-246, is a small molecule p53 reactivator that is being developed for hematologic malignancies, including myelodysplastic syndromes (MDS) and acute myeloid leukemia (AML). APR-246 product candidate is designed to be administered intravenously and forms the active moiety, 2-methylene-quinuclidin-3-one (MQ), under physiological conditions. Its second product candidate, APR-548, is a p53 reactivator. APR-548 is being developed in an oral dosage form.</Text>
		<Text Type="Financial Summary" lastModified="2020-11-10T15:44:16">BRIEF: For the nine months ended 30 September 2020, ApreaTherapeutics Inc revenues was not reported. Net lossincreased from $15M to $38.1M. Higher net loss reflectsResearch and development increase from $12.9M to $28.6M(expense), General and administrative increase from $4.7Mto $10M (expense), Foreign currency (loss) gain decrease of89% to $284K (income). Basic Earnings per Share excludingExtraordinary Items decreased from -$0.78 to -$1.80.</Text>
	</TextInfo>
	<contactInfo lastUpdated="2020-12-28T08:16:11">
		<streetAddress line="1">535 Boylston St</streetAddress>
		<streetAddress line="2"></streetAddress>
		<streetAddress line="3"></streetAddress>
		<city>BOSTON</city>
		<state-region>MA</state-region>
		<postalCode>02116-3720</postalCode>
		<country code="USA">United States</country>
		<contactName></contactName>
		<contactTitle></contactTitle>
		<phone>
			<phone type="mainphone">
				<countryPhoneCode>1</countryPhoneCode>
				<city-areacode>609</city-areacode>
				<number>5104718</number>
			</phone>
			<phone type="mainfax">
				<countryPhoneCode>1</countryPhoneCode>
				<city-areacode>302</city-areacode>
				<number>6555049</number>
			</phone>
		</phone>
	</contactInfo>
	<webLinks lastUpdated="2019-10-03T16:45:09"><webSite mainCategory="Home Page">https://www.aprea.com/</webSite><eMail mainCategory="Company Contact/E-mail">
		</eMail></webLinks>
	<peerInfo lastUpdated="2020-12-28T08:16:11">
		<IndustryInfo>
			<Industry type="TRBC" order="1" reported="0" code="5620201010" mnem="">Biotechnology &amp; Medical Research - NEC</Industry>
			<Industry type="NAICS" order="1" reported="0" code="541711" mnem="">Research and Development in Biotechnology</Industry>
			<Industry type="SIC" order="1" reported="0" code="8731" mnem="">Commercial Physical Research</Industry>
		</IndustryInfo>
	</peerInfo>
	<officers>
		<officer rank="1" since="06/2016">
			<firstName>Christian</firstName>
			<mI>S.</mI>
			<lastName>Schade</lastName>
			<age>59 </age>
			<title startYear="2020" startMonth="09" startDay="16" iD1="CHM" abbr1="Chmn." iD2="PRE" abbr2="Pres.">Chairman of the Board, President, Chief Executive Officer</title>
		</officer>
		<officer rank="2" since="08/05/2019">
			<firstName>Scott</firstName>
			<mI>M.</mI>
			<lastName>Coiante</lastName>
			<age>53 </age>
			<title startYear="2019" startMonth="08" startDay="05" iD1="CFO" abbr1="CFO" iD2="SVP" abbr2="Sr. VP">Chief Financial Officer, Senior Vice President, Secretary</title>
		</officer>
		<officer rank="3" since="10/2014">
			<firstName>Lars</firstName>
			<mI>B.</mI>
			<lastName>Abrahmsen</lastName>
			<age>63 </age>
			<title startYear="2014" startMonth="10" startDay="" iD1="SVP" abbr1="Sr. VP" iD2="CSO" abbr2="CSO">Senior Vice President, Chief Scientific Officer</title>
		</officer>
		<officer rank="4" since="04/01/2019">
			<firstName>Eyal</firstName>
			<mI>C.</mI>
			<lastName>Attar</lastName>
			<age>49 </age>
			<title startYear="2019" startMonth="04" startDay="01" iD1="SVP" abbr1="Sr. VP" iD2="" abbr2="">Senior Vice President, Chief Medical Officer</title>
		</officer>
		<officer rank="5" since="07/2016">
			<firstName>Gregory</firstName>
			<mI>Alan</mI>
			<lastName>Korbel</lastName>
			<age>44 </age>
			<title startYear="2016" startMonth="07" startDay="" iD1="VBD" abbr1="VP-Bus.Dev." iD2="" abbr2="">Vice President - Business Development</title>
		</officer>
		<officer rank="6" since="09/18/2020">
			<firstName>Gregory</firstName>
			<mI>S.</mI>
			<lastName>Wessels</lastName>
			<age></age>
			<title startYear="2020" startMonth="09" startDay="18" iD1="OTH" abbr1="Other" iD2="" abbr2="">Chief Commercial Officer</title>
		</officer>
	</officers>
	<Ratios PriceCurrency="USD" ReportingCurrency="USD" ExchangeRate="1.00000" LatestAvailableDate="2020-09-30">
		<Group ID="Price and Volume">
			<Ratio FieldName="NPRICE" Type="N">6.38000</Ratio>
			<Ratio FieldName="NHIG" Type="N">41.11500</Ratio>
			<Ratio FieldName="NLOW" Type="N">4.66010</Ratio>
			<Ratio FieldName="PDATE" Type="D">2021-02-04T00:00:00</Ratio>
			<Ratio FieldName="VOL10DAVG" Type="N">2.29943</Ratio>
			<Ratio FieldName="EV" Type="N">34.02540</Ratio>
		</Group>
		<Group ID="Income Statement">
			<Ratio FieldName="MKTCAP" Type="N">135.17200</Ratio>
			<Ratio FieldName="TTMREV" Type="N">0.00000</Ratio>
			<Ratio FieldName="TTMEBITD" Type="N">-50.55314</Ratio>
			<Ratio FieldName="TTMNIAC" Type="N">-51.15901</Ratio>
		</Group>
		<Group ID="Per share data">
			<Ratio FieldName="TTMEPSXCLX" Type="N">-2.29503</Ratio>
			<Ratio FieldName="TTMREVPS" Type="N">0.00000</Ratio>
			<Ratio FieldName="QBVPS" Type="N">4.20181</Ratio>
			<Ratio FieldName="QCSHPS" Type="N">4.77403</Ratio>
			<Ratio FieldName="TTMCFSHR" Type="N">-2.27470</Ratio>
			<Ratio FieldName="TTMDIVSHR" Type="N">0.00000</Ratio>
		</Group>
		<Group ID="Other Ratios">
			<Ratio FieldName="TTMGROSMGN" Type="N">-99999.99000</Ratio>
			<Ratio FieldName="TTMROEPCT" Type="N">-561.34550</Ratio>
			<Ratio FieldName="TTMPR2REV" Type="N">-99999.99000</Ratio>
			<Ratio FieldName="PEEXCLXOR" Type="N">-99999.99000</Ratio>
			<Ratio FieldName="PRICE2BK" Type="N">1.51839</Ratio>
			<Ratio FieldName="Employees" Type="N">13</Ratio>
		</Group>
	</Ratios>
	<ForecastData ConsensusType="Mean" CurFiscalYear="2020" CurFiscalYearEndMonth="12" CurInterimEndCalYear="2020" CurInterimEndMonth="12" EarningsBasis="PRX">
		<Ratio FieldName="ConsRecom" Type="N">
			<Value PeriodType="CURR">2.8</Value>
		</Ratio>
		<Ratio FieldName="TargetPrice" Type="N">
			<Value PeriodType="CURR">36.33330</Value>
		</Ratio>
		<Ratio FieldName="ProjLTGrowthRate" Type="N">
			<Value PeriodType="CURR">-99999.99000</Value>
		</Ratio>
		<Ratio FieldName="ProjPE" Type="N">
			<Value PeriodType="CURR">-2.62551</Value>
		</Ratio>
		<Ratio FieldName="ProjSales" Type="N">
			<Value PeriodType="CURR">0.00000</Value>
		</Ratio>
		<Ratio FieldName="ProjSalesQ" Type="N">
			<Value PeriodType="CURR">0.00000</Value>
		</Ratio>
		<Ratio FieldName="ProjEPS" Type="N">
			<Value PeriodType="CURR">-2.43000</Value>
		</Ratio>
		<Ratio FieldName="ProjEPSQ" Type="N">
			<Value PeriodType="CURR">-0.64250</Value>
		</Ratio>
		<Ratio FieldName="ProjProfit" Type="N">
			<Value PeriodType="CURR">-51.66840</Value>
		</Ratio>
		<Ratio FieldName="ProjDPS" Type="N">
			<Value PeriodType="CURR">-99999.99000</Value>
		</Ratio>
	</ForecastData>
</ReportSnapshot>
