<?xml version="1.0" encoding="UTF-8"?>
<ReportSnapshot Major="1" Minor="0" Revision="1">
	<CoIDs>
		<CoID Type="RepNo">02B69</CoID>
		<CoID Type="CompanyName">Aptinyx Inc</CoID>
		<CoID Type="IRSNo">474626057</CoID>
		<CoID Type="CIKNo">0001674365</CoID>
		<CoID Type="OrganizationPermID">5046706152</CoID>
	</CoIDs>
	<Issues>
		<Issue ID="1" Type="C" Desc="Common Stock" Order="1">
			<IssueID Type="Name">Ordinary Shares</IssueID>
			<IssueID Type="Ticker">APTX</IssueID>
			<IssueID Type="RIC">APTX.O</IssueID>
			<IssueID Type="DisplayRIC">APTX.OQ</IssueID>
			<IssueID Type="InstrumentPI">308009141</IssueID>
			<IssueID Type="QuotePI">308406665</IssueID>
			<IssueID Type="InstrumentPermID">21649645198</IssueID>
			<IssueID Type="QuotePermID">25727403005</IssueID>
			<Exchange Code="NASD" Country="USA">NASDAQ</Exchange>
			<GlobalListingType>OSR</GlobalListingType>
		</Issue>
	</Issues>
	<CoGeneralInfo>
		<CoStatus Code="1">Active</CoStatus>
		<CoType Code="EQU">Equity Issue</CoType>
		<LastModified>2020-11-16</LastModified>
		<LatestAvailableAnnual>2019-12-31</LatestAvailableAnnual>
		<LatestAvailableInterim>2020-09-30</LatestAvailableInterim>
		<Employees LastUpdated="2020-03-23">43</Employees>
		<SharesOut Date="2020-11-06" TotalFloat="55829652.0">63256689.0</SharesOut>
		<ReportingCurrency Code="USD">U.S. Dollars</ReportingCurrency>
		<MostRecentExchange Date="2021-02-03">1.0</MostRecentExchange>
	</CoGeneralInfo>
	<TextInfo>
		<Text Type="Business Summary" lastModified="2018-06-19T10:16:11">Aptinyx Inc. is a clinical-stage biopharmaceutical company. The Company discovers and develops therapies for disorders of the brain and nervous system. The Company has a platform for discovering compounds that work through a mechanism, which includes modulation of the N-methyl-D-aspartate (NMDA) receptor to develop pathways involved with nerve cell communication. The Company's compounds are effective on disease models including, depression, neuropathic pain, migraine, traumatic brain injury and age-induced learning impairment. The Company's compounds facilitate receptor activation without over-activating the receptor. The Companys lead product candidate is NYX-2925, a treatment for the painful diabetic peripheral neuropathy. It is also developing NYX-783 for the treatment of post-traumatic stress disorder and NYX-458 for Parkinsons disease cognitive impairment. The Company in partnership with Allergan plc, develops AGN-241751 for major depressive disorder indications.</Text>
		<Text Type="Financial Summary" lastModified="2020-11-16T10:53:13">BRIEF: For the nine months ended 30 September 2020, AptinyxInc revenues decreased 43% to $1.6M. Net loss decreased 12%to $38.6M. Revenues reflect a decrease in demand for theCompany's products and services due to unfavorable marketconditions. Lower net loss reflects Research anddevelopment decrease of 23% to $24.4M (expense), Generaland administrative decrease of 8% to $8.9M (expense).</Text>
	</TextInfo>
	<contactInfo lastUpdated="2021-01-04T08:02:18">
		<streetAddress line="1">1801 Maple Ave Ste 4300</streetAddress>
		<streetAddress line="2"></streetAddress>
		<streetAddress line="3"></streetAddress>
		<city>EVANSTON</city>
		<state-region>IL</state-region>
		<postalCode>60201-3149</postalCode>
		<country code="USA">United States</country>
		<contactName></contactName>
		<contactTitle></contactTitle>
		<phone>
			<phone type="mainphone">
				<countryPhoneCode>1</countryPhoneCode>
				<city-areacode>847</city-areacode>
				<number>8710377</number>
			</phone>
			<phone type="mainfax">
				<countryPhoneCode>1</countryPhoneCode>
				<city-areacode>302</city-areacode>
				<number>6555049</number>
			</phone>
		</phone>
	</contactInfo>
	<webLinks lastUpdated="2018-06-21T02:15:03"><webSite mainCategory="Home Page">https://www.aptinyx.com/</webSite><eMail mainCategory="Company Contact/E-mail">investors@aptinyx.com</eMail></webLinks>
	<peerInfo lastUpdated="2021-01-04T08:02:18">
		<IndustryInfo>
			<Industry type="TRBC" order="1" reported="0" code="5620104012" mnem="">Biopharmaceuticals</Industry>
			<Industry type="NAICS" order="1" reported="0" code="541711" mnem="">Research and Development in Biotechnology</Industry>
			<Industry type="NAICS" order="2" reported="0" code="325412" mnem="">Pharmaceutical Preparation Mfg</Industry>
			<Industry type="SIC" order="1" reported="0" code="8731" mnem="">Commercial Physical Research</Industry>
			<Industry type="SIC" order="2" reported="0" code="2834" mnem="">Pharmaceutical Preparations</Industry>
		</IndustryInfo>
	</peerInfo>
	<officers>
		<officer rank="1" since="05/20/2020">
			<firstName>Patrick</firstName>
			<mI>G.</mI>
			<lastName>Enright</lastName>
			<age>58 </age>
			<title startYear="2020" startMonth="05" startDay="20" iD1="CHM" abbr1="Chmn." iD2="IND" abbr2="Ind. Dir.">Independent Chairman of the Board</title>
		</officer>
		<officer rank="2" since="11/2017">
			<firstName>Andrew</firstName>
			<mI></mI>
			<lastName>Kidd</lastName>
			<age>44 </age>
			<title startYear="2020" startMonth="12" startDay="14" iD1="PRE" abbr1="Pres." iD2="COO" abbr2="COO">President, Chief Operating Officer</title>
		</officer>
		<officer rank="3" since="06/2015">
			<firstName>Norbert</firstName>
			<mI>G.</mI>
			<lastName>Riedel</lastName>
			<age>62 </age>
			<title startYear="2020" startMonth="12" startDay="14" iD1="CEO" abbr1="CEO" iD2="DRC" abbr2="Dir.">Chief Executive Officer, Director</title>
		</officer>
		<officer rank="4" since="07/2015">
			<firstName>Ashish</firstName>
			<mI></mI>
			<lastName>Khanna</lastName>
			<age>44 </age>
			<title startYear="2018" startMonth="02" startDay="" iD1="CFO" abbr1="CFO" iD2="" abbr2="">Chief Financial Officer, Chief Business Officer</title>
		</officer>
	</officers>
	<Ratios PriceCurrency="USD" ReportingCurrency="USD" ExchangeRate="1.00000" LatestAvailableDate="2020-09-30">
		<Group ID="Price and Volume">
			<Ratio FieldName="NPRICE" Type="N">3.81000</Ratio>
			<Ratio FieldName="NHIG" Type="N">6.47000</Ratio>
			<Ratio FieldName="NLOW" Type="N">1.60000</Ratio>
			<Ratio FieldName="PDATE" Type="D">2021-02-04T00:00:00</Ratio>
			<Ratio FieldName="VOL10DAVG" Type="N">0.69540</Ratio>
			<Ratio FieldName="EV" Type="N">137.19800</Ratio>
		</Group>
		<Group ID="Income Statement">
			<Ratio FieldName="MKTCAP" Type="N">241.00800</Ratio>
			<Ratio FieldName="TTMREV" Type="N">2.48300</Ratio>
			<Ratio FieldName="TTMEBITD" Type="N">-52.99100</Ratio>
			<Ratio FieldName="TTMNIAC" Type="N">-52.34300</Ratio>
		</Group>
		<Group ID="Per share data">
			<Ratio FieldName="TTMEPSXCLX" Type="N">-1.25986</Ratio>
			<Ratio FieldName="TTMREVPS" Type="N">0.05836</Ratio>
			<Ratio FieldName="QBVPS" Type="N">2.32810</Ratio>
			<Ratio FieldName="QCSHPS" Type="N">2.20137</Ratio>
			<Ratio FieldName="TTMCFSHR" Type="N">-1.22023</Ratio>
			<Ratio FieldName="TTMDIVSHR" Type="N">0.00000</Ratio>
		</Group>
		<Group ID="Other Ratios">
			<Ratio FieldName="TTMGROSMGN" Type="N">-99999.99000</Ratio>
			<Ratio FieldName="TTMROEPCT" Type="N">-47.00489</Ratio>
			<Ratio FieldName="TTMPR2REV" Type="N">97.06322</Ratio>
			<Ratio FieldName="PEEXCLXOR" Type="N">-99999.99000</Ratio>
			<Ratio FieldName="PRICE2BK" Type="N">1.63653</Ratio>
			<Ratio FieldName="Employees" Type="N">43</Ratio>
		</Group>
	</Ratios>
	<ForecastData ConsensusType="Mean" CurFiscalYear="2020" CurFiscalYearEndMonth="12" CurInterimEndCalYear="2020" CurInterimEndMonth="12" EarningsBasis="PRX">
		<Ratio FieldName="ConsRecom" Type="N">
			<Value PeriodType="CURR">1.9</Value>
		</Ratio>
		<Ratio FieldName="TargetPrice" Type="N">
			<Value PeriodType="CURR">10.40000</Value>
		</Ratio>
		<Ratio FieldName="ProjLTGrowthRate" Type="N">
			<Value PeriodType="CURR">-99999.99000</Value>
		</Ratio>
		<Ratio FieldName="ProjPE" Type="N">
			<Value PeriodType="CURR">-3.50184</Value>
		</Ratio>
		<Ratio FieldName="ProjSales" Type="N">
			<Value PeriodType="CURR">1.72900</Value>
		</Ratio>
		<Ratio FieldName="ProjSalesQ" Type="N">
			<Value PeriodType="CURR">0.12220</Value>
		</Ratio>
		<Ratio FieldName="ProjEPS" Type="N">
			<Value PeriodType="CURR">-1.08800</Value>
		</Ratio>
		<Ratio FieldName="ProjEPSQ" Type="N">
			<Value PeriodType="CURR">-0.24500</Value>
		</Ratio>
		<Ratio FieldName="ProjProfit" Type="N">
			<Value PeriodType="CURR">-53.19190</Value>
		</Ratio>
		<Ratio FieldName="ProjDPS" Type="N">
			<Value PeriodType="CURR">-99999.99000</Value>
		</Ratio>
	</ForecastData>
</ReportSnapshot>
