<?xml version="1.0" encoding="UTF-8"?>
<ReportSnapshot Major="1" Minor="0" Revision="1">
	<CoIDs>
		<CoID Type="RepNo">FDDDE</CoID>
		<CoID Type="CompanyName">Aptevo Therapeutics Inc</CoID>
		<CoID Type="IRSNo">811567056</CoID>
		<CoID Type="CIKNo">0001671584</CoID>
		<CoID Type="OrganizationPermID">5050901532</CoID>
	</CoIDs>
	<Issues>
		<Issue ID="1" Type="C" Desc="Common Stock" Order="1">
			<IssueID Type="Name">Ordinary Shares</IssueID>
			<IssueID Type="Ticker">APVO</IssueID>
			<IssueID Type="RIC">APVO.O</IssueID>
			<IssueID Type="DisplayRIC">APVO.OQ</IssueID>
			<IssueID Type="InstrumentPI">232086227</IssueID>
			<IssueID Type="QuotePI">232613156</IssueID>
			<IssueID Type="InstrumentPermID">21591912180</IssueID>
			<IssueID Type="QuotePermID">21592295950</IssueID>
			<Exchange Code="NASD" Country="USA">NASDAQ</Exchange>
			<GlobalListingType>OSR</GlobalListingType>
			<MostRecentSplit Date="2020-03-27">0.07143</MostRecentSplit>
		</Issue>
	</Issues>
	<CoGeneralInfo>
		<CoStatus Code="1">Active</CoStatus>
		<CoType Code="EQU">Equity Issue</CoType>
		<LastModified>2021-02-03</LastModified>
		<LatestAvailableAnnual>2019-12-31</LatestAvailableAnnual>
		<LatestAvailableInterim>2020-09-30</LatestAvailableInterim>
		<Employees LastUpdated="2019-12-31">80</Employees>
		<SharesOut Date="2020-11-10" TotalFloat="3899408.0">4145011.0</SharesOut>
		<ReportingCurrency Code="USD">U.S. Dollars</ReportingCurrency>
		<MostRecentExchange Date="2021-02-03">1.0</MostRecentExchange>
	</CoGeneralInfo>
	<TextInfo>
		<Text Type="Business Summary" lastModified="2020-03-01T22:04:51">Aptevo Therapeutics Inc. is a biotechnology company. The Company is focused on oncology and hematology therapeutics. The Company is engaged in the discovery, development, commercialization and sale of oncology and hematology therapeutics. The Company's technology is the ADAPTIR (modular protein technology) platform. The Company has approximately four products in the areas of hematology and infectious diseases, as well as various investigational-stage product candidates in immuno-oncology. The Company's investigational-stage product candidates include MOR209/ES414, ES210, ES425, Otlertuzumab and 5E3. Its technology can produce monospecific and multispecific immunotherapeutic proteins that bind to various targets. The Company's marketed products are WinRho SDF (Rho(D) Immune Globulin Intravenous (Human)), HepaGam B (Hepatitis B Immune Globulin Intravenous (Human)) and VARIZIG (Varicella Zoster Immune Globulin (Human)).</Text>
		<Text Type="Financial Summary" lastModified="2021-02-03T14:26:20">BRIEF: For the nine months ended 30 September 2020, AptevoTherapeutics Inc revenues increased from $0K to $1.9M. Netloss before extraordinary items decreased 29% to $23.8M.Revenues reflect an increase in demand for the Company'sproducts and services due to favorable market conditions.Lower net loss reflects Research and development -Balancing decrease of 37% to $12.5M (expense), Selling.</Text>
	</TextInfo>
	<contactInfo lastUpdated="2021-02-03T14:26:22">
		<streetAddress line="1">2401 4th Ave Ste 1050</streetAddress>
		<streetAddress line="2"></streetAddress>
		<streetAddress line="3"></streetAddress>
		<city>SEATTLE</city>
		<state-region>WA</state-region>
		<postalCode>98121-3460</postalCode>
		<country code="USA">United States</country>
		<contactName></contactName>
		<contactTitle></contactTitle>
		<phone>
			<phone type="mainphone">
				<countryPhoneCode>1</countryPhoneCode>
				<city-areacode>206</city-areacode>
				<number>8380500</number>
			</phone>
			<phone type="mainfax">
				<countryPhoneCode>1</countryPhoneCode>
				<city-areacode>206</city-areacode>
				<number>8380503</number>
			</phone>
		</phone>
	</contactInfo>
	<webLinks lastUpdated="2018-08-01T13:45:02"><webSite mainCategory="Home Page">http://aptevotherapeutics.com/</webSite><eMail mainCategory="Company Contact/E-mail">
		</eMail></webLinks>
	<peerInfo lastUpdated="2021-02-03T14:26:22">
		<IndustryInfo>
			<Industry type="TRBC" order="1" reported="0" code="5620201011" mnem="">Bio Therapeutic Drugs</Industry>
			<Industry type="NAICS" order="1" reported="0" code="541711" mnem="">Research and Development in Biotechnology</Industry>
			<Industry type="SIC" order="1" reported="0" code="8731" mnem="">Commercial Physical Research</Industry>
		</IndustryInfo>
	</peerInfo>
	<officers></officers>
	<Ratios PriceCurrency="USD" ReportingCurrency="USD" ExchangeRate="1.00000" LatestAvailableDate="2020-09-30">
		<Group ID="Price and Volume">
			<Ratio FieldName="NPRICE" Type="N">34.75000</Ratio>
			<Ratio FieldName="NHIG" Type="N">60.00000</Ratio>
			<Ratio FieldName="NLOW" Type="N">2.94420</Ratio>
			<Ratio FieldName="PDATE" Type="D">2021-02-04T00:00:00</Ratio>
			<Ratio FieldName="VOL10DAVG" Type="N">0.08198</Ratio>
			<Ratio FieldName="EV" Type="N">144.29610</Ratio>
		</Group>
		<Group ID="Income Statement">
			<Ratio FieldName="MKTCAP" Type="N">144.03910</Ratio>
			<Ratio FieldName="TTMREV" Type="N">10.96700</Ratio>
			<Ratio FieldName="TTMEBITD" Type="N">-26.78900</Ratio>
			<Ratio FieldName="TTMNIAC" Type="N">-32.92500</Ratio>
		</Group>
		<Group ID="Per share data">
			<Ratio FieldName="TTMEPSXCLX" Type="N">-10.14507</Ratio>
			<Ratio FieldName="TTMREVPS" Type="N">3.38137</Ratio>
			<Ratio FieldName="QBVPS" Type="N">0.68114</Ratio>
			<Ratio FieldName="QCSHPS" Type="N">7.71527</Ratio>
			<Ratio FieldName="TTMCFSHR" Type="N">-9.65913</Ratio>
			<Ratio FieldName="TTMDIVSHR" Type="N">0.00000</Ratio>
		</Group>
		<Group ID="Other Ratios">
			<Ratio FieldName="TTMGROSMGN" Type="N">26.39737</Ratio>
			<Ratio FieldName="TTMROEPCT" Type="N">-300.04100</Ratio>
			<Ratio FieldName="TTMPR2REV" Type="N">13.13387</Ratio>
			<Ratio FieldName="PEEXCLXOR" Type="N">-99999.99000</Ratio>
			<Ratio FieldName="PRICE2BK" Type="N">51.01732</Ratio>
			<Ratio FieldName="Employees" Type="N">80</Ratio>
		</Group>
	</Ratios>
	<ForecastData ConsensusType="Mean" CurFiscalYear="2020" CurFiscalYearEndMonth="12" CurInterimEndCalYear="2020" CurInterimEndMonth="12" EarningsBasis="PRX">
		<Ratio FieldName="ConsRecom" Type="N">
			<Value PeriodType="CURR">1.6667</Value>
		</Ratio>
		<Ratio FieldName="TargetPrice" Type="N">
			<Value PeriodType="CURR">35.00000</Value>
		</Ratio>
		<Ratio FieldName="ProjLTGrowthRate" Type="N">
			<Value PeriodType="CURR">-99999.99000</Value>
		</Ratio>
		<Ratio FieldName="ProjPE" Type="N">
			<Value PeriodType="CURR">-7.61227</Value>
		</Ratio>
		<Ratio FieldName="ProjSales" Type="N">
			<Value PeriodType="CURR">3.68070</Value>
		</Ratio>
		<Ratio FieldName="ProjSalesQ" Type="N">
			<Value PeriodType="CURR">1.74470</Value>
		</Ratio>
		<Ratio FieldName="ProjEPS" Type="N">
			<Value PeriodType="CURR">-4.56500</Value>
		</Ratio>
		<Ratio FieldName="ProjEPSQ" Type="N">
			<Value PeriodType="CURR">-1.21500</Value>
		</Ratio>
		<Ratio FieldName="ProjProfit" Type="N">
			<Value PeriodType="CURR">-30.38150</Value>
		</Ratio>
		<Ratio FieldName="ProjDPS" Type="N">
			<Value PeriodType="CURR">-99999.99000</Value>
		</Ratio>
	</ForecastData>
</ReportSnapshot>
