<?xml version="1.0" encoding="UTF-8"?>
<ReportSnapshot Major="1" Minor="0" Revision="1">
	<CoIDs>
		<CoID Type="RepNo">09079</CoID>
		<CoID Type="CompanyName">Apex Technology Acquisition Corp</CoID>
		<CoID Type="IRSNo">834461709</CoID>
		<CoID Type="CIKNo">0001777921</CoID>
		<CoID Type="OrganizationPermID">5071149936</CoID>
	</CoIDs>
	<Issues>
		<Issue ID="3" Type="C" Desc="Common Stock" Order="1">
			<IssueID Type="Name">Ordinary Shares Class A</IssueID>
			<IssueID Type="Ticker">APXT</IssueID>
			<IssueID Type="RIC">APXT.O</IssueID>
			<IssueID Type="DisplayRIC">APXT.OQ</IssueID>
			<IssueID Type="InstrumentPI">397081071</IssueID>
			<IssueID Type="QuotePI">397081075</IssueID>
			<IssueID Type="InstrumentPermID">25727360951</IssueID>
			<IssueID Type="QuotePermID">25727360950</IssueID>
			<Exchange Code="NASD" Country="USA">NASDAQ</Exchange>
			<GlobalListingType>OSR</GlobalListingType>
		</Issue>
		<Issue ID="2" Type="C" Desc="Common Stock" Order="2">
			<IssueID Type="Name">Ordinary Shares Class B</IssueID>
			<IssueID Type="InstrumentPI">386937942</IssueID>
			<IssueID Type="InstrumentPermID">21711862929</IssueID>
			<Exchange Code="NA" Country="">Not Available</Exchange>
		</Issue>
	</Issues>
	<CoGeneralInfo>
		<CoStatus Code="1">Active</CoStatus>
		<CoType Code="EQU">Equity Issue</CoType>
		<LastModified>2020-11-20</LastModified>
		<LatestAvailableAnnual>2019-12-31</LatestAvailableAnnual>
		<LatestAvailableInterim>2020-09-30</LatestAvailableInterim>
		<SharesOut Date="2020-11-13" TotalFloat="35152500.0">44560000.0</SharesOut>
		<ReportingCurrency Code="USD">U.S. Dollars</ReportingCurrency>
		<MostRecentExchange Date="2021-02-03">1.0</MostRecentExchange>
	</CoGeneralInfo>
	<TextInfo>
		<Text Type="Business Summary" lastModified="2019-09-17T14:32:29">Apex Technology Acquisition Corp. is a blank check company. The Company is formed for the purpose of effecting a merger, capital stock exchange, asset acquisition, stock purchase, reorganization or similar business combination with one or more businesses. The Company has not conducted any business operations. The Company has generated no revenues.</Text>
		<Text Type="Financial Summary" lastModified="2020-11-20T13:57:14">BRIEF: For the nine months ended 30 September 2020, ApexTechnology Acquisition Corp revenues was not reported. Netincome increased from $29K to $484K. Net income benefitedfrom Interest Income - Non Bank increase from $177K to$1.6M (income). Basic Earnings per Share excludingExtraordinary Items totaled to $0.01.</Text>
	</TextInfo>
	<contactInfo lastUpdated="2021-02-04T07:42:52">
		<streetAddress line="1">533 Airport Blvd Ste 400</streetAddress>
		<streetAddress line="2"></streetAddress>
		<streetAddress line="3"></streetAddress>
		<city>BURLINGAME</city>
		<state-region>CA</state-region>
		<postalCode>94010-2013</postalCode>
		<country code="USA">United States</country>
		<contactName></contactName>
		<contactTitle></contactTitle>
		<phone>
			<phone type="mainphone">
				<countryPhoneCode>1</countryPhoneCode>
				<city-areacode>619</city-areacode>
				<number>7366855</number>
			</phone>
			<phone type="mainfax">
				<countryPhoneCode>1</countryPhoneCode>
				<city-areacode>302</city-areacode>
				<number>6365454</number>
			</phone>
		</phone>
	</contactInfo>
	<webLinks lastUpdated="2019-11-06T23:15:02"><webSite mainCategory="Home Page">https://apexacquisitioncorp.com/</webSite><eMail mainCategory="Company Contact/E-mail">
		</eMail></webLinks>
	<peerInfo lastUpdated="2021-02-04T07:42:52">
		<IndustryInfo>
			<Industry type="TRBC" order="1" reported="0" code="5560101011" mnem="">Shell Companies</Industry>
			<Industry type="NAICS" order="1" reported="0" code="525990" mnem="">Other Financial Vehicles</Industry>
			<Industry type="SIC" order="1" reported="0" code="6726" mnem="">Investment Offices, Nec</Industry>
		</IndustryInfo>
	</peerInfo>
	<officers>
		<officer rank="1" since="04/05/2019">
			<firstName>Jeff</firstName>
			<mI>E.</mI>
			<lastName>Epstein</lastName>
			<age>63 </age>
			<title startYear="2019" startMonth="04" startDay="05" iD1="CCE" abbr1="Co-CEO" iD2="CFO" abbr2="CFO">Co-Chief Executive Officer, Chief Financial Officer, Secretary</title>
		</officer>
		<officer rank="2" since="04/05/2019">
			<firstName>Brad</firstName>
			<mI></mI>
			<lastName>Koenig</lastName>
			<age>61 </age>
			<title startYear="2019" startMonth="04" startDay="05" iD1="CCE" abbr1="Co-CEO" iD2="DRC" abbr2="Dir.">Co-Chief Executive Officer, Director</title>
		</officer>
	</officers>
	<Ratios PriceCurrency="USD" ReportingCurrency="USD" ExchangeRate="1.00000" LatestAvailableDate="2020-09-30">
		<Group ID="Price and Volume">
			<Ratio FieldName="NPRICE" Type="N">15.76000</Ratio>
			<Ratio FieldName="NHIG" Type="N">17.90000</Ratio>
			<Ratio FieldName="NLOW" Type="N">9.12500</Ratio>
			<Ratio FieldName="PDATE" Type="D">2021-02-04T00:00:00</Ratio>
			<Ratio FieldName="VOL10DAVG" Type="N">2.72014</Ratio>
			<Ratio FieldName="EV" Type="N">701.79649</Ratio>
		</Group>
		<Group ID="Income Statement">
			<Ratio FieldName="MKTCAP" Type="N">702.26560</Ratio>
			<Ratio FieldName="TTMREV" Type="N">0.00000</Ratio>
			<Ratio FieldName="TTMEBITD" Type="N">-1.19296</Ratio>
			<Ratio FieldName="TTMNIAC" Type="N">1.35634</Ratio>
		</Group>
		<Group ID="Per share data">
			<Ratio FieldName="TTMEPSXCLX" Type="N">0.03032</Ratio>
			<Ratio FieldName="TTMREVPS" Type="N">0.00000</Ratio>
			<Ratio FieldName="QBVPS" Type="N">7.62351</Ratio>
			<Ratio FieldName="QCSHPS" Type="N">0.01053</Ratio>
			<Ratio FieldName="TTMCFSHR" Type="N">-99999.99000</Ratio>
			<Ratio FieldName="TTMDIVSHR" Type="N">0.00000</Ratio>
		</Group>
		<Group ID="Other Ratios">
			<Ratio FieldName="TTMGROSMGN" Type="N">-99999.99000</Ratio>
			<Ratio FieldName="TTMROEPCT" Type="N">0.40007</Ratio>
			<Ratio FieldName="TTMPR2REV" Type="N">-99999.99000</Ratio>
			<Ratio FieldName="PEEXCLXOR" Type="N">519.78890</Ratio>
			<Ratio FieldName="PRICE2BK" Type="N">2.06729</Ratio>
			<Ratio FieldName="Employees" Type="N">-99999.99000</Ratio>
		</Group>
	</Ratios>
	<ForecastData ConsensusType="" CurFiscalYear="" CurFiscalYearEndMonth="" CurInterimEndCalYear="" CurInterimEndMonth="" EarningsBasis="">
		<Ratio FieldName="ConsRecom" Type="N">
			<Value PeriodType="CURR">-99999.99000</Value>
		</Ratio>
		<Ratio FieldName="TargetPrice" Type="N">
			<Value PeriodType="CURR">-99999.99000</Value>
		</Ratio>
		<Ratio FieldName="ProjLTGrowthRate" Type="N">
			<Value PeriodType="CURR">-99999.99000</Value>
		</Ratio>
		<Ratio FieldName="ProjPE" Type="N">
			<Value PeriodType="CURR">-99999.99000</Value>
		</Ratio>
		<Ratio FieldName="ProjSales" Type="N">
			<Value PeriodType="CURR">-99999.99000</Value>
		</Ratio>
		<Ratio FieldName="ProjSalesQ" Type="N">
			<Value PeriodType="CURR">-99999.99000</Value>
		</Ratio>
		<Ratio FieldName="ProjEPS" Type="N">
			<Value PeriodType="CURR">-99999.99000</Value>
		</Ratio>
		<Ratio FieldName="ProjEPSQ" Type="N">
			<Value PeriodType="CURR">-99999.99000</Value>
		</Ratio>
		<Ratio FieldName="ProjProfit" Type="N">
			<Value PeriodType="CURR">-99999.99000</Value>
		</Ratio>
		<Ratio FieldName="ProjDPS" Type="N">
			<Value PeriodType="CURR">-99999.99000</Value>
		</Ratio>
	</ForecastData>
</ReportSnapshot>
