<?xml version="1.0" encoding="UTF-8"?>
<ReportSnapshot Major="1" Minor="0" Revision="1">
	<CoIDs>
		<CoID Type="RepNo">AC311</CoID>
		<CoID Type="CompanyName">Aquabounty Technologies Inc</CoID>
		<CoID Type="IRSNo">043156167</CoID>
		<CoID Type="CIKNo">0001603978</CoID>
		<CoID Type="OrganizationPermID">4295902229</CoID>
	</CoIDs>
	<Issues>
		<Issue ID="3" Type="C" Desc="Common Stock" Order="1">
			<IssueID Type="Name">Ordinary Shares</IssueID>
			<IssueID Type="Ticker">AQB</IssueID>
			<IssueID Type="RIC">AQB.O</IssueID>
			<IssueID Type="DisplayRIC">AQB.OQ</IssueID>
			<IssueID Type="InstrumentPI">171770976</IssueID>
			<IssueID Type="QuotePI">248256323</IssueID>
			<IssueID Type="InstrumentPermID">21550906806</IssueID>
			<IssueID Type="QuotePermID">25727440496</IssueID>
			<Exchange Code="NASD" Country="USA">NASDAQ</Exchange>
			<GlobalListingType>OSR</GlobalListingType>
			<MostRecentSplit Date="2017-01-05">0.03333</MostRecentSplit>
		</Issue>
		<Issue ID="1" Type="C" Desc="Common Stock" Order="2">
			<IssueID Type="Name">Ordinary Shares</IssueID>
			<IssueID Type="Ticker">AQBT</IssueID>
			<IssueID Type="RIC">AQBT.PK^D16</IssueID>
			<IssueID Type="DisplayRIC">AQBT.PK</IssueID>
			<IssueID Type="InstrumentPI">25052961</IssueID>
			<IssueID Type="QuotePI">152653723</IssueID>
			<IssueID Type="InstrumentPermID">8590940686</IssueID>
			<IssueID Type="QuotePermID">21537056383</IssueID>
			<Exchange Code="OTC" Country="USA">Over The Counter</Exchange>
		</Issue>
		<Issue ID="2" Type="P" Desc="Preferred Stock" Order="1">
			<IssueID Type="Name">Preference Shares</IssueID>
			<IssueID Type="InstrumentPI">126503711</IssueID>
			<IssueID Type="InstrumentPermID">21519145578</IssueID>
			<Exchange Code="SEA" Country="GBR">SEATS (AIM Market)</Exchange>
		</Issue>
	</Issues>
	<CoGeneralInfo>
		<CoStatus Code="1">Active</CoStatus>
		<CoType Code="EQU">Equity Issue</CoType>
		<LastModified>2021-01-12</LastModified>
		<LatestAvailableAnnual>2019-12-31</LatestAvailableAnnual>
		<LatestAvailableInterim>2020-09-30</LatestAvailableInterim>
		<Employees LastUpdated="2019-12-31">64</Employees>
		<SharesOut Date="2020-12-08" TotalFloat="41420567.0">45388633.0</SharesOut>
		<ReportingCurrency Code="USD">U.S. Dollars</ReportingCurrency>
		<MostRecentExchange Date="2021-02-03">1.0</MostRecentExchange>
	</CoGeneralInfo>
	<TextInfo>
		<Text Type="Business Summary" lastModified="2020-05-14T11:24:55">AquaBounty Technologies, Inc. is a engaged in research, development and commercialization of the commercial viability of a group of proteins, antifreeze proteins (AFPs). The Company focuses on the managing aquaculture productivity. It offers AquAdvantage Salmon (AAS), which can be grown in contained, land-based facilities. It offers AquAdvantage Salmon for land-based facilities that can be built closer to consumers to manage the need for air freight shipping and transportation. The Company's subsidiaries include AquaBounty Canada, Inc., which operates a commercial biotechnology laboratory that conducts research and development programs related to the Company's technologies; AquaBounty Panama, S. de R.L.; AquaBounty Farms, Inc.; AquaBounty Farms Indiana LLC, and AquaBounty Brasil Participacoes Ltda., which conducts commercial trials of the Company's AquAdvantage Salmon.</Text>
		<Text Type="Financial Summary" lastModified="2021-01-12T00:32:57">BRIEF: For the nine months ended 30 September 2020,Aquabounty Technologies Inc revenues decreased 45% to $77K.Net loss increased 5% to $10.3M. Revenues reflect adecrease in demand for the Company's products and servicesdue to unfavorable market conditions. Higher net lossreflects Interest Expense increase of 62% to $74K (expense), Other Income (expense), Net decrease from $3K (income) to$0K.</Text>
	</TextInfo>
	<contactInfo lastUpdated="2021-02-04T08:46:13">
		<streetAddress line="1">2 Clock Tower Pl Ste 395</streetAddress>
		<streetAddress line="2"></streetAddress>
		<streetAddress line="3"></streetAddress>
		<city>MAYNARD</city>
		<state-region>MA</state-region>
		<postalCode>01754-2539</postalCode>
		<country code="USA">United States</country>
		<contactName></contactName>
		<contactTitle></contactTitle>
		<phone>
			<phone type="mainphone">
				<countryPhoneCode>1</countryPhoneCode>
				<city-areacode>978</city-areacode>
				<number>6486000</number>
			</phone>
			<phone type="mainfax">
				<countryPhoneCode>1</countryPhoneCode>
				<city-areacode>302</city-areacode>
				<number>6365454</number>
			</phone>
		</phone>
	</contactInfo>
	<webLinks lastUpdated="2019-12-02T11:01:10"><webSite mainCategory="Home Page">https://aquabounty.com/</webSite><eMail mainCategory="Company Contact/E-mail">investors@aquabounty.com</eMail></webLinks>
	<peerInfo lastUpdated="2021-02-04T08:46:13">
		<IndustryInfo>
			<Industry type="TRBC" order="1" reported="0" code="5620201010" mnem="">Biotechnology &amp; Medical Research - NEC</Industry>
			<Industry type="NAICS" order="1" reported="0" code="541712" mnem="">Research and Development in the Physical, Engineering, and Life Sciences (except Biotechnology)</Industry>
			<Industry type="SIC" order="1" reported="0" code="8731" mnem="">Commercial Physical Research</Industry>
		</IndustryInfo>
	</peerInfo>
	<officers>
		<officer rank="1" since="01/01/2019">
			<firstName>Sylvia</firstName>
			<mI></mI>
			<lastName>Wulf</lastName>
			<age>63 </age>
			<title startYear="2019" startMonth="01" startDay="01" iD1="PRE" abbr1="Pres." iD2="CEO" abbr2="CEO">President, Chief Executive Officer, Executive Director</title>
		</officer>
		<officer rank="2" since="10/15/2007">
			<firstName>David</firstName>
			<mI>A.</mI>
			<lastName>Frank</lastName>
			<age>59 </age>
			<title startYear="2019" startMonth="12" startDay="31" iD1="CFO" abbr1="CFO" iD2="TRS" abbr2="Treas.">Chief Financial Officer, Treasurer</title>
		</officer>
		<officer rank="3" since="02/2014">
			<firstName>Alejandro</firstName>
			<mI></mI>
			<lastName>Rojas</lastName>
			<age>58 </age>
			<title startYear="2014" startMonth="02" startDay="" iD1="COO" abbr1="COO" iD2="" abbr2="">Chief Operating Officer - AquaBounty Farms division</title>
		</officer>
		<officer rank="4" since="2019">
			<firstName>Angela</firstName>
			<mI>M.</mI>
			<lastName>Olsen</lastName>
			<age>51 </age>
			<title startYear="2019" startMonth="11" startDay="" iD1="GCN" abbr1="Counsel" iD2="SEC" abbr2="Secy.">General Counsel, Corporate Secretary</title>
		</officer>
	</officers>
	<Ratios PriceCurrency="USD" ReportingCurrency="USD" ExchangeRate="1.00000" LatestAvailableDate="2020-09-30">
		<Group ID="Price and Volume">
			<Ratio FieldName="NPRICE" Type="N">9.32000</Ratio>
			<Ratio FieldName="NHIG" Type="N">13.32000</Ratio>
			<Ratio FieldName="NLOW" Type="N">1.51660</Ratio>
			<Ratio FieldName="PDATE" Type="D">2021-02-04T00:00:00</Ratio>
			<Ratio FieldName="VOL10DAVG" Type="N">4.41645</Ratio>
			<Ratio FieldName="EV" Type="N">481.67538</Ratio>
		</Group>
		<Group ID="Income Statement">
			<Ratio FieldName="MKTCAP" Type="N">512.08670</Ratio>
			<Ratio FieldName="TTMREV" Type="N">0.12383</Ratio>
			<Ratio FieldName="TTMEBITD" Type="N">-12.17353</Ratio>
			<Ratio FieldName="TTMNIAC" Type="N">-13.70185</Ratio>
		</Group>
		<Group ID="Per share data">
			<Ratio FieldName="TTMEPSXCLX" Type="N">-0.47623</Ratio>
			<Ratio FieldName="TTMREVPS" Type="N">0.00414</Ratio>
			<Ratio FieldName="QBVPS" Type="N">1.30313</Ratio>
			<Ratio FieldName="QCSHPS" Type="N">0.86803</Ratio>
			<Ratio FieldName="TTMCFSHR" Type="N">-0.40953</Ratio>
			<Ratio FieldName="TTMDIVSHR" Type="N">0.00000</Ratio>
		</Group>
		<Group ID="Other Ratios">
			<Ratio FieldName="TTMGROSMGN" Type="N">-5304.13500</Ratio>
			<Ratio FieldName="TTMROEPCT" Type="N">-32.08393</Ratio>
			<Ratio FieldName="TTMPR2REV" Type="N">4135.40100</Ratio>
			<Ratio FieldName="PEEXCLXOR" Type="N">-99999.99000</Ratio>
			<Ratio FieldName="PRICE2BK" Type="N">7.15203</Ratio>
			<Ratio FieldName="Employees" Type="N">64</Ratio>
		</Group>
	</Ratios>
	<ForecastData ConsensusType="Mean" CurFiscalYear="2020" CurFiscalYearEndMonth="12" CurInterimEndCalYear="2020" CurInterimEndMonth="12" EarningsBasis="PRX">
		<Ratio FieldName="ConsRecom" Type="N">
			<Value PeriodType="CURR">1.6667</Value>
		</Ratio>
		<Ratio FieldName="TargetPrice" Type="N">
			<Value PeriodType="CURR">4.50000</Value>
		</Ratio>
		<Ratio FieldName="ProjLTGrowthRate" Type="N">
			<Value PeriodType="CURR">-99999.99000</Value>
		</Ratio>
		<Ratio FieldName="ProjPE" Type="N">
			<Value PeriodType="CURR">-23.69692</Value>
		</Ratio>
		<Ratio FieldName="ProjSales" Type="N">
			<Value PeriodType="CURR">0.35730</Value>
		</Ratio>
		<Ratio FieldName="ProjSalesQ" Type="N">
			<Value PeriodType="CURR">0.28000</Value>
		</Ratio>
		<Ratio FieldName="ProjEPS" Type="N">
			<Value PeriodType="CURR">-0.39330</Value>
		</Ratio>
		<Ratio FieldName="ProjEPSQ" Type="N">
			<Value PeriodType="CURR">-0.08330</Value>
		</Ratio>
		<Ratio FieldName="ProjProfit" Type="N">
			<Value PeriodType="CURR">-14.36750</Value>
		</Ratio>
		<Ratio FieldName="ProjDPS" Type="N">
			<Value PeriodType="CURR">-99999.99000</Value>
		</Ratio>
	</ForecastData>
</ReportSnapshot>
