<?xml version="1.0" encoding="UTF-8"?>
<ReportSnapshot Major="1" Minor="0" Revision="1">
	<CoIDs>
		<CoID Type="RepNo">07174</CoID>
		<CoID Type="CompanyName">Aequi Acquisition Corp</CoID>
		<CoID Type="IRSNo">852850133</CoID>
		<CoID Type="CIKNo">0001823826</CoID>
		<CoID Type="OrganizationPermID">5077894187</CoID>
	</CoIDs>
	<Issues>
		<Issue ID="1" Type="C" Desc="Common Stock" Order="1">
			<IssueID Type="Name">Ordinary Shares Class A</IssueID>
			<IssueID Type="Ticker">ARBG</IssueID>
			<IssueID Type="RIC">ARBG.O</IssueID>
			<IssueID Type="DisplayRIC">ARBG.OQ</IssueID>
			<IssueID Type="InstrumentPI">486828473</IssueID>
			<IssueID Type="QuotePI">486830174</IssueID>
			<Exchange Code="NASD" Country="USA">NASDAQ</Exchange>
			<GlobalListingType>OSR</GlobalListingType>
		</Issue>
		<Issue ID="2" Type="C" Desc="Common Stock" Order="2">
			<IssueID Type="Name">Ordinary Shares Class B</IssueID>
			<IssueID Type="InstrumentPI">476829268</IssueID>
			<Exchange Code="NA" Country="">Not Available</Exchange>
		</Issue>
	</Issues>
	<CoGeneralInfo>
		<CoStatus Code="1">Active</CoStatus>
		<CoType Code="EQU">Equity Issue</CoType>
		<LastModified>2021-01-11</LastModified>
		<LatestAvailableAnnual>2019-12-31</LatestAvailableAnnual>
		<LatestAvailableInterim>2020-09-30</LatestAvailableInterim>
		<SharesOut Date="2021-01-11" TotalFloat="20020000.0">34500000.0</SharesOut>
		<ReportingCurrency Code="USD">U.S. Dollars</ReportingCurrency>
		<MostRecentExchange Date="2021-02-03">1.0</MostRecentExchange>
	</CoGeneralInfo>
	<TextInfo>
		<Text Type="Business Summary" lastModified="2020-10-07T02:09:36">Aequi Acquisition Corp. is a blank check company. The Company is formed for the purpose of effecting a merger, capital stock exchange, asset acquisition, stock purchase, reorganization or similar business combination with one or more businesses. The Company has not commenced any operations and has not generated any revenue.</Text>
		<Text Type="Financial Summary" lastModified="2020-12-22T10:06:48">BRIEF: For the nine months ended 30 September 2020, AequiAcquisition Corp revenues was not reported. Net losstotaled to $1K.</Text>
	</TextInfo>
	<contactInfo lastUpdated="2021-01-11T09:38:23">
		<streetAddress line="1">9 Davis Drive</streetAddress>
		<streetAddress line="2"></streetAddress>
		<streetAddress line="3"></streetAddress>
		<city>ARMONK</city>
		<state-region>NY</state-region>
		<postalCode>10504</postalCode>
		<country code="USA">United States</country>
		<contactName></contactName>
		<contactTitle></contactTitle>
		<phone>
			<phone type="mainphone">
				<countryPhoneCode>1</countryPhoneCode>
				<city-areacode>917</city-areacode>
				<number>2974075</number>
			</phone>
			<phone type="mainfax">
				<countryPhoneCode>1</countryPhoneCode>
				<city-areacode>302</city-areacode>
				<number>6365454</number>
			</phone>
		</phone>
	</contactInfo>
	<webLinks lastUpdated=""><webSite mainCategory=""></webSite><eMail mainCategory=""></eMail></webLinks>
	<peerInfo lastUpdated="2021-01-11T09:38:23">
		<IndustryInfo>
			<Industry type="TRBC" order="1" reported="0" code="5560101011" mnem="">Shell Companies</Industry>
			<Industry type="NAICS" order="1" reported="0" code="525990" mnem="">Other Financial Vehicles</Industry>
			<Industry type="SIC" order="1" reported="0" code="6726" mnem="">Investment Offices, Nec</Industry>
		</IndustryInfo>
	</peerInfo>
	<officers></officers>
	<Ratios PriceCurrency="USD" ReportingCurrency="USD" ExchangeRate="1.00000" LatestAvailableDate="2020-09-30">
		<Group ID="Price and Volume">
			<Ratio FieldName="NPRICE" Type="N">10.38000</Ratio>
			<Ratio FieldName="NHIG" Type="N">10.75000</Ratio>
			<Ratio FieldName="NLOW" Type="N">9.96000</Ratio>
			<Ratio FieldName="PDATE" Type="D">2021-02-04T00:00:00</Ratio>
			<Ratio FieldName="VOL10DAVG" Type="N">0.09254</Ratio>
			<Ratio FieldName="EV" Type="N">298.40000</Ratio>
		</Group>
		<Group ID="Income Statement">
			<Ratio FieldName="MKTCAP" Type="N">298.42500</Ratio>
			<Ratio FieldName="TTMREV" Type="N">-99999.99000</Ratio>
			<Ratio FieldName="TTMEBITD" Type="N">-99999.99000</Ratio>
			<Ratio FieldName="TTMNIAC" Type="N">-99999.99000</Ratio>
		</Group>
		<Group ID="Per share data">
			<Ratio FieldName="TTMEPSXCLX" Type="N">-99999.99000</Ratio>
			<Ratio FieldName="TTMREVPS" Type="N">-99999.99000</Ratio>
			<Ratio FieldName="QBVPS" Type="N">0.00084</Ratio>
			<Ratio FieldName="QCSHPS" Type="N">0.00130</Ratio>
			<Ratio FieldName="TTMCFSHR" Type="N">-99999.99000</Ratio>
			<Ratio FieldName="TTMDIVSHR" Type="N">-99999.99000</Ratio>
		</Group>
		<Group ID="Other Ratios">
			<Ratio FieldName="TTMGROSMGN" Type="N">-99999.99000</Ratio>
			<Ratio FieldName="TTMROEPCT" Type="N">-99999.99000</Ratio>
			<Ratio FieldName="TTMPR2REV" Type="N">-99999.99000</Ratio>
			<Ratio FieldName="PEEXCLXOR" Type="N">-99999.99000</Ratio>
			<Ratio FieldName="PRICE2BK" Type="N">12311.26000</Ratio>
			<Ratio FieldName="Employees" Type="N">-99999.99000</Ratio>
		</Group>
	</Ratios>
	<ForecastData ConsensusType="" CurFiscalYear="" CurFiscalYearEndMonth="" CurInterimEndCalYear="" CurInterimEndMonth="" EarningsBasis="">
		<Ratio FieldName="ConsRecom" Type="N">
			<Value PeriodType="CURR">-99999.99000</Value>
		</Ratio>
		<Ratio FieldName="TargetPrice" Type="N">
			<Value PeriodType="CURR">-99999.99000</Value>
		</Ratio>
		<Ratio FieldName="ProjLTGrowthRate" Type="N">
			<Value PeriodType="CURR">-99999.99000</Value>
		</Ratio>
		<Ratio FieldName="ProjPE" Type="N">
			<Value PeriodType="CURR">-99999.99000</Value>
		</Ratio>
		<Ratio FieldName="ProjSales" Type="N">
			<Value PeriodType="CURR">-99999.99000</Value>
		</Ratio>
		<Ratio FieldName="ProjSalesQ" Type="N">
			<Value PeriodType="CURR">-99999.99000</Value>
		</Ratio>
		<Ratio FieldName="ProjEPS" Type="N">
			<Value PeriodType="CURR">-99999.99000</Value>
		</Ratio>
		<Ratio FieldName="ProjEPSQ" Type="N">
			<Value PeriodType="CURR">-99999.99000</Value>
		</Ratio>
		<Ratio FieldName="ProjProfit" Type="N">
			<Value PeriodType="CURR">-99999.99000</Value>
		</Ratio>
		<Ratio FieldName="ProjDPS" Type="N">
			<Value PeriodType="CURR">-99999.99000</Value>
		</Ratio>
	</ForecastData>
</ReportSnapshot>
