<?xml version="1.0" encoding="UTF-8"?>
<ReportSnapshot Major="1" Minor="0" Revision="1">
	<CoIDs>
		<CoID Type="RepNo">AA1AA</CoID>
		<CoID Type="CompanyName">Ares Capital Corporation</CoID>
		<CoID Type="IRSNo">331089684</CoID>
		<CoID Type="CIKNo">0001287750</CoID>
		<CoID Type="OrganizationPermID">4295911046</CoID>
	</CoIDs>
	<Issues>
		<Issue ID="1" Type="C" Desc="Common Stock" Order="1">
			<IssueID Type="Name">Ordinary Shares</IssueID>
			<IssueID Type="Ticker">ARCC</IssueID>
			<IssueID Type="RIC">ARCC.O</IssueID>
			<IssueID Type="DisplayRIC">ARCC.OQ</IssueID>
			<IssueID Type="InstrumentPI">18224566</IssueID>
			<IssueID Type="QuotePI">18224576</IssueID>
			<IssueID Type="InstrumentPermID">8590007073</IssueID>
			<IssueID Type="QuotePermID">55835315827</IssueID>
			<Exchange Code="NASD" Country="USA">NASDAQ</Exchange>
			<GlobalListingType>OSR</GlobalListingType>
		</Issue>
	</Issues>
	<CoGeneralInfo>
		<CoStatus Code="1">Active</CoStatus>
		<CoType Code="EQU">Equity Issue</CoType>
		<LastModified>2020-10-27</LastModified>
		<LatestAvailableAnnual>2019-12-31</LatestAvailableAnnual>
		<LatestAvailableInterim>2020-09-30</LatestAvailableInterim>
		<Employees LastUpdated="2019-12-31">1200</Employees>
		<SharesOut Date="2020-10-27" TotalFloat="418888291.0">422622119.0</SharesOut>
		<ReportingCurrency Code="USD">U.S. Dollars</ReportingCurrency>
		<MostRecentExchange Date="2021-02-03">1.0</MostRecentExchange>
	</CoGeneralInfo>
	<TextInfo>
		<Text Type="Business Summary" lastModified="2017-03-06T22:02:16">Ares Capital Corporation is a specialty finance company. The Company operates as a closed-end, non-diversified management investment company. The Company's investment objective is to generate both current income and capital appreciation through debt and equity investments. It invests primarily in the United States middle-market companies. It may from time to time invest in larger or smaller (in particular, for investments in early-stage and/or venture capital-backed) companies. It invests primarily in first lien senior secured loans (including unitranche loans, which are loans that combine both senior and mezzanine debt, generally in a first lien position), second lien senior secured loans, and mezzanine debt, which in some cases includes an equity component. It invests in various industries, such as automotive services, business services, consumer products, and containers and packaging. Ares Capital Management LLC serves as its investment advisor.</Text>
		<Text Type="Financial Summary" lastModified="2020-10-27T10:05:47">BRIEF: For the nine months ended 30 September 2020, AresCapital Corporation revenues decreased 6% to $1.07B. Netincome decreased 82% to $106M. Revenues reflect InterestIncome - Investment decrease of 9% to $642M, Fees andCommissions Income decrease of 49% to $55M, Fees andCommissions Inc decrease from $15M to $0K. Net income alsoreflects Unrealized G/L on Investment Securities increasefrom $17M to $571M (expense).</Text>
	</TextInfo>
	<contactInfo lastUpdated="2021-01-06T17:17:11">
		<streetAddress line="1">245 Park Ave Fl 44</streetAddress>
		<streetAddress line="2"></streetAddress>
		<streetAddress line="3"></streetAddress>
		<city>NEW YORK</city>
		<state-region>NY</state-region>
		<postalCode>10167-4400</postalCode>
		<country code="USA">United States</country>
		<contactName></contactName>
		<contactTitle></contactTitle>
		<phone>
			<phone type="mainphone">
				<countryPhoneCode>1</countryPhoneCode>
				<city-areacode>212</city-areacode>
				<number>7507300</number>
			</phone>
			<phone type="mainfax">
				<countryPhoneCode>1</countryPhoneCode>
				<city-areacode>212</city-areacode>
				<number>7501777</number>
			</phone>
		</phone>
	</contactInfo>
	<webLinks lastUpdated="2013-12-09T04:13:04"><webSite mainCategory="Home Page">http://www.arescapitalcorp.com</webSite><eMail mainCategory="Company Contact/E-mail"> IRARCC@aresmgmt.com</eMail></webLinks>
	<peerInfo lastUpdated="2021-01-06T17:17:11">
		<IndustryInfo>
			<Industry type="TRBC" order="1" reported="0" code="5550103010" mnem="">Closed End Funds</Industry>
			<Industry type="NAICS" order="1" reported="0" code="525990" mnem="">Other Financial Vehicles</Industry>
			<Industry type="SIC" order="1" reported="0" code="6726" mnem="">Investment Offices, Nec</Industry>
		</IndustryInfo>
	</peerInfo>
	<officers>
		<officer rank="1" since="05/2004">
			<firstName>Michael</firstName>
			<mI>J.</mI>
			<lastName>Arougheti</lastName>
			<age>47 </age>
			<title startYear="2014" startMonth="07" startDay="30" iD1="CCH" abbr1="Co-Chmn." iD2="EVP" abbr2="Exec. VP">Co-Chairman of the Board, Executive Vice President</title>
		</officer>
		<officer rank="2" since="2004">
			<firstName>Bennett</firstName>
			<mI></mI>
			<lastName>Rosenthal</lastName>
			<age>56 </age>
			<title startYear="2014" startMonth="07" startDay="30" iD1="CCH" abbr1="Co-Chmn." iD2="DRC" abbr2="Dir.">Co-Chairman of the Board</title>
		</officer>
		<officer rank="3" since="05/06/2013">
			<firstName>Mitchell</firstName>
			<mI>S.</mI>
			<lastName>Goldstein</lastName>
			<age>53 </age>
			<title startYear="2014" startMonth="07" startDay="30" iD1="CPR" abbr1="Co-Pres." iD2="" abbr2="">Co-President</title>
		</officer>
		<officer rank="4" since="05/06/2013">
			<firstName>Michael</firstName>
			<mI>L.</mI>
			<lastName>Smith</lastName>
			<age>48 </age>
			<title startYear="2014" startMonth="07" startDay="30" iD1="CPR" abbr1="Co-Pres." iD2="" abbr2="">Co-President</title>
		</officer>
		<officer rank="5" since="05/06/2013">
			<firstName>Robert</firstName>
			<mI>Kipp</mI>
			<lastName>deVeer</lastName>
			<age>47 </age>
			<title startYear="2015" startMonth="10" startDay="28" iD1="CEO" abbr1="CEO" iD2="DRC" abbr2="Dir.">Chief Executive Officer, Director</title>
		</officer>
		<officer rank="6" since="12/22/2010">
			<firstName>Penelope</firstName>
			<mI>F.</mI>
			<lastName>Roll</lastName>
			<age>54 </age>
			<title startYear="2010" startMonth="12" startDay="22" iD1="CFO" abbr1="CFO" iD2="" abbr2="">Chief Financial Officer</title>
		</officer>
		<officer rank="7" since="05/2009">
			<firstName>Scott</firstName>
			<mI>C.</mI>
			<lastName>Lem</lastName>
			<age>43 </age>
			<title startYear="2013" startMonth="12" startDay="05" iD1="CAO" abbr1="CAO" iD2="VPR" abbr2="VP">Chief Accounting Officer, Vice President, Treasurer</title>
		</officer>
		<officer rank="8" since="04/24/2019">
			<firstName>Lisa</firstName>
			<mI></mI>
			<lastName>Morgan</lastName>
			<age>44 </age>
			<title startYear="2019" startMonth="04" startDay="24" iD1="CCO" abbr1="Chief Comp." iD2="" abbr2="">Chief Compliance Officer</title>
		</officer>
		<officer rank="9" since="11/2006">
			<firstName>Joshua</firstName>
			<mI>M.</mI>
			<lastName>Bloomstein</lastName>
			<age>47 </age>
			<title startYear="2010" startMonth="12" startDay="" iD1="VPR" abbr1="VP" iD2="GCN" abbr2="Counsel">Vice President, General Counsel, Secretary</title>
		</officer>
		<officer rank="10" since="07/2011">
			<firstName>Miriam</firstName>
			<mI>G.</mI>
			<lastName>Krieger</lastName>
			<age>43 </age>
			<title startYear="2019" startMonth="04" startDay="24" iD1="VPR" abbr1="VP" iD2="" abbr2="">Vice President</title>
		</officer>
	</officers>
	<Ratios PriceCurrency="USD" ReportingCurrency="USD" ExchangeRate="1.00000" LatestAvailableDate="2020-09-30">
		<Group ID="Price and Volume">
			<Ratio FieldName="NPRICE" Type="N">17.83000</Ratio>
			<Ratio FieldName="NHIG" Type="N">19.33000</Ratio>
			<Ratio FieldName="NLOW" Type="N">7.90000</Ratio>
			<Ratio FieldName="PDATE" Type="D">2021-02-04T00:00:00</Ratio>
			<Ratio FieldName="VOL10DAVG" Type="N">1.99303</Ratio>
			<Ratio FieldName="EV" Type="N">14852.35300</Ratio>
		</Group>
		<Group ID="Income Statement">
			<Ratio FieldName="MKTCAP" Type="N">7535.35300</Ratio>
			<Ratio FieldName="TTMREV" Type="N">1457.00000</Ratio>
			<Ratio FieldName="TTMEBITD" Type="N">770.00000</Ratio>
			<Ratio FieldName="TTMNIAC" Type="N">310.00000</Ratio>
		</Group>
		<Group ID="Per share data">
			<Ratio FieldName="TTMEPSXCLX" Type="N">0.74856</Ratio>
			<Ratio FieldName="TTMREVPS" Type="N">3.41618</Ratio>
			<Ratio FieldName="QBVPS" Type="N">16.46099</Ratio>
			<Ratio FieldName="QCSHPS" Type="N">0.55083</Ratio>
			<Ratio FieldName="TTMCFSHR" Type="N">-99999.99000</Ratio>
			<Ratio FieldName="TTMDIVSHR" Type="N">1.68000</Ratio>
		</Group>
		<Group ID="Other Ratios">
			<Ratio FieldName="TTMGROSMGN" Type="N">55.45642</Ratio>
			<Ratio FieldName="TTMROEPCT" Type="N">4.32478</Ratio>
			<Ratio FieldName="TTMPR2REV" Type="N">5.17183</Ratio>
			<Ratio FieldName="PEEXCLXOR" Type="N">23.81907</Ratio>
			<Ratio FieldName="PRICE2BK" Type="N">1.08317</Ratio>
			<Ratio FieldName="Employees" Type="N">1200</Ratio>
		</Group>
	</Ratios>
	<ForecastData ConsensusType="Mean" CurFiscalYear="2020" CurFiscalYearEndMonth="12" CurInterimEndCalYear="2020" CurInterimEndMonth="12" EarningsBasis="PRX">
		<Ratio FieldName="ConsRecom" Type="N">
			<Value PeriodType="CURR">1.7333</Value>
		</Ratio>
		<Ratio FieldName="TargetPrice" Type="N">
			<Value PeriodType="CURR">15.88330</Value>
		</Ratio>
		<Ratio FieldName="ProjLTGrowthRate" Type="N">
			<Value PeriodType="CURR">-2.0000</Value>
		</Ratio>
		<Ratio FieldName="ProjPE" Type="N">
			<Value PeriodType="CURR">11.19342</Value>
		</Ratio>
		<Ratio FieldName="ProjSales" Type="N">
			<Value PeriodType="CURR">1430.35300</Value>
		</Ratio>
		<Ratio FieldName="ProjSalesQ" Type="N">
			<Value PeriodType="CURR">358.77150</Value>
		</Ratio>
		<Ratio FieldName="ProjEPS" Type="N">
			<Value PeriodType="CURR">1.59290</Value>
		</Ratio>
		<Ratio FieldName="ProjEPSQ" Type="N">
			<Value PeriodType="CURR">0.40170</Value>
		</Ratio>
		<Ratio FieldName="ProjProfit" Type="N">
			<Value PeriodType="CURR">670.23300</Value>
		</Ratio>
		<Ratio FieldName="ProjDPS" Type="N">
			<Value PeriodType="CURR">1.59850</Value>
		</Ratio>
	</ForecastData>
</ReportSnapshot>
