<?xml version="1.0" encoding="UTF-8"?>
<ReportSnapshot Major="1" Minor="0" Revision="1">
	<CoIDs>
		<CoID Type="RepNo">EF942</CoID>
		<CoID Type="CompanyName">Ardelyx Inc</CoID>
		<CoID Type="IRSNo">261303944</CoID>
		<CoID Type="CIKNo">0001437402</CoID>
		<CoID Type="OrganizationPermID">4298018805</CoID>
	</CoIDs>
	<Issues>
		<Issue ID="1" Type="C" Desc="Common Stock" Order="1">
			<IssueID Type="Name">Ordinary Shares</IssueID>
			<IssueID Type="Ticker">ARDX</IssueID>
			<IssueID Type="RIC">ARDX.O</IssueID>
			<IssueID Type="DisplayRIC">ARDX.OQ</IssueID>
			<IssueID Type="InstrumentPI">159076262</IssueID>
			<IssueID Type="QuotePI">159164911</IssueID>
			<IssueID Type="InstrumentPermID">21541835115</IssueID>
			<IssueID Type="QuotePermID">21541885276</IssueID>
			<Exchange Code="NASD" Country="USA">NASDAQ</Exchange>
			<GlobalListingType>OSR</GlobalListingType>
		</Issue>
	</Issues>
	<CoGeneralInfo>
		<CoStatus Code="1">Active</CoStatus>
		<CoType Code="EQU">Equity Issue</CoType>
		<LastModified>2020-11-07</LastModified>
		<LatestAvailableAnnual>2019-12-31</LatestAvailableAnnual>
		<LatestAvailableInterim>2020-09-30</LatestAvailableInterim>
		<Employees LastUpdated="2019-12-31">88</Employees>
		<SharesOut Date="2020-11-02" TotalFloat="88909590.0">90248465.0</SharesOut>
		<ReportingCurrency Code="USD">U.S. Dollars</ReportingCurrency>
		<MostRecentExchange Date="2021-02-03">1.0</MostRecentExchange>
	</CoGeneralInfo>
	<TextInfo>
		<Text Type="Business Summary" lastModified="2017-03-06T22:10:18">Ardelyx, Inc. is a clinical-stage biopharmaceutical company. The Company's therapeutics focuses on addressing cardiorenal and gastrointestinal (GI) diseases. It operates through the research, development and commercialization of biopharmaceutical products segment. The Company's products line includes cardiorenal portfolio and gastrointestinal portfolio. The Company's cardiorenal portfolio includes two Phase III clinical product candidates, tenapanor in Phase III clinical development for treating hyperphosphatemia in end-stage renal disease (ESRD) patients on dialysis and RDX7675 in Phase III clinical development for treating hyperkalemia in chronic kidney disease (CKD) and heart failure patients. The cardiorenal portfolio includes tenapanor, RDX7675, RDX013 and RDX011. Its gastrointestinal portfolio is led by tenapanor for the treatment of irritable bowel syndrome with constipation (IBS-C). The gastrointestinal portfolio includes tenapanor, RDX8940, RDX011 and RDX023.</Text>
		<Text Type="Financial Summary" lastModified="2020-11-07T11:43:48">BRIEF: For the nine months ended 30 September 2020, ArdelyxInc revenues increased 90% to $5.8M. Net loss decreased 13%to $65.4M. Revenues reflect Other revenue increase from$31K to $1.4M. Lower net loss reflects Research anddevelopment - other decrease of 19% to $43.8M (expense),Interest expense decrease of 13% to $3.8M (expense),Stock-based Compensation in Research and decrease of 1% to$3.2M (expense).</Text>
	</TextInfo>
	<contactInfo lastUpdated="2020-11-12T17:37:26">
		<streetAddress line="1">34175 Ardenwood Blvd</streetAddress>
		<streetAddress line="2"></streetAddress>
		<streetAddress line="3"></streetAddress>
		<city>FREMONT</city>
		<state-region>CA</state-region>
		<postalCode>94555-3653</postalCode>
		<country code="USA">United States</country>
		<contactName></contactName>
		<contactTitle></contactTitle>
		<phone>
			<phone type="mainphone">
				<countryPhoneCode>1</countryPhoneCode>
				<city-areacode>510</city-areacode>
				<number>7457047</number>
			</phone>
			<phone type="mainfax">
				<countryPhoneCode>1</countryPhoneCode>
				<city-areacode>510</city-areacode>
				<number>7450493</number>
			</phone>
		</phone>
	</contactInfo>
	<webLinks lastUpdated="2018-07-11T09:45:30"><webSite mainCategory="Home Page">https://www.ardelyx.com/</webSite><eMail mainCategory="Company Contact/E-mail">investor@ardelyx.com</eMail></webLinks>
	<peerInfo lastUpdated="2020-11-12T17:37:26">
		<IndustryInfo>
			<Industry type="TRBC" order="1" reported="0" code="5620201011" mnem="">Bio Therapeutic Drugs</Industry>
			<Industry type="NAICS" order="1" reported="0" code="541712" mnem="">Research and Development in the Physical, Engineering, and Life Sciences (except Biotechnology)</Industry>
			<Industry type="NAICS" order="2" reported="0" code="325412" mnem="">Pharmaceutical Preparation Mfg</Industry>
			<Industry type="SIC" order="1" reported="0" code="8731" mnem="">Commercial Physical Research</Industry>
			<Industry type="SIC" order="2" reported="0" code="2834" mnem="">Pharmaceutical Preparations</Industry>
		</IndustryInfo>
	</peerInfo>
	<officers>
		<officer rank="1" since="03/2014">
			<firstName>David</firstName>
			<mI>M.</mI>
			<lastName>Mott</lastName>
			<age></age>
			<title startYear="2014" startMonth="03" startDay="" iD1="CHM" abbr1="Chmn." iD2="IND" abbr2="Ind. Dir.">Independent Chairman of the Board</title>
		</officer>
		<officer rank="2" since="03/2009">
			<firstName>Michael</firstName>
			<mI>G.</mI>
			<lastName>Raab</lastName>
			<age>55 </age>
			<title startYear="2009" startMonth="03" startDay="" iD1="PRE" abbr1="Pres." iD2="CEO" abbr2="CEO">President, Chief Executive Officer, Director</title>
		</officer>
		<officer rank="3" since="06/09/2020">
			<firstName>Justin</firstName>
			<mI>A.</mI>
			<lastName>Renz</lastName>
			<age>48 </age>
			<title startYear="2020" startMonth="06" startDay="09" iD1="CFO" abbr1="CFO" iD2="CAO" abbr2="CAO">Chief Accounting and Principal Financial Officer</title>
		</officer>
		<officer rank="4" since="12/2012">
			<firstName>Elizabeth</firstName>
			<mI></mI>
			<lastName>Grammer</lastName>
			<age>56 </age>
			<title startYear="2020" startMonth="01" startDay="" iD1="CAD" abbr1="Chief Admin." iD2="" abbr2="">Chief Legal and Administrative Officer</title>
		</officer>
		<officer rank="5" since="05/18/2020">
			<firstName>Susan</firstName>
			<mI></mI>
			<lastName>Rodriguez</lastName>
			<age></age>
			<title startYear="2020" startMonth="05" startDay="18" iD1="OTH" abbr1="Other" iD2="" abbr2="">Chief Commercial Officer</title>
		</officer>
		<officer rank="6" since="01/2010">
			<firstName>David</firstName>
			<mI>P.</mI>
			<lastName>Rosenbaum</lastName>
			<age>59 </age>
			<title startYear="2017" startMonth="01" startDay="" iD1="OTH" abbr1="Other" iD2="" abbr2="">Chief Development Officer</title>
		</officer>
	</officers>
	<Ratios PriceCurrency="USD" ReportingCurrency="USD" ExchangeRate="1.00000" LatestAvailableDate="2020-09-30">
		<Group ID="Price and Volume">
			<Ratio FieldName="NPRICE" Type="N">7.14000</Ratio>
			<Ratio FieldName="NHIG" Type="N">8.81500</Ratio>
			<Ratio FieldName="NLOW" Type="N">4.22000</Ratio>
			<Ratio FieldName="PDATE" Type="D">2021-02-04T00:00:00</Ratio>
			<Ratio FieldName="VOL10DAVG" Type="N">0.80601</Ratio>
			<Ratio FieldName="EV" Type="N">509.55800</Ratio>
		</Group>
		<Group ID="Income Statement">
			<Ratio FieldName="MKTCAP" Type="N">644.37400</Ratio>
			<Ratio FieldName="TTMREV" Type="N">8.01200</Ratio>
			<Ratio FieldName="TTMEBITD" Type="N">-80.07800</Ratio>
			<Ratio FieldName="TTMNIAC" Type="N">-85.22700</Ratio>
		</Group>
		<Group ID="Per share data">
			<Ratio FieldName="TTMEPSXCLX" Type="N">-1.01769</Ratio>
			<Ratio FieldName="TTMREVPS" Type="N">0.09504</Ratio>
			<Ratio FieldName="QBVPS" Type="N">1.45540</Ratio>
			<Ratio FieldName="QCSHPS" Type="N">2.05552</Ratio>
			<Ratio FieldName="TTMCFSHR" Type="N">-0.98835</Ratio>
			<Ratio FieldName="TTMDIVSHR" Type="N">0.00000</Ratio>
		</Group>
		<Group ID="Other Ratios">
			<Ratio FieldName="TTMGROSMGN" Type="N">83.10035</Ratio>
			<Ratio FieldName="TTMROEPCT" Type="N">-94.43540</Ratio>
			<Ratio FieldName="TTMPR2REV" Type="N">80.42612</Ratio>
			<Ratio FieldName="PEEXCLXOR" Type="N">-99999.99000</Ratio>
			<Ratio FieldName="PRICE2BK" Type="N">4.90588</Ratio>
			<Ratio FieldName="Employees" Type="N">88</Ratio>
		</Group>
	</Ratios>
	<ForecastData ConsensusType="Mean" CurFiscalYear="2020" CurFiscalYearEndMonth="12" CurInterimEndCalYear="2020" CurInterimEndMonth="12" EarningsBasis="PRX">
		<Ratio FieldName="ConsRecom" Type="N">
			<Value PeriodType="CURR">1.4286</Value>
		</Ratio>
		<Ratio FieldName="TargetPrice" Type="N">
			<Value PeriodType="CURR">13.00000</Value>
		</Ratio>
		<Ratio FieldName="ProjLTGrowthRate" Type="N">
			<Value PeriodType="CURR">-99999.99000</Value>
		</Ratio>
		<Ratio FieldName="ProjPE" Type="N">
			<Value PeriodType="CURR">-7.15933</Value>
		</Ratio>
		<Ratio FieldName="ProjSales" Type="N">
			<Value PeriodType="CURR">7.17480</Value>
		</Ratio>
		<Ratio FieldName="ProjSalesQ" Type="N">
			<Value PeriodType="CURR">1.42260</Value>
		</Ratio>
		<Ratio FieldName="ProjEPS" Type="N">
			<Value PeriodType="CURR">-0.99730</Value>
		</Ratio>
		<Ratio FieldName="ProjEPSQ" Type="N">
			<Value PeriodType="CURR">-0.25800</Value>
		</Ratio>
		<Ratio FieldName="ProjProfit" Type="N">
			<Value PeriodType="CURR">-89.34080</Value>
		</Ratio>
		<Ratio FieldName="ProjDPS" Type="N">
			<Value PeriodType="CURR">0.00000</Value>
		</Ratio>
	</ForecastData>
</ReportSnapshot>
