<?xml version="1.0" encoding="UTF-8"?>
<ReportSnapshot Major="1" Minor="0" Revision="1">
	<CoIDs>
		<CoID Type="RepNo">EC791</CoID>
		<CoID Type="CompanyName">American Resources Corp</CoID>
		<CoID Type="IRSNo">463914127</CoID>
		<CoID Type="CIKNo">0001590715</CoID>
		<CoID Type="OrganizationPermID">5040702010</CoID>
	</CoIDs>
	<Issues>
		<Issue ID="1" Type="C" Desc="Common Stock" Order="1">
			<IssueID Type="Name">Ordinary Shares Class A</IssueID>
			<IssueID Type="Ticker">AREC</IssueID>
			<IssueID Type="RIC">AREC.O</IssueID>
			<IssueID Type="DisplayRIC">AREC.OQ</IssueID>
			<IssueID Type="InstrumentPI">147115207</IssueID>
			<IssueID Type="QuotePI">350213624</IssueID>
			<IssueID Type="InstrumentPermID">21533102385</IssueID>
			<IssueID Type="QuotePermID">25727381843</IssueID>
			<Exchange Code="NASD" Country="USA">NASDAQ</Exchange>
			<GlobalListingType>OSR</GlobalListingType>
			<MostRecentSplit Date="2017-05-24">0.03333</MostRecentSplit>
		</Issue>
		<Issue ID="2" Type="C" Desc="Common Stock" Order="2">
			<IssueID Type="Name">Ordinary Shares Class B</IssueID>
			<IssueID Type="InstrumentPI">221241450</IssueID>
			<IssueID Type="InstrumentPermID">21584176018</IssueID>
			<Exchange Code="NA" Country="">Not Available</Exchange>
		</Issue>
		<Issue ID="3" Type="P" Desc="Preferred Stock" Order="1">
			<IssueID Type="Name">Preference Shares Series A</IssueID>
			<IssueID Type="InstrumentPI">295739762</IssueID>
			<IssueID Type="InstrumentPermID">21640315413</IssueID>
			<Exchange Code="NA" Country="">Not Available</Exchange>
		</Issue>
		<Issue ID="4" Type="P" Desc="Preferred Stock" Order="2">
			<IssueID Type="Name">Preference Shares Series B</IssueID>
			<IssueID Type="InstrumentPI">295739776</IssueID>
			<IssueID Type="InstrumentPermID">21640315428</IssueID>
			<Exchange Code="NA" Country="">Not Available</Exchange>
		</Issue>
		<Issue ID="5" Type="P" Desc="Preferred Stock" Order="3">
			<IssueID Type="Name">Preference Shares Series C</IssueID>
			<IssueID Type="InstrumentPI">359122300</IssueID>
			<IssueID Type="InstrumentPermID">21689853141</IssueID>
			<Exchange Code="NA" Country="">Not Available</Exchange>
		</Issue>
	</Issues>
	<CoGeneralInfo>
		<CoStatus Code="1">Active</CoStatus>
		<CoType Code="EQU">Equity Issue</CoType>
		<LastModified>2020-11-02</LastModified>
		<LatestAvailableAnnual>2019-12-31</LatestAvailableAnnual>
		<LatestAvailableInterim>2020-09-30</LatestAvailableInterim>
		<Employees LastUpdated="2020-09-30">10</Employees>
		<SharesOut Date="2020-10-28" TotalFloat="16282995.0">35602410.0</SharesOut>
		<ReportingCurrency Code="USD">U.S. Dollars</ReportingCurrency>
		<MostRecentExchange Date="2021-02-03">1.0</MostRecentExchange>
	</CoGeneralInfo>
	<TextInfo>
		<Text Type="Business Summary" lastModified="2020-05-18T14:45:11">American Resources Corporation is a supplier of raw materials to the global infrastructure market. The Company is focused on the extraction and processing of metallurgical carbon, an essential ingredient used in steelmaking. It has a portfolio of operations located in the Central Appalachian basin of eastern Kentucky and southern West Virginia where metallurgical carbon deposits are concentrated. The Companys mining operations include McCoy Elkhorn Coal, Deane Mining, Knott County Coal, Gold Star Mine and Wyoming County Coal. McCoy Elkhorn Coal mines and sells metallurgical carbon. Deane Mining produces and sells pulverized coal injection (PCI) products to the steel industry. Knott County Coal mines and sells PCI and industrial product to the infrastructure industry. Gold Star Mine consists of a box-cut underground mine. Wyoming County Coal is a mid vol and high vol metallurgical carbon complex with an onsite preparation plant and rail loadout on the Norfolk Southern railroad. </Text>
		<Text Type="Financial Summary" lastModified="2020-11-02T04:07:34">BRIEF: For the nine months ended 30 September 2020,American Resources Corp revenues decreased 94% to $1M. Netloss applicable to common stockholders decreased 94% to$1.8M. Revenues reflect Coal sales decrease of 97% to $524K, Processing Services Income decrease from $21K to $0K.Lower net loss reflects Amortization of debt discount andissuan decrease of 100% to $9K (expense), Development Costsdecrease of 79% to $1.2M (expense).</Text>
	</TextInfo>
	<contactInfo lastUpdated="2020-11-25T21:13:53">
		<streetAddress line="1">12115 VISIONARY WAY, SUITE 174</streetAddress>
		<streetAddress line="2"></streetAddress>
		<streetAddress line="3"></streetAddress>
		<city>FISHERS</city>
		<state-region>IN</state-region>
		<postalCode>46038</postalCode>
		<country code="USA">United States</country>
		<contactName></contactName>
		<contactTitle></contactTitle>
		<phone>
			<phone type="mainphone">
				<countryPhoneCode>1</countryPhoneCode>
				<city-areacode>317</city-areacode>
				<number>8559926</number>
			</phone>
			<phone type="mainfax">
				<countryPhoneCode>1</countryPhoneCode>
				<city-areacode>606</city-areacode>
				<number>3930190</number>
			</phone>
		</phone>
	</contactInfo>
	<webLinks lastUpdated="2019-05-30T23:00:01"><webSite mainCategory="Home Page">http://www.americanresourcescorp.com/</webSite><eMail mainCategory="Company Contact/E-mail">
		</eMail></webLinks>
	<peerInfo lastUpdated="2020-11-25T21:13:53">
		<IndustryInfo>
			<Industry type="TRBC" order="1" reported="0" code="5010303010" mnem="">Oil &amp; Gas Transportation Services - NEC</Industry>
			<Industry type="NAICS" order="1" reported="0" code="325192" mnem="">Cyclic Crude &amp; Intermediate Mfg</Industry>
			<Industry type="SIC" order="1" reported="0" code="2865" mnem="">Cyclic Crudes And Intermediates</Industry>
		</IndustryInfo>
	</peerInfo>
	<officers>
		<officer rank="1" since="02/07/2017">
			<firstName>Mark</firstName>
			<mI>C.</mI>
			<lastName>Jensen</lastName>
			<age>40 </age>
			<title startYear="2017" startMonth="02" startDay="07" iD1="CHM" abbr1="Chmn." iD2="CEO" abbr2="CEO">Chairman of the Board, Chief Executive Officer</title>
		</officer>
		<officer rank="2" since="02/07/2017">
			<firstName>Thomas</firstName>
			<mI>M.</mI>
			<lastName>Sauve</lastName>
			<age>41 </age>
			<title startYear="2017" startMonth="02" startDay="07" iD1="PRE" abbr1="Pres." iD2="DRC" abbr2="Dir.">President, Director</title>
		</officer>
		<officer rank="3" since="02/07/2017">
			<firstName>Kirk</firstName>
			<mI>Patrick</mI>
			<lastName>Taylor</lastName>
			<age>41 </age>
			<title startYear="2017" startMonth="02" startDay="07" iD1="CFO" abbr1="CFO" iD2="" abbr2="">Chief Financial Officer</title>
		</officer>
		<officer rank="4" since="09/20/2018">
			<firstName>Tarlis</firstName>
			<mI>R.</mI>
			<lastName>Thompson</lastName>
			<age>36 </age>
			<title startYear="2018" startMonth="09" startDay="20" iD1="COO" abbr1="COO" iD2="" abbr2="">Chief Operating Officer</title>
		</officer>
	</officers>
	<Ratios PriceCurrency="USD" ReportingCurrency="USD" ExchangeRate="1.00000" LatestAvailableDate="2020-09-30">
		<Group ID="Price and Volume">
			<Ratio FieldName="NPRICE" Type="N">4.68000</Ratio>
			<Ratio FieldName="NHIG" Type="N">5.16000</Ratio>
			<Ratio FieldName="NLOW" Type="N">0.36400</Ratio>
			<Ratio FieldName="PDATE" Type="D">2021-02-04T00:00:00</Ratio>
			<Ratio FieldName="VOL10DAVG" Type="N">16.31769</Ratio>
			<Ratio FieldName="EV" Type="N">199.98095</Ratio>
		</Group>
		<Group ID="Income Statement">
			<Ratio FieldName="MKTCAP" Type="N">166.61930</Ratio>
			<Ratio FieldName="TTMREV" Type="N">7.33985</Ratio>
			<Ratio FieldName="TTMEBITD" Type="N">-17.22727</Ratio>
			<Ratio FieldName="TTMNIAC" Type="N">-41.87669</Ratio>
		</Group>
		<Group ID="Per share data">
			<Ratio FieldName="TTMEPSXCLX" Type="N">-1.53315</Ratio>
			<Ratio FieldName="TTMREVPS" Type="N">0.27138</Ratio>
			<Ratio FieldName="QBVPS" Type="N">-1.18227</Ratio>
			<Ratio FieldName="QCSHPS" Type="N">0.02655</Ratio>
			<Ratio FieldName="TTMCFSHR" Type="N">-1.38519</Ratio>
			<Ratio FieldName="TTMDIVSHR" Type="N">0.00000</Ratio>
		</Group>
		<Group ID="Other Ratios">
			<Ratio FieldName="TTMGROSMGN" Type="N">-107.59880</Ratio>
			<Ratio FieldName="TTMROEPCT" Type="N">-99999.99000</Ratio>
			<Ratio FieldName="TTMPR2REV" Type="N">22.70064</Ratio>
			<Ratio FieldName="PEEXCLXOR" Type="N">-99999.99000</Ratio>
			<Ratio FieldName="PRICE2BK" Type="N">-99999.99000</Ratio>
			<Ratio FieldName="Employees" Type="N">10</Ratio>
		</Group>
	</Ratios>
	<ForecastData ConsensusType="Mean" CurFiscalYear="2020" CurFiscalYearEndMonth="12" CurInterimEndCalYear="2020" CurInterimEndMonth="12" EarningsBasis="REP">
		<Ratio FieldName="ConsRecom" Type="N">
			<Value PeriodType="CURR">2.5</Value>
		</Ratio>
		<Ratio FieldName="TargetPrice" Type="N">
			<Value PeriodType="CURR">2.00000</Value>
		</Ratio>
		<Ratio FieldName="ProjLTGrowthRate" Type="N">
			<Value PeriodType="CURR">-99999.99000</Value>
		</Ratio>
		<Ratio FieldName="ProjPE" Type="N">
			<Value PeriodType="CURR">-19.10204</Value>
		</Ratio>
		<Ratio FieldName="ProjSales" Type="N">
			<Value PeriodType="CURR">8.30000</Value>
		</Ratio>
		<Ratio FieldName="ProjSalesQ" Type="N">
			<Value PeriodType="CURR">4.30000</Value>
		</Ratio>
		<Ratio FieldName="ProjEPS" Type="N">
			<Value PeriodType="CURR">-0.24500</Value>
		</Ratio>
		<Ratio FieldName="ProjEPSQ" Type="N">
			<Value PeriodType="CURR">-0.09000</Value>
		</Ratio>
		<Ratio FieldName="ProjProfit" Type="N">
			<Value PeriodType="CURR">-4.80000</Value>
		</Ratio>
		<Ratio FieldName="ProjDPS" Type="N">
			<Value PeriodType="CURR">-99999.99000</Value>
		</Ratio>
	</ForecastData>
</ReportSnapshot>
