<?xml version="1.0" encoding="UTF-8"?>
<ReportSnapshot Major="1" Minor="0" Revision="1">
	<CoIDs>
		<CoID Type="RepNo">0673A</CoID>
		<CoID Type="CompanyName">Ark Restaurants Corp</CoID>
		<CoID Type="IRSNo">133156768</CoID>
		<CoID Type="CIKNo">0000779544</CoID>
		<CoID Type="OrganizationPermID">4295905598</CoID>
	</CoIDs>
	<Issues>
		<Issue ID="1" Type="C" Desc="Common Stock" Order="1">
			<IssueID Type="Name">Ordinary Shares</IssueID>
			<IssueID Type="Ticker">ARKR</IssueID>
			<IssueID Type="RIC">ARKR.O</IssueID>
			<IssueID Type="DisplayRIC">ARKR.OQ</IssueID>
			<IssueID Type="InstrumentPI">260738</IssueID>
			<IssueID Type="QuotePI">7686101</IssueID>
			<IssueID Type="InstrumentPermID">8590940547</IssueID>
			<IssueID Type="QuotePermID">55835316244</IssueID>
			<Exchange Code="NASD" Country="USA">NASDAQ</Exchange>
			<GlobalListingType>OSR</GlobalListingType>
		</Issue>
	</Issues>
	<CoGeneralInfo>
		<CoStatus Code="1">Active</CoStatus>
		<CoType Code="EQU">Equity Issue</CoType>
		<LastModified>2020-12-25</LastModified>
		<LatestAvailableAnnual>2020-10-03</LatestAvailableAnnual>
		<LatestAvailableInterim>2020-10-03</LatestAvailableInterim>
		<Employees LastUpdated="2020-10-03">786</Employees>
		<SharesOut Date="2021-01-25" TotalFloat="1830133.0">3521907.0</SharesOut>
		<ReportingCurrency Code="USD">U.S. Dollars</ReportingCurrency>
		<MostRecentExchange Date="2021-02-03">1.0</MostRecentExchange>
	</CoGeneralInfo>
	<TextInfo>
		<Text Type="Business Summary" lastModified="2019-04-09T01:20:54">Ark Restaurants Corp. owns and operates restaurants, bars, fast food concepts and catering operations. The Company owned and/or operated 20 restaurants and bars, 19 fast food concepts and catering operations. As of September 29, 2018, five of its restaurant and bar facilities are located in New York City; two are located in Washington, D.C.,; five are located in Las Vegas, Nevada, three are located in Atlantic City, New Jersey,; one is located in the Faneuil Hall Marketplace in Boston, Massachusetts, and two are located on the east coast of Florida and two are located on the gulf coast of Alabama.</Text>
		<Text Type="Financial Summary" lastModified="2020-12-25T15:16:21">BRIEF: For the fiscal year ended 03 October 2020, ArkRestaurants Corp revenues decreased 34% to $106.5M. Netloss totaled $4.7M vs. income of $2.7M. Revenues reflectFood and beverage sales decrease of 35% to $104.1M, Otherrevenue decrease of 25% to $2.4M. Net loss reflectsAmortization of deferred financing costs increase of 46% to$51K (expense). Dividend per share decreased from $1.00 to$0.50.</Text>
	</TextInfo>
	<contactInfo lastUpdated="2020-12-25T15:16:53">
		<streetAddress line="1">85 5th Ave Fl 14</streetAddress>
		<streetAddress line="2"></streetAddress>
		<streetAddress line="3"></streetAddress>
		<city>NEW YORK</city>
		<state-region>NY</state-region>
		<postalCode>10003-3019</postalCode>
		<country code="USA">United States</country>
		<contactName></contactName>
		<contactTitle></contactTitle>
		<phone>
			<phone type="mainphone">
				<countryPhoneCode>1</countryPhoneCode>
				<city-areacode>212</city-areacode>
				<number>2068800</number>
			</phone>
			<phone type="mainfax">
				<countryPhoneCode>1</countryPhoneCode>
				<city-areacode>212</city-areacode>
				<number>2068814</number>
			</phone>
		</phone>
	</contactInfo>
	<webLinks lastUpdated="2016-05-25T11:30:36"><webSite mainCategory="Home Page">http://www.arkrestaurants.com/</webSite><eMail mainCategory="Company Contact/E-mail">info@arkrestaurants.com</eMail></webLinks>
	<peerInfo lastUpdated="2020-12-25T15:16:53">
		<IndustryInfo>
			<Industry type="TRBC" order="1" reported="0" code="5330102010" mnem="">Restaurants &amp; Bars - NEC</Industry>
			<Industry type="NAICS" order="1" reported="0" code="722110" mnem="">Full-Service Restaurants</Industry>
			<Industry type="NAICS" order="2" reported="0" code="722410" mnem="">Drinking Places (Alcoholic Beverages)</Industry>
			<Industry type="NAICS" order="3" reported="0" code="722211" mnem="">Limited-Service Restaurants</Industry>
			<Industry type="SIC" order="0" reported="1" code="5812" mnem="">Eating Places</Industry>
			<Industry type="SIC" order="1" reported="0" code="5812" mnem="">Eating Places</Industry>
			<Industry type="SIC" order="2" reported="0" code="5813" mnem="">Drinking Places</Industry>
		</IndustryInfo>
	</peerInfo>
	<officers>
		<officer rank="1" since="01/1983">
			<firstName>Michael</firstName>
			<mI>Lawrence</mI>
			<lastName>Weinstein</lastName>
			<age>76 </age>
			<title startYear="2007" startMonth="09" startDay="17" iD1="CHM" abbr1="Chmn." iD2="CEO" abbr2="CEO">Chairman of the Board, Chief Executive Officer</title>
		</officer>
		<officer rank="2" since="09/04/2018">
			<firstName>Anthony</firstName>
			<mI>J.</mI>
			<lastName>Sirica</lastName>
			<age>56 </age>
			<title startYear="2018" startMonth="09" startDay="04" iD1="CFO" abbr1="CFO" iD2="DRC" abbr2="Dir.">Chief Financial Officer, Director</title>
		</officer>
		<officer rank="3" since="10/1985">
			<firstName>Vincent</firstName>
			<mI></mI>
			<lastName>Pascal</lastName>
			<age>76 </age>
			<title startYear="2011" startMonth="" startDay="" iD1="COO" abbr1="COO" iD2="SVP" abbr2="Sr. VP">Chief Operating Officer, Senior Vice President, Director</title>
		</officer>
		<officer rank="4" since="1996">
			<firstName>Paul</firstName>
			<mI>E.</mI>
			<lastName>Gordon</lastName>
			<age>64 </age>
			<title startYear="2001" startMonth="04" startDay="" iD1="SVP" abbr1="Sr. VP" iD2="DRC" abbr2="Dir.">Senior Vice President, Director</title>
		</officer>
	</officers>
	<Ratios PriceCurrency="USD" ReportingCurrency="USD" ExchangeRate="1.00000" LatestAvailableDate="2020-10-03">
		<Group ID="Price and Volume">
			<Ratio FieldName="NPRICE" Type="N">18.99000</Ratio>
			<Ratio FieldName="NHIG" Type="N">23.60000</Ratio>
			<Ratio FieldName="NLOW" Type="N">7.19000</Ratio>
			<Ratio FieldName="PDATE" Type="D">2021-02-04T00:00:00</Ratio>
			<Ratio FieldName="VOL10DAVG" Type="N">0.04013</Ratio>
			<Ratio FieldName="EV" Type="N">95.06401</Ratio>
		</Group>
		<Group ID="Income Statement">
			<Ratio FieldName="MKTCAP" Type="N">66.88101</Ratio>
			<Ratio FieldName="TTMREV" Type="N">106.48900</Ratio>
			<Ratio FieldName="TTMEBITD" Type="N">-3.37500</Ratio>
			<Ratio FieldName="TTMNIAC" Type="N">-4.68800</Ratio>
		</Group>
		<Group ID="Per share data">
			<Ratio FieldName="TTMEPSXCLX" Type="N">-1.34402</Ratio>
			<Ratio FieldName="TTMREVPS" Type="N">30.33227</Ratio>
			<Ratio FieldName="QBVPS" Type="N">10.43033</Ratio>
			<Ratio FieldName="QCSHPS" Type="N">4.82182</Ratio>
			<Ratio FieldName="TTMCFSHR" Type="N">-0.15979</Ratio>
			<Ratio FieldName="TTMDIVSHR" Type="N">0.50000</Ratio>
		</Group>
		<Group ID="Other Ratios">
			<Ratio FieldName="TTMGROSMGN" Type="N">73.15967</Ratio>
			<Ratio FieldName="TTMROEPCT" Type="N">-11.96056</Ratio>
			<Ratio FieldName="TTMPR2REV" Type="N">0.62806</Ratio>
			<Ratio FieldName="PEEXCLXOR" Type="N">-99999.99000</Ratio>
			<Ratio FieldName="PRICE2BK" Type="N">1.82065</Ratio>
			<Ratio FieldName="Employees" Type="N">786</Ratio>
		</Group>
	</Ratios>
	<ForecastData ConsensusType="" CurFiscalYear="" CurFiscalYearEndMonth="" CurInterimEndCalYear="" CurInterimEndMonth="" EarningsBasis="">
		<Ratio FieldName="ConsRecom" Type="N">
			<Value PeriodType="CURR">-99999.99000</Value>
		</Ratio>
		<Ratio FieldName="TargetPrice" Type="N">
			<Value PeriodType="CURR">-99999.99000</Value>
		</Ratio>
		<Ratio FieldName="ProjLTGrowthRate" Type="N">
			<Value PeriodType="CURR">-99999.99000</Value>
		</Ratio>
		<Ratio FieldName="ProjPE" Type="N">
			<Value PeriodType="CURR">-99999.99000</Value>
		</Ratio>
		<Ratio FieldName="ProjSales" Type="N">
			<Value PeriodType="CURR">-99999.99000</Value>
		</Ratio>
		<Ratio FieldName="ProjSalesQ" Type="N">
			<Value PeriodType="CURR">-99999.99000</Value>
		</Ratio>
		<Ratio FieldName="ProjEPS" Type="N">
			<Value PeriodType="CURR">-99999.99000</Value>
		</Ratio>
		<Ratio FieldName="ProjEPSQ" Type="N">
			<Value PeriodType="CURR">-99999.99000</Value>
		</Ratio>
		<Ratio FieldName="ProjProfit" Type="N">
			<Value PeriodType="CURR">-99999.99000</Value>
		</Ratio>
		<Ratio FieldName="ProjDPS" Type="N">
			<Value PeriodType="CURR">-99999.99000</Value>
		</Ratio>
	</ForecastData>
</ReportSnapshot>
