<?xml version="1.0" encoding="UTF-8"?>
<ReportSnapshot Major="1" Minor="0" Revision="1">
	<CoIDs>
		<CoID Type="RepNo">06455</CoID>
		<CoID Type="CompanyName">Arrow Financial Corporation</CoID>
		<CoID Type="IRSNo">222448962</CoID>
		<CoID Type="CIKNo">0000717538</CoID>
		<CoID Type="OrganizationPermID">4295905606</CoID>
	</CoIDs>
	<Issues>
		<Issue ID="1" Type="C" Desc="Common Stock" Order="1">
			<IssueID Type="Name">Ordinary Shares</IssueID>
			<IssueID Type="Ticker">AROW</IssueID>
			<IssueID Type="RIC">AROW.O</IssueID>
			<IssueID Type="DisplayRIC">AROW.OQ</IssueID>
			<IssueID Type="InstrumentPI">260776</IssueID>
			<IssueID Type="QuotePI">7686130</IssueID>
			<IssueID Type="InstrumentPermID">8590925846</IssueID>
			<IssueID Type="QuotePermID">55835315885</IssueID>
			<Exchange Code="NASD" Country="USA">NASDAQ</Exchange>
			<GlobalListingType>OSR</GlobalListingType>
			<MostRecentSplit Date="2020-09-16">1.03</MostRecentSplit>
		</Issue>
	</Issues>
	<CoGeneralInfo>
		<CoStatus Code="1">Active</CoStatus>
		<CoType Code="EQU">Equity Issue</CoType>
		<LastModified>2021-01-31</LastModified>
		<LatestAvailableAnnual>2020-12-31</LatestAvailableAnnual>
		<LatestAvailableInterim>2020-12-31</LatestAvailableInterim>
		<Employees LastUpdated="2019-12-31">520</Employees>
		<SharesOut Date="2020-12-31" TotalFloat="14992354.0">15515738.0</SharesOut>
		<ReportingCurrency Code="USD">U.S. Dollars</ReportingCurrency>
		<MostRecentExchange Date="2021-02-03">1.0</MostRecentExchange>
	</CoGeneralInfo>
	<TextInfo>
		<Text Type="Business Summary" lastModified="2017-04-11T01:53:24">Arrow Financial Corporation (Arrow) is a bank holding company. The Company's banking subsidiaries are Glens Falls National Bank and Trust Company (Glens Falls National) and Saratoga National Bank and Trust Company (Saratoga National). It operates in community banking industry segment. The Company's business consists primarily of the ownership, supervision and control of its two banks. It provides advisory and administrative services and coordinates the general policies and operation of the banks. The Company offers a range of commercial and consumer banking, and financial products. Its deposit base consists of deposits derived from the communities it serves. Through its banks' trust operations, the Company provides retirement planning, trust and estate administration services for individuals, and pension, profit-sharing and employee benefit plan administration for corporations.</Text>
		<Text Type="Financial Summary" lastModified="2021-01-31T21:55:19">BRIEF: For the fiscal year ended 31 December 2020, ArrowFinancial Corporation interest income increased 2% to$111.9M. Net interest income after loan loss provisionincreased 15% to $99.2M.  Net income increased 9% to$40.8M. Net interest income after loan loss provisionreflects Interest and Fees on Loans increase of 5% to$100.5M. Net income was partially offset by Salaries andEmployee Benefits increase of 10% to $42.1M (expense).</Text>
	</TextInfo>
	<contactInfo lastUpdated="2021-01-31T21:56:03">
		<streetAddress line="1">250 Glen St</streetAddress>
		<streetAddress line="2"></streetAddress>
		<streetAddress line="3"></streetAddress>
		<city>GLENS FALLS</city>
		<state-region>NY</state-region>
		<postalCode>12801-3505</postalCode>
		<country code="USA">United States</country>
		<contactName></contactName>
		<contactTitle></contactTitle>
		<phone>
			<phone type="mainphone">
				<countryPhoneCode>1</countryPhoneCode>
				<city-areacode>518</city-areacode>
				<number>4154299</number>
			</phone>
		</phone>
	</contactInfo>
	<webLinks lastUpdated="2019-12-02T11:01:52"><webSite mainCategory="Home Page">https://www.arrowfinancial.com/</webSite><eMail mainCategory="Company Contact/E-mail">
		</eMail></webLinks>
	<peerInfo lastUpdated="2021-01-31T21:56:03">
		<IndustryInfo>
			<Industry type="TRBC" order="1" reported="0" code="5510101010" mnem="">Banks - NEC</Industry>
			<Industry type="NAICS" order="1" reported="0" code="522110" mnem="">Commercial Banking</Industry>
			<Industry type="NAICS" order="2" reported="0" code="523930" mnem="">Investment Advice</Industry>
			<Industry type="NAICS" order="3" reported="0" code="551111" mnem="">Offices of Bank Holding Companies</Industry>
			<Industry type="SIC" order="0" reported="1" code="6021" mnem="">National Commercial Banks</Industry>
			<Industry type="SIC" order="1" reported="0" code="6029" mnem="">Commercial Banks, Nec</Industry>
			<Industry type="SIC" order="2" reported="0" code="6282" mnem="">Investment Advice</Industry>
			<Industry type="SIC" order="3" reported="0" code="6712" mnem="">Bank Holding Companies</Industry>
		</IndustryInfo>
	</peerInfo>
	<officers>
		<officer rank="1" since="1996">
			<firstName>Thomas</firstName>
			<mI>L.</mI>
			<lastName>Hoy</lastName>
			<age>71 </age>
			<title startYear="2018" startMonth="12" startDay="31" iD1="CHM" abbr1="Chmn." iD2="IND" abbr2="Ind. Dir.">Independent Chairman of the Board</title>
		</officer>
		<officer rank="2" since="05/01/2009">
			<firstName>Thomas</firstName>
			<mI>J.</mI>
			<lastName>Murphy</lastName>
			<age>61 </age>
			<title startYear="2013" startMonth="01" startDay="01" iD1="CEO" abbr1="CEO" iD2="PRE" abbr2="Pres.">President, Chief Executive Officer, Director</title>
		</officer>
		<officer rank="3" since="09/05/2017">
			<firstName>Edward</firstName>
			<mI>J.</mI>
			<lastName>Campanella</lastName>
			<age>52 </age>
			<title startYear="2017" startMonth="09" startDay="05" iD1="CFO" abbr1="CFO" iD2="SVP" abbr2="Sr. VP">Chief Financial Officer, Senior Vice President, Treasurer</title>
		</officer>
		<officer rank="4" since="02/01/2018">
			<firstName>Andrew</firstName>
			<mI>J.</mI>
			<lastName>Wise</lastName>
			<age>53 </age>
			<title startYear="2018" startMonth="02" startDay="01" iD1="COO" abbr1="COO" iD2="SVP" abbr2="Sr. VP">Chief Operating Officer, Senior Vice President</title>
		</officer>
		<officer rank="5" since="05/01/2009">
			<firstName>David</firstName>
			<mI>S.</mI>
			<lastName>DeMarco</lastName>
			<age>58 </age>
			<title startYear="2018" startMonth="02" startDay="06" iD1="SVP" abbr1="Sr. VP" iD2="" abbr2="">Senior Vice President and Chief Banking Officer</title>
		</officer>
		<officer rank="6" since="02/01/2015">
			<firstName>David</firstName>
			<mI>D.</mI>
			<lastName>Kaiser</lastName>
			<age>59 </age>
			<title startYear="2015" startMonth="02" startDay="01" iD1="SVP" abbr1="Sr. VP" iD2="" abbr2="">Senior Vice President, Chief Credit Officer</title>
		</officer>
	</officers>
	<Ratios PriceCurrency="USD" ReportingCurrency="USD" ExchangeRate="1.00000" LatestAvailableDate="2020-12-31">
		<Group ID="Price and Volume">
			<Ratio FieldName="NPRICE" Type="N">30.59000</Ratio>
			<Ratio FieldName="NHIG" Type="N">34.70875</Ratio>
			<Ratio FieldName="NLOW" Type="N">20.17962</Ratio>
			<Ratio FieldName="PDATE" Type="D">2021-02-04T00:00:00</Ratio>
			<Ratio FieldName="VOL10DAVG" Type="N">0.02506</Ratio>
			<Ratio FieldName="EV" Type="N">475.21340</Ratio>
		</Group>
		<Group ID="Income Statement">
			<Ratio FieldName="MKTCAP" Type="N">474.62640</Ratio>
			<Ratio FieldName="TTMREV" Type="N">111.89600</Ratio>
			<Ratio FieldName="TTMEBITD" Type="N">67.91200</Ratio>
			<Ratio FieldName="TTMNIAC" Type="N">40.82700</Ratio>
		</Group>
		<Group ID="Per share data">
			<Ratio FieldName="TTMEPSXCLX" Type="N">2.63687</Ratio>
			<Ratio FieldName="TTMREVPS" Type="N">8.51797</Ratio>
			<Ratio FieldName="QBVPS" Type="N">21.55179</Ratio>
			<Ratio FieldName="QCSHPS" Type="N">2.71440</Ratio>
			<Ratio FieldName="TTMCFSHR" Type="N">2.13182</Ratio>
			<Ratio FieldName="TTMDIVSHR" Type="N">1.01729</Ratio>
		</Group>
		<Group ID="Other Ratios">
			<Ratio FieldName="TTMGROSMGN" Type="N">-99999.99000</Ratio>
			<Ratio FieldName="TTMROEPCT" Type="N">12.83626</Ratio>
			<Ratio FieldName="TTMPR2REV" Type="N">3.59947</Ratio>
			<Ratio FieldName="PEEXCLXOR" Type="N">11.60088</Ratio>
			<Ratio FieldName="PRICE2BK" Type="N">1.41937</Ratio>
			<Ratio FieldName="Employees" Type="N">520</Ratio>
		</Group>
	</Ratios>
	<ForecastData ConsensusType="Mean" CurFiscalYear="2021" CurFiscalYearEndMonth="12" CurInterimEndCalYear="2021" CurInterimEndMonth="3" EarningsBasis="PRX">
		<Ratio FieldName="ConsRecom" Type="N">
			<Value PeriodType="CURR">3</Value>
		</Ratio>
		<Ratio FieldName="TargetPrice" Type="N">
			<Value PeriodType="CURR">30.00000</Value>
		</Ratio>
		<Ratio FieldName="ProjLTGrowthRate" Type="N">
			<Value PeriodType="CURR">-99999.99000</Value>
		</Ratio>
		<Ratio FieldName="ProjPE" Type="N">
			<Value PeriodType="CURR">10.80919</Value>
		</Ratio>
		<Ratio FieldName="ProjSales" Type="N">
			<Value PeriodType="CURR">128.86000</Value>
		</Ratio>
		<Ratio FieldName="ProjSalesQ" Type="N">
			<Value PeriodType="CURR">32.42000</Value>
		</Ratio>
		<Ratio FieldName="ProjEPS" Type="N">
			<Value PeriodType="CURR">2.83000</Value>
		</Ratio>
		<Ratio FieldName="ProjEPSQ" Type="N">
			<Value PeriodType="CURR">0.70000</Value>
		</Ratio>
		<Ratio FieldName="ProjProfit" Type="N">
			<Value PeriodType="CURR">43.90000</Value>
		</Ratio>
		<Ratio FieldName="ProjDPS" Type="N">
			<Value PeriodType="CURR">1.04850</Value>
		</Ratio>
	</ForecastData>
</ReportSnapshot>
