<?xml version="1.0" encoding="UTF-8"?>
<ReportSnapshot Major="1" Minor="0" Revision="1">
	<CoIDs>
		<CoID Type="RepNo">011C1</CoID>
		<CoID Type="CompanyName">Aerpio Pharmaceuticals Inc</CoID>
		<CoID Type="IRSNo">611547850</CoID>
		<CoID Type="CIKNo">0001422142</CoID>
		<CoID Type="OrganizationPermID">5055374136</CoID>
	</CoIDs>
	<Issues>
		<Issue ID="1" Type="C" Desc="Common Stock" Order="1">
			<IssueID Type="Name">Ordinary Shares</IssueID>
			<IssueID Type="Ticker">ARPO</IssueID>
			<IssueID Type="RIC">ARPO.O</IssueID>
			<IssueID Type="DisplayRIC">ARPO.OQ</IssueID>
			<IssueID Type="InstrumentPI">258012451</IssueID>
			<IssueID Type="QuotePI">312749252</IssueID>
			<IssueID Type="InstrumentPermID">21611487537</IssueID>
			<IssueID Type="QuotePermID">25727401070</IssueID>
			<Exchange Code="NASD" Country="USA">NASDAQ</Exchange>
			<GlobalListingType>OSR</GlobalListingType>
		</Issue>
	</Issues>
	<CoGeneralInfo>
		<CoStatus Code="1">Active</CoStatus>
		<CoType Code="EQU">Equity Issue</CoType>
		<LastModified>2021-01-22</LastModified>
		<LatestAvailableAnnual>2019-12-31</LatestAvailableAnnual>
		<LatestAvailableInterim>2020-09-30</LatestAvailableInterim>
		<Employees LastUpdated="2019-12-31">12</Employees>
		<SharesOut Date="2020-11-06" TotalFloat="39487232.0">47111659.0</SharesOut>
		<ReportingCurrency Code="USD">U.S. Dollars</ReportingCurrency>
		<MostRecentExchange Date="2021-02-03">1.0</MostRecentExchange>
	</CoGeneralInfo>
	<TextInfo>
		<Text Type="Business Summary" lastModified="2020-06-01T14:17:30">Aerpio Pharmaceuticals, Inc. is a biopharmaceutical company. The Company is focused on developing compounds that activate Tie2 to treat ocular diseases and diabetic complications. Its lead product candidate is AKB-9778. AKB-9778 works by inhibiting VE-PTP, an enzyme that is upregulated in diabetic eye disease and that is responsible for inactivating Tie2. The Company is also developing a bispecific antibody that binds both VEGF and VE-PTP, which is designed to inhibit VEGF activation and activate Tie2. The Companys pipeline includes the humanized monoclonal antibody, ARP-1536, directed at the same target as subcutaneous AKB-9778. </Text>
		<Text Type="Financial Summary" lastModified="2021-01-22T01:39:36">BRIEF: For the nine months ended 30 September 2020, AerpioPharmaceuticals Inc revenues increased from $0K to $15M.Net income totaled $402K vs. loss of $18.8M. Revenuesreflect an increase in demand for the Company's productsand services due to favorable market conditions. Net Incomereflects Research &amp; Development - Balancing value decreaseof 14% to $8.9M (expense), Stock-Based Compensationdecrease of 65% to $521K (expense).</Text>
	</TextInfo>
	<contactInfo lastUpdated="2021-01-22T01:40:01">
		<streetAddress line="1">9987 Carver Rd</streetAddress>
		<streetAddress line="2"></streetAddress>
		<streetAddress line="3"></streetAddress>
		<city>BLUE ASH</city>
		<state-region>OH</state-region>
		<postalCode>45242-5550</postalCode>
		<country code="USA">United States</country>
		<contactName></contactName>
		<contactTitle></contactTitle>
		<phone>
			<phone type="mainphone">
				<countryPhoneCode>1</countryPhoneCode>
				<city-areacode>513</city-areacode>
				<number>9851920</number>
			</phone>
			<phone type="mainfax">
				<countryPhoneCode>1</countryPhoneCode>
				<city-areacode>302</city-areacode>
				<number>6555049</number>
			</phone>
		</phone>
	</contactInfo>
	<webLinks lastUpdated="2019-10-27T21:30:29"><webSite mainCategory="Home Page">https://aerpio.com/</webSite><eMail mainCategory="Company Contact/E-mail">
		</eMail></webLinks>
	<peerInfo lastUpdated="2021-01-22T01:40:01">
		<IndustryInfo>
			<Industry type="TRBC" order="1" reported="0" code="5620201011" mnem="">Bio Therapeutic Drugs</Industry>
			<Industry type="NAICS" order="1" reported="0" code="541711" mnem="">Research and Development in Biotechnology</Industry>
			<Industry type="NAICS" order="2" reported="0" code="325412" mnem="">Pharmaceutical Preparation Mfg</Industry>
			<Industry type="SIC" order="1" reported="0" code="8731" mnem="">Commercial Physical Research</Industry>
			<Industry type="SIC" order="2" reported="0" code="2834" mnem="">Pharmaceutical Preparations</Industry>
		</IndustryInfo>
	</peerInfo>
	<officers></officers>
	<Ratios PriceCurrency="USD" ReportingCurrency="USD" ExchangeRate="1.00000" LatestAvailableDate="2020-09-30">
		<Group ID="Price and Volume">
			<Ratio FieldName="NPRICE" Type="N">1.63000</Ratio>
			<Ratio FieldName="NHIG" Type="N">2.31000</Ratio>
			<Ratio FieldName="NLOW" Type="N">0.42000</Ratio>
			<Ratio FieldName="PDATE" Type="D">2021-02-04T00:00:00</Ratio>
			<Ratio FieldName="VOL10DAVG" Type="N">2.70918</Ratio>
			<Ratio FieldName="EV" Type="N">29.51001</Ratio>
		</Group>
		<Group ID="Income Statement">
			<Ratio FieldName="MKTCAP" Type="N">76.79200</Ratio>
			<Ratio FieldName="TTMREV" Type="N">15.00000</Ratio>
			<Ratio FieldName="TTMEBITD" Type="N">-4.32174</Ratio>
			<Ratio FieldName="TTMNIAC" Type="N">-4.04379</Ratio>
		</Group>
		<Group ID="Per share data">
			<Ratio FieldName="TTMEPSXCLX" Type="N">-0.09691</Ratio>
			<Ratio FieldName="TTMREVPS" Type="N">0.36536</Ratio>
			<Ratio FieldName="QBVPS" Type="N">1.00439</Ratio>
			<Ratio FieldName="QCSHPS" Type="N">1.00362</Ratio>
			<Ratio FieldName="TTMCFSHR" Type="N">-0.09682</Ratio>
			<Ratio FieldName="TTMDIVSHR" Type="N">0.00000</Ratio>
		</Group>
		<Group ID="Other Ratios">
			<Ratio FieldName="TTMGROSMGN" Type="N">-99999.99000</Ratio>
			<Ratio FieldName="TTMROEPCT" Type="N">-9.08381</Ratio>
			<Ratio FieldName="TTMPR2REV" Type="N">5.11947</Ratio>
			<Ratio FieldName="PEEXCLXOR" Type="N">-99999.99000</Ratio>
			<Ratio FieldName="PRICE2BK" Type="N">1.62288</Ratio>
			<Ratio FieldName="Employees" Type="N">12</Ratio>
		</Group>
	</Ratios>
	<ForecastData ConsensusType="Mean" CurFiscalYear="2020" CurFiscalYearEndMonth="12" CurInterimEndCalYear="2020" CurInterimEndMonth="12" EarningsBasis="REP">
		<Ratio FieldName="ConsRecom" Type="N">
			<Value PeriodType="CURR">2</Value>
		</Ratio>
		<Ratio FieldName="TargetPrice" Type="N">
			<Value PeriodType="CURR">2.00000</Value>
		</Ratio>
		<Ratio FieldName="ProjLTGrowthRate" Type="N">
			<Value PeriodType="CURR">-99999.99000</Value>
		</Ratio>
		<Ratio FieldName="ProjPE" Type="N">
			<Value PeriodType="CURR">-11.64286</Value>
		</Ratio>
		<Ratio FieldName="ProjSales" Type="N">
			<Value PeriodType="CURR">15.00000</Value>
		</Ratio>
		<Ratio FieldName="ProjSalesQ" Type="N">
			<Value PeriodType="CURR">0.00000</Value>
		</Ratio>
		<Ratio FieldName="ProjEPS" Type="N">
			<Value PeriodType="CURR">-0.14000</Value>
		</Ratio>
		<Ratio FieldName="ProjEPSQ" Type="N">
			<Value PeriodType="CURR">-0.13500</Value>
		</Ratio>
		<Ratio FieldName="ProjProfit" Type="N">
			<Value PeriodType="CURR">-5.91850</Value>
		</Ratio>
		<Ratio FieldName="ProjDPS" Type="N">
			<Value PeriodType="CURR">-99999.99000</Value>
		</Ratio>
	</ForecastData>
</ReportSnapshot>
