<?xml version="1.0" encoding="UTF-8"?>
<ReportSnapshot Major="1" Minor="0" Revision="1">
	<CoIDs>
		<CoID Type="RepNo">0AB0C</CoID>
		<CoID Type="CompanyName">Arcutis Biotherapeutics Inc</CoID>
		<CoID Type="IRSNo">812974255</CoID>
		<CoID Type="CIKNo">0001787306</CoID>
		<CoID Type="OrganizationPermID">5071515336</CoID>
	</CoIDs>
	<Issues>
		<Issue ID="1" Type="C" Desc="Common Stock" Order="1">
			<IssueID Type="Name">Ordinary Shares</IssueID>
			<IssueID Type="Ticker">ARQT</IssueID>
			<IssueID Type="RIC">ARQT.O</IssueID>
			<IssueID Type="DisplayRIC">ARQT.OQ</IssueID>
			<IssueID Type="InstrumentPI">408570052</IssueID>
			<IssueID Type="QuotePI">409071414</IssueID>
			<IssueID Type="InstrumentPermID">21729128330</IssueID>
			<IssueID Type="QuotePermID">25727356296</IssueID>
			<Exchange Code="NASD" Country="USA">NASDAQ</Exchange>
			<GlobalListingType>OSR</GlobalListingType>
		</Issue>
	</Issues>
	<CoGeneralInfo>
		<CoStatus Code="1">Active</CoStatus>
		<CoType Code="EQU">Equity Issue</CoType>
		<LastModified>2020-11-25</LastModified>
		<LatestAvailableAnnual>2019-12-31</LatestAvailableAnnual>
		<LatestAvailableInterim>2020-09-30</LatestAvailableInterim>
		<Employees LastUpdated="2019-12-31">29</Employees>
		<SharesOut Date="2020-10-31" TotalFloat="41145826.0">43634480.0</SharesOut>
		<ReportingCurrency Code="USD">U.S. Dollars</ReportingCurrency>
		<MostRecentExchange Date="2021-02-04">1.0</MostRecentExchange>
	</CoGeneralInfo>
	<TextInfo>
		<Text Type="Business Summary" lastModified="2020-01-13T00:01:04">Arcutis Biotherapeutics Inc. is a late-stage biopharmaceutical company focused on developing and commercializing treatments for dermatological diseases. Its portfolio is comprised of topical treatments with potential to address immune-mediated dermatological diseases and conditions, or immuno-dermatology. Its strategy is to identify and develop treatments against validated biological targets in dermatology that deliver a differentiated clinical profile that addresses major shortcomings of existing therapies in targeted indications. Its products pipelines include ARQ-151, ARQ-154, ARQ-252 and ARQ-255. </Text>
		<Text Type="Financial Summary" lastModified="2020-11-25T16:46:04">BRIEF: For the nine months ended 30 September 2020, ArcutisBiotherapeutics Inc revenues was not reported. Net lossincreased from $29.4M to $101.6M. Higher net loss reflectsResearch and development - Balancing val increase from$25.6M to $85.7M (expense), General and administrative -Balancing increase from $4.2M to $11.6M (expense),Stock-based Compensation in SGA increase from $223K to$3.1M (expense).</Text>
	</TextInfo>
	<contactInfo lastUpdated="2021-02-01T17:20:52">
		<streetAddress line="1">2945 Townsgate Road, Suite 110</streetAddress>
		<streetAddress line="2"></streetAddress>
		<streetAddress line="3"></streetAddress>
		<city>WESTLAKE VILLAGE</city>
		<state-region>CA</state-region>
		<postalCode>91361</postalCode>
		<country code="USA">United States</country>
		<contactName>Heather Armstrong</contactName>
		<contactTitle>Vice President of Investor Relations and Corporate Communications</contactTitle>
		<phone>
			<phone type="mainphone">
				<countryPhoneCode>1</countryPhoneCode>
				<city-areacode>805</city-areacode>
				<number>4185006</number>
			</phone>
			<phone type="mainfax">
				<countryPhoneCode>1</countryPhoneCode>
				<city-areacode>302</city-areacode>
				<number>5313150</number>
			</phone>
			<phone type="contactphone">
				<countryPhoneCode>1</countryPhoneCode>
				<city-areacode>805</city-areacode>
				<number>4185006</number>
			</phone>
		</phone>
	</contactInfo>
	<webLinks lastUpdated="2020-02-07T15:30:02"><webSite mainCategory="Home Page">https://arcutis.com/</webSite><eMail mainCategory="Company Contact/E-mail">harmstrong@arcutis.com</eMail></webLinks>
	<peerInfo lastUpdated="2021-02-01T17:20:52">
		<IndustryInfo>
			<Industry type="TRBC" order="1" reported="0" code="5620201011" mnem="">Bio Therapeutic Drugs</Industry>
			<Industry type="NAICS" order="1" reported="0" code="541711" mnem="">Research and Development in Biotechnology</Industry>
			<Industry type="SIC" order="1" reported="0" code="8731" mnem="">Commercial Physical Research</Industry>
		</IndustryInfo>
	</peerInfo>
	<officers>
		<officer rank="1" since="12/2019">
			<firstName>Patrick</firstName>
			<mI>J.</mI>
			<lastName>Heron</lastName>
			<age>49 </age>
			<title startYear="2019" startMonth="12" startDay="" iD1="CHM" abbr1="Chmn." iD2="IND" abbr2="Ind. Dir.">Independent Chairman of the Board</title>
		</officer>
		<officer rank="2" since="2016">
			<firstName>Todd</firstName>
			<mI>Franklin</mI>
			<lastName>Watanabe</lastName>
			<age>52 </age>
			<title startYear="2017" startMonth="04" startDay="" iD1="PRE" abbr1="Pres." iD2="CEO" abbr2="CEO">President, Chief Executive Officer, Director</title>
		</officer>
		<officer rank="3" since="04/2017">
			<firstName>David</firstName>
			<mI>W.</mI>
			<lastName>Osborne</lastName>
			<age>59 </age>
			<title startYear="2017" startMonth="04" startDay="" iD1="CFD" abbr1="Co-Fndr." iD2="" abbr2="">Co-Founder, Chief Technical Officer</title>
		</officer>
		<officer rank="4" since="05/2019">
			<firstName>John</firstName>
			<mI>W.</mI>
			<lastName>Smither</lastName>
			<age>66 </age>
			<title startYear="2019" startMonth="05" startDay="" iD1="CFO" abbr1="CFO" iD2="" abbr2="">Chief Financial Officer</title>
		</officer>
		<officer rank="5" since="11/2019">
			<firstName>Patricia</firstName>
			<mI>A.</mI>
			<lastName>Turney</lastName>
			<age>53 </age>
			<title startYear="2019" startMonth="11" startDay="" iD1="SVP" abbr1="Sr. VP" iD2="" abbr2="">Senior Vice President - Manufacturing</title>
		</officer>
		<officer rank="6" since="05/2019">
			<firstName>Scott</firstName>
			<mI>L.</mI>
			<lastName>Burrows</lastName>
			<age>42 </age>
			<title startYear="2019" startMonth="05" startDay="" iD1="VFN" abbr1="VP-Fin." iD2="" abbr2="">Vice President - Finance</title>
		</officer>
		<officer rank="7" since="05/27/2020">
			<firstName>Jay</firstName>
			<mI></mI>
			<lastName>Ramsinghani</lastName>
			<age></age>
			<title startYear="2020" startMonth="05" startDay="27" iD1="VOP" abbr1="VP-Op." iD2="" abbr2="">Vice President of Commercial Strategy and Operations</title>
		</officer>
		<officer rank="8" since="03/23/2020">
			<firstName>Kimberly</firstName>
			<mI></mI>
			<lastName>Lathroum</lastName>
			<age></age>
			<title startYear="2020" startMonth="03" startDay="23" iD1="VPR" abbr1="VP" iD2="DMK" abbr2="Dir.-Mktg.">Vice President of Marketing</title>
		</officer>
		<officer rank="9" since="03/05/2020">
			<firstName>Heather</firstName>
			<mI>Rowe</mI>
			<lastName>Armstrong</lastName>
			<age></age>
			<title startYear="2020" startMonth="03" startDay="05" iD1="VPR" abbr1="VP" iD2="IRC" abbr2="IR-Contact">Vice President of Investor Relations and Corporate Communications</title>
		</officer>
		<officer rank="10" since="01/2019">
			<firstName>David</firstName>
			<mI></mI>
			<lastName>Berk</lastName>
			<age>41 </age>
			<title startYear="2019" startMonth="01" startDay="" iD1="VPR" abbr1="VP" iD2="" abbr2="">Vice President - Clinical Development</title>
		</officer>
	</officers>
	<Ratios PriceCurrency="USD" ReportingCurrency="USD" ExchangeRate="1.00000" LatestAvailableDate="2020-09-30">
		<Group ID="Price and Volume">
			<Ratio FieldName="NPRICE" Type="N">34.90000</Ratio>
			<Ratio FieldName="NHIG" Type="N">40.88000</Ratio>
			<Ratio FieldName="NLOW" Type="N">17.10000</Ratio>
			<Ratio FieldName="PDATE" Type="D">2021-02-04T00:00:00</Ratio>
			<Ratio FieldName="VOL10DAVG" Type="N">0.58145</Ratio>
			<Ratio FieldName="EV" Type="N">1333.13100</Ratio>
		</Group>
		<Group ID="Income Statement">
			<Ratio FieldName="MKTCAP" Type="N">1522.84300</Ratio>
			<Ratio FieldName="TTMREV" Type="N">0.00000</Ratio>
			<Ratio FieldName="TTMEBITD" Type="N">-115.46400</Ratio>
			<Ratio FieldName="TTMNIAC" Type="N">-114.19700</Ratio>
		</Group>
		<Group ID="Per share data">
			<Ratio FieldName="TTMEPSXCLX" Type="N">-3.45221</Ratio>
			<Ratio FieldName="TTMREVPS" Type="N">0.00000</Ratio>
			<Ratio FieldName="QBVPS" Type="N">4.57873</Ratio>
			<Ratio FieldName="QCSHPS" Type="N">5.01898</Ratio>
			<Ratio FieldName="TTMCFSHR" Type="N">-3.35007</Ratio>
			<Ratio FieldName="TTMDIVSHR" Type="N">0.00000</Ratio>
		</Group>
		<Group ID="Other Ratios">
			<Ratio FieldName="TTMGROSMGN" Type="N">-99999.99000</Ratio>
			<Ratio FieldName="TTMROEPCT" Type="N">-190.13660</Ratio>
			<Ratio FieldName="TTMPR2REV" Type="N">-99999.99000</Ratio>
			<Ratio FieldName="PEEXCLXOR" Type="N">-99999.99000</Ratio>
			<Ratio FieldName="PRICE2BK" Type="N">7.62220</Ratio>
			<Ratio FieldName="Employees" Type="N">29</Ratio>
		</Group>
	</Ratios>
	<ForecastData ConsensusType="Mean" CurFiscalYear="2020" CurFiscalYearEndMonth="12" CurInterimEndCalYear="2020" CurInterimEndMonth="12" EarningsBasis="PRX">
		<Ratio FieldName="ConsRecom" Type="N">
			<Value PeriodType="CURR">1.8333</Value>
		</Ratio>
		<Ratio FieldName="TargetPrice" Type="N">
			<Value PeriodType="CURR">43.50000</Value>
		</Ratio>
		<Ratio FieldName="ProjLTGrowthRate" Type="N">
			<Value PeriodType="CURR">22.9000</Value>
		</Ratio>
		<Ratio FieldName="ProjPE" Type="N">
			<Value PeriodType="CURR">-8.86687</Value>
		</Ratio>
		<Ratio FieldName="ProjSales" Type="N">
			<Value PeriodType="CURR">0.00000</Value>
		</Ratio>
		<Ratio FieldName="ProjSalesQ" Type="N">
			<Value PeriodType="CURR">0.00000</Value>
		</Ratio>
		<Ratio FieldName="ProjEPS" Type="N">
			<Value PeriodType="CURR">-3.93600</Value>
		</Ratio>
		<Ratio FieldName="ProjEPSQ" Type="N">
			<Value PeriodType="CURR">-0.88000</Value>
		</Ratio>
		<Ratio FieldName="ProjProfit" Type="N">
			<Value PeriodType="CURR">-138.54380</Value>
		</Ratio>
		<Ratio FieldName="ProjDPS" Type="N">
			<Value PeriodType="CURR">-99999.99000</Value>
		</Ratio>
	</ForecastData>
</ReportSnapshot>
