<?xml version="1.0" encoding="UTF-8"?>
<ReportSnapshot Major="1" Minor="0" Revision="1">
	<CoIDs>
		<CoID Type="RepNo">02FAD</CoID>
		<CoID Type="CompanyName">Arvinas Inc</CoID>
		<CoID Type="IRSNo">472566120</CoID>
		<CoID Type="CIKNo">0001655759</CoID>
		<CoID Type="OrganizationPermID">5046736907</CoID>
	</CoIDs>
	<Issues>
		<Issue ID="2" Type="C" Desc="Common Stock" Order="1">
			<IssueID Type="Name">Ordinary Shares</IssueID>
			<IssueID Type="Ticker">ARVN</IssueID>
			<IssueID Type="RIC">ARVN.O</IssueID>
			<IssueID Type="DisplayRIC">ARVN.OQ</IssueID>
			<IssueID Type="InstrumentPI">327358606</IssueID>
			<IssueID Type="QuotePI">323582452</IssueID>
			<IssueID Type="InstrumentPermID">25727395521</IssueID>
			<IssueID Type="QuotePermID">25727397062</IssueID>
			<Exchange Code="NASD" Country="USA">NASDAQ</Exchange>
			<GlobalListingType>OSR</GlobalListingType>
		</Issue>
	</Issues>
	<CoGeneralInfo>
		<CoStatus Code="1">Active</CoStatus>
		<CoType Code="EQU">Equity Issue</CoType>
		<LastModified>2020-12-21</LastModified>
		<LatestAvailableAnnual>2019-12-31</LatestAvailableAnnual>
		<LatestAvailableInterim>2020-09-30</LatestAvailableInterim>
		<Employees LastUpdated="2019-12-31">133</Employees>
		<SharesOut Date="2020-12-15" TotalFloat="41834081.0">47558667.0</SharesOut>
		<ReportingCurrency Code="USD">U.S. Dollars</ReportingCurrency>
		<MostRecentExchange Date="2021-02-03">1.0</MostRecentExchange>
	</CoGeneralInfo>
	<TextInfo>
		<Text Type="Business Summary" lastModified="2018-09-27T01:20:44">Arvinas, Inc., formerly Arvinas Holding Co LLC, is a development staged biopharmaceutical company. The Company is engaged in the development and commercialization of therapies to degrade disease-causing proteins. The Company uses its technology platform to engineer proteolysis targeting chimeras (PROTACs), which are designed to harness the bodys own natural protein disposal system to selectively and efficiently degrade and remove disease-causing proteins. The Company is using its PROTAC platform to build an pipeline of protein degradation product candidates to target diseases in a wide range of organ systems and tissues. It is also focused on advancing its lead product candidates, ARV-110 and ARV-471, into Phase 1 clinical trials. It seeks to initiate a Phase 1 clinical trial for ARV-110 in men with metastatic castration-resistant prostate cancer (mCRPC), and a Phase 1 clinical trial for ARV-471 in women with metastatic ER positive, HER2 negative breast cancer, or ER+ breast cancer.</Text>
		<Text Type="Financial Summary" lastModified="2020-12-21T01:56:59">BRIEF: For the nine months ended 30 September 2020, ArvinasInc revenues decreased 49% to $19.6M. Net loss increased58% to $77.8M. Revenues reflect a decrease in demand forthe Company's products and services due to unfavorablemarket conditions. Higher net loss reflects Research anddevelopment increase of 61% to $75.2M (expense), Generaland administrative increase of 30% to $26.1M (expense),Interest income decrease of 10% to $3.1M (income).</Text>
	</TextInfo>
	<contactInfo lastUpdated="2020-12-21T01:57:01">
		<streetAddress line="1">5 Science Park</streetAddress>
		<streetAddress line="2"></streetAddress>
		<streetAddress line="3"></streetAddress>
		<city>NEW HAVEN</city>
		<state-region>CT</state-region>
		<postalCode>06511-1966</postalCode>
		<country code="USA">United States</country>
		<contactName></contactName>
		<contactTitle></contactTitle>
		<phone>
			<phone type="mainphone">
				<countryPhoneCode>1</countryPhoneCode>
				<city-areacode>203</city-areacode>
				<number>5351456</number>
			</phone>
			<phone type="mainfax">
				<countryPhoneCode>1</countryPhoneCode>
				<city-areacode>302</city-areacode>
				<number>6365454</number>
			</phone>
		</phone>
	</contactInfo>
	<webLinks lastUpdated="2018-10-03T05:45:03"><webSite mainCategory="Home Page">http://arvinas.com/</webSite><eMail mainCategory="Company Contact/E-mail">ir@arvinas.com</eMail></webLinks>
	<peerInfo lastUpdated="2020-12-21T01:57:01">
		<IndustryInfo>
			<Industry type="TRBC" order="1" reported="0" code="5620201011" mnem="">Bio Therapeutic Drugs</Industry>
			<Industry type="NAICS" order="1" reported="0" code="541711" mnem="">Research and Development in Biotechnology</Industry>
			<Industry type="SIC" order="1" reported="0" code="8731" mnem="">Commercial Physical Research</Industry>
		</IndustryInfo>
	</peerInfo>
	<officers>
		<officer rank="1" since="07/2013">
			<firstName>Timothy</firstName>
			<mI></mI>
			<lastName>Shannon</lastName>
			<age>61 </age>
			<title startYear="2014" startMonth="12" startDay="" iD1="CHM" abbr1="Chmn." iD2="IND" abbr2="Ind. Dir.">Independent Chairman of the Board</title>
		</officer>
		<officer rank="2" since="09/2017">
			<firstName>John</firstName>
			<mI>G.</mI>
			<lastName>Houston</lastName>
			<age>60 </age>
			<title startYear="2017" startMonth="09" startDay="" iD1="PRE" abbr1="Pres." iD2="CEO" abbr2="CEO">President, Chief Executive Officer, Director</title>
		</officer>
		<officer rank="3" since="07/2013">
			<firstName>Sean</firstName>
			<mI>A.</mI>
			<lastName>Cassidy</lastName>
			<age>50 </age>
			<title startYear="2013" startMonth="07" startDay="" iD1="CFO" abbr1="CFO" iD2="" abbr2="">Chief Financial Officer</title>
		</officer>
		<officer rank="4" since="06/2016">
			<firstName>Ian</firstName>
			<mI></mI>
			<lastName>Taylor</lastName>
			<age>57 </age>
			<title startYear="2019" startMonth="03" startDay="" iD1="CSO" abbr1="CSO" iD2="" abbr2="">Chief Scientific Officer</title>
		</officer>
		<officer rank="5" since="07/29/2019">
			<firstName>Ronald</firstName>
			<mI></mI>
			<lastName>Peck</lastName>
			<age>54 </age>
			<title startYear="2019" startMonth="07" startDay="29" iD1="OTH" abbr1="Other" iD2="" abbr2="">Chief Medical Officer</title>
		</officer>
	</officers>
	<Ratios PriceCurrency="USD" ReportingCurrency="USD" ExchangeRate="1.00000" LatestAvailableDate="2020-09-30">
		<Group ID="Price and Volume">
			<Ratio FieldName="NPRICE" Type="N">81.87000</Ratio>
			<Ratio FieldName="NHIG" Type="N">92.77000</Ratio>
			<Ratio FieldName="NLOW" Type="N">19.68000</Ratio>
			<Ratio FieldName="PDATE" Type="D">2021-02-04T00:00:00</Ratio>
			<Ratio FieldName="VOL10DAVG" Type="N">0.54324</Ratio>
			<Ratio FieldName="EV" Type="N">3647.06410</Ratio>
		</Group>
		<Group ID="Income Statement">
			<Ratio FieldName="MKTCAP" Type="N">3893.62800</Ratio>
			<Ratio FieldName="TTMREV" Type="N">24.47736</Ratio>
			<Ratio FieldName="TTMEBITD" Type="N">-101.78330</Ratio>
			<Ratio FieldName="TTMNIAC" Type="N">-98.83330</Ratio>
		</Group>
		<Group ID="Per share data">
			<Ratio FieldName="TTMEPSXCLX" Type="N">-2.58751</Ratio>
			<Ratio FieldName="TTMREVPS" Type="N">0.64233</Ratio>
			<Ratio FieldName="QBVPS" Type="N">5.11572</Ratio>
			<Ratio FieldName="QCSHPS" Type="N">6.19922</Ratio>
			<Ratio FieldName="TTMCFSHR" Type="N">-2.52400</Ratio>
			<Ratio FieldName="TTMDIVSHR" Type="N">0.00000</Ratio>
		</Group>
		<Group ID="Other Ratios">
			<Ratio FieldName="TTMGROSMGN" Type="N">-99999.99000</Ratio>
			<Ratio FieldName="TTMROEPCT" Type="N">-58.26068</Ratio>
			<Ratio FieldName="TTMPR2REV" Type="N">159.07060</Ratio>
			<Ratio FieldName="PEEXCLXOR" Type="N">-99999.99000</Ratio>
			<Ratio FieldName="PRICE2BK" Type="N">16.00361</Ratio>
			<Ratio FieldName="Employees" Type="N">133</Ratio>
		</Group>
	</Ratios>
	<ForecastData ConsensusType="Mean" CurFiscalYear="2020" CurFiscalYearEndMonth="12" CurInterimEndCalYear="2020" CurInterimEndMonth="12" EarningsBasis="PRX">
		<Ratio FieldName="ConsRecom" Type="N">
			<Value PeriodType="CURR">1.6</Value>
		</Ratio>
		<Ratio FieldName="TargetPrice" Type="N">
			<Value PeriodType="CURR">61.50000</Value>
		</Ratio>
		<Ratio FieldName="ProjLTGrowthRate" Type="N">
			<Value PeriodType="CURR">-99999.99000</Value>
		</Ratio>
		<Ratio FieldName="ProjPE" Type="N">
			<Value PeriodType="CURR">-29.36830</Value>
		</Ratio>
		<Ratio FieldName="ProjSales" Type="N">
			<Value PeriodType="CURR">26.19240</Value>
		</Ratio>
		<Ratio FieldName="ProjSalesQ" Type="N">
			<Value PeriodType="CURR">6.91250</Value>
		</Ratio>
		<Ratio FieldName="ProjEPS" Type="N">
			<Value PeriodType="CURR">-2.78770</Value>
		</Ratio>
		<Ratio FieldName="ProjEPSQ" Type="N">
			<Value PeriodType="CURR">-0.78120</Value>
		</Ratio>
		<Ratio FieldName="ProjProfit" Type="N">
			<Value PeriodType="CURR">-97.11900</Value>
		</Ratio>
		<Ratio FieldName="ProjDPS" Type="N">
			<Value PeriodType="CURR">0.00000</Value>
		</Ratio>
	</ForecastData>
</ReportSnapshot>
