<?xml version="1.0" encoding="UTF-8"?>
<ReportSnapshot Major="1" Minor="0" Revision="1">
	<CoIDs>
		<CoID Type="RepNo">A0675</CoID>
		<CoID Type="CompanyName">Arrowhead Pharmaceuticals Inc</CoID>
		<CoID Type="IRSNo">460408024</CoID>
		<CoID Type="CIKNo">0000879407</CoID>
		<CoID Type="OrganizationPermID">4295913831</CoID>
	</CoIDs>
	<Issues>
		<Issue ID="1" Type="C" Desc="Common Stock" Order="1">
			<IssueID Type="Name">Ordinary Shares</IssueID>
			<IssueID Type="Ticker">ARWR</IssueID>
			<IssueID Type="RIC">ARWR.O</IssueID>
			<IssueID Type="DisplayRIC">ARWR.OQ</IssueID>
			<IssueID Type="InstrumentPI">328989</IssueID>
			<IssueID Type="QuotePI">17988518</IssueID>
			<IssueID Type="InstrumentPermID">8590921234</IssueID>
			<IssueID Type="QuotePermID">55835316066</IssueID>
			<Exchange Code="NASD" Country="USA">NASDAQ</Exchange>
			<GlobalListingType>OSR</GlobalListingType>
			<MostRecentSplit Date="2011-11-17">0.1</MostRecentSplit>
		</Issue>
		<Issue ID="2" Type="P" Desc="Preferred Stock" Order="1">
			<IssueID Type="Name">Preference Shares</IssueID>
			<IssueID Type="InstrumentPI">90190155</IssueID>
			<IssueID Type="InstrumentPermID">21475876021</IssueID>
			<Exchange Code="OTC" Country="USA">Over The Counter</Exchange>
		</Issue>
		<Issue ID="3" Type="P" Desc="Preferred Stock" Order="2">
			<IssueID Type="Name">Preference Shares</IssueID>
			<IssueID Type="InstrumentPI">90190156</IssueID>
			<IssueID Type="InstrumentPermID">21475876022</IssueID>
			<Exchange Code="OTC" Country="USA">Over The Counter</Exchange>
		</Issue>
		<Issue ID="4" Type="P" Desc="Preferred Stock" Order="3">
			<IssueID Type="Name">Preference Shares Series C</IssueID>
			<IssueID Type="InstrumentPI">181282451</IssueID>
			<IssueID Type="InstrumentPermID">21557258527</IssueID>
			<Exchange Code="NA" Country="">Not Available</Exchange>
		</Issue>
	</Issues>
	<CoGeneralInfo>
		<CoStatus Code="1">Active</CoStatus>
		<CoType Code="EQU">Equity Issue</CoType>
		<LastModified>2021-02-04</LastModified>
		<LatestAvailableAnnual>2020-09-30</LatestAvailableAnnual>
		<LatestAvailableInterim>2020-12-31</LatestAvailableInterim>
		<Employees LastUpdated="2020-09-30">98</Employees>
		<SharesOut Date="2021-01-25" TotalFloat="100463439.0">103789410.0</SharesOut>
		<ReportingCurrency Code="USD">U.S. Dollars</ReportingCurrency>
		<MostRecentExchange Date="2021-02-04">1.0</MostRecentExchange>
	</CoGeneralInfo>
	<TextInfo>
		<Text Type="Business Summary" lastModified="2017-01-01T22:31:05">Arrowhead Pharmaceuticals, Inc., formerly Arrowhead Research Corporation, develops medicines that treat intractable diseases by silencing the genes that cause them. Using a portfolio of ribonucleic acid (RNA) chemistries and modes of delivery, the Company's therapies trigger the RNA interference mechanism to induce knockdown of target genes. The Company is focused on developing drugs for diseases with a genetic basis, characterized by the overproduction of one or more proteins. The Company's preclinical pipeline of RNA interference (RNAi) therapeutics includes both subcutaneously administered liver-targeted candidates and extra-hepatic candidates. The Company's pre-clinical-stage drug candidates include ARO-HBV, ARO-AAT, ARO-LPA, ARO-AMG1, ARO-F12 and ARO-HIF2. ARO-HBV is an RNAi therapeutic candidate for the treatment of chronic hepatitis B infection. ARO-AAT is a therapeutic candidate for the treatment of liver disease associated with Alpha-1 Antitrypsin Deficiency.</Text>
		<Text Type="Financial Summary" lastModified="2020-11-24T09:58:06">BRIEF: For the fiscal year ended 30 September 2020,Arrowhead Pharmaceuticals Inc revenues decreased 48% to$88M. Net loss totaled $84.6M vs. income of $68M. Revenuesreflect a decrease in demand for the Company's products andservices due to unfavorable market conditions. Net lossreflects Other income (expense) increase from $0K to $583K(expense). Basic Earnings per Share excluding ExtraordinaryItems decreased from $0.72 to -$0.84.</Text>
	</TextInfo>
	<contactInfo lastUpdated="2021-02-04T22:42:45">
		<streetAddress line="1">177 E Colorado Blvd, Suite 700</streetAddress>
		<streetAddress line="2"></streetAddress>
		<streetAddress line="3"></streetAddress>
		<city>PASADENA</city>
		<state-region>CA</state-region>
		<postalCode>91105</postalCode>
		<country code="USA">United States</country>
		<contactName>Vincent Anzalone</contactName>
		<contactTitle>IR Contact Officer</contactTitle>
		<phone>
			<phone type="mainphone">
				<countryPhoneCode>1</countryPhoneCode>
				<city-areacode>626</city-areacode>
				<number>6964702</number>
			</phone>
			<phone type="mainfax">
				<countryPhoneCode>1</countryPhoneCode>
				<city-areacode>626</city-areacode>
				<number>3043401</number>
			</phone>
			<phone type="contactphone">
				<countryPhoneCode>1</countryPhoneCode>
				<city-areacode>626</city-areacode>
				<number>3043400</number>
			</phone>
		</phone>
	</contactInfo>
	<webLinks lastUpdated="2018-01-18T22:00:01"><webSite mainCategory="Home Page">http://arrowheadpharma.com/</webSite><eMail mainCategory="Company Contact/E-mail">ir@arrowheadpharma.com</eMail></webLinks>
	<peerInfo lastUpdated="2021-02-04T16:27:18">
		<IndustryInfo>
			<Industry type="TRBC" order="1" reported="0" code="5620201011" mnem="">Bio Therapeutic Drugs</Industry>
			<Industry type="NAICS" order="1" reported="0" code="325412" mnem="">Pharmaceutical Preparation Mfg</Industry>
			<Industry type="NAICS" order="2" reported="0" code="551112" mnem="">Offices of Other Holding Companies</Industry>
			<Industry type="SIC" order="0" reported="1" code="8731" mnem="">Commercial Physical Research</Industry>
			<Industry type="SIC" order="1" reported="0" code="2834" mnem="">Pharmaceutical Preparations</Industry>
			<Industry type="SIC" order="2" reported="0" code="6719" mnem="">Holding Companies, Nec</Industry>
		</IndustryInfo>
		<Indexconstituet>S&amp;P 400 Mid Cap</Indexconstituet>
	</peerInfo>
	<officers>
		<officer rank="1" since="2013">
			<firstName>Douglass</firstName>
			<mI>Bruce</mI>
			<lastName>Given</lastName>
			<age>67 </age>
			<title startYear="2013" startMonth="" startDay="" iD1="CHM" abbr1="Chmn." iD2="DRC" abbr2="Dir.">Chairman of the Board</title>
		</officer>
		<officer rank="2" since="12/01/2007">
			<firstName>Christopher</firstName>
			<mI>Richard</mI>
			<lastName>Anzalone</lastName>
			<age>50 </age>
			<title startYear="2007" startMonth="12" startDay="01" iD1="CEO" abbr1="CEO" iD2="PRE" abbr2="Pres.">President, Chief Executive Officer, Director</title>
		</officer>
		<officer rank="3" since="02/01/2010">
			<firstName>Kenneth</firstName>
			<mI>Allen</mI>
			<lastName>Myszkowski</lastName>
			<age>53 </age>
			<title startYear="2010" startMonth="02" startDay="01" iD1="CFO" abbr1="CFO" iD2="" abbr2="">Chief Financial Officer</title>
		</officer>
		<officer rank="4" since="11/18/2019">
			<firstName>Curt</firstName>
			<mI>W.</mI>
			<lastName>Bradshaw</lastName>
			<age>55 </age>
			<title startYear="2019" startMonth="11" startDay="18" iD1="CSO" abbr1="CSO" iD2="" abbr2="">Chief Scientific Officer</title>
		</officer>
		<officer rank="5" since="02/20/2015">
			<firstName>Patrick</firstName>
			<mI>C.</mI>
			<lastName>O'Brien</lastName>
			<age>56 </age>
			<title startYear="2015" startMonth="02" startDay="20" iD1="GCN" abbr1="Counsel" iD2="" abbr2="">General Counsel</title>
		</officer>
		<officer rank="6" since="01/06/2020">
			<firstName>James</firstName>
			<mI></mI>
			<lastName>Hassard</lastName>
			<age></age>
			<title startYear="2020" startMonth="01" startDay="06" iD1="OTH" abbr1="Other" iD2="" abbr2="">Chief Commercial Officer</title>
		</officer>
		<officer rank="7" since="11/18/2019">
			<firstName>Javier</firstName>
			<mI></mI>
			<lastName>San Martin</lastName>
			<age>50 </age>
			<title startYear="2019" startMonth="11" startDay="18" iD1="OTH" abbr1="Other" iD2="" abbr2="">Chief Medical Officer</title>
		</officer>
	</officers>
	<Ratios PriceCurrency="USD" ReportingCurrency="USD" ExchangeRate="1.00000" LatestAvailableDate="2020-12-31">
		<Group ID="Price and Volume">
			<Ratio FieldName="NPRICE" Type="N">83.92000</Ratio>
			<Ratio FieldName="NHIG" Type="N">86.75000</Ratio>
			<Ratio FieldName="NLOW" Type="N">19.51010</Ratio>
			<Ratio FieldName="PDATE" Type="D">2021-02-04T00:00:00</Ratio>
			<Ratio FieldName="VOL10DAVG" Type="N">0.76562</Ratio>
			<Ratio FieldName="EV" Type="N">8404.68000</Ratio>
		</Group>
		<Group ID="Income Statement">
			<Ratio FieldName="MKTCAP" Type="N">8710.00700</Ratio>
			<Ratio FieldName="TTMREV" Type="N">79.84049</Ratio>
			<Ratio FieldName="TTMEBITD" Type="N">-105.82840</Ratio>
			<Ratio FieldName="TTMNIAC" Type="N">-102.61150</Ratio>
		</Group>
		<Group ID="Per share data">
			<Ratio FieldName="TTMEPSXCLX" Type="N">-1.00381</Ratio>
			<Ratio FieldName="TTMREVPS" Type="N">0.78162</Ratio>
			<Ratio FieldName="QBVPS" Type="N">4.40405</Ratio>
			<Ratio FieldName="QCSHPS" Type="N">2.95877</Ratio>
			<Ratio FieldName="TTMCFSHR" Type="N">-0.94061</Ratio>
			<Ratio FieldName="TTMDIVSHR" Type="N">0.00000</Ratio>
		</Group>
		<Group ID="Other Ratios">
			<Ratio FieldName="TTMGROSMGN" Type="N">-99999.99000</Ratio>
			<Ratio FieldName="TTMROEPCT" Type="N">-21.49932</Ratio>
			<Ratio FieldName="TTMPR2REV" Type="N">109.09260</Ratio>
			<Ratio FieldName="PEEXCLXOR" Type="N">-99999.99000</Ratio>
			<Ratio FieldName="PRICE2BK" Type="N">19.05517</Ratio>
			<Ratio FieldName="Employees" Type="N">98</Ratio>
		</Group>
	</Ratios>
	<ForecastData ConsensusType="Mean" CurFiscalYear="2021" CurFiscalYearEndMonth="9" CurInterimEndCalYear="2020" CurInterimEndMonth="12" EarningsBasis="PRX">
		<Ratio FieldName="ConsRecom" Type="N">
			<Value PeriodType="CURR">2</Value>
		</Ratio>
		<Ratio FieldName="TargetPrice" Type="N">
			<Value PeriodType="CURR">63.90000</Value>
		</Ratio>
		<Ratio FieldName="ProjLTGrowthRate" Type="N">
			<Value PeriodType="CURR">-99999.99000</Value>
		</Ratio>
		<Ratio FieldName="ProjPE" Type="N">
			<Value PeriodType="CURR">-358.63248</Value>
		</Ratio>
		<Ratio FieldName="ProjSales" Type="N">
			<Value PeriodType="CURR">218.91410</Value>
		</Ratio>
		<Ratio FieldName="ProjSalesQ" Type="N">
			<Value PeriodType="CURR">86.69170</Value>
		</Ratio>
		<Ratio FieldName="ProjEPS" Type="N">
			<Value PeriodType="CURR">-0.23400</Value>
		</Ratio>
		<Ratio FieldName="ProjEPSQ" Type="N">
			<Value PeriodType="CURR">0.16640</Value>
		</Ratio>
		<Ratio FieldName="ProjProfit" Type="N">
			<Value PeriodType="CURR">-33.21280</Value>
		</Ratio>
		<Ratio FieldName="ProjDPS" Type="N">
			<Value PeriodType="CURR">0.00000</Value>
		</Ratio>
	</ForecastData>
</ReportSnapshot>
