<?xml version="1.0" encoding="UTF-8"?>
<ReportSnapshot Major="1" Minor="0" Revision="1">
	<CoIDs>
		<CoID Type="RepNo">CA0CD</CoID>
		<CoID Type="CompanyName">Assembly Biosciences Inc</CoID>
		<CoID Type="CIKNo">0001426800</CoID>
		<CoID Type="OrganizationPermID">5001158603</CoID>
	</CoIDs>
	<Issues>
		<Issue ID="1" Type="C" Desc="Common Stock" Order="1">
			<IssueID Type="Name">Ordinary Shares</IssueID>
			<IssueID Type="Ticker">ASMB</IssueID>
			<IssueID Type="RIC">ASMB.O</IssueID>
			<IssueID Type="DisplayRIC">ASMB.OQ</IssueID>
			<IssueID Type="InstrumentPI">73680363</IssueID>
			<IssueID Type="QuotePI">73799150</IssueID>
			<IssueID Type="InstrumentPermID">21475061788</IssueID>
			<IssueID Type="QuotePermID">21475073455</IssueID>
			<Exchange Code="NASD" Country="USA">NASDAQ</Exchange>
			<GlobalListingType>OSR</GlobalListingType>
			<MostRecentSplit Date="2014-07-14">0.2</MostRecentSplit>
		</Issue>
		<Issue ID="2" Type="P" Desc="Preferred Stock" Order="1">
			<IssueID Type="Name">Preferred Shares</IssueID>
			<IssueID Type="InstrumentPI">139173534</IssueID>
			<IssueID Type="InstrumentPermID">21527835996</IssueID>
			<Exchange Code="NA" Country="">Not Available</Exchange>
		</Issue>
	</Issues>
	<CoGeneralInfo>
		<CoStatus Code="1">Active</CoStatus>
		<CoType Code="EQU">Equity Issue</CoType>
		<LastModified>2021-01-05</LastModified>
		<LatestAvailableAnnual>2019-12-31</LatestAvailableAnnual>
		<LatestAvailableInterim>2020-09-30</LatestAvailableInterim>
		<Employees LastUpdated="2020-09-30">140</Employees>
		<SharesOut Date="2020-11-02" TotalFloat="29258328.0">33022336.0</SharesOut>
		<ReportingCurrency Code="USD">U.S. Dollars</ReportingCurrency>
		<MostRecentExchange Date="2021-02-03">1.0</MostRecentExchange>
	</CoGeneralInfo>
	<TextInfo>
		<Text Type="Business Summary" lastModified="2017-04-11T01:53:40">Assembly Biosciences, Inc. is a biotechnology company. The Company is engaged in developing two platform programs, such as a class of oral therapeutics for the treatment of hepatitis B virus (HBV) infection, and a class of oral synthetic live therapeutics, which are designed to restore health to a dysbiotic microbiome. It has discovered various core protein Allosteric Modulators (CpAMs), which are small molecules that directly target and allosterically modulate the HBV core (HBc) protein. Its Microbiome Program consists of an integrated platform that includes a strain identification and selection process, methods for strain isolation and growth under current good manufacturing practice conditions, and a delivery system, GEMICEL, which allows for targeted oral delivery of live biologic and conventional therapies to the lower gastrointestinal (GI) tract. The lead product candidate from this platform, AB-M101, is in development for the treatment of clostridium difficile-infections.</Text>
		<Text Type="Financial Summary" lastModified="2021-01-05T02:15:52">BRIEF: For the nine months ended 30 September 2020,Assembly Biosciences Inc revenues increased from $11.2M to$78.1M. Net loss decreased 68% to $22.7M. Revenues reflectan increase in demand for the Company's products andservices due to favorable market conditions. Basic Earningsper Share excluding Extraordinary Items increased from-$2.74 to -$0.65.</Text>
	</TextInfo>
	<contactInfo lastUpdated="2021-01-05T02:15:55">
		<streetAddress line="1">331 OYSTER POINT BLVD., FOURTH FLOOR</streetAddress>
		<streetAddress line="2"></streetAddress>
		<streetAddress line="3"></streetAddress>
		<city>SOUTH SAN FRANCISCO</city>
		<state-region>CA</state-region>
		<postalCode>94080</postalCode>
		<country code="USA">United States</country>
		<contactName></contactName>
		<contactTitle></contactTitle>
		<phone>
			<phone type="mainphone">
				<countryPhoneCode>1</countryPhoneCode>
				<city-areacode>212</city-areacode>
				<number>5544388</number>
			</phone>
			<phone type="mainfax">
				<countryPhoneCode>1</countryPhoneCode>
				<city-areacode>646</city-areacode>
				<number>7065101</number>
			</phone>
		</phone>
	</contactInfo>
	<webLinks lastUpdated="2018-07-11T10:04:28"><webSite mainCategory="Home Page">https://www.assemblybio.com/</webSite><eMail mainCategory="Company Contact/E-mail">
		</eMail></webLinks>
	<peerInfo lastUpdated="2021-01-05T02:15:55">
		<IndustryInfo>
			<Industry type="TRBC" order="1" reported="0" code="5620104011" mnem="">Proprietary &amp; Advanced Pharmaceuticals</Industry>
			<Industry type="NAICS" order="1" reported="0" code="541712" mnem="">Research and Development in the Physical, Engineering, and Life Sciences (except Biotechnology)</Industry>
			<Industry type="NAICS" order="2" reported="0" code="325412" mnem="">Pharmaceutical Preparation Mfg</Industry>
			<Industry type="SIC" order="0" reported="1" code="2834" mnem="">Pharmaceutical Preparations</Industry>
			<Industry type="SIC" order="1" reported="0" code="8731" mnem="">Commercial Physical Research</Industry>
			<Industry type="SIC" order="2" reported="0" code="2834" mnem="">Pharmaceutical Preparations</Industry>
		</IndustryInfo>
	</peerInfo>
	<officers>
		<officer rank="1" since="08/06/2019">
			<firstName>John</firstName>
			<mI>G.</mI>
			<lastName>McHutchison</lastName>
			<age>62 </age>
			<title startYear="2019" startMonth="08" startDay="06" iD1="PRE" abbr1="Pres." iD2="CEO" abbr2="CEO">President, Chief Executive Officer, Director</title>
		</officer>
		<officer rank="2" since="10/28/2019">
			<firstName>Thomas Joseph</firstName>
			<mI>Joseph</mI>
			<lastName>Russo</lastName>
			<age>48 </age>
			<title startYear="2019" startMonth="10" startDay="28" iD1="CFO" abbr1="CFO" iD2="" abbr2="">Chief Financial Officer</title>
		</officer>
		<officer rank="3" since="04/2018">
			<firstName>Jacqueline</firstName>
			<mI>Sybil</mI>
			<lastName>Papkoff</lastName>
			<age>64 </age>
			<title startYear="2018" startMonth="04" startDay="" iD1="SVP" abbr1="Sr. VP" iD2="CSO" abbr2="CSO">Senior Vice President, Chief Scientific Officer Microbiome</title>
		</officer>
		<officer rank="4" since="05/02/2019">
			<firstName>David</firstName>
			<mI>R.</mI>
			<lastName>Houck</lastName>
			<age>62 </age>
			<title startYear="2019" startMonth="05" startDay="02" iD1="SVP" abbr1="Sr. VP" iD2="" abbr2="">Senior Vice President - Product Development and Portfolio Management</title>
		</officer>
		<officer rank="5" since="05/06/2019">
			<firstName>Steven</firstName>
			<mI>J.</mI>
			<lastName>Knox</lastName>
			<age></age>
			<title startYear="2019" startMonth="05" startDay="06" iD1="SVP" abbr1="Sr. VP" iD2="" abbr2="">Senior Vice President - Clinical Development</title>
		</officer>
		<officer rank="6" since="11/17/2020">
			<firstName>Nicole</firstName>
			<mI>S.</mI>
			<lastName>White</lastName>
			<age></age>
			<title startYear="2020" startMonth="11" startDay="17" iD1="SVP" abbr1="Sr. VP" iD2="" abbr2="">Senior Vice President - Pharmaceutical Development and Manufacturing</title>
		</officer>
		<officer rank="7" since="06/01/2020">
			<firstName>William</firstName>
			<mI></mI>
			<lastName>Delaney</lastName>
			<age></age>
			<title startYear="2020" startMonth="06" startDay="01" iD1="CSO" abbr1="CSO" iD2="" abbr2="">Chief Scientific Officer - Virology</title>
		</officer>
		<officer rank="8" since="03/30/2020">
			<firstName>Jason</firstName>
			<mI></mI>
			<lastName>Okazaki</lastName>
			<age>44 </age>
			<title startYear="2020" startMonth="03" startDay="30" iD1="OTH" abbr1="Other" iD2="" abbr2="">Chief Legal and Business Officer</title>
		</officer>
		<officer rank="9" since="11/07/2019">
			<firstName>Luisa</firstName>
			<mI>M.</mI>
			<lastName>Stamm</lastName>
			<age>44 </age>
			<title startYear="2019" startMonth="11" startDay="07" iD1="OTH" abbr1="Other" iD2="" abbr2="">Chief Medical Officer</title>
		</officer>
	</officers>
	<Ratios PriceCurrency="USD" ReportingCurrency="USD" ExchangeRate="1.00000" LatestAvailableDate="2020-09-30">
		<Group ID="Price and Volume">
			<Ratio FieldName="NPRICE" Type="N">6.12000</Ratio>
			<Ratio FieldName="NHIG" Type="N">27.84000</Ratio>
			<Ratio FieldName="NLOW" Type="N">4.78000</Ratio>
			<Ratio FieldName="PDATE" Type="D">2021-02-04T00:00:00</Ratio>
			<Ratio FieldName="VOL10DAVG" Type="N">1.24169</Ratio>
			<Ratio FieldName="EV" Type="N">-35.84430</Ratio>
		</Group>
		<Group ID="Income Statement">
			<Ratio FieldName="MKTCAP" Type="N">202.09670</Ratio>
			<Ratio FieldName="TTMREV" Type="N">82.83400</Ratio>
			<Ratio FieldName="TTMEBITD" Type="N">-53.30100</Ratio>
			<Ratio FieldName="TTMNIAC" Type="N">-49.81800</Ratio>
		</Group>
		<Group ID="Per share data">
			<Ratio FieldName="TTMEPSXCLX" Type="N">-1.63560</Ratio>
			<Ratio FieldName="TTMREVPS" Type="N">2.44319</Ratio>
			<Ratio FieldName="QBVPS" Type="N">8.21724</Ratio>
			<Ratio FieldName="QCSHPS" Type="N">7.22686</Ratio>
			<Ratio FieldName="TTMCFSHR" Type="N">-1.45413</Ratio>
			<Ratio FieldName="TTMDIVSHR" Type="N">0.00000</Ratio>
		</Group>
		<Group ID="Other Ratios">
			<Ratio FieldName="TTMGROSMGN" Type="N">-99999.99000</Ratio>
			<Ratio FieldName="TTMROEPCT" Type="N">-23.33188</Ratio>
			<Ratio FieldName="TTMPR2REV" Type="N">2.43978</Ratio>
			<Ratio FieldName="PEEXCLXOR" Type="N">-99999.99000</Ratio>
			<Ratio FieldName="PRICE2BK" Type="N">0.74478</Ratio>
			<Ratio FieldName="Employees" Type="N">140</Ratio>
		</Group>
	</Ratios>
	<ForecastData ConsensusType="Mean" CurFiscalYear="2020" CurFiscalYearEndMonth="12" CurInterimEndCalYear="2020" CurInterimEndMonth="12" EarningsBasis="PRX">
		<Ratio FieldName="ConsRecom" Type="N">
			<Value PeriodType="CURR">1.6667</Value>
		</Ratio>
		<Ratio FieldName="TargetPrice" Type="N">
			<Value PeriodType="CURR">51.20000</Value>
		</Ratio>
		<Ratio FieldName="ProjLTGrowthRate" Type="N">
			<Value PeriodType="CURR">-99999.99000</Value>
		</Ratio>
		<Ratio FieldName="ProjPE" Type="N">
			<Value PeriodType="CURR">-3.93316</Value>
		</Ratio>
		<Ratio FieldName="ProjSales" Type="N">
			<Value PeriodType="CURR">82.01020</Value>
		</Ratio>
		<Ratio FieldName="ProjSalesQ" Type="N">
			<Value PeriodType="CURR">3.97080</Value>
		</Ratio>
		<Ratio FieldName="ProjEPS" Type="N">
			<Value PeriodType="CURR">-1.55600</Value>
		</Ratio>
		<Ratio FieldName="ProjEPSQ" Type="N">
			<Value PeriodType="CURR">-0.90400</Value>
		</Ratio>
		<Ratio FieldName="ProjProfit" Type="N">
			<Value PeriodType="CURR">-53.69650</Value>
		</Ratio>
		<Ratio FieldName="ProjDPS" Type="N">
			<Value PeriodType="CURR">-99999.99000</Value>
		</Ratio>
	</ForecastData>
</ReportSnapshot>
