<?xml version="1.0" encoding="UTF-8"?>
<ReportSnapshot Major="1" Minor="0" Revision="1">
	<CoIDs>
		<CoID Type="RepNo">A0D7E</CoID>
		<CoID Type="CompanyName">Astrotech Corp</CoID>
		<CoID Type="IRSNo">911273737</CoID>
		<CoID Type="CIKNo">0001001907</CoID>
		<CoID Type="OrganizationPermID">5060513290</CoID>
	</CoIDs>
	<Issues>
		<Issue ID="1" Type="C" Desc="Common Stock" Order="1">
			<IssueID Type="Name">Ordinary Shares</IssueID>
			<IssueID Type="Ticker">ASTC</IssueID>
			<IssueID Type="RIC">ASTC.O</IssueID>
			<IssueID Type="DisplayRIC">ASTC.OQ</IssueID>
			<IssueID Type="InstrumentPI">336213</IssueID>
			<IssueID Type="QuotePI">7878339</IssueID>
			<IssueID Type="InstrumentPermID">8590940223</IssueID>
			<IssueID Type="QuotePermID">55835352677</IssueID>
			<Exchange Code="NASD" Country="USA">NASDAQ</Exchange>
			<GlobalListingType>OSR</GlobalListingType>
			<MostRecentSplit Date="2017-10-16">0.2</MostRecentSplit>
		</Issue>
		<Issue ID="2" Type="P" Desc="Preferred Stock" Order="1">
			<IssueID Type="Name">Conv. Pref. Shrs</IssueID>
			<IssueID Type="InstrumentPI">117387750</IssueID>
			<IssueID Type="InstrumentPermID">21512269973</IssueID>
			<Exchange Code="NASD" Country="USA">NASDAQ</Exchange>
		</Issue>
	</Issues>
	<CoGeneralInfo>
		<CoStatus Code="1">Active</CoStatus>
		<CoType Code="EQU">Equity Issue</CoType>
		<LastModified>2020-11-18</LastModified>
		<LatestAvailableAnnual>2020-06-30</LatestAvailableAnnual>
		<LatestAvailableInterim>2020-09-30</LatestAvailableInterim>
		<Employees LastUpdated="2020-06-30">27</Employees>
		<SharesOut Date="2020-12-16" TotalFloat="16026507.0">18556087.0</SharesOut>
		<ReportingCurrency Code="USD">U.S. Dollars</ReportingCurrency>
		<MostRecentExchange Date="2021-02-03">1.0</MostRecentExchange>
	</CoGeneralInfo>
	<TextInfo>
		<Text Type="Business Summary" lastModified="2016-10-17T00:00:00">Astrotech Corporation is a science and technology development and commercialization company. The Company invents, acquires and commercializes technological innovations sourced from internal research, universities, laboratories and research institutions. The Company operates through two business units: Astro Scientific and Astral Images Corporation (Astral). The Astro Scientific is a technology incubator that commercializes technologies, and includes the operations of subsidiaries, such as 1st Detect Corporation (1st Detect) and Astrogenetix, Inc. (Astrogenetix). Astral segment provides film digitization, image correction and enhancement technology. It offers systems containing off-the-shelf hardware with integrated Astral software, software products and scanning or enhancement services. The Astral segment offers products, including Astral Black ICE, Astral Color ICE and Astral HDR ICE. The Company's product portfolio also consists of MMS-1000 and OEM-1000.</Text>
		<Text Type="Financial Summary" lastModified="2020-11-18T00:45:55">BRIEF: For the three months ended 30 September 2020,Astrotech Corp revenues increased from $1K to $140K. Netloss increased 2% to $2.1M. Revenues reflect an increase indemand for the Company's products and services due tofavorable market conditions. Higher net loss reflectsInterest and other income, ne increase from $12K to $59K(expense). Basic Earnings per Share excluding ExtraordinaryItems increased from -$0.37 to -$0.27.</Text>
	</TextInfo>
	<contactInfo lastUpdated="2020-11-18T00:46:05">
		<streetAddress line="1">2028 E. BEN WHITE BLVD., SUITE 240-9530</streetAddress>
		<streetAddress line="2"></streetAddress>
		<streetAddress line="3"></streetAddress>
		<city>AUSTIN</city>
		<state-region>TX</state-region>
		<postalCode>78741</postalCode>
		<country code="USA">United States</country>
		<contactName></contactName>
		<contactTitle></contactTitle>
		<phone>
			<phone type="mainphone">
				<countryPhoneCode>1</countryPhoneCode>
				<city-areacode>512</city-areacode>
				<number>4859530</number>
			</phone>
			<phone type="mainfax">
				<countryPhoneCode>1</countryPhoneCode>
				<city-areacode>302</city-areacode>
				<number>6555049</number>
			</phone>
		</phone>
	</contactInfo>
	<webLinks lastUpdated="2018-01-10T21:15:02"><webSite mainCategory="Home Page">http://www.astrotechcorp.com</webSite><eMail mainCategory="Company Contact/E-mail">
		</eMail></webLinks>
	<peerInfo lastUpdated="2020-11-18T00:46:05">
		<IndustryInfo>
			<Industry type="TRBC" order="1" reported="0" code="5210101010" mnem="">Aerospace &amp; Defense - NEC</Industry>
			<Industry type="NAICS" order="1" reported="0" code="336414" mnem="">Guided Missile &amp; Space Vehicle Mfg</Industry>
			<Industry type="NAICS" order="2" reported="0" code="517410" mnem="">Satellite Telecommunications</Industry>
			<Industry type="NAICS" order="3" reported="0" code="541330" mnem="">Engineering Services</Industry>
			<Industry type="SIC" order="1" reported="0" code="3761" mnem="">Guided Missiles/space Vehicles</Industry>
			<Industry type="SIC" order="2" reported="0" code="4899" mnem="">Communications Services, Nec</Industry>
			<Industry type="SIC" order="3" reported="0" code="8711" mnem="">Engineering Services</Industry>
		</IndustryInfo>
	</peerInfo>
	<officers></officers>
	<Ratios PriceCurrency="USD" ReportingCurrency="USD" ExchangeRate="1.00000" LatestAvailableDate="2020-09-30">
		<Group ID="Price and Volume">
			<Ratio FieldName="NPRICE" Type="N">2.27000</Ratio>
			<Ratio FieldName="NHIG" Type="N">7.75000</Ratio>
			<Ratio FieldName="NLOW" Type="N">0.98000</Ratio>
			<Ratio FieldName="PDATE" Type="D">2021-02-04T00:00:00</Ratio>
			<Ratio FieldName="VOL10DAVG" Type="N">0.88772</Ratio>
			<Ratio FieldName="EV" Type="N">43.35732</Ratio>
		</Group>
		<Group ID="Income Statement">
			<Ratio FieldName="MKTCAP" Type="N">42.12232</Ratio>
			<Ratio FieldName="TTMREV" Type="N">0.62700</Ratio>
			<Ratio FieldName="TTMEBITD" Type="N">-7.09300</Ratio>
			<Ratio FieldName="TTMNIAC" Type="N">-8.35400</Ratio>
		</Group>
		<Group ID="Per share data">
			<Ratio FieldName="TTMEPSXCLX" Type="N">-1.23829</Ratio>
			<Ratio FieldName="TTMREVPS" Type="N">0.09168</Ratio>
			<Ratio FieldName="QBVPS" Type="N">-0.18410</Ratio>
			<Ratio FieldName="QCSHPS" Type="N">0.23624</Ratio>
			<Ratio FieldName="TTMCFSHR" Type="N">-1.15240</Ratio>
			<Ratio FieldName="TTMDIVSHR" Type="N">0.00000</Ratio>
		</Group>
		<Group ID="Other Ratios">
			<Ratio FieldName="TTMGROSMGN" Type="N">10.36683</Ratio>
			<Ratio FieldName="TTMROEPCT" Type="N">-99999.99000</Ratio>
			<Ratio FieldName="TTMPR2REV" Type="N">67.18073</Ratio>
			<Ratio FieldName="PEEXCLXOR" Type="N">-99999.99000</Ratio>
			<Ratio FieldName="PRICE2BK" Type="N">-99999.99000</Ratio>
			<Ratio FieldName="Employees" Type="N">27</Ratio>
		</Group>
	</Ratios>
	<ForecastData ConsensusType="Mean" CurFiscalYear="2020" CurFiscalYearEndMonth="6" CurInterimEndCalYear="2020" CurInterimEndMonth="3" EarningsBasis="REP">
		<Ratio FieldName="ConsRecom" Type="N">
			<Value PeriodType="CURR">-99999.99000</Value>
		</Ratio>
		<Ratio FieldName="TargetPrice" Type="N">
			<Value PeriodType="CURR">-99999.99000</Value>
		</Ratio>
		<Ratio FieldName="ProjLTGrowthRate" Type="N">
			<Value PeriodType="CURR">-99999.99000</Value>
		</Ratio>
		<Ratio FieldName="ProjPE" Type="N">
			<Value PeriodType="CURR">-99999.99000</Value>
		</Ratio>
		<Ratio FieldName="ProjSales" Type="N">
			<Value PeriodType="CURR">-99999.99000</Value>
		</Ratio>
		<Ratio FieldName="ProjSalesQ" Type="N">
			<Value PeriodType="CURR">-99999.99000</Value>
		</Ratio>
		<Ratio FieldName="ProjEPS" Type="N">
			<Value PeriodType="CURR">-99999.99000</Value>
		</Ratio>
		<Ratio FieldName="ProjEPSQ" Type="N">
			<Value PeriodType="CURR">-99999.99000</Value>
		</Ratio>
		<Ratio FieldName="ProjProfit" Type="N">
			<Value PeriodType="CURR">-99999.99000</Value>
		</Ratio>
		<Ratio FieldName="ProjDPS" Type="N">
			<Value PeriodType="CURR">-99999.99000</Value>
		</Ratio>
	</ForecastData>
</ReportSnapshot>
