<?xml version="1.0" encoding="UTF-8"?>
<ReportSnapshot Major="1" Minor="0" Revision="1">
	<CoIDs>
		<CoID Type="RepNo">05100</CoID>
		<CoID Type="CompanyName">Amtech Systems, Inc.</CoID>
		<CoID Type="IRSNo">860411215</CoID>
		<CoID Type="CIKNo">0000720500</CoID>
		<CoID Type="OrganizationPermID">4295912504</CoID>
	</CoIDs>
	<Issues>
		<Issue ID="1" Type="C" Desc="Common Stock" Order="1">
			<IssueID Type="Name">Ordinary Shares</IssueID>
			<IssueID Type="Ticker">ASYS</IssueID>
			<IssueID Type="RIC">ASYS.O</IssueID>
			<IssueID Type="DisplayRIC">ASYS.OQ</IssueID>
			<IssueID Type="InstrumentPI">260270</IssueID>
			<IssueID Type="QuotePI">7686301</IssueID>
			<IssueID Type="InstrumentPermID">8590942482</IssueID>
			<IssueID Type="QuotePermID">55835315962</IssueID>
			<Exchange Code="NASD" Country="USA">NASDAQ</Exchange>
			<GlobalListingType>OSR</GlobalListingType>
			<MostRecentSplit Date="1999-03-16">0.5</MostRecentSplit>
		</Issue>
		<Issue ID="2" Type="P" Desc="Preferred Stock" Order="1">
			<IssueID Type="Name">Conv. Pref. Shrs Series A</IssueID>
			<IssueID Type="InstrumentPI">116084925</IssueID>
			<IssueID Type="InstrumentPermID">21511298458</IssueID>
			<Exchange Code="NA" Country="">Not Available</Exchange>
		</Issue>
	</Issues>
	<CoGeneralInfo>
		<CoStatus Code="1">Active</CoStatus>
		<CoType Code="EQU">Equity Issue</CoType>
		<LastModified>2020-11-27</LastModified>
		<LatestAvailableAnnual>2020-09-30</LatestAvailableAnnual>
		<LatestAvailableInterim>2020-09-30</LatestAvailableInterim>
		<Employees LastUpdated="2020-09-30">296</Employees>
		<SharesOut Date="2021-01-22" TotalFloat="13814441.0">14141122.0</SharesOut>
		<ReportingCurrency Code="USD">U.S. Dollars</ReportingCurrency>
		<MostRecentExchange Date="2021-02-03">1.0</MostRecentExchange>
	</CoGeneralInfo>
	<TextInfo>
		<Text Type="Business Summary" lastModified="2016-12-11T23:39:19">Amtech Systems, Inc. is engaged in the manufacture of capital equipment, including thermal processing, silicon wafer handling automation and related consumables used in fabricating solar cells, Light Emitting Diode (LED) and semiconductor devices. The Company operates through three business segments: solar, semiconductor and polishing. The solar segment supplies thermal processing systems, including diffusion; plasma-enhanced chemical vapor deposition (PECVD); atomic layer deposition (ALD), and related automation, parts and services to the solar/photovoltaic industry. The semiconductor segment supplies thermal processing equipment, including solder reflow equipment and related controls for use by the semiconductor manufacturers and in electronics assembly for automotive and other industries. The polishing supplies segment produces consumables and machinery for lapping (fine abrading) and polishing of materials, such as sapphire substrates and optical components.</Text>
		<Text Type="Financial Summary" lastModified="2020-11-27T02:05:35">BRIEF: For the fiscal year ended 30 September 2020, AmtechSystems, Inc. revenues decreased 23% to $65.5M. Net lossbefore extraordinary items totaled $3.9M vs. income of$3.1M. Revenues reflect Semiconductor segment decrease of18% to $54.5M, Non-segment related decrease of 87% to $643K, SiC/LED segment decrease of 25% to $10.3M, United Statessegment decrease of 27% to $48.1M, Other Europe segmentdecrease of 18% to $3.9M.</Text>
	</TextInfo>
	<contactInfo lastUpdated="2020-11-27T02:05:57">
		<streetAddress line="1">131 S Clark Dr</streetAddress>
		<streetAddress line="2"></streetAddress>
		<streetAddress line="3"></streetAddress>
		<city>TEMPE</city>
		<state-region>AZ</state-region>
		<postalCode>85281-3008</postalCode>
		<country code="USA">United States</country>
		<contactName>Patty Bruner</contactName>
		<contactTitle>IR Contact Officer</contactTitle>
		<phone>
			<phone type="mainphone">
				<countryPhoneCode>1</countryPhoneCode>
				<city-areacode>480</city-areacode>
				<number>9675146</number>
			</phone>
			<phone type="mainfax">
				<countryPhoneCode>1</countryPhoneCode>
				<city-areacode>480</city-areacode>
				<number>9683763</number>
			</phone>
			<phone type="contactphone">
				<countryPhoneCode>1</countryPhoneCode>
				<city-areacode>480</city-areacode>
				<number>2016075</number>
			</phone>
		</phone>
	</contactInfo>
	<webLinks lastUpdated="2019-12-02T11:02:36"><webSite mainCategory="Home Page">http://www.amtechsystems.com/</webSite><eMail mainCategory="Company Contact/E-mail">pbruner@christensenir.com</eMail></webLinks>
	<peerInfo lastUpdated="2020-11-27T02:05:57">
		<IndustryInfo>
			<Industry type="TRBC" order="1" reported="0" code="5210201012" mnem="">Industrial Machinery</Industry>
			<Industry type="NAICS" order="1" reported="0" code="333295" mnem="">Semiconductor Machinery Mfg</Industry>
			<Industry type="NAICS" order="2" reported="0" code="334419" mnem="">Other Electronic Component Mfg</Industry>
			<Industry type="NAICS" order="3" reported="0" code="334413" mnem="">Semiconductor &amp; Related Device Mfg</Industry>
			<Industry type="SIC" order="0" reported="1" code="3559" mnem="">Special Industry MacHinery, Nec</Industry>
			<Industry type="SIC" order="1" reported="0" code="3559" mnem="">Special Industry MacHinery, Nec</Industry>
			<Industry type="SIC" order="2" reported="0" code="3679" mnem="">Electronic Components, Nec</Industry>
			<Industry type="SIC" order="3" reported="0" code="3674" mnem="">Semiconductors/related Devices</Industry>
		</IndustryInfo>
	</peerInfo>
	<officers>
		<officer rank="1" since="1981">
			<firstName>Jong</firstName>
			<mI>S.</mI>
			<lastName>Whang</lastName>
			<age>74 </age>
			<title startYear="2020" startMonth="01" startDay="28" iD1="CHM" abbr1="Chmn." iD2="EDR" abbr2="Exec. Dir.">Executive Chairman of the Board</title>
		</officer>
		<officer rank="2" since="05/2016">
			<firstName>Michael</firstName>
			<mI></mI>
			<lastName>Whang</lastName>
			<age>48 </age>
			<title startYear="2020" startMonth="05" startDay="05" iD1="CEO" abbr1="CEO" iD2="DRC" abbr2="Dir.">Chief Executive Officer, Director</title>
		</officer>
		<officer rank="3" since="01/01/2018">
			<firstName>Lisa</firstName>
			<mI></mI>
			<lastName>Gibbs</lastName>
			<age>45 </age>
			<title startYear="2020" startMonth="05" startDay="05" iD1="CFO" abbr1="CFO" iD2="VPR" abbr2="VP">Chief Financial Officer, Vice President, Secretary, Director</title>
		</officer>
	</officers>
	<Ratios PriceCurrency="USD" ReportingCurrency="USD" ExchangeRate="1.00000" LatestAvailableDate="2020-09-30">
		<Group ID="Price and Volume">
			<Ratio FieldName="NPRICE" Type="N">7.81000</Ratio>
			<Ratio FieldName="NHIG" Type="N">7.86400</Ratio>
			<Ratio FieldName="NLOW" Type="N">3.55000</Ratio>
			<Ratio FieldName="PDATE" Type="D">2021-02-04T00:00:00</Ratio>
			<Ratio FieldName="VOL10DAVG" Type="N">0.04487</Ratio>
			<Ratio FieldName="EV" Type="N">70.56620</Ratio>
		</Group>
		<Group ID="Income Statement">
			<Ratio FieldName="MKTCAP" Type="N">110.44220</Ratio>
			<Ratio FieldName="TTMREV" Type="N">65.46300</Ratio>
			<Ratio FieldName="TTMEBITD" Type="N">1.01400</Ratio>
			<Ratio FieldName="TTMNIAC" Type="N">-3.90700</Ratio>
		</Group>
		<Group ID="Per share data">
			<Ratio FieldName="TTMEPSXCLX" Type="N">-0.27624</Ratio>
			<Ratio FieldName="TTMREVPS" Type="N">4.62260</Ratio>
			<Ratio FieldName="QBVPS" Type="N">5.79663</Ratio>
			<Ratio FieldName="QCSHPS" Type="N">3.20483</Ratio>
			<Ratio FieldName="TTMCFSHR" Type="N">-0.18706</Ratio>
			<Ratio FieldName="TTMDIVSHR" Type="N">0.00000</Ratio>
		</Group>
		<Group ID="Other Ratios">
			<Ratio FieldName="TTMGROSMGN" Type="N">37.33559</Ratio>
			<Ratio FieldName="TTMROEPCT" Type="N">-4.62446</Ratio>
			<Ratio FieldName="TTMPR2REV" Type="N">1.68709</Ratio>
			<Ratio FieldName="PEEXCLXOR" Type="N">-99999.99000</Ratio>
			<Ratio FieldName="PRICE2BK" Type="N">1.34733</Ratio>
			<Ratio FieldName="Employees" Type="N">296</Ratio>
		</Group>
	</Ratios>
	<ForecastData ConsensusType="Mean" CurFiscalYear="2021" CurFiscalYearEndMonth="9" CurInterimEndCalYear="2020" CurInterimEndMonth="12" EarningsBasis="REP">
		<Ratio FieldName="ConsRecom" Type="N">
			<Value PeriodType="CURR">2.6667</Value>
		</Ratio>
		<Ratio FieldName="TargetPrice" Type="N">
			<Value PeriodType="CURR">6.50000</Value>
		</Ratio>
		<Ratio FieldName="ProjLTGrowthRate" Type="N">
			<Value PeriodType="CURR">-99999.99000</Value>
		</Ratio>
		<Ratio FieldName="ProjPE" Type="N">
			<Value PeriodType="CURR">-43.38889</Value>
		</Ratio>
		<Ratio FieldName="ProjSales" Type="N">
			<Value PeriodType="CURR">72.50550</Value>
		</Ratio>
		<Ratio FieldName="ProjSalesQ" Type="N">
			<Value PeriodType="CURR">16.54900</Value>
		</Ratio>
		<Ratio FieldName="ProjEPS" Type="N">
			<Value PeriodType="CURR">-0.18000</Value>
		</Ratio>
		<Ratio FieldName="ProjEPSQ" Type="N">
			<Value PeriodType="CURR">-0.08500</Value>
		</Ratio>
		<Ratio FieldName="ProjProfit" Type="N">
			<Value PeriodType="CURR">-2.53300</Value>
		</Ratio>
		<Ratio FieldName="ProjDPS" Type="N">
			<Value PeriodType="CURR">-99999.99000</Value>
		</Ratio>
	</ForecastData>
</ReportSnapshot>
