<?xml version="1.0" encoding="UTF-8"?>
<ReportSnapshot Major="1" Minor="0" Revision="1">
	<CoIDs>
		<CoID Type="RepNo">F3B4C</CoID>
		<CoID Type="CompanyName">Anterix Inc</CoID>
		<CoID Type="IRSNo">330745043</CoID>
		<CoID Type="CIKNo">0001304492</CoID>
		<CoID Type="OrganizationPermID">4297242179</CoID>
	</CoIDs>
	<Issues>
		<Issue ID="2" Type="C" Desc="Common Stock" Order="1">
			<IssueID Type="Name">Ordinary Shares</IssueID>
			<IssueID Type="Ticker">ATEX</IssueID>
			<IssueID Type="RIC">ATEX.O</IssueID>
			<IssueID Type="DisplayRIC">ATEX.OQ</IssueID>
			<IssueID Type="InstrumentPI">180571763</IssueID>
			<IssueID Type="QuotePI">180571762</IssueID>
			<IssueID Type="InstrumentPermID">21556839085</IssueID>
			<IssueID Type="QuotePermID">21556839084</IssueID>
			<Exchange Code="NASD" Country="USA">NASDAQ</Exchange>
			<GlobalListingType>OSR</GlobalListingType>
		</Issue>
	</Issues>
	<CoGeneralInfo>
		<CoStatus Code="1">Active</CoStatus>
		<CoType Code="EQU">Equity Issue</CoType>
		<LastModified>2020-11-17</LastModified>
		<LatestAvailableAnnual>2020-03-31</LatestAvailableAnnual>
		<LatestAvailableInterim>2020-09-30</LatestAvailableInterim>
		<Employees LastUpdated="2020-03-31">59</Employees>
		<SharesOut Date="2020-11-11" TotalFloat="15802488.0">17494639.0</SharesOut>
		<ReportingCurrency Code="USD">U.S. Dollars</ReportingCurrency>
		<MostRecentExchange Date="2021-02-03">1.0</MostRecentExchange>
	</CoGeneralInfo>
	<TextInfo>
		<Text Type="Business Summary" lastModified="2019-08-07T00:52:40">Anterix Inc., formerly pdvWireless, Inc., is a wireless communications company. The Company is focused on developing and commercializing its spectrum assets to enable its infrastructure and enterprise customers to deploy private broadband networks, technologies and solutions. It holds licensed spectrum in the 900 megahertz (MHz) band across the United States, and Hawaii, Alaska and Puerto Rico. The Company holds approximately 60% of channels in the 900 MHz band across 20 metropolitan market areas in the United States. It provides broadband spectrum assets to infrastructure and enterprise customers. It enables utility communications through Private Long-Term Evolution (LTE).</Text>
		<Text Type="Financial Summary" lastModified="2020-11-17T10:54:17">BRIEF: For the six months ended 30 September 2020, AnterixInc revenues decreased 42% to $504K. Net loss increased 84%to $31.4M. Revenues reflect Service decrease of 73% to$140K. Higher net loss reflects Stock-based Compensation inSGA increase from $3M to $10.6M (expense), General andadministrative increase of 20% to $11.3M (expense),Depreciation and amortization increase of 88% to $2.4M(expense).</Text>
	</TextInfo>
	<contactInfo lastUpdated="2020-11-17T10:54:18">
		<streetAddress line="1">3 Garret Mountain Plz Ste 401</streetAddress>
		<streetAddress line="2"></streetAddress>
		<streetAddress line="3"></streetAddress>
		<city>WOODLAND PARK</city>
		<state-region>NJ</state-region>
		<postalCode>07424-3352</postalCode>
		<country code="USA">United States</country>
		<contactName>Natasha Vecchiarelli</contactName>
		<contactTitle>Investor Relations Manager</contactTitle>
		<phone>
			<phone type="mainphone">
				<countryPhoneCode>1</countryPhoneCode>
				<city-areacode>973</city-areacode>
				<number>7710300</number>
			</phone>
			<phone type="mainfax">
				<countryPhoneCode>1</countryPhoneCode>
				<city-areacode>302</city-areacode>
				<number>6365454</number>
			</phone>
			<phone type="contactphone">
				<countryPhoneCode>1</countryPhoneCode>
				<city-areacode>973</city-areacode>
				<number>5314397</number>
			</phone>
		</phone>
	</contactInfo>
	<webLinks lastUpdated="2018-07-11T09:48:36"><webSite mainCategory="Home Page">https://www.pdvwireless.com/</webSite><eMail mainCategory="Company Contact/E-mail">nvecchiarelli@pdvwireless.com</eMail></webLinks>
	<peerInfo lastUpdated="2020-11-17T10:54:18">
		<IndustryInfo>
			<Industry type="TRBC" order="1" reported="0" code="5740102010" mnem="">Wireless Telecommunications Services (NEC)</Industry>
			<Industry type="NAICS" order="1" reported="0" code="517210" mnem="">Wireless Telecommunications Carriers (except Satellite)</Industry>
			<Industry type="SIC" order="1" reported="0" code="4812" mnem="">Radiotelephone Communications</Industry>
		</IndustryInfo>
	</peerInfo>
	<officers>
		<officer rank="1" since="05/2014">
			<firstName>Morgan</firstName>
			<mI>E.</mI>
			<lastName>O'Brien</lastName>
			<age>75 </age>
			<title startYear="2020" startMonth="07" startDay="01" iD1="CHM" abbr1="Chmn." iD2="EDR" abbr2="Exec. Dir.">Executive Chairman of the Board</title>
		</officer>
		<officer rank="2" since="10/2015">
			<firstName>Robert</firstName>
			<mI>H.</mI>
			<lastName>Schwartz</lastName>
			<age>54 </age>
			<title startYear="2020" startMonth="07" startDay="01" iD1="PRE" abbr1="Pres." iD2="CEO" abbr2="CEO">President, Chief Executive Officer, Director</title>
		</officer>
		<officer rank="3" since="06/2014">
			<firstName>Timothy</firstName>
			<mI></mI>
			<lastName>Gray</lastName>
			<age>50 </age>
			<title startYear="2014" startMonth="06" startDay="" iD1="CFO" abbr1="CFO" iD2="" abbr2="">Chief Financial Officer</title>
		</officer>
		<officer rank="4" since="03/25/2020">
			<firstName>Ryan</firstName>
			<mI></mI>
			<lastName>Gerbrandt</lastName>
			<age>42 </age>
			<title startYear="2020" startMonth="03" startDay="25" iD1="COO" abbr1="COO" iD2="" abbr2="">Chief Operating Officer</title>
		</officer>
		<officer rank="5" since="07/2019">
			<firstName>Elaine</firstName>
			<mI>M.</mI>
			<lastName>Gangeri</lastName>
			<age>54 </age>
			<title startYear="2019" startMonth="07" startDay="" iD1="CAO" abbr1="CAO" iD2="ASC" abbr2="Asst.Secy.">Chief Accounting Officer and Assistant Corporate Secretary</title>
		</officer>
		<officer rank="6" since="07/2019">
			<firstName>Gena</firstName>
			<mI>Lynn</mI>
			<lastName>Ashe</lastName>
			<age>58 </age>
			<title startYear="2019" startMonth="07" startDay="" iD1="GCN" abbr1="Counsel" iD2="SEC" abbr2="Secy.">General Counsel, Corporate Secretary</title>
		</officer>
	</officers>
	<Ratios PriceCurrency="USD" ReportingCurrency="USD" ExchangeRate="1.00000" LatestAvailableDate="2020-09-30">
		<Group ID="Price and Volume">
			<Ratio FieldName="NPRICE" Type="N">36.02000</Ratio>
			<Ratio FieldName="NHIG" Type="N">57.75000</Ratio>
			<Ratio FieldName="NLOW" Type="N">27.26500</Ratio>
			<Ratio FieldName="PDATE" Type="D">2021-02-04T00:00:00</Ratio>
			<Ratio FieldName="VOL10DAVG" Type="N">0.22453</Ratio>
			<Ratio FieldName="EV" Type="N">513.94690</Ratio>
		</Group>
		<Group ID="Income Statement">
			<Ratio FieldName="MKTCAP" Type="N">630.15690</Ratio>
			<Ratio FieldName="TTMREV" Type="N">1.19200</Ratio>
			<Ratio FieldName="TTMEBITD" Type="N">-42.38600</Ratio>
			<Ratio FieldName="TTMNIAC" Type="N">-51.95900</Ratio>
		</Group>
		<Group ID="Per share data">
			<Ratio FieldName="TTMEPSXCLX" Type="N">-3.01617</Ratio>
			<Ratio FieldName="TTMREVPS" Type="N">0.06927</Ratio>
			<Ratio FieldName="QBVPS" Type="N">12.99796</Ratio>
			<Ratio FieldName="QCSHPS" Type="N">6.64543</Ratio>
			<Ratio FieldName="TTMCFSHR" Type="N">-2.74434</Ratio>
			<Ratio FieldName="TTMDIVSHR" Type="N">0.00000</Ratio>
		</Group>
		<Group ID="Other Ratios">
			<Ratio FieldName="TTMGROSMGN" Type="N">-91.19128</Ratio>
			<Ratio FieldName="TTMROEPCT" Type="N">-21.21728</Ratio>
			<Ratio FieldName="TTMPR2REV" Type="N">528.65510</Ratio>
			<Ratio FieldName="PEEXCLXOR" Type="N">-99999.99000</Ratio>
			<Ratio FieldName="PRICE2BK" Type="N">2.77120</Ratio>
			<Ratio FieldName="Employees" Type="N">59</Ratio>
		</Group>
	</Ratios>
	<ForecastData ConsensusType="Mean" CurFiscalYear="2021" CurFiscalYearEndMonth="3" CurInterimEndCalYear="2020" CurInterimEndMonth="12" EarningsBasis="PRX">
		<Ratio FieldName="ConsRecom" Type="N">
			<Value PeriodType="CURR">2.4</Value>
		</Ratio>
		<Ratio FieldName="TargetPrice" Type="N">
			<Value PeriodType="CURR">70.60000</Value>
		</Ratio>
		<Ratio FieldName="ProjLTGrowthRate" Type="N">
			<Value PeriodType="CURR">-99999.99000</Value>
		</Ratio>
		<Ratio FieldName="ProjPE" Type="N">
			<Value PeriodType="CURR">-10.84940</Value>
		</Ratio>
		<Ratio FieldName="ProjSales" Type="N">
			<Value PeriodType="CURR">0.94200</Value>
		</Ratio>
		<Ratio FieldName="ProjSalesQ" Type="N">
			<Value PeriodType="CURR">0.13800</Value>
		</Ratio>
		<Ratio FieldName="ProjEPS" Type="N">
			<Value PeriodType="CURR">-3.32000</Value>
		</Ratio>
		<Ratio FieldName="ProjEPSQ" Type="N">
			<Value PeriodType="CURR">-0.70330</Value>
		</Ratio>
		<Ratio FieldName="ProjProfit" Type="N">
			<Value PeriodType="CURR">-54.54230</Value>
		</Ratio>
		<Ratio FieldName="ProjDPS" Type="N">
			<Value PeriodType="CURR">-99999.99000</Value>
		</Ratio>
	</ForecastData>
</ReportSnapshot>
