<?xml version="1.0" encoding="UTF-8"?>
<ReportSnapshot Major="1" Minor="0" Revision="1">
	<CoIDs>
		<CoID Type="RepNo">A272C</CoID>
		<CoID Type="CompanyName">Athersys Inc</CoID>
		<CoID Type="IRSNo">341830213</CoID>
		<CoID Type="CIKNo">0001368148</CoID>
		<CoID Type="OrganizationPermID">4298015259</CoID>
	</CoIDs>
	<Issues>
		<Issue ID="1" Type="C" Desc="Common Stock" Order="1">
			<IssueID Type="Name">Ordinary Shares</IssueID>
			<IssueID Type="Ticker">ATHX</IssueID>
			<IssueID Type="RIC">ATHX.O</IssueID>
			<IssueID Type="DisplayRIC">ATHX.OQ</IssueID>
			<IssueID Type="InstrumentPI">28999157</IssueID>
			<IssueID Type="QuotePI">41891581</IssueID>
			<IssueID Type="InstrumentPermID">8589945894</IssueID>
			<IssueID Type="QuotePermID">55835316079</IssueID>
			<Exchange Code="NASD" Country="USA">NASDAQ</Exchange>
			<GlobalListingType>OSR</GlobalListingType>
		</Issue>
		<Issue ID="2" Type="P" Desc="Preferred Stock" Order="1">
			<IssueID Type="Name">Preference Shares</IssueID>
			<IssueID Type="InstrumentPI">425759620</IssueID>
			<IssueID Type="InstrumentPermID">21742876909</IssueID>
			<Exchange Code="NA" Country="">Not Available</Exchange>
		</Issue>
	</Issues>
	<CoGeneralInfo>
		<CoStatus Code="1">Active</CoStatus>
		<CoType Code="EQU">Equity Issue</CoType>
		<LastModified>2021-01-18</LastModified>
		<LatestAvailableAnnual>2019-12-31</LatestAvailableAnnual>
		<LatestAvailableInterim>2020-09-30</LatestAvailableInterim>
		<Employees LastUpdated="2019-12-31">83</Employees>
		<SharesOut Date="2020-11-05" TotalFloat="178830645.0">197699500.0</SharesOut>
		<ReportingCurrency Code="USD">U.S. Dollars</ReportingCurrency>
		<MostRecentExchange Date="2021-02-03">1.0</MostRecentExchange>
	</CoGeneralInfo>
	<TextInfo>
		<Text Type="Business Summary" lastModified="2018-11-13T15:32:20">Athersys, Inc. is an international biotechnology company that is focused primarily in the field of regenerative medicine. The Company's MultiStem cell therapy, an allogeneic stem cell product, is its lead platform product and is in later-stage clinical development. Its clinical development programs are focused on treating neurological conditions, cardiovascular disease, inflammatory and immune disorders, certain pulmonary conditions and other conditions where the standard of care is limited or inadequate for many patients.</Text>
		<Text Type="Financial Summary" lastModified="2021-01-18T12:02:31">BRIEF: For the nine months ended 30 September 2020,Athersys Inc revenues decreased 97% to $170K. Net lossincreased 63% to $56.6M. Revenues reflect Contract revenuefrom Healios decrease of 97% to $162K, Grant revenuedecrease of 90% to $8K. Higher net loss reflects Researchand development increase of 41% to $44.3M (expense),General and administrative increase of 30% to $11.6M(expense), Other expense.</Text>
	</TextInfo>
	<contactInfo lastUpdated="2021-01-18T12:02:36">
		<streetAddress line="1">3201 Carnegie Ave</streetAddress>
		<streetAddress line="2"></streetAddress>
		<streetAddress line="3"></streetAddress>
		<city>CLEVELAND</city>
		<state-region>OH</state-region>
		<postalCode>44115-2634</postalCode>
		<country code="USA">United States</country>
		<contactName></contactName>
		<contactTitle></contactTitle>
		<phone>
			<phone type="mainphone">
				<countryPhoneCode>1</countryPhoneCode>
				<city-areacode>216</city-areacode>
				<number>4319900</number>
			</phone>
			<phone type="mainfax">
				<countryPhoneCode>1</countryPhoneCode>
				<city-areacode>216</city-areacode>
				<number>3619495</number>
			</phone>
		</phone>
	</contactInfo>
	<webLinks lastUpdated="2017-01-30T01:00:03"><webSite mainCategory="Home Page">http://www.athersys.com/</webSite><eMail mainCategory="Company Contact/E-mail">ir@athersys.com</eMail></webLinks>
	<peerInfo lastUpdated="2021-01-18T12:02:36">
		<IndustryInfo>
			<Industry type="TRBC" order="1" reported="0" code="5620201011" mnem="">Bio Therapeutic Drugs</Industry>
			<Industry type="NAICS" order="1" reported="0" code="325412" mnem="">Pharmaceutical Preparation Mfg</Industry>
			<Industry type="SIC" order="0" reported="1" code="2834" mnem="">Pharmaceutical Preparations</Industry>
			<Industry type="SIC" order="1" reported="0" code="2834" mnem="">Pharmaceutical Preparations</Industry>
		</IndustryInfo>
	</peerInfo>
	<officers>
		<officer rank="1" since="08/2000">
			<firstName>Gil</firstName>
			<mI></mI>
			<lastName>Van Bokkelen</lastName>
			<age>59 </age>
			<title startYear="2000" startMonth="08" startDay="" iD1="CHM" abbr1="Chmn." iD2="CEO" abbr2="CEO">Chairman of the Board, Chief Executive Officer</title>
		</officer>
		<officer rank="2" since="06/2006">
			<firstName>William</firstName>
			<mI>B.J.</mI>
			<lastName>Lehmann</lastName>
			<age>54 </age>
			<title startYear="2006" startMonth="06" startDay="" iD1="PRE" abbr1="Pres." iD2="COO" abbr2="COO">President, Chief Operating Officer</title>
		</officer>
		<officer rank="3" since="01/31/2020">
			<firstName>Ivor</firstName>
			<mI></mI>
			<lastName>Macleod</lastName>
			<age>58 </age>
			<title startYear="2020" startMonth="01" startDay="31" iD1="CFO" abbr1="CFO" iD2="" abbr2="">Chief Financial Officer</title>
		</officer>
		<officer rank="4" since="06/2007">
			<firstName>John</firstName>
			<mI>J.</mI>
			<lastName>Harrington</lastName>
			<age>52 </age>
			<title startYear="2007" startMonth="06" startDay="" iD1="EVP" abbr1="Exec. VP" iD2="CSO" abbr2="CSO">Executive Vice President, Chief Scientific Officer, Director</title>
		</officer>
		<officer rank="5" since="06/2006">
			<firstName>Laura</firstName>
			<mI>K.</mI>
			<lastName>Campbell</lastName>
			<age>56 </age>
			<title startYear="2016" startMonth="03" startDay="" iD1="SVF" abbr1="Sr. VP-Fin." iD2="" abbr2="">Senior Vice President - Finance</title>
		</officer>
		<officer rank="6" since="03/19/2020">
			<firstName>Maia</firstName>
			<mI></mI>
			<lastName>Hansen</lastName>
			<age>51 </age>
			<title startYear="2020" startMonth="03" startDay="19" iD1="SVP" abbr1="Sr. VP" iD2="" abbr2="">Senior Vice President - Operations, Supply Chain</title>
		</officer>
	</officers>
	<Ratios PriceCurrency="USD" ReportingCurrency="USD" ExchangeRate="1.00000" LatestAvailableDate="2020-09-30">
		<Group ID="Price and Volume">
			<Ratio FieldName="NPRICE" Type="N">2.74000</Ratio>
			<Ratio FieldName="NHIG" Type="N">4.38000</Ratio>
			<Ratio FieldName="NLOW" Type="N">1.13000</Ratio>
			<Ratio FieldName="PDATE" Type="D">2021-02-04T00:00:00</Ratio>
			<Ratio FieldName="VOL10DAVG" Type="N">5.22077</Ratio>
			<Ratio FieldName="EV" Type="N">479.98570</Ratio>
		</Group>
		<Group ID="Income Statement">
			<Ratio FieldName="MKTCAP" Type="N">541.69670</Ratio>
			<Ratio FieldName="TTMREV" Type="N">0.45700</Ratio>
			<Ratio FieldName="TTMEBITD" Type="N">-65.56400</Ratio>
			<Ratio FieldName="TTMNIAC" Type="N">-66.48200</Ratio>
		</Group>
		<Group ID="Per share data">
			<Ratio FieldName="TTMEPSXCLX" Type="N">-0.36941</Ratio>
			<Ratio FieldName="TTMREVPS" Type="N">0.00258</Ratio>
			<Ratio FieldName="QBVPS" Type="N">0.22351</Ratio>
			<Ratio FieldName="QCSHPS" Type="N">0.31233</Ratio>
			<Ratio FieldName="TTMCFSHR" Type="N">-0.37044</Ratio>
			<Ratio FieldName="TTMDIVSHR" Type="N">0.00000</Ratio>
		</Group>
		<Group ID="Other Ratios">
			<Ratio FieldName="TTMGROSMGN" Type="N">-99999.99000</Ratio>
			<Ratio FieldName="TTMROEPCT" Type="N">-186.84170</Ratio>
			<Ratio FieldName="TTMPR2REV" Type="N">1185.33200</Ratio>
			<Ratio FieldName="PEEXCLXOR" Type="N">-99999.99000</Ratio>
			<Ratio FieldName="PRICE2BK" Type="N">12.25907</Ratio>
			<Ratio FieldName="Employees" Type="N">83</Ratio>
		</Group>
	</Ratios>
	<ForecastData ConsensusType="Mean" CurFiscalYear="2020" CurFiscalYearEndMonth="12" CurInterimEndCalYear="2020" CurInterimEndMonth="12" EarningsBasis="REP">
		<Ratio FieldName="ConsRecom" Type="N">
			<Value PeriodType="CURR">1.75</Value>
		</Ratio>
		<Ratio FieldName="TargetPrice" Type="N">
			<Value PeriodType="CURR">7.40000</Value>
		</Ratio>
		<Ratio FieldName="ProjLTGrowthRate" Type="N">
			<Value PeriodType="CURR">-99999.99000</Value>
		</Ratio>
		<Ratio FieldName="ProjPE" Type="N">
			<Value PeriodType="CURR">-6.44706</Value>
		</Ratio>
		<Ratio FieldName="ProjSales" Type="N">
			<Value PeriodType="CURR">0.21230</Value>
		</Ratio>
		<Ratio FieldName="ProjSalesQ" Type="N">
			<Value PeriodType="CURR">0.06700</Value>
		</Ratio>
		<Ratio FieldName="ProjEPS" Type="N">
			<Value PeriodType="CURR">-0.42500</Value>
		</Ratio>
		<Ratio FieldName="ProjEPSQ" Type="N">
			<Value PeriodType="CURR">-0.11500</Value>
		</Ratio>
		<Ratio FieldName="ProjProfit" Type="N">
			<Value PeriodType="CURR">-78.28000</Value>
		</Ratio>
		<Ratio FieldName="ProjDPS" Type="N">
			<Value PeriodType="CURR">0.00000</Value>
		</Ratio>
	</ForecastData>
</ReportSnapshot>
