<?xml version="1.0" encoding="UTF-8"?>
<ReportSnapshot Major="1" Minor="0" Revision="1">
	<CoIDs>
		<CoID Type="RepNo">0123F</CoID>
		<CoID Type="CompanyName">180 Life Sciences Corp</CoID>
		<CoID Type="IRSNo">813832378</CoID>
		<CoID Type="CIKNo">0001690080</CoID>
		<CoID Type="OrganizationPermID">5055474393</CoID>
	</CoIDs>
	<Issues>
		<Issue ID="1" Type="C" Desc="Common Stock" Order="1">
			<IssueID Type="Name">Ordinary Shares</IssueID>
			<IssueID Type="Ticker">ATNF</IssueID>
			<IssueID Type="RIC">ATNF.O</IssueID>
			<IssueID Type="DisplayRIC">ATNF.OQ</IssueID>
			<IssueID Type="InstrumentPI">264043801</IssueID>
			<IssueID Type="QuotePI">264045075</IssueID>
			<IssueID Type="InstrumentPermID">25727434496</IssueID>
			<IssueID Type="QuotePermID">25727434493</IssueID>
			<Exchange Code="NASD" Country="USA">NASDAQ</Exchange>
			<GlobalListingType>OSR</GlobalListingType>
		</Issue>
	</Issues>
	<CoGeneralInfo>
		<CoStatus Code="1">Active</CoStatus>
		<CoType Code="EQU">Equity Issue</CoType>
		<LastModified>2020-11-29</LastModified>
		<LatestAvailableAnnual>2019-12-31</LatestAvailableAnnual>
		<LatestAvailableInterim>2020-09-30</LatestAvailableInterim>
		<Employees LastUpdated="2019-12-31">2</Employees>
		<SharesOut Date="2020-11-25" TotalFloat="7721541.0">24787595.0</SharesOut>
		<ReportingCurrency Code="USD">U.S. Dollars</ReportingCurrency>
		<MostRecentExchange Date="2021-02-03">1.0</MostRecentExchange>
	</CoGeneralInfo>
	<TextInfo>
		<Text Type="Business Summary" lastModified="2020-11-09T03:15:06">180 Life Sciences Corp., (180 Life Sciences) formerly KBL Merger Corp. IV., is a research and development company. The Company is focused on research into solving one of the diseases is inflammation. The Company consists of three programs developing drugs in separate areas of inflammation. The Companys pipeline, including Fibrosis and Anti-TNF, SCAs and a7nAChR. The Fibrosis and Anti-TNF treats diseases like Dupuytrens contracture, frozen shoulder, polycystic ovarian disease (POCD), nonalcoholic steatohepatitis (NASH). The SCAs includes chronic pain and early arthritis. The a7nAChR includes smoking cessation induced ulcerative colitis. </Text>
		<Text Type="Financial Summary" lastModified="2020-11-26T09:17:15">BRIEF: For the nine months ended 30 September 2020, 180Life Sciences Corp revenues was not reported. Net losstotaled $4.4M vs. income of $199K. Net loss reflectsInterest income decrease of 97% to $39K (income), Generaland administrative expenses increase of 32% to $1M(expense). Basic Earnings per Share excluding ExtraordinaryItems decreased from $0.05 to -$0.93.</Text>
	</TextInfo>
	<contactInfo lastUpdated="2021-01-31T07:20:00">
		<streetAddress line="1">150 WEST 56TH STREET SUITE 5901</streetAddress>
		<streetAddress line="2"></streetAddress>
		<streetAddress line="3"></streetAddress>
		<city>NEW YORK</city>
		<state-region>NY</state-region>
		<postalCode>10019</postalCode>
		<country code="USA">United States</country>
		<contactName></contactName>
		<contactTitle></contactTitle>
		<phone>
			<phone type="mainphone">
				<countryPhoneCode>1</countryPhoneCode>
				<city-areacode>212</city-areacode>
				<number>3195555</number>
			</phone>
			<phone type="mainfax">
				<countryPhoneCode>1</countryPhoneCode>
				<city-areacode>302</city-areacode>
				<number>6365454</number>
			</phone>
		</phone>
	</contactInfo>
	<webLinks lastUpdated="2021-01-11T04:30:22"><webSite mainCategory="Home Page">https://180lifesciences.com/</webSite><eMail mainCategory="Company Contact/E-mail">
		</eMail></webLinks>
	<peerInfo lastUpdated="2021-01-31T07:20:00">
		<IndustryInfo>
			<Industry type="TRBC" order="1" reported="0" code="5620201011" mnem="">Bio Therapeutic Drugs</Industry>
			<Industry type="NAICS" order="1" reported="0" code="541711" mnem="">Research and Development in Biotechnology</Industry>
			<Industry type="SIC" order="1" reported="0" code="8731" mnem="">Commercial Physical Research</Industry>
		</IndustryInfo>
	</peerInfo>
	<officers>
		<officer rank="1" since="11/06/2020">
			<firstName>Marc</firstName>
			<mI></mI>
			<lastName>Feldmann</lastName>
			<age></age>
			<title startYear="2020" startMonth="11" startDay="06" iD1="CCH" abbr1="Co-Chmn." iD2="EDR" abbr2="Exec. Dir.">Co-Executive Chairman of the Board</title>
		</officer>
		<officer rank="2" since="11/06/2020">
			<firstName>Lawrence</firstName>
			<mI></mI>
			<lastName>Steinman</lastName>
			<age></age>
			<title startYear="2020" startMonth="11" startDay="06" iD1="CCH" abbr1="Co-Chmn." iD2="EDR" abbr2="Exec. Dir.">Co-Executive Chairmen of the Board</title>
		</officer>
		<officer rank="3" since="11/06/2020">
			<firstName>James</firstName>
			<mI>N.</mI>
			<lastName>Woody</lastName>
			<age></age>
			<title startYear="2020" startMonth="11" startDay="06" iD1="CEO" abbr1="CEO" iD2="DRC" abbr2="Dir.">Chief Executive Officer, Director</title>
		</officer>
		<officer rank="4" since="11/27/2020">
			<firstName>Ozan</firstName>
			<mI></mI>
			<lastName>Pamir</lastName>
			<age>29 </age>
			<title startYear="2020" startMonth="11" startDay="27" iD1="CFO" abbr1="CFO" iD2="" abbr2="">Interim Chief Financial Officer</title>
		</officer>
		<officer rank="5" since="11/06/2020">
			<firstName>Jonathan</firstName>
			<mI></mI>
			<lastName>Rothbard</lastName>
			<age></age>
			<title startYear="2020" startMonth="11" startDay="06" iD1="CSO" abbr1="CSO" iD2="" abbr2="">Chief Scientific Officer</title>
		</officer>
	</officers>
	<Ratios PriceCurrency="USD" ReportingCurrency="USD" ExchangeRate="1.00000" LatestAvailableDate="2020-09-30">
		<Group ID="Price and Volume">
			<Ratio FieldName="NPRICE" Type="N">5.39000</Ratio>
			<Ratio FieldName="NHIG" Type="N">11.50000</Ratio>
			<Ratio FieldName="NLOW" Type="N">1.90000</Ratio>
			<Ratio FieldName="PDATE" Type="D">2021-02-04T00:00:00</Ratio>
			<Ratio FieldName="VOL10DAVG" Type="N">2.74728</Ratio>
			<Ratio FieldName="EV" Type="N">99.31147</Ratio>
		</Group>
		<Group ID="Income Statement">
			<Ratio FieldName="MKTCAP" Type="N">97.19258</Ratio>
			<Ratio FieldName="TTMREV" Type="N">0.00000</Ratio>
			<Ratio FieldName="TTMEBITD" Type="N">-1.46099</Ratio>
			<Ratio FieldName="TTMNIAC" Type="N">-4.70353</Ratio>
		</Group>
		<Group ID="Per share data">
			<Ratio FieldName="TTMEPSXCLX" Type="N">-0.99625</Ratio>
			<Ratio FieldName="TTMREVPS" Type="N">0.00000</Ratio>
			<Ratio FieldName="QBVPS" Type="N">1.28417</Ratio>
			<Ratio FieldName="QCSHPS" Type="N">0.08666</Ratio>
			<Ratio FieldName="TTMCFSHR" Type="N">-99999.99000</Ratio>
			<Ratio FieldName="TTMDIVSHR" Type="N">0.00000</Ratio>
		</Group>
		<Group ID="Other Ratios">
			<Ratio FieldName="TTMGROSMGN" Type="N">-99999.99000</Ratio>
			<Ratio FieldName="TTMROEPCT" Type="N">-18.16704</Ratio>
			<Ratio FieldName="TTMPR2REV" Type="N">-99999.99000</Ratio>
			<Ratio FieldName="PEEXCLXOR" Type="N">-99999.99000</Ratio>
			<Ratio FieldName="PRICE2BK" Type="N">4.19727</Ratio>
			<Ratio FieldName="Employees" Type="N">2</Ratio>
		</Group>
	</Ratios>
	<ForecastData ConsensusType="" CurFiscalYear="" CurFiscalYearEndMonth="" CurInterimEndCalYear="" CurInterimEndMonth="" EarningsBasis="">
		<Ratio FieldName="ConsRecom" Type="N">
			<Value PeriodType="CURR">-99999.99000</Value>
		</Ratio>
		<Ratio FieldName="TargetPrice" Type="N">
			<Value PeriodType="CURR">-99999.99000</Value>
		</Ratio>
		<Ratio FieldName="ProjLTGrowthRate" Type="N">
			<Value PeriodType="CURR">-99999.99000</Value>
		</Ratio>
		<Ratio FieldName="ProjPE" Type="N">
			<Value PeriodType="CURR">-99999.99000</Value>
		</Ratio>
		<Ratio FieldName="ProjSales" Type="N">
			<Value PeriodType="CURR">-99999.99000</Value>
		</Ratio>
		<Ratio FieldName="ProjSalesQ" Type="N">
			<Value PeriodType="CURR">-99999.99000</Value>
		</Ratio>
		<Ratio FieldName="ProjEPS" Type="N">
			<Value PeriodType="CURR">-99999.99000</Value>
		</Ratio>
		<Ratio FieldName="ProjEPSQ" Type="N">
			<Value PeriodType="CURR">-99999.99000</Value>
		</Ratio>
		<Ratio FieldName="ProjProfit" Type="N">
			<Value PeriodType="CURR">-99999.99000</Value>
		</Ratio>
		<Ratio FieldName="ProjDPS" Type="N">
			<Value PeriodType="CURR">-99999.99000</Value>
		</Ratio>
	</ForecastData>
</ReportSnapshot>
