<?xml version="1.0" encoding="UTF-8"?>
<ReportSnapshot Major="1" Minor="0" Revision="1">
	<CoIDs>
		<CoID Type="RepNo">F02DF</CoID>
		<CoID Type="CompanyName">Atara Biotherapeutics Inc</CoID>
		<CoID Type="IRSNo">460920988</CoID>
		<CoID Type="CIKNo">0001604464</CoID>
		<CoID Type="OrganizationPermID">5037937603</CoID>
	</CoIDs>
	<Issues>
		<Issue ID="1" Type="C" Desc="Common Stock" Order="1">
			<IssueID Type="Name">Ordinary Shares</IssueID>
			<IssueID Type="Ticker">ATRA</IssueID>
			<IssueID Type="RIC">ATRA.O</IssueID>
			<IssueID Type="DisplayRIC">ATRA.OQ</IssueID>
			<IssueID Type="InstrumentPI">161326922</IssueID>
			<IssueID Type="QuotePI">161442884</IssueID>
			<IssueID Type="InstrumentPermID">21543438197</IssueID>
			<IssueID Type="QuotePermID">21543516773</IssueID>
			<Exchange Code="NASD" Country="USA">NASDAQ</Exchange>
			<GlobalListingType>OSR</GlobalListingType>
		</Issue>
	</Issues>
	<CoGeneralInfo>
		<CoStatus Code="1">Active</CoStatus>
		<CoType Code="EQU">Equity Issue</CoType>
		<LastModified>2020-11-10</LastModified>
		<LatestAvailableAnnual>2019-12-31</LatestAvailableAnnual>
		<LatestAvailableInterim>2020-09-30</LatestAvailableInterim>
		<Employees LastUpdated="2020-09-30">429</Employees>
		<SharesOut Date="2020-12-08" TotalFloat="81542433.0">82322200.0</SharesOut>
		<ReportingCurrency Code="USD">U.S. Dollars</ReportingCurrency>
		<MostRecentExchange Date="2021-02-03">1.0</MostRecentExchange>
	</CoGeneralInfo>
	<TextInfo>
		<Text Type="Business Summary" lastModified="2017-04-04T00:32:37">Atara Biotherapeutics, Inc. is a clinical-stage biopharmaceutical company. The Company is focused on developing therapies for patients with severe and life-threatening diseases. The Company operates through the business of developing and commercializing therapeutics segment. The Company is focused on developing allogeneic or third-party derived antigen-specific T-cells. T-cells are a type of white blood cell. The Company's product candidate, ATA129, is a third-party derived Epstein-Barr virus CTL for the treatment of Epstein-Barr virus (EBV). ATA188 is in development for the treatment of multiple sclerosis. ATA520, which is a third-party donor derived WT1-CTL, targets cancers expressing the antigen Wilms Tumor 1 (WT1). ATA520 is in Phase I clinical trials. The Company's T-cell product candidate, ATA230, which is a third-party derived cytomegalovirus-CTL (CMV-CTL), is in Phase II clinical trials for refractory CMV.</Text>
		<Text Type="Financial Summary" lastModified="2020-11-10T09:14:47">BRIEF: For the nine months ended 30 September 2020, AtaraBiotherapeutics Inc revenues was not reported. Net lossincreased 6% to $225.3M. Higher net loss reflects OtherResearch and Development increase of 15% to $154.8M(expense), Stock-based Compensation in R&amp;D increase of 23%to $24.3M (expense), Interest and other income decrease of41% to $2M (income). Basic Earnings per Share excludingExtraordinary Items increased from -$4.35 to -$3.26.</Text>
	</TextInfo>
	<contactInfo lastUpdated="2020-12-07T16:15:13">
		<streetAddress line="1">611 Gateway Blvd Ste 900</streetAddress>
		<streetAddress line="2"></streetAddress>
		<streetAddress line="3"></streetAddress>
		<city>SOUTH SAN FRANCISCO</city>
		<state-region>CA</state-region>
		<postalCode>94080-7015</postalCode>
		<country code="USA">United States</country>
		<contactName>Eric Hyllengren</contactName>
		<contactTitle>Vice President, Investor Relations &amp; Finance</contactTitle>
		<phone>
			<phone type="mainphone">
				<countryPhoneCode>1</countryPhoneCode>
				<city-areacode>650</city-areacode>
				<number>2788930</number>
			</phone>
			<phone type="mainfax">
				<countryPhoneCode>1</countryPhoneCode>
				<city-areacode>302</city-areacode>
				<number>6365454</number>
			</phone>
			<phone type="contactphone">
				<countryPhoneCode>1</countryPhoneCode>
				<city-areacode>805</city-areacode>
				<number>3959669</number>
			</phone>
		</phone>
	</contactInfo>
	<webLinks lastUpdated="2016-05-12T11:00:48"><webSite mainCategory="Home Page">http://www.atarabio.com/</webSite><eMail mainCategory="Company Contact/E-mail">ehyllengren@atarabio.com</eMail></webLinks>
	<peerInfo lastUpdated="2020-12-07T16:15:13">
		<IndustryInfo>
			<Industry type="TRBC" order="1" reported="0" code="5620201011" mnem="">Bio Therapeutic Drugs</Industry>
			<Industry type="NAICS" order="1" reported="0" code="541711" mnem="">Research and Development in Biotechnology</Industry>
			<Industry type="NAICS" order="2" reported="0" code="325412" mnem="">Pharmaceutical Preparation Mfg</Industry>
			<Industry type="SIC" order="1" reported="0" code="8731" mnem="">Commercial Physical Research</Industry>
			<Industry type="SIC" order="2" reported="0" code="2834" mnem="">Pharmaceutical Preparations</Industry>
		</IndustryInfo>
	</peerInfo>
	<officers>
		<officer rank="1" since="04/29/2020">
			<firstName>Ronald</firstName>
			<mI>C.</mI>
			<lastName>Renaud</lastName>
			<age></age>
			<title startYear="2020" startMonth="04" startDay="29" iD1="CHM" abbr1="Chmn." iD2="DRC" abbr2="Dir.">Chairman of the Board</title>
		</officer>
		<officer rank="2" since="06/24/2019">
			<firstName>Pascal</firstName>
			<mI></mI>
			<lastName>Touchon</lastName>
			<age>57 </age>
			<title startYear="2019" startMonth="06" startDay="24" iD1="PRE" abbr1="Pres." iD2="CEO" abbr2="CEO">President, Chief Executive Officer, Director</title>
		</officer>
		<officer rank="3" since="06/07/2018">
			<firstName>Utpal</firstName>
			<mI></mI>
			<lastName>Koppikar</lastName>
			<age>49 </age>
			<title startYear="2018" startMonth="06" startDay="07" iD1="CFO" abbr1="CFO" iD2="" abbr2="">Chief Financial Officer</title>
		</officer>
		<officer rank="4" since="04/2017">
			<firstName>Joseph</firstName>
			<mI></mI>
			<lastName>Newell</lastName>
			<age>50 </age>
			<title startYear="2020" startMonth="02" startDay="" iD1="COO" abbr1="COO" iD2="EVP" abbr2="Exec. VP">Chief Operating Officer, Executive Vice President</title>
		</officer>
		<officer rank="5" since="NA">
			<firstName>K. Amar</firstName>
			<mI></mI>
			<lastName>Murugan</lastName>
			<age></age>
			<title startYear="NA" startMonth="" startDay="" iD1="SVP" abbr1="Sr. VP" iD2="GCN" abbr2="Counsel">Senior Vice President, General Counsel</title>
		</officer>
		<officer rank="6" since="02/18/2020">
			<firstName>Kristin</firstName>
			<mI></mI>
			<lastName>Yarema</lastName>
			<age>49 </age>
			<title startYear="2020" startMonth="02" startDay="18" iD1="OTH" abbr1="Other" iD2="" abbr2="">Chief Commercial Officer</title>
		</officer>
	</officers>
	<Ratios PriceCurrency="USD" ReportingCurrency="USD" ExchangeRate="1.00000" LatestAvailableDate="2020-09-30">
		<Group ID="Price and Volume">
			<Ratio FieldName="NPRICE" Type="N">19.37000</Ratio>
			<Ratio FieldName="NHIG" Type="N">28.20000</Ratio>
			<Ratio FieldName="NLOW" Type="N">4.52000</Ratio>
			<Ratio FieldName="PDATE" Type="D">2021-02-04T00:00:00</Ratio>
			<Ratio FieldName="VOL10DAVG" Type="N">0.98420</Ratio>
			<Ratio FieldName="EV" Type="N">1267.39600</Ratio>
		</Group>
		<Group ID="Income Statement">
			<Ratio FieldName="MKTCAP" Type="N">1594.58100</Ratio>
			<Ratio FieldName="TTMREV" Type="N">0.00000</Ratio>
			<Ratio FieldName="TTMEBITD" Type="N">-298.88000</Ratio>
			<Ratio FieldName="TTMNIAC" Type="N">-303.80900</Ratio>
		</Group>
		<Group ID="Per share data">
			<Ratio FieldName="TTMEPSXCLX" Type="N">-4.61666</Ratio>
			<Ratio FieldName="TTMREVPS" Type="N">0.00000</Ratio>
			<Ratio FieldName="QBVPS" Type="N">4.58346</Ratio>
			<Ratio FieldName="QCSHPS" Type="N">4.23705</Ratio>
			<Ratio FieldName="TTMCFSHR" Type="N">-4.41143</Ratio>
			<Ratio FieldName="TTMDIVSHR" Type="N">0.00000</Ratio>
		</Group>
		<Group ID="Other Ratios">
			<Ratio FieldName="TTMGROSMGN" Type="N">-99999.99000</Ratio>
			<Ratio FieldName="TTMROEPCT" Type="N">-90.36865</Ratio>
			<Ratio FieldName="TTMPR2REV" Type="N">-99999.99000</Ratio>
			<Ratio FieldName="PEEXCLXOR" Type="N">-99999.99000</Ratio>
			<Ratio FieldName="PRICE2BK" Type="N">4.22606</Ratio>
			<Ratio FieldName="Employees" Type="N">429</Ratio>
		</Group>
	</Ratios>
	<ForecastData ConsensusType="Mean" CurFiscalYear="2020" CurFiscalYearEndMonth="12" CurInterimEndCalYear="2020" CurInterimEndMonth="12" EarningsBasis="PRX">
		<Ratio FieldName="ConsRecom" Type="N">
			<Value PeriodType="CURR">2.1667</Value>
		</Ratio>
		<Ratio FieldName="TargetPrice" Type="N">
			<Value PeriodType="CURR">28.33330</Value>
		</Ratio>
		<Ratio FieldName="ProjLTGrowthRate" Type="N">
			<Value PeriodType="CURR">-99999.99000</Value>
		</Ratio>
		<Ratio FieldName="ProjPE" Type="N">
			<Value PeriodType="CURR">-4.81338</Value>
		</Ratio>
		<Ratio FieldName="ProjSales" Type="N">
			<Value PeriodType="CURR">7.50000</Value>
		</Ratio>
		<Ratio FieldName="ProjSalesQ" Type="N">
			<Value PeriodType="CURR">7.50000</Value>
		</Ratio>
		<Ratio FieldName="ProjEPS" Type="N">
			<Value PeriodType="CURR">-4.02420</Value>
		</Ratio>
		<Ratio FieldName="ProjEPSQ" Type="N">
			<Value PeriodType="CURR">-0.82200</Value>
		</Ratio>
		<Ratio FieldName="ProjProfit" Type="N">
			<Value PeriodType="CURR">-295.81180</Value>
		</Ratio>
		<Ratio FieldName="ProjDPS" Type="N">
			<Value PeriodType="CURR">1.00000</Value>
		</Ratio>
	</ForecastData>
</ReportSnapshot>
