<?xml version="1.0" encoding="UTF-8"?>
<ReportSnapshot Major="1" Minor="0" Revision="1">
	<CoIDs>
		<CoID Type="RepNo">01780</CoID>
		<CoID Type="CompanyName">Atrion Corporation</CoID>
		<CoID Type="IRSNo">630821819</CoID>
		<CoID Type="CIKNo">0000701288</CoID>
		<CoID Type="OrganizationPermID">4295905636</CoID>
	</CoIDs>
	<Issues>
		<Issue ID="1" Type="C" Desc="Common Stock" Order="1">
			<IssueID Type="Name">Ordinary Shares</IssueID>
			<IssueID Type="Ticker">ATRI</IssueID>
			<IssueID Type="RIC">ATRI.O</IssueID>
			<IssueID Type="DisplayRIC">ATRI.OQ</IssueID>
			<IssueID Type="InstrumentPI">258859</IssueID>
			<IssueID Type="QuotePI">7686368</IssueID>
			<IssueID Type="InstrumentPermID">8590932895</IssueID>
			<IssueID Type="QuotePermID">55835315684</IssueID>
			<Exchange Code="NASD" Country="USA">NASDAQ</Exchange>
			<GlobalListingType>OSR</GlobalListingType>
			<MostRecentSplit Date="1996-12-03">1.5</MostRecentSplit>
		</Issue>
	</Issues>
	<CoGeneralInfo>
		<CoStatus Code="1">Active</CoStatus>
		<CoType Code="EQU">Equity Issue</CoType>
		<LastModified>2021-01-11</LastModified>
		<LatestAvailableAnnual>2019-12-31</LatestAvailableAnnual>
		<LatestAvailableInterim>2020-09-30</LatestAvailableInterim>
		<Employees LastUpdated="2019-12-31">616</Employees>
		<SharesOut Date="2020-10-30" TotalFloat="1429238.0">1828953.0</SharesOut>
		<ReportingCurrency Code="USD">U.S. Dollars</ReportingCurrency>
		<MostRecentExchange Date="2021-02-03">1.0</MostRecentExchange>
	</CoGeneralInfo>
	<TextInfo>
		<Text Type="Business Summary" lastModified="2017-04-04T00:32:41">Atrion Corporation (Atrion) is engaged in developing and manufacturing products, primarily for medical applications. The Company's medical products range from fluid delivery devices to ophthalmic and cardiovascular products. Its fluid delivery products include valves that promote infection control and needle safety. It has developed a range of valves designed to fill, hold and release controlled amounts of fluids or gasses on demand for use in various intubation, intravenous, catheter and other applications in areas, such as anesthesia and oncology. Its cardiovascular product, MPS2 Myocardial Protection System (MPS2), is the system used in open-heart surgery that delivers fluids and medications, mixes critical drugs and controls temperature, pressure and other variables. The Company manufactures specialized medical devices that disinfect contact lenses. Its other medical and non-medical product lines consist of instrumentation and associated disposables.</Text>
		<Text Type="Financial Summary" lastModified="2021-01-11T02:33:46">BRIEF: For the nine months ended 30 September 2020, AtrionCorporation revenues decreased 4% to $115.3M. Net incomedecreased 14% to $24.7M. Revenues reflect Cardiovascularsegment decrease of 17% to $37M, Opthalmology segmentdecrease of 47% to $3M, United States segment decrease of14% to $65.6M. Net income also reflects General andadministrative increase of 5% to $13.1M (expense), Interestand dividend income decrease of 34% to $1.1M (income).</Text>
	</TextInfo>
	<contactInfo lastUpdated="2021-01-11T02:35:22">
		<streetAddress line="1">1 Allentown Pkwy</streetAddress>
		<streetAddress line="2"></streetAddress>
		<streetAddress line="3"></streetAddress>
		<city>ALLEN</city>
		<state-region>TX</state-region>
		<postalCode>75002-4206</postalCode>
		<country code="USA">United States</country>
		<contactName>Jeffery Strickland</contactName>
		<contactTitle>Chief Financial Officer, Vice President, Treasurer, Secretary</contactTitle>
		<phone>
			<phone type="mainphone">
				<countryPhoneCode>1</countryPhoneCode>
				<city-areacode>972</city-areacode>
				<number>3909800</number>
			</phone>
			<phone type="mainfax">
				<countryPhoneCode>1</countryPhoneCode>
				<city-areacode>972</city-areacode>
				<number>3967581</number>
			</phone>
			<phone type="contactphone">
				<countryPhoneCode>1</countryPhoneCode>
				<city-areacode>972</city-areacode>
				<number>3909800</number>
			</phone>
		</phone>
	</contactInfo>
	<webLinks lastUpdated="2019-12-02T11:01:52"><webSite mainCategory="Home Page">http://www.atrioncorp.com/</webSite><eMail mainCategory="Company Contact/E-mail">ir-info@atrioncorp.com</eMail></webLinks>
	<peerInfo lastUpdated="2021-01-11T02:35:22">
		<IndustryInfo>
			<Industry type="TRBC" order="1" reported="0" code="5610102010" mnem="">Medical Equipment, Supplies &amp; Distribution - NEC</Industry>
			<Industry type="NAICS" order="1" reported="0" code="339115" mnem="">Ophthalmic Goods Mfg</Industry>
			<Industry type="NAICS" order="2" reported="0" code="339112" mnem="">Surgical &amp; Medical Instrument Mfg</Industry>
			<Industry type="SIC" order="0" reported="1" code="3841" mnem="">Surgical And Medical Instruments</Industry>
			<Industry type="SIC" order="1" reported="0" code="3851" mnem="">Ophthalmic Goods</Industry>
			<Industry type="SIC" order="2" reported="0" code="3841" mnem="">Surgical And Medical Instruments</Industry>
		</IndustryInfo>
	</peerInfo>
	<officers>
		<officer rank="1" since="01/1998">
			<firstName>Emile</firstName>
			<mI>A.</mI>
			<lastName>Battat</lastName>
			<age>82 </age>
			<title startYear="2011" startMonth="05" startDay="26" iD1="CHM" abbr1="Chmn." iD2="DRC" abbr2="Dir.">Chairman of the Board, Chairman of the Board of Halkey-Roberts Corporation</title>
		</officer>
		<officer rank="2" since="05/15/2007">
			<firstName>David</firstName>
			<mI>A.</mI>
			<lastName>Battat</lastName>
			<age>50 </age>
			<title startYear="2011" startMonth="05" startDay="26" iD1="CEO" abbr1="CEO" iD2="PRE" abbr2="Pres.">President, Chief Executive Officer, President of Halkey-Roberts</title>
		</officer>
		<officer rank="3" since="02/01/1997">
			<firstName>Jeffery</firstName>
			<mI>Andrew</mI>
			<lastName>Strickland</lastName>
			<age>61 </age>
			<title startYear="1997" startMonth="02" startDay="01" iD1="CFO" abbr1="CFO" iD2="VPR" abbr2="VP">Chief Financial Officer, Vice President, Treasurer, Secretary</title>
		</officer>
	</officers>
	<Ratios PriceCurrency="USD" ReportingCurrency="USD" ExchangeRate="1.00000" LatestAvailableDate="2020-09-30">
		<Group ID="Price and Volume">
			<Ratio FieldName="NPRICE" Type="N">665.00000</Ratio>
			<Ratio FieldName="NHIG" Type="N">754.99990</Ratio>
			<Ratio FieldName="NLOW" Type="N">567.00010</Ratio>
			<Ratio FieldName="PDATE" Type="D">2021-02-04T00:00:00</Ratio>
			<Ratio FieldName="VOL10DAVG" Type="N">0.00644</Ratio>
			<Ratio FieldName="EV" Type="N">1173.47900</Ratio>
		</Group>
		<Group ID="Income Statement">
			<Ratio FieldName="MKTCAP" Type="N">1216.25400</Ratio>
			<Ratio FieldName="TTMREV" Type="N">149.81300</Ratio>
			<Ratio FieldName="TTMEBITD" Type="N">48.82700</Ratio>
			<Ratio FieldName="TTMNIAC" Type="N">32.79400</Ratio>
		</Group>
		<Group ID="Per share data">
			<Ratio FieldName="TTMEPSXCLX" Type="N">17.73481</Ratio>
			<Ratio FieldName="TTMREVPS" Type="N">81.03475</Ratio>
			<Ratio FieldName="QBVPS" Type="N">130.19030</Ratio>
			<Ratio FieldName="QCSHPS" Type="N">23.38710</Ratio>
			<Ratio FieldName="TTMCFSHR" Type="N">23.90967</Ratio>
			<Ratio FieldName="TTMDIVSHR" Type="N">6.40000</Ratio>
		</Group>
		<Group ID="Other Ratios">
			<Ratio FieldName="TTMGROSMGN" Type="N">45.21437</Ratio>
			<Ratio FieldName="TTMROEPCT" Type="N">13.94235</Ratio>
			<Ratio FieldName="TTMPR2REV" Type="N">8.11848</Ratio>
			<Ratio FieldName="PEEXCLXOR" Type="N">37.49688</Ratio>
			<Ratio FieldName="PRICE2BK" Type="N">5.10791</Ratio>
			<Ratio FieldName="Employees" Type="N">616</Ratio>
		</Group>
	</Ratios>
	<ForecastData ConsensusType="" CurFiscalYear="" CurFiscalYearEndMonth="" CurInterimEndCalYear="" CurInterimEndMonth="" EarningsBasis="">
		<Ratio FieldName="ConsRecom" Type="N">
			<Value PeriodType="CURR">-99999.99000</Value>
		</Ratio>
		<Ratio FieldName="TargetPrice" Type="N">
			<Value PeriodType="CURR">-99999.99000</Value>
		</Ratio>
		<Ratio FieldName="ProjLTGrowthRate" Type="N">
			<Value PeriodType="CURR">-99999.99000</Value>
		</Ratio>
		<Ratio FieldName="ProjPE" Type="N">
			<Value PeriodType="CURR">-99999.99000</Value>
		</Ratio>
		<Ratio FieldName="ProjSales" Type="N">
			<Value PeriodType="CURR">-99999.99000</Value>
		</Ratio>
		<Ratio FieldName="ProjSalesQ" Type="N">
			<Value PeriodType="CURR">-99999.99000</Value>
		</Ratio>
		<Ratio FieldName="ProjEPS" Type="N">
			<Value PeriodType="CURR">-99999.99000</Value>
		</Ratio>
		<Ratio FieldName="ProjEPSQ" Type="N">
			<Value PeriodType="CURR">-99999.99000</Value>
		</Ratio>
		<Ratio FieldName="ProjProfit" Type="N">
			<Value PeriodType="CURR">-99999.99000</Value>
		</Ratio>
		<Ratio FieldName="ProjDPS" Type="N">
			<Value PeriodType="CURR">-99999.99000</Value>
		</Ratio>
	</ForecastData>
</ReportSnapshot>
