<?xml version="1.0" encoding="UTF-8"?>
<ReportSnapshot Major="1" Minor="0" Revision="1">
	<CoIDs>
		<CoID Type="RepNo">A9D29</CoID>
		<CoID Type="CompanyName">Air Transport Services Group Inc.</CoID>
		<CoID Type="IRSNo">261631624</CoID>
		<CoID Type="CIKNo">0000894081</CoID>
		<CoID Type="OrganizationPermID">4295902984</CoID>
	</CoIDs>
	<Issues>
		<Issue ID="1" Type="C" Desc="Common Stock" Order="1">
			<IssueID Type="Name">Ordinary Shares</IssueID>
			<IssueID Type="Ticker">ATSG</IssueID>
			<IssueID Type="RIC">ATSG.O</IssueID>
			<IssueID Type="DisplayRIC">ATSG.OQ</IssueID>
			<IssueID Type="InstrumentPI">13332794</IssueID>
			<IssueID Type="QuotePI">20512246</IssueID>
			<IssueID Type="InstrumentPermID">8590927036</IssueID>
			<IssueID Type="QuotePermID">55840724067</IssueID>
			<Exchange Code="NASD" Country="USA">NASDAQ</Exchange>
			<GlobalListingType>OSR</GlobalListingType>
		</Issue>
	</Issues>
	<CoGeneralInfo>
		<CoStatus Code="1">Active</CoStatus>
		<CoType Code="EQU">Equity Issue</CoType>
		<LastModified>2020-11-05</LastModified>
		<LatestAvailableAnnual>2019-12-31</LatestAvailableAnnual>
		<LatestAvailableInterim>2020-09-30</LatestAvailableInterim>
		<Employees LastUpdated="2019-12-31">4380</Employees>
		<SharesOut Date="2020-11-04" TotalFloat="58188523.0">59589770.0</SharesOut>
		<ReportingCurrency Code="USD">U.S. Dollars</ReportingCurrency>
		<MostRecentExchange Date="2021-02-03">1.0</MostRecentExchange>
	</CoGeneralInfo>
	<TextInfo>
		<Text Type="Business Summary" lastModified="2017-03-30T23:02:11">Air Transport Services Group, Inc. (ATSG) is a holding company. The Company provides airline operations, aircraft leases, aircraft maintenance and other support services primarily to the cargo transportation and package delivery industries. It offers aircraft, crew, maintenance and insurance (ACMI) for specified cargo operations. Its segments include ACMI Services and CAM. Through its subsidiaries, it offers a range of complementary services to delivery companies, freight forwarders, airlines and government customers. Its leasing subsidiary, Cargo Aircraft Management, Inc. (CAM) leases cargo aircraft to its airlines, as well as to non-affiliated airlines and other lessees. Airborne Global Solutions, Inc. (AGS) is its subsidiary that assists the Company's businesses in marketing plans and provides sales leads to its subsidiaries by identifying customers' business and operational requirements. It owns two airlines, ABX Air, Inc. (ABX) and Air Transport International, Inc. (ATI).</Text>
		<Text Type="Financial Summary" lastModified="2020-11-05T03:22:28">BRIEF: For the nine months ended 30 September 2020, AirTransport Services Group Inc. revenues increased 12% to$1.17B. Net income before extraordinary items decreased 77%to $22.8M. Revenues reflect ACMI Services segment increaseof 11% to $872M, CAM segment increase of 7% to $225.3M. Netincome was offset by Net (loss) gain on financialinstruments decrease from $60.6M (income) to $56.1M(expense).</Text>
	</TextInfo>
	<contactInfo lastUpdated="2021-01-20T05:44:49">
		<streetAddress line="1">145 HUNTER DR</streetAddress>
		<streetAddress line="2"></streetAddress>
		<streetAddress line="3"></streetAddress>
		<city>WILMINGTON</city>
		<state-region>OH</state-region>
		<postalCode>45177</postalCode>
		<country code="USA">United States</country>
		<contactName></contactName>
		<contactTitle></contactTitle>
		<phone>
			<phone type="mainphone">
				<countryPhoneCode>1</countryPhoneCode>
				<city-areacode>937</city-areacode>
				<number>3825591</number>
			</phone>
			<phone type="mainfax">
				<countryPhoneCode>1</countryPhoneCode>
				<city-areacode>302</city-areacode>
				<number>6365454</number>
			</phone>
		</phone>
	</contactInfo>
	<webLinks lastUpdated="2019-12-02T11:00:56"><webSite mainCategory="Home Page">http://www.atsginc.com/</webSite><eMail mainCategory="Company Contact/E-mail">investor.relations@atsginc.com</eMail></webLinks>
	<peerInfo lastUpdated="2021-01-20T05:44:49">
		<IndustryInfo>
			<Industry type="TRBC" order="1" reported="0" code="5240501012" mnem="">Air Freight</Industry>
			<Industry type="NAICS" order="1" reported="0" code="492110" mnem="">Couriers and Express Delivery Services</Industry>
			<Industry type="NAICS" order="2" reported="0" code="488119" mnem="">Other Airport Operations</Industry>
			<Industry type="NAICS" order="3" reported="0" code="488190" mnem="">Other Support Activities for Air Transportation</Industry>
			<Industry type="NAICS" order="4" reported="0" code="611519" mnem="">Other Technical &amp; Trade Schools</Industry>
			<Industry type="SIC" order="0" reported="1" code="4513" mnem="">Air Courier Services</Industry>
			<Industry type="SIC" order="1" reported="0" code="4215" mnem="">Courier Services, Except By Air</Industry>
			<Industry type="SIC" order="2" reported="0" code="4581" mnem="">Airports/flying Fields/services</Industry>
			<Industry type="SIC" order="3" reported="0" code="8249" mnem="">Vocational Schools, Nec</Industry>
		</IndustryInfo>
	</peerInfo>
	<officers>
		<officer rank="1" since="NA">
			<firstName>Joseph</firstName>
			<mI>C.</mI>
			<lastName>Hete</lastName>
			<age>65 </age>
			<title startYear="2020" startMonth="05" startDay="07" iD1="CHM" abbr1="Chmn." iD2="DRC" abbr2="Dir.">Chairman of the Board</title>
		</officer>
		<officer rank="2" since="04/01/2010">
			<firstName>Richard</firstName>
			<mI>Francis</mI>
			<lastName>Corrado</lastName>
			<age>60 </age>
			<title startYear="2020" startMonth="05" startDay="07" iD1="PRE" abbr1="Pres." iD2="CEO" abbr2="CEO">President, Chief Executive Officer, Director</title>
		</officer>
		<officer rank="3" since="02/2002">
			<firstName>Quint</firstName>
			<mI>O.</mI>
			<lastName>Turner</lastName>
			<age>57 </age>
			<title startYear="2008" startMonth="02" startDay="" iD1="CFO" abbr1="CFO" iD2="" abbr2="">Chief Financial Officer</title>
		</officer>
		<officer rank="4" since="NA">
			<firstName>Todd</firstName>
			<mI></mI>
			<lastName>France</lastName>
			<age></age>
			<title startYear="2020" startMonth="02" startDay="08" iD1="CEX" abbr1="Corp. Exec." iD2="" abbr2="">President - Airborne Maintenance and Engineering Services, Inc</title>
		</officer>
		<officer rank="5" since="09/16/2019">
			<firstName>Edward</firstName>
			<mI>J.</mI>
			<lastName>Koharik</lastName>
			<age>49 </age>
			<title startYear="2019" startMonth="09" startDay="16" iD1="COO" abbr1="COO" iD2="" abbr2="">Chief Operating Officer</title>
		</officer>
		<officer rank="6" since="01/1999">
			<firstName>W. Joseph</firstName>
			<mI></mI>
			<lastName>Payne</lastName>
			<age>56 </age>
			<title startYear="2016" startMonth="05" startDay="" iD1="SVP" abbr1="Sr. VP" iD2="GCN" abbr2="Counsel">Senior Vice President, Corporate General Counsel, Secretary and Chief Legal Officer</title>
		</officer>
		<officer rank="7" since="02/26/2018">
			<firstName>Mike</firstName>
			<mI>L.</mI>
			<lastName>Berger</lastName>
			<age>49 </age>
			<title startYear="2018" startMonth="02" startDay="26" iD1="OTH" abbr1="Other" iD2="" abbr2="">Chief Commercial Officer</title>
		</officer>
	</officers>
	<Ratios PriceCurrency="USD" ReportingCurrency="USD" ExchangeRate="1.00000" LatestAvailableDate="2020-09-30">
		<Group ID="Price and Volume">
			<Ratio FieldName="NPRICE" Type="N">26.32000</Ratio>
			<Ratio FieldName="NHIG" Type="N">32.43000</Ratio>
			<Ratio FieldName="NLOW" Type="N">13.20010</Ratio>
			<Ratio FieldName="PDATE" Type="D">2021-02-04T00:00:00</Ratio>
			<Ratio FieldName="VOL10DAVG" Type="N">0.56079</Ratio>
			<Ratio FieldName="EV" Type="N">2987.91100</Ratio>
		</Group>
		<Group ID="Income Statement">
			<Ratio FieldName="MKTCAP" Type="N">1568.40300</Ratio>
			<Ratio FieldName="TTMREV" Type="N">1574.56800</Ratio>
			<Ratio FieldName="TTMEBITD" Type="N">510.69600</Ratio>
			<Ratio FieldName="TTMNIAC" Type="N">-18.27800</Ratio>
		</Group>
		<Group ID="Per share data">
			<Ratio FieldName="TTMEPSXCLX" Type="N">-0.60494</Ratio>
			<Ratio FieldName="TTMREVPS" Type="N">25.69129</Ratio>
			<Ratio FieldName="QBVPS" Type="N">11.99233</Ratio>
			<Ratio FieldName="QCSHPS" Type="N">1.02497</Ratio>
			<Ratio FieldName="TTMCFSHR" Type="N">4.66183</Ratio>
			<Ratio FieldName="TTMDIVSHR" Type="N">0.00000</Ratio>
		</Group>
		<Group ID="Other Ratios">
			<Ratio FieldName="TTMGROSMGN" Type="N">57.26612</Ratio>
			<Ratio FieldName="TTMROEPCT" Type="N">-3.05750</Ratio>
			<Ratio FieldName="TTMPR2REV" Type="N">0.99608</Ratio>
			<Ratio FieldName="PEEXCLXOR" Type="N">-99999.99000</Ratio>
			<Ratio FieldName="PRICE2BK" Type="N">2.19474</Ratio>
			<Ratio FieldName="Employees" Type="N">4380</Ratio>
		</Group>
	</Ratios>
	<ForecastData ConsensusType="Mean" CurFiscalYear="2020" CurFiscalYearEndMonth="12" CurInterimEndCalYear="2020" CurInterimEndMonth="12" EarningsBasis="PRX">
		<Ratio FieldName="ConsRecom" Type="N">
			<Value PeriodType="CURR">1.4286</Value>
		</Ratio>
		<Ratio FieldName="TargetPrice" Type="N">
			<Value PeriodType="CURR">30.42860</Value>
		</Ratio>
		<Ratio FieldName="ProjLTGrowthRate" Type="N">
			<Value PeriodType="CURR">-99999.99000</Value>
		</Ratio>
		<Ratio FieldName="ProjPE" Type="N">
			<Value PeriodType="CURR">15.74539</Value>
		</Ratio>
		<Ratio FieldName="ProjSales" Type="N">
			<Value PeriodType="CURR">1586.80630</Value>
		</Ratio>
		<Ratio FieldName="ProjSalesQ" Type="N">
			<Value PeriodType="CURR">414.26160</Value>
		</Ratio>
		<Ratio FieldName="ProjEPS" Type="N">
			<Value PeriodType="CURR">1.67160</Value>
		</Ratio>
		<Ratio FieldName="ProjEPSQ" Type="N">
			<Value PeriodType="CURR">0.33590</Value>
		</Ratio>
		<Ratio FieldName="ProjProfit" Type="N">
			<Value PeriodType="CURR">118.23260</Value>
		</Ratio>
		<Ratio FieldName="ProjDPS" Type="N">
			<Value PeriodType="CURR">-99999.99000</Value>
		</Ratio>
	</ForecastData>
</ReportSnapshot>
