<?xml version="1.0" encoding="UTF-8"?>
<ReportSnapshot Major="1" Minor="0" Revision="1">
	<CoIDs>
		<CoID Type="RepNo">01249</CoID>
		<CoID Type="CompanyName">Avenue Therapeutics Inc</CoID>
		<CoID Type="IRSNo">474113275</CoID>
		<CoID Type="CIKNo">0001644963</CoID>
		<CoID Type="OrganizationPermID">5045106861</CoID>
	</CoIDs>
	<Issues>
		<Issue ID="1" Type="C" Desc="Common Stock" Order="1">
			<IssueID Type="Name">Ordinary Shares</IssueID>
			<IssueID Type="Ticker">ATXI</IssueID>
			<IssueID Type="RIC">ATXI.O</IssueID>
			<IssueID Type="DisplayRIC">ATXI.OQ</IssueID>
			<IssueID Type="InstrumentPI">259291566</IssueID>
			<IssueID Type="QuotePI">259783190</IssueID>
			<IssueID Type="InstrumentPermID">21612585996</IssueID>
			<IssueID Type="QuotePermID">25727436449</IssueID>
			<Exchange Code="NASD" Country="USA">NASDAQ</Exchange>
			<GlobalListingType>OSR</GlobalListingType>
		</Issue>
	</Issues>
	<CoGeneralInfo>
		<CoStatus Code="1">Active</CoStatus>
		<CoType Code="EQU">Equity Issue</CoType>
		<LastModified>2020-11-11</LastModified>
		<LatestAvailableAnnual>2019-12-31</LatestAvailableAnnual>
		<LatestAvailableInterim>2020-09-30</LatestAvailableInterim>
		<Employees LastUpdated="2019-12-31">4</Employees>
		<SharesOut Date="2020-10-28" TotalFloat="6649579.0">16747803.0</SharesOut>
		<ReportingCurrency Code="USD">U.S. Dollars</ReportingCurrency>
		<MostRecentExchange Date="2021-02-03">1.0</MostRecentExchange>
	</CoGeneralInfo>
	<TextInfo>
		<Text Type="Business Summary" lastModified="2020-06-01T14:41:29">Avenue Therapeutics, Inc. is a pharmaceutical company. The Company is focused on developing and commercializing its product principally for use in the acute/intensive care hospital setting. The Companys product candidate is intravenous (IV) Tramadol, for the treatment of moderate to moderately severe post-operative pain. Tramadol, a synthetic dual-acting opioid, is a centrally acting analgesic with weak opioid agonist properties. It also works via the inhibition of serotonin and noradrenaline re-uptake and blocking nociceptive impulses at the spinal level. Its Oral tramadol is marketed in the United States for moderate to moderately severe pain in adults. Its Parenteral tramadol formulations include IV, intramuscular (IM), and subcutaneous (SC) formulations. Tramadol is marketed in the United States under the trade name Ultram immediate release tablet. Ultracet is a combination product containing tramadol and acetaminophen, is also marketed in the United States. </Text>
		<Text Type="Financial Summary" lastModified="2020-11-11T23:27:50">BRIEF: For the nine months ended 30 September 2020, AvenueTherapeutics Inc revenues was not reported. Net lossdecreased 80% to $4.2M. Lower net loss reflects Researchand development decrease of 87% to $2.4M (expense), Generaland administrative decrease of 25% to $1.8M (expense).Basic Earnings per Share excluding Extraordinary Itemsincreased from -$1.38 to -$0.25.</Text>
	</TextInfo>
	<contactInfo lastUpdated="2021-02-02T07:41:48">
		<streetAddress line="1">2 Gansevoort St Fl 9</streetAddress>
		<streetAddress line="2"></streetAddress>
		<streetAddress line="3"></streetAddress>
		<city>NEW YORK</city>
		<state-region>NY</state-region>
		<postalCode>10014-1667</postalCode>
		<country code="USA">United States</country>
		<contactName></contactName>
		<contactTitle></contactTitle>
		<phone>
			<phone type="mainphone">
				<countryPhoneCode>1</countryPhoneCode>
				<city-areacode>781</city-areacode>
				<number>6524500</number>
			</phone>
			<phone type="mainfax">
				<countryPhoneCode>1</countryPhoneCode>
				<city-areacode>302</city-areacode>
				<number>5313150</number>
			</phone>
		</phone>
	</contactInfo>
	<webLinks lastUpdated="2017-06-26T00:30:01"><webSite mainCategory="Home Page">http://www.avenuetx.com/</webSite><eMail mainCategory="Company Contact/E-mail">
		</eMail></webLinks>
	<peerInfo lastUpdated="2021-02-02T07:41:48">
		<IndustryInfo>
			<Industry type="TRBC" order="1" reported="0" code="5620201011" mnem="">Bio Therapeutic Drugs</Industry>
			<Industry type="NAICS" order="1" reported="0" code="325412" mnem="">Pharmaceutical Preparation Mfg</Industry>
			<Industry type="SIC" order="1" reported="0" code="2834" mnem="">Pharmaceutical Preparations</Industry>
		</IndustryInfo>
	</peerInfo>
	<officers>
		<officer rank="1" since="2015">
			<firstName>Lindsay</firstName>
			<mI>A.</mI>
			<lastName>Rosenwald</lastName>
			<age>65 </age>
			<title startYear="2015" startMonth="" startDay="" iD1="CHM" abbr1="Chmn." iD2="DRC" abbr2="Dir.">Executive Chairman of the Board</title>
		</officer>
		<officer rank="2" since="2015">
			<firstName>Lucy</firstName>
			<mI></mI>
			<lastName>Lu</lastName>
			<age>45 </age>
			<title startYear="2015" startMonth="" startDay="" iD1="PRE" abbr1="Pres." iD2="CEO" abbr2="CEO">President, Chief Executive Officer, Director</title>
		</officer>
		<officer rank="3" since="08/2017">
			<firstName>Joseph</firstName>
			<mI></mI>
			<lastName>Vazzano</lastName>
			<age>36 </age>
			<title startYear="2019" startMonth="02" startDay="08" iD1="CFO" abbr1="CFO" iD2="SEC" abbr2="Secy.">Chief Financial Officer, Principal Financial Officer and Corporate Secretary</title>
		</officer>
	</officers>
	<Ratios PriceCurrency="USD" ReportingCurrency="USD" ExchangeRate="1.00000" LatestAvailableDate="2020-09-30">
		<Group ID="Price and Volume">
			<Ratio FieldName="NPRICE" Type="N">6.48000</Ratio>
			<Ratio FieldName="NHIG" Type="N">12.33980</Ratio>
			<Ratio FieldName="NLOW" Type="N">2.85000</Ratio>
			<Ratio FieldName="PDATE" Type="D">2021-02-04T00:00:00</Ratio>
			<Ratio FieldName="VOL10DAVG" Type="N">0.10550</Ratio>
			<Ratio FieldName="EV" Type="N">104.20080</Ratio>
		</Group>
		<Group ID="Income Statement">
			<Ratio FieldName="MKTCAP" Type="N">108.52580</Ratio>
			<Ratio FieldName="TTMREV" Type="N">0.00000</Ratio>
			<Ratio FieldName="TTMEBITD" Type="N">-9.68800</Ratio>
			<Ratio FieldName="TTMNIAC" Type="N">-9.57300</Ratio>
		</Group>
		<Group ID="Per share data">
			<Ratio FieldName="TTMEPSXCLX" Type="N">-0.58192</Ratio>
			<Ratio FieldName="TTMREVPS" Type="N">0.00000</Ratio>
			<Ratio FieldName="QBVPS" Type="N">0.19310</Ratio>
			<Ratio FieldName="QCSHPS" Type="N">0.25824</Ratio>
			<Ratio FieldName="TTMCFSHR" Type="N">-99999.99000</Ratio>
			<Ratio FieldName="TTMDIVSHR" Type="N">0.00000</Ratio>
		</Group>
		<Group ID="Other Ratios">
			<Ratio FieldName="TTMGROSMGN" Type="N">-99999.99000</Ratio>
			<Ratio FieldName="TTMROEPCT" Type="N">-126.00200</Ratio>
			<Ratio FieldName="TTMPR2REV" Type="N">-99999.99000</Ratio>
			<Ratio FieldName="PEEXCLXOR" Type="N">-99999.99000</Ratio>
			<Ratio FieldName="PRICE2BK" Type="N">33.55774</Ratio>
			<Ratio FieldName="Employees" Type="N">4</Ratio>
		</Group>
	</Ratios>
	<ForecastData ConsensusType="Mean" CurFiscalYear="2020" CurFiscalYearEndMonth="12" CurInterimEndCalYear="2020" CurInterimEndMonth="12" EarningsBasis="REP">
		<Ratio FieldName="ConsRecom" Type="N">
			<Value PeriodType="CURR">2</Value>
		</Ratio>
		<Ratio FieldName="TargetPrice" Type="N">
			<Value PeriodType="CURR">12.50000</Value>
		</Ratio>
		<Ratio FieldName="ProjLTGrowthRate" Type="N">
			<Value PeriodType="CURR">-99999.99000</Value>
		</Ratio>
		<Ratio FieldName="ProjPE" Type="N">
			<Value PeriodType="CURR">-20.90323</Value>
		</Ratio>
		<Ratio FieldName="ProjSales" Type="N">
			<Value PeriodType="CURR">0.00000</Value>
		</Ratio>
		<Ratio FieldName="ProjSalesQ" Type="N">
			<Value PeriodType="CURR">0.00000</Value>
		</Ratio>
		<Ratio FieldName="ProjEPS" Type="N">
			<Value PeriodType="CURR">-0.31000</Value>
		</Ratio>
		<Ratio FieldName="ProjEPSQ" Type="N">
			<Value PeriodType="CURR">-0.06000</Value>
		</Ratio>
		<Ratio FieldName="ProjProfit" Type="N">
			<Value PeriodType="CURR">-5.12450</Value>
		</Ratio>
		<Ratio FieldName="ProjDPS" Type="N">
			<Value PeriodType="CURR">-99999.99000</Value>
		</Ratio>
	</ForecastData>
</ReportSnapshot>
