<?xml version="1.0" encoding="UTF-8"?>
<ReportSnapshot Major="1" Minor="0" Revision="1">
	<CoIDs>
		<CoID Type="RepNo">02AB9</CoID>
		<CoID Type="CompanyName">Autolus Therapeutics PLC</CoID>
		<CoID Type="CIKNo">0001730463</CoID>
		<CoID Type="OrganizationPermID">5063744039</CoID>
	</CoIDs>
	<Issues>
		<Issue ID="1" Type="C" Desc="Common Stock" Order="1">
			<IssueID Type="Name">ADR</IssueID>
			<IssueID Type="Ticker">AUTL</IssueID>
			<IssueID Type="RIC">AUTL.O</IssueID>
			<IssueID Type="DisplayRIC">AUTL.OQ</IssueID>
			<IssueID Type="InstrumentPI">305585905</IssueID>
			<IssueID Type="QuotePI">310553506</IssueID>
			<IssueID Type="InstrumentPermID">21647835738</IssueID>
			<IssueID Type="QuotePermID">25727401922</IssueID>
			<Exchange Code="NASD" Country="USA">NASDAQ</Exchange>
			<GlobalListingType SharesPerListing="1.0">ADR</GlobalListingType>
		</Issue>
		<Issue ID="2" Type="C" Desc="Common Stock" Order="2">
			<IssueID Type="Name">Ordinary Shares</IssueID>
			<IssueID Type="ISIN">GB00BGBX2D64</IssueID>
			<IssueID Type="InstrumentPI">305585701</IssueID>
			<IssueID Type="InstrumentPermID">21647835636</IssueID>
			<Exchange Code="NA" Country="">Not Available</Exchange>
		</Issue>
	</Issues>
	<CoGeneralInfo>
		<CoStatus Code="1">Active</CoStatus>
		<CoType Code="EQU">Equity Issue</CoType>
		<LastModified>2021-01-20</LastModified>
		<LatestAvailableAnnual>2019-12-31</LatestAvailableAnnual>
		<LatestAvailableInterim>2020-09-30</LatestAvailableInterim>
		<Employees LastUpdated="2019-12-31">290</Employees>
		<SharesOut Date="2020-09-30" TotalFloat="8823530.0">52298876.0</SharesOut>
		<ReportingCurrency Code="USD">U.S. Dollars</ReportingCurrency>
		<MostRecentExchange Date="2021-02-03">1.0</MostRecentExchange>
	</CoGeneralInfo>
	<TextInfo>
		<Text Type="Business Summary" lastModified="2018-06-25T03:28:43">Autolus Therapeutics plc, formerly Autolus Therapeutics Limited, is a development-stage biopharmaceutical company. The company is engaged in developing programmed T-cell therapies for the treatment of cancer. The Company's clinical-stage product candidates target hematological cancers. Its products candidates include AUTO2, AUTO3, AUTO4, and AUTO6. AUTO2 is a dual-targeting programmed T-cell therapy for the treatment of relapsed or refractory multiple myeloma targeting B-cell Maturation Antigen and the transmembrane activator. AUTO3 is a T-cell therapy for the treatment of relapsed or refractory diffuse large B-cell lymphoma and pediatric relapsed acute B lymphocytic leukemia. Its AUTO4 is a T-cell therapy for the treatment of peripheral T-cell lymphoma.</Text>
		<Text Type="Financial Summary" lastModified="2021-01-20T07:16:17">BRIEF: For the nine months ended 30 September 2020, AutolusTherapeutics PLC revenues decreased 50% to $1.3M. Net lossincreased 20% to $99.2M. Revenues reflect Grant incomedecrease of 59% to $1.1M. Higher net loss reflects Researchand development - Balan increase of 45% to $85.7M (expense), Other (expense) income decrease of 62% to $2.5M (income),General and administrative - Balancin increase of 12% to$20.5M (expense).</Text>
	</TextInfo>
	<contactInfo lastUpdated="2021-01-20T07:16:18">
		<streetAddress line="1">Scale Space Building</streetAddress>
		<streetAddress line="2">White City, 58 Wood Lane</streetAddress>
		<streetAddress line="3"></streetAddress>
		<city>LONDON</city>
		<state-region></state-region>
		<postalCode>W12 7RZ</postalCode>
		<country code="GBR">United Kingdom</country>
		<contactName></contactName>
		<contactTitle></contactTitle>
		<phone>
			<phone type="mainphone">
				<countryPhoneCode>44</countryPhoneCode>
				<city-areacode>20</city-areacode>
				<number>38296230</number>
			</phone>
		</phone>
	</contactInfo>
	<webLinks lastUpdated="2019-06-26T02:00:03"><webSite mainCategory="Home Page">https://www.autolus.com/</webSite><eMail mainCategory="Company Contact/E-mail">
		</eMail></webLinks>
	<peerInfo lastUpdated="2021-01-20T07:16:18">
		<IndustryInfo>
			<Industry type="TRBC" order="1" reported="0" code="5620201011" mnem="">Bio Therapeutic Drugs</Industry>
			<Industry type="NAICS" order="1" reported="0" code="541711" mnem="">Research and Development in Biotechnology</Industry>
			<Industry type="SIC" order="1" reported="0" code="8731" mnem="">Commercial Physical Research</Industry>
		</IndustryInfo>
	</peerInfo>
	<officers></officers>
	<Ratios PriceCurrency="USD" ReportingCurrency="USD" ExchangeRate="1.00000" LatestAvailableDate="2020-09-30">
		<Group ID="Price and Volume">
			<Ratio FieldName="NPRICE" Type="N">8.35000</Ratio>
			<Ratio FieldName="NHIG" Type="N">17.19000</Ratio>
			<Ratio FieldName="NLOW" Type="N">3.00000</Ratio>
			<Ratio FieldName="PDATE" Type="D">2021-02-04T00:00:00</Ratio>
			<Ratio FieldName="VOL10DAVG" Type="N">0.23996</Ratio>
			<Ratio FieldName="EV" Type="N">259.00060</Ratio>
		</Group>
		<Group ID="Income Statement">
			<Ratio FieldName="MKTCAP" Type="N">436.69560</Ratio>
			<Ratio FieldName="TTMREV" Type="N">1.62000</Ratio>
			<Ratio FieldName="TTMEBITD" Type="N">-154.47800</Ratio>
			<Ratio FieldName="TTMNIAC" Type="N">-140.17700</Ratio>
		</Group>
		<Group ID="Per share data">
			<Ratio FieldName="TTMEPSXCLX" Type="N">-2.84884</Ratio>
			<Ratio FieldName="TTMREVPS" Type="N">0.03263</Ratio>
			<Ratio FieldName="QBVPS" Type="N">4.52803</Ratio>
			<Ratio FieldName="QCSHPS" Type="N">3.39768</Ratio>
			<Ratio FieldName="TTMCFSHR" Type="N">-2.71602</Ratio>
			<Ratio FieldName="TTMDIVSHR" Type="N">0.00000</Ratio>
		</Group>
		<Group ID="Other Ratios">
			<Ratio FieldName="TTMGROSMGN" Type="N">-99999.99000</Ratio>
			<Ratio FieldName="TTMROEPCT" Type="N">-55.35648</Ratio>
			<Ratio FieldName="TTMPR2REV" Type="N">269.56520</Ratio>
			<Ratio FieldName="PEEXCLXOR" Type="N">-99999.99000</Ratio>
			<Ratio FieldName="PRICE2BK" Type="N">1.84407</Ratio>
			<Ratio FieldName="Employees" Type="N">290</Ratio>
		</Group>
	</Ratios>
	<ForecastData ConsensusType="Mean" CurFiscalYear="2020" CurFiscalYearEndMonth="12" CurInterimEndCalYear="2020" CurInterimEndMonth="12" EarningsBasis="PRX">
		<Ratio FieldName="ConsRecom" Type="N">
			<Value PeriodType="CURR">2.0909</Value>
		</Ratio>
		<Ratio FieldName="TargetPrice" Type="N">
			<Value PeriodType="CURR">27.44440</Value>
		</Ratio>
		<Ratio FieldName="ProjLTGrowthRate" Type="N">
			<Value PeriodType="CURR">-99999.99000</Value>
		</Ratio>
		<Ratio FieldName="ProjPE" Type="N">
			<Value PeriodType="CURR">-3.13121</Value>
		</Ratio>
		<Ratio FieldName="ProjSales" Type="N">
			<Value PeriodType="CURR">1.33280</Value>
		</Ratio>
		<Ratio FieldName="ProjSalesQ" Type="N">
			<Value PeriodType="CURR">0.39490</Value>
		</Ratio>
		<Ratio FieldName="ProjEPS" Type="N">
			<Value PeriodType="CURR">-2.66670</Value>
		</Ratio>
		<Ratio FieldName="ProjEPSQ" Type="N">
			<Value PeriodType="CURR">-0.76560</Value>
		</Ratio>
		<Ratio FieldName="ProjProfit" Type="N">
			<Value PeriodType="CURR">-160.49010</Value>
		</Ratio>
		<Ratio FieldName="ProjDPS" Type="N">
			<Value PeriodType="CURR">0.00000</Value>
		</Ratio>
	</ForecastData>
</ReportSnapshot>
