<?xml version="1.0" encoding="UTF-8"?>
<ReportSnapshot Major="1" Minor="0" Revision="1">
	<CoIDs>
		<CoID Type="RepNo">A1E42</CoID>
		<CoID Type="CompanyName">Autoweb Inc</CoID>
		<CoID Type="IRSNo">330711569</CoID>
		<CoID Type="CIKNo">0001023364</CoID>
		<CoID Type="OrganizationPermID">4295912600</CoID>
	</CoIDs>
	<Issues>
		<Issue ID="1" Type="C" Desc="Common Stock" Order="1">
			<IssueID Type="Name">Ordinary Shares</IssueID>
			<IssueID Type="Ticker">AUTO</IssueID>
			<IssueID Type="RIC">AUTO.O</IssueID>
			<IssueID Type="DisplayRIC">AUTO.OQ</IssueID>
			<IssueID Type="InstrumentPI">435160</IssueID>
			<IssueID Type="QuotePI">7645865</IssueID>
			<IssueID Type="InstrumentPermID">8590931207</IssueID>
			<IssueID Type="QuotePermID">55835312605</IssueID>
			<Exchange Code="NASD" Country="USA">NASDAQ</Exchange>
			<GlobalListingType>OSR</GlobalListingType>
			<MostRecentSplit Date="2012-07-12">0.2</MostRecentSplit>
		</Issue>
		<Issue ID="2" Type="P" Desc="Preferred Stock" Order="1">
			<IssueID Type="Name">Preference Shares</IssueID>
			<IssueID Type="InstrumentPI">118343917</IssueID>
			<IssueID Type="InstrumentPermID">21512941380</IssueID>
			<Exchange Code="NASD" Country="USA">NASDAQ</Exchange>
		</Issue>
	</Issues>
	<CoGeneralInfo>
		<CoStatus Code="1">Active</CoStatus>
		<CoType Code="EQU">Equity Issue</CoType>
		<LastModified>2021-01-19</LastModified>
		<LatestAvailableAnnual>2019-12-31</LatestAvailableAnnual>
		<LatestAvailableInterim>2020-09-30</LatestAvailableInterim>
		<Employees LastUpdated="2020-03-24">171</Employees>
		<SharesOut Date="2020-11-03" TotalFloat="9845936.0">13169204.0</SharesOut>
		<ReportingCurrency Code="USD">U.S. Dollars</ReportingCurrency>
		<MostRecentExchange Date="2021-02-03">1.0</MostRecentExchange>
	</CoGeneralInfo>
	<TextInfo>
		<Text Type="Business Summary" lastModified="2017-10-09T00:36:08">AutoWeb, Inc., formerly Autobytel Inc., is an automotive marketing services company that assists automotive retail dealers and automotive manufacturers market and sell new and used vehicles to consumers through the programs for online lead referrals, dealer marketing products and services, and online advertising programs and mobile products. The Company operates through providing automotive marketing services segment. Its consumer-facing automotive Websites, including Website Autobytel.com, provide consumers with information and tools to aid them with the automotive purchase decisions and ability to submit inquiries requesting dealers to contact the consumers regarding purchasing or leasing vehicles. Its AutoWeb pay-per-click advertising marketplace program uses technology to refer consumer traffic to dealers and manufacturer Websites.</Text>
		<Text Type="Financial Summary" lastModified="2021-01-19T01:35:38">BRIEF: For the nine months ended 30 September 2020, AutowebInc revenues decreased 32% to $59.3M. Net loss decreased51% to $5.9M. Revenues reflect Lead generation decrease of32% to $47.5M, Digital advertising decrease of 32% to$11.8M, Other revenues decrease of 78% to $15K. Lower netloss reflects Sales and marketing - decrease of 27% to $6M(expense), Depreciation and amortization decrease of 59% to$1.5M (expense).</Text>
	</TextInfo>
	<contactInfo lastUpdated="2021-01-19T01:35:54">
		<streetAddress line="1">400 N Ashley Dr Ste 300</streetAddress>
		<streetAddress line="2"></streetAddress>
		<streetAddress line="3"></streetAddress>
		<city>TAMPA</city>
		<state-region>FL</state-region>
		<postalCode>33602-4300</postalCode>
		<country code="USA">United States</country>
		<contactName>Cody Slach</contactName>
		<contactTitle>IR Contact Officer</contactTitle>
		<phone>
			<phone type="mainphone">
				<countryPhoneCode>1</countryPhoneCode>
				<city-areacode>949</city-areacode>
				<number>2254500</number>
			</phone>
			<phone type="mainfax">
				<countryPhoneCode>1</countryPhoneCode>
				<city-areacode>302</city-areacode>
				<number>6745266</number>
			</phone>
			<phone type="contactphone">
				<countryPhoneCode>1</countryPhoneCode>
				<city-areacode>949</city-areacode>
				<number>5743860</number>
			</phone>
		</phone>
	</contactInfo>
	<webLinks lastUpdated="2019-12-27T09:00:02"><webSite mainCategory="Home Page">http://www.autoweb.nl/</webSite><eMail mainCategory="Company Contact/E-mail">Auto@liolios.com</eMail></webLinks>
	<peerInfo lastUpdated="2021-01-19T01:35:54">
		<IndustryInfo>
			<Industry type="TRBC" order="1" reported="0" code="5330201010" mnem="">Advertising &amp; Marketing - NEC</Industry>
			<Industry type="NAICS" order="1" reported="0" code="541890" mnem="">Other Services Related to Advertising</Industry>
			<Industry type="NAICS" order="2" reported="0" code="541810" mnem="">Advertising Agencies</Industry>
			<Industry type="NAICS" order="3" reported="0" code="541511" mnem="">Custom Computer Programming Services</Industry>
			<Industry type="SIC" order="1" reported="0" code="7319" mnem="">Advertising, Nec</Industry>
			<Industry type="SIC" order="2" reported="0" code="7311" mnem="">Advertising Agencies</Industry>
			<Industry type="SIC" order="3" reported="0" code="7371" mnem="">Computer Programming Services</Industry>
		</IndustryInfo>
	</peerInfo>
	<officers>
		<officer rank="1" since="06/1998">
			<firstName>Michael</firstName>
			<mI>J.</mI>
			<lastName>Fuchs</lastName>
			<age>74 </age>
			<title startYear="1998" startMonth="06" startDay="" iD1="CHM" abbr1="Chmn." iD2="IND" abbr2="Ind. Dir.">Independent Chairman of the Board</title>
		</officer>
		<officer rank="2" since="04/12/2018">
			<firstName>Jared</firstName>
			<mI>Robert</mI>
			<lastName>Rowe</lastName>
			<age>46 </age>
			<title startYear="2018" startMonth="04" startDay="12" iD1="PRE" abbr1="Pres." iD2="CEO" abbr2="CEO">President, Chief Executive Officer, Director</title>
		</officer>
		<officer rank="3" since="11/30/2020">
			<firstName>Michael</firstName>
			<mI>A.</mI>
			<lastName>Sadowski</lastName>
			<age>43 </age>
			<title startYear="2020" startMonth="11" startDay="30" iD1="CFO" abbr1="CFO" iD2="EVP" abbr2="Exec. VP">Chief Financial Officer, Executive Vice President</title>
		</officer>
		<officer rank="4" since="01/16/2019">
			<firstName>Daniel</firstName>
			<mI>R.</mI>
			<lastName>Ingle</lastName>
			<age>50 </age>
			<title startYear="2019" startMonth="01" startDay="16" iD1="COO" abbr1="COO" iD2="EVP" abbr2="Exec. VP">Chief Operating Officer, Executive Vice President</title>
		</officer>
		<officer rank="5" since="10/22/2018">
			<firstName>Sara</firstName>
			<mI>E.</mI>
			<lastName>Partin</lastName>
			<age>37 </age>
			<title startYear="2018" startMonth="10" startDay="22" iD1="CHO" abbr1="Chief HR" iD2="SVP" abbr2="Sr. VP">Chief People Officer, Senior Vice President</title>
		</officer>
		<officer rank="6" since="10/2006">
			<firstName>Glenn</firstName>
			<mI>Evan</mI>
			<lastName>Fuller</lastName>
			<age>65 </age>
			<title startYear="2019" startMonth="03" startDay="01" iD1="EVP" abbr1="Exec. VP" iD2="SEC" abbr2="Secy.">Executive Vice President, Secretary, Chief Legal Officer</title>
		</officer>
		<officer rank="7" since="10/01/2015">
			<firstName>Jose</firstName>
			<mI>J.</mI>
			<lastName>Vargas</lastName>
			<age>41 </age>
			<title startYear="2015" startMonth="10" startDay="01" iD1="OTH" abbr1="Other" iD2="DRC" abbr2="Dir.">Chief Revenue Officer, Director</title>
		</officer>
	</officers>
	<Ratios PriceCurrency="USD" ReportingCurrency="USD" ExchangeRate="1.00000" LatestAvailableDate="2020-09-30">
		<Group ID="Price and Volume">
			<Ratio FieldName="NPRICE" Type="N">3.32000</Ratio>
			<Ratio FieldName="NHIG" Type="N">5.97000</Ratio>
			<Ratio FieldName="NLOW" Type="N">0.50000</Ratio>
			<Ratio FieldName="PDATE" Type="D">2021-02-04T00:00:00</Ratio>
			<Ratio FieldName="VOL10DAVG" Type="N">0.25860</Ratio>
			<Ratio FieldName="EV" Type="N">43.99976</Ratio>
		</Group>
		<Group ID="Income Statement">
			<Ratio FieldName="MKTCAP" Type="N">43.72176</Ratio>
			<Ratio FieldName="TTMREV" Type="N">86.00100</Ratio>
			<Ratio FieldName="TTMEBITD" Type="N">-3.69400</Ratio>
			<Ratio FieldName="TTMNIAC" Type="N">-9.06000</Ratio>
		</Group>
		<Group ID="Per share data">
			<Ratio FieldName="TTMEPSXCLX" Type="N">-0.68971</Ratio>
			<Ratio FieldName="TTMREVPS" Type="N">6.54422</Ratio>
			<Ratio FieldName="QBVPS" Type="N">1.27663</Ratio>
			<Ratio FieldName="QCSHPS" Type="N">0.85580</Ratio>
			<Ratio FieldName="TTMCFSHR" Type="N">-0.37187</Ratio>
			<Ratio FieldName="TTMDIVSHR" Type="N">0.00000</Ratio>
		</Group>
		<Group ID="Other Ratios">
			<Ratio FieldName="TTMGROSMGN" Type="N">27.13922</Ratio>
			<Ratio FieldName="TTMROEPCT" Type="N">-44.80158</Ratio>
			<Ratio FieldName="TTMPR2REV" Type="N">0.50839</Ratio>
			<Ratio FieldName="PEEXCLXOR" Type="N">-99999.99000</Ratio>
			<Ratio FieldName="PRICE2BK" Type="N">2.60060</Ratio>
			<Ratio FieldName="Employees" Type="N">171</Ratio>
		</Group>
	</Ratios>
	<ForecastData ConsensusType="Mean" CurFiscalYear="2020" CurFiscalYearEndMonth="12" CurInterimEndCalYear="2020" CurInterimEndMonth="12" EarningsBasis="PRX">
		<Ratio FieldName="ConsRecom" Type="N">
			<Value PeriodType="CURR">2</Value>
		</Ratio>
		<Ratio FieldName="TargetPrice" Type="N">
			<Value PeriodType="CURR">6.33330</Value>
		</Ratio>
		<Ratio FieldName="ProjLTGrowthRate" Type="N">
			<Value PeriodType="CURR">-99999.99000</Value>
		</Ratio>
		<Ratio FieldName="ProjPE" Type="N">
			<Value PeriodType="CURR">-5.79103</Value>
		</Ratio>
		<Ratio FieldName="ProjSales" Type="N">
			<Value PeriodType="CURR">76.38230</Value>
		</Ratio>
		<Ratio FieldName="ProjSalesQ" Type="N">
			<Value PeriodType="CURR">17.09430</Value>
		</Ratio>
		<Ratio FieldName="ProjEPS" Type="N">
			<Value PeriodType="CURR">-0.57330</Value>
		</Ratio>
		<Ratio FieldName="ProjEPSQ" Type="N">
			<Value PeriodType="CURR">-0.12330</Value>
		</Ratio>
		<Ratio FieldName="ProjProfit" Type="N">
			<Value PeriodType="CURR">-7.55330</Value>
		</Ratio>
		<Ratio FieldName="ProjDPS" Type="N">
			<Value PeriodType="CURR">-99999.99000</Value>
		</Ratio>
	</ForecastData>
</ReportSnapshot>
