<?xml version="1.0" encoding="UTF-8"?>
<ReportSnapshot Major="1" Minor="0" Revision="1">
	<CoIDs>
		<CoID Type="RepNo">AD599</CoID>
		<CoID Type="CompanyName">AeroVironment, Inc.</CoID>
		<CoID Type="IRSNo">952705790</CoID>
		<CoID Type="CIKNo">0001368622</CoID>
		<CoID Type="OrganizationPermID">4295913894</CoID>
	</CoIDs>
	<Issues>
		<Issue ID="1" Type="C" Desc="Common Stock" Order="1">
			<IssueID Type="Name">Ordinary Shares</IssueID>
			<IssueID Type="Ticker">AVAV</IssueID>
			<IssueID Type="RIC">AVAV.O</IssueID>
			<IssueID Type="DisplayRIC">AVAV.OQ</IssueID>
			<IssueID Type="InstrumentPI">28113290</IssueID>
			<IssueID Type="QuotePI">30822197</IssueID>
			<IssueID Type="InstrumentPermID">8590923497</IssueID>
			<IssueID Type="QuotePermID">55835315915</IssueID>
			<Exchange Code="NASD" Country="USA">NASDAQ</Exchange>
			<GlobalListingType>OSR</GlobalListingType>
		</Issue>
	</Issues>
	<CoGeneralInfo>
		<CoStatus Code="1">Active</CoStatus>
		<CoType Code="EQU">Equity Issue</CoType>
		<LastModified>2021-01-28</LastModified>
		<LatestAvailableAnnual>2020-04-30</LatestAvailableAnnual>
		<LatestAvailableInterim>2020-10-31</LatestAvailableInterim>
		<Employees LastUpdated="2020-04-30">823</Employees>
		<SharesOut Date="2020-12-02" TotalFloat="22067468.0">24103980.0</SharesOut>
		<ReportingCurrency Code="USD">U.S. Dollars</ReportingCurrency>
		<MostRecentExchange Date="2021-02-03">1.0</MostRecentExchange>
	</CoGeneralInfo>
	<TextInfo>
		<Text Type="Business Summary" lastModified="2018-07-03T11:38:20">AeroVironment, Inc. designs, develops, produces, supports and operates a portfolio of products and services for government agencies, businesses and consumers. The Company operates through the Unmanned Aircraft Systems (UAS) segment, which focuses primarily on the design, development, production, support and operation of UAS and tactical missile systems that provide situational awareness, multi-band communications, force protection and other mission effects. The Company supplies UAS, tactical missile systems and related services primarily to organizations within the United States Department of Defense (DoD). The Company's small UAS products include Raven, Wasp AE, Puma AE and Shrike. The Company also offers the Qube, an UAS for law enforcement, search and rescue and fire department personnel.</Text>
		<Text Type="Financial Summary" lastModified="2021-01-28T06:47:10">BRIEF: For the six months ended 31 October 2020,AeroVironment, Inc. revenues increased 6% to $180.1M. Netincome decreased 51% to $12.2M. Revenues reflect UnitedStates segment increase of 12% to $99.8M. Net income wasoffset by Equity Earnings  Net of Income Tax increase from$2.2M to $10.8M (losses), Research and development increaseof 18% to $23.1M (expense).</Text>
	</TextInfo>
	<contactInfo lastUpdated="2021-01-28T06:47:23">
		<streetAddress line="1">900 Innovators Way</streetAddress>
		<streetAddress line="2"></streetAddress>
		<streetAddress line="3"></streetAddress>
		<city>SIMI VALLEY</city>
		<state-region>CA</state-region>
		<postalCode>93065</postalCode>
		<country code="USA">United States</country>
		<contactName>Steven Gitlin</contactName>
		<contactTitle>IR Contact Officer</contactTitle>
		<phone>
			<phone type="mainphone">
				<countryPhoneCode>1</countryPhoneCode>
				<city-areacode>805</city-areacode>
				<number>5208350</number>
			</phone>
			<phone type="mainfax">
				<countryPhoneCode>1</countryPhoneCode>
				<city-areacode>626</city-areacode>
				<number>3599628</number>
			</phone>
			<phone type="contactphone">
				<countryPhoneCode>1</countryPhoneCode>
				<city-areacode>626</city-areacode>
				<number>3574246</number>
			</phone>
		</phone>
	</contactInfo>
	<webLinks lastUpdated="2014-10-27T00:18:55"><webSite mainCategory="Home Page">http://www.avinc.com/</webSite><eMail mainCategory="Company Contact/E-mail">ir@avinc.com</eMail></webLinks>
	<peerInfo lastUpdated="2021-01-28T06:47:23">
		<IndustryInfo>
			<Industry type="TRBC" order="1" reported="0" code="5210101010" mnem="">Aerospace &amp; Defense - NEC</Industry>
			<Industry type="NAICS" order="1" reported="0" code="336411" mnem="">Aircraft Mfg</Industry>
			<Industry type="SIC" order="0" reported="1" code="3721" mnem="">Aircraft</Industry>
			<Industry type="SIC" order="1" reported="0" code="3721" mnem="">Aircraft</Industry>
		</IndustryInfo>
		<Indexconstituet>S&amp;P 600 Small Cap</Indexconstituet>
	</peerInfo>
	<officers>
		<officer rank="1" since="11/1990">
			<firstName>Timothy</firstName>
			<mI>E.</mI>
			<lastName>Conver</lastName>
			<age>76 </age>
			<title startYear="2016" startMonth="05" startDay="01" iD1="CHM" abbr1="Chmn." iD2="DRC" abbr2="Dir.">Chairman of the Board</title>
		</officer>
		<officer rank="2" since="12/12/2011">
			<firstName>Wahid</firstName>
			<mI></mI>
			<lastName>Nawabi</lastName>
			<age>51 </age>
			<title startYear="2016" startMonth="05" startDay="02" iD1="PRE" abbr1="Pres." iD2="CEO" abbr2="CEO">President, Chief Executive Officer, Director</title>
		</officer>
		<officer rank="3" since="02/10/2020">
			<firstName>Kevin</firstName>
			<mI>Patrick</mI>
			<lastName>McDonnell</lastName>
			<age>58 </age>
			<title startYear="2020" startMonth="02" startDay="10" iD1="CFO" abbr1="CFO" iD2="SVP" abbr2="Sr. VP">Chief Financial Officer, Senior Vice President</title>
		</officer>
		<officer rank="4" since="04/30/2015">
			<firstName>Kenneth</firstName>
			<mI>D.</mI>
			<lastName>Karklin</lastName>
			<age>51 </age>
			<title startYear="2020" startMonth="06" startDay="" iD1="COO" abbr1="COO" iD2="SVP" abbr2="Sr. VP">Chief Operating Officer, Senior Vice President</title>
		</officer>
		<officer rank="5" since="11/2017">
			<firstName>Alison</firstName>
			<mI></mI>
			<lastName>Roelke</lastName>
			<age>46 </age>
			<title startYear="2020" startMonth="05" startDay="" iD1="CHO" abbr1="Chief HR" iD2="VPR" abbr2="VP">Vice President, Chief People Officer</title>
		</officer>
		<officer rank="6" since="2018">
			<firstName>Melissa</firstName>
			<mI></mI>
			<lastName>Brown</lastName>
			<age>43 </age>
			<title startYear="2018" startMonth="" startDay="" iD1="VPR" abbr1="VP" iD2="GCN" abbr2="Counsel">Vice President, General Counsel, Corporate Secretary</title>
		</officer>
		<officer rank="7" since="10/18/2019">
			<firstName>Brian</firstName>
			<mI>Charles</mI>
			<lastName>Shackley</lastName>
			<age>42 </age>
			<title startYear="2020" startMonth="02" startDay="10" iD1="VPR" abbr1="VP" iD2="CTR" abbr2="Contr.">Vice President, Controller</title>
		</officer>
	</officers>
	<Ratios PriceCurrency="USD" ReportingCurrency="USD" ExchangeRate="1.00000" LatestAvailableDate="2020-10-31">
		<Group ID="Price and Volume">
			<Ratio FieldName="NPRICE" Type="N">121.66000</Ratio>
			<Ratio FieldName="NHIG" Type="N">143.71500</Ratio>
			<Ratio FieldName="NLOW" Type="N">45.00000</Ratio>
			<Ratio FieldName="PDATE" Type="D">2021-02-04T00:00:00</Ratio>
			<Ratio FieldName="VOL10DAVG" Type="N">0.25473</Ratio>
			<Ratio FieldName="EV" Type="N">2585.25400</Ratio>
		</Group>
		<Group ID="Income Statement">
			<Ratio FieldName="MKTCAP" Type="N">2932.49000</Ratio>
			<Ratio FieldName="TTMREV" Type="N">377.22900</Ratio>
			<Ratio FieldName="TTMEBITD" Type="N">57.47700</Ratio>
			<Ratio FieldName="TTMNIAC" Type="N">28.90200</Ratio>
		</Group>
		<Group ID="Per share data">
			<Ratio FieldName="TTMEPSXCLX" Type="N">1.19619</Ratio>
			<Ratio FieldName="TTMREVPS" Type="N">15.66429</Ratio>
			<Ratio FieldName="QBVPS" Type="N">21.73525</Ratio>
			<Ratio FieldName="QCSHPS" Type="N">14.40575</Ratio>
			<Ratio FieldName="TTMCFSHR" Type="N">2.24349</Ratio>
			<Ratio FieldName="TTMDIVSHR" Type="N">0.00000</Ratio>
		</Group>
		<Group ID="Other Ratios">
			<Ratio FieldName="TTMGROSMGN" Type="N">40.53930</Ratio>
			<Ratio FieldName="TTMROEPCT" Type="N">5.69910</Ratio>
			<Ratio FieldName="TTMPR2REV" Type="N">7.77377</Ratio>
			<Ratio FieldName="PEEXCLXOR" Type="N">101.70630</Ratio>
			<Ratio FieldName="PRICE2BK" Type="N">5.59736</Ratio>
			<Ratio FieldName="Employees" Type="N">823</Ratio>
		</Group>
	</Ratios>
	<ForecastData ConsensusType="Mean" CurFiscalYear="2021" CurFiscalYearEndMonth="4" CurInterimEndCalYear="2021" CurInterimEndMonth="1" EarningsBasis="PRX">
		<Ratio FieldName="ConsRecom" Type="N">
			<Value PeriodType="CURR">1.8333</Value>
		</Ratio>
		<Ratio FieldName="TargetPrice" Type="N">
			<Value PeriodType="CURR">85.00000</Value>
		</Ratio>
		<Ratio FieldName="ProjLTGrowthRate" Type="N">
			<Value PeriodType="CURR">-99999.99000</Value>
		</Ratio>
		<Ratio FieldName="ProjPE" Type="N">
			<Value PeriodType="CURR">65.40860</Value>
		</Ratio>
		<Ratio FieldName="ProjSales" Type="N">
			<Value PeriodType="CURR">405.00000</Value>
		</Ratio>
		<Ratio FieldName="ProjSalesQ" Type="N">
			<Value PeriodType="CURR">75.46000</Value>
		</Ratio>
		<Ratio FieldName="ProjEPS" Type="N">
			<Value PeriodType="CURR">1.86000</Value>
		</Ratio>
		<Ratio FieldName="ProjEPSQ" Type="N">
			<Value PeriodType="CURR">0.00330</Value>
		</Ratio>
		<Ratio FieldName="ProjProfit" Type="N">
			<Value PeriodType="CURR">39.20000</Value>
		</Ratio>
		<Ratio FieldName="ProjDPS" Type="N">
			<Value PeriodType="CURR">-99999.99000</Value>
		</Ratio>
	</ForecastData>
</ReportSnapshot>
