<?xml version="1.0" encoding="UTF-8"?>
<ReportSnapshot Major="1" Minor="0" Revision="1">
	<CoIDs>
		<CoID Type="RepNo">015B5</CoID>
		<CoID Type="CompanyName">Avalon Globocare Corp</CoID>
		<CoID Type="IRSNo">471685128</CoID>
		<CoID Type="CIKNo">0001630212</CoID>
		<CoID Type="OrganizationPermID">5046051036</CoID>
	</CoIDs>
	<Issues>
		<Issue ID="1" Type="C" Desc="Common Stock" Order="1">
			<IssueID Type="Name">Ordinary Shares</IssueID>
			<IssueID Type="Ticker">AVCO</IssueID>
			<IssueID Type="RIC">AVCO.O</IssueID>
			<IssueID Type="DisplayRIC">AVCO.OQ</IssueID>
			<IssueID Type="InstrumentPI">218921185</IssueID>
			<IssueID Type="QuotePI">334591193</IssueID>
			<IssueID Type="InstrumentPermID">21582684180</IssueID>
			<IssueID Type="QuotePermID">25727392593</IssueID>
			<Exchange Code="NASD" Country="USA">NASDAQ</Exchange>
			<GlobalListingType>OSR</GlobalListingType>
		</Issue>
	</Issues>
	<CoGeneralInfo>
		<CoStatus Code="1">Active</CoStatus>
		<CoType Code="EQU">Equity Issue</CoType>
		<LastModified>2020-11-16</LastModified>
		<LatestAvailableAnnual>2019-12-31</LatestAvailableAnnual>
		<LatestAvailableInterim>2020-09-30</LatestAvailableInterim>
		<Employees LastUpdated="2020-03-30">8</Employees>
		<SharesOut Date="2020-11-09" TotalFloat="27898764.0">81398764.0</SharesOut>
		<ReportingCurrency Code="USD">U.S. Dollars</ReportingCurrency>
		<MostRecentExchange Date="2021-02-03">1.0</MostRecentExchange>
	</CoGeneralInfo>
	<TextInfo>
		<Text Type="Business Summary" lastModified="2018-10-04T09:10:19">Avalon GloboCare Corp. is an intelligent biotech developer and healthcare service provider. The Company engages in the management of stem cell banks and specialty clinical laboratories. It is developing of exosome technology to improve the diagnosis and management of diseases. The Company operates through two platforms, Avalon Cell and Avalon Rehab. Its technology and service ecosystem covers the areas of regenerative medicine, cell-based immunotherapy, exosome technology, as well as rehabilitation medicine. The Company also focused on diagnostic advancements in the fields of oncology, infectious diseases and fibrotic diseases, and the discovery of disease-specific exosomes to provide the disease origin insight necessary to enable.</Text>
		<Text Type="Financial Summary" lastModified="2020-11-16T13:54:30">BRIEF: For the nine months ended 30 September 2020, AvalonGlobocare Corp revenues decreased 13% to $923K. Net lossdecreased 24% to $9.6M. Revenues reflect Medical relatedconsulting services segment decrease from $234K to $0K,Development services &amp; sales of products segment decreasefrom $37K to $0K. Lower net loss reflects Compensation andrelated benefits decrease of 49% to $3.2M (expense).</Text>
	</TextInfo>
	<contactInfo lastUpdated="2020-12-05T04:34:54">
		<streetAddress line="1">4400 US Highway 9 Ste 3100</streetAddress>
		<streetAddress line="2"></streetAddress>
		<streetAddress line="3"></streetAddress>
		<city>FREEHOLD</city>
		<state-region>NJ</state-region>
		<postalCode>07728-4210</postalCode>
		<country code="USA">United States</country>
		<contactName></contactName>
		<contactTitle></contactTitle>
		<phone>
			<phone type="mainphone">
				<countryPhoneCode>1</countryPhoneCode>
				<city-areacode>646</city-areacode>
				<number>7624517</number>
			</phone>
			<phone type="mainfax">
				<countryPhoneCode>1</countryPhoneCode>
				<city-areacode>732</city-areacode>
				<number>7805600</number>
			</phone>
		</phone>
	</contactInfo>
	<webLinks lastUpdated="2017-09-12T19:00:02"><webSite mainCategory="Home Page">http://www.avalon-globocare.com/</webSite><eMail mainCategory="Company Contact/E-mail">
		</eMail></webLinks>
	<peerInfo lastUpdated="2020-12-05T04:34:54">
		<IndustryInfo>
			<Industry type="TRBC" order="1" reported="0" code="5620201010" mnem="">Biotechnology &amp; Medical Research - NEC</Industry>
			<Industry type="NAICS" order="1" reported="0" code="531120" mnem="">Lessors of Nonresidential Buildings (except Miniwarehouses)</Industry>
			<Industry type="NAICS" order="2" reported="0" code="541690" mnem="">Other Scientific and Technical Consulting Services</Industry>
			<Industry type="NAICS" order="3" reported="0" code="541711" mnem="">Research and Development in Biotechnology</Industry>
			<Industry type="SIC" order="1" reported="0" code="6512" mnem="">Nonresidential Building Operators</Industry>
			<Industry type="SIC" order="2" reported="0" code="8999" mnem="">Services, Nec</Industry>
			<Industry type="SIC" order="3" reported="0" code="8731" mnem="">Commercial Physical Research</Industry>
		</IndustryInfo>
	</peerInfo>
	<officers>
		<officer rank="1" since="NA">
			<firstName>Lu</firstName>
			<mI></mI>
			<lastName>Wenzhao</lastName>
			<age>62 </age>
			<title startYear="NA" startMonth="" startDay="" iD1="CHM" abbr1="Chmn." iD2="DRC" abbr2="Dir.">Chairman of the Board of Directors</title>
		</officer>
		<officer rank="2" since="12/01/2016">
			<firstName>David</firstName>
			<mI></mI>
			<lastName>Jin</lastName>
			<age>52 </age>
			<title startYear="2016" startMonth="12" startDay="01" iD1="PRE" abbr1="Pres." iD2="CEO" abbr2="CEO">President, Chief Executive Officer, Director</title>
		</officer>
		<officer rank="3" since="02/21/2017">
			<firstName>Luisa</firstName>
			<mI></mI>
			<lastName>Ingargiola</lastName>
			<age>52 </age>
			<title startYear="2017" startMonth="02" startDay="21" iD1="CFO" abbr1="CFO" iD2="" abbr2="">Chief Financial Officer</title>
		</officer>
		<officer rank="4" since="01/11/2017">
			<firstName>Li</firstName>
			<mI></mI>
			<lastName>Meng</lastName>
			<age>42 </age>
			<title startYear="2017" startMonth="01" startDay="11" iD1="COO" abbr1="COO" iD2="SEC" abbr2="Secy.">Chief Operating Officer, Secretary, Director</title>
		</officer>
	</officers>
	<Ratios PriceCurrency="USD" ReportingCurrency="USD" ExchangeRate="1.00000" LatestAvailableDate="2020-09-30">
		<Group ID="Price and Volume">
			<Ratio FieldName="NPRICE" Type="N">1.29000</Ratio>
			<Ratio FieldName="NHIG" Type="N">2.19350</Ratio>
			<Ratio FieldName="NLOW" Type="N">0.50000</Ratio>
			<Ratio FieldName="PDATE" Type="D">2021-02-04T00:00:00</Ratio>
			<Ratio FieldName="VOL10DAVG" Type="N">0.45565</Ratio>
			<Ratio FieldName="EV" Type="N">106.89889</Ratio>
		</Group>
		<Group ID="Income Statement">
			<Ratio FieldName="MKTCAP" Type="N">105.00440</Ratio>
			<Ratio FieldName="TTMREV" Type="N">1.40241</Ratio>
			<Ratio FieldName="TTMEBITD" Type="N">-14.19791</Ratio>
			<Ratio FieldName="TTMNIAC" Type="N">-15.02805</Ratio>
		</Group>
		<Group ID="Per share data">
			<Ratio FieldName="TTMEPSXCLX" Type="N">-0.19352</Ratio>
			<Ratio FieldName="TTMREVPS" Type="N">0.01797</Ratio>
			<Ratio FieldName="QBVPS" Type="N">0.06568</Ratio>
			<Ratio FieldName="QCSHPS" Type="N">0.01715</Ratio>
			<Ratio FieldName="TTMCFSHR" Type="N">-0.18022</Ratio>
			<Ratio FieldName="TTMDIVSHR" Type="N">0.00000</Ratio>
		</Group>
		<Group ID="Other Ratios">
			<Ratio FieldName="TTMGROSMGN" Type="N">32.58106</Ratio>
			<Ratio FieldName="TTMROEPCT" Type="N">-238.46720</Ratio>
			<Ratio FieldName="TTMPR2REV" Type="N">74.87426</Ratio>
			<Ratio FieldName="PEEXCLXOR" Type="N">-99999.99000</Ratio>
			<Ratio FieldName="PRICE2BK" Type="N">19.64097</Ratio>
			<Ratio FieldName="Employees" Type="N">8</Ratio>
		</Group>
	</Ratios>
	<ForecastData ConsensusType="" CurFiscalYear="" CurFiscalYearEndMonth="" CurInterimEndCalYear="" CurInterimEndMonth="" EarningsBasis="">
		<Ratio FieldName="ConsRecom" Type="N">
			<Value PeriodType="CURR">-99999.99000</Value>
		</Ratio>
		<Ratio FieldName="TargetPrice" Type="N">
			<Value PeriodType="CURR">-99999.99000</Value>
		</Ratio>
		<Ratio FieldName="ProjLTGrowthRate" Type="N">
			<Value PeriodType="CURR">-99999.99000</Value>
		</Ratio>
		<Ratio FieldName="ProjPE" Type="N">
			<Value PeriodType="CURR">-99999.99000</Value>
		</Ratio>
		<Ratio FieldName="ProjSales" Type="N">
			<Value PeriodType="CURR">-99999.99000</Value>
		</Ratio>
		<Ratio FieldName="ProjSalesQ" Type="N">
			<Value PeriodType="CURR">-99999.99000</Value>
		</Ratio>
		<Ratio FieldName="ProjEPS" Type="N">
			<Value PeriodType="CURR">-99999.99000</Value>
		</Ratio>
		<Ratio FieldName="ProjEPSQ" Type="N">
			<Value PeriodType="CURR">-99999.99000</Value>
		</Ratio>
		<Ratio FieldName="ProjProfit" Type="N">
			<Value PeriodType="CURR">-99999.99000</Value>
		</Ratio>
		<Ratio FieldName="ProjDPS" Type="N">
			<Value PeriodType="CURR">-99999.99000</Value>
		</Ratio>
	</ForecastData>
</ReportSnapshot>
