<?xml version="1.0" encoding="UTF-8"?>
<ReportSnapshot Major="1" Minor="0" Revision="1">
	<CoIDs>
		<CoID Type="RepNo">C2B98</CoID>
		<CoID Type="CompanyName">AVEO Pharmaceuticals, Inc.</CoID>
		<CoID Type="CIKNo">0001325879</CoID>
		<CoID Type="OrganizationPermID">4297278257</CoID>
	</CoIDs>
	<Issues>
		<Issue ID="1" Type="C" Desc="Common Stock" Order="1">
			<IssueID Type="Name">Ordinary Shares</IssueID>
			<IssueID Type="Ticker">AVEO</IssueID>
			<IssueID Type="RIC">AVEO.O</IssueID>
			<IssueID Type="DisplayRIC">AVEO.OQ</IssueID>
			<IssueID Type="InstrumentPI">66429450</IssueID>
			<IssueID Type="QuotePI">66455026</IssueID>
			<IssueID Type="InstrumentPermID">8591390099</IssueID>
			<IssueID Type="QuotePermID">55858586848</IssueID>
			<Exchange Code="NASD" Country="USA">NASDAQ</Exchange>
			<GlobalListingType>OSR</GlobalListingType>
			<MostRecentSplit Date="2020-02-20">0.1</MostRecentSplit>
		</Issue>
	</Issues>
	<CoGeneralInfo>
		<CoStatus Code="1">Active</CoStatus>
		<CoType Code="EQU">Equity Issue</CoType>
		<LastModified>2021-01-18</LastModified>
		<LatestAvailableAnnual>2019-12-31</LatestAvailableAnnual>
		<LatestAvailableInterim>2020-09-30</LatestAvailableInterim>
		<Employees LastUpdated="2019-12-31">19</Employees>
		<SharesOut Date="2020-11-06" TotalFloat="28769912.0">28809249.0</SharesOut>
		<ReportingCurrency Code="USD">U.S. Dollars</ReportingCurrency>
		<MostRecentExchange Date="2021-02-03">1.0</MostRecentExchange>
	</CoGeneralInfo>
	<TextInfo>
		<Text Type="Business Summary" lastModified="2016-05-16T00:36:52">AVEO Pharmaceuticals, Inc. is a biopharmaceutical company. The Company's platform delivers insights into cancer and related disease. The Company's product candidates include Tivozanib, Ficlatuzumab, AV-203 and AV-380. Tivozanib is a selective long half-life vascular endothelial growth factor tyrosine kinase inhibitor (VEGF TKI) that inhibits over three VEGF receptors. Tivozanib is designed to optimize VEGF blockade while minimizing off-target toxicities. Ficlatuzumab is a Hepatocyte Growth Factor (HGF) inhibitory antibody. AV-203 is an anti-ErbB3 monoclonal antibody with ErbB3 affinity. Its preclinical studies suggest that neuregulin1 (NRG1) levels predict AV-203 antitumor activity in preclinical models. AV-380 is a humanized Immunoglobulin G 1 (IgG1) inhibitory monoclonal antibody. AV-380 targets growth differentiating factor 15 (GDF15).</Text>
		<Text Type="Financial Summary" lastModified="2021-01-18T04:50:46">BRIEF: For the nine months ended 30 September 2020, AVEOPharmaceuticals, Inc. revenues decreased 82% to $5.1M. Netloss totaled $24.1M vs. income of $13.8M. Revenues reflectCollaboration and licensing revenue decrease of 84% to$4.3M. Net loss reflects Change in fair value of PIPEwarrant lia decrease of 65% to $3.2M (income), General andadministration increase of 69% to $11.9M (expense).</Text>
	</TextInfo>
	<contactInfo lastUpdated="2021-01-25T10:38:21">
		<streetAddress line="1">30 WINTER STREET</streetAddress>
		<streetAddress line="2"></streetAddress>
		<streetAddress line="3"></streetAddress>
		<city>BOSTON</city>
		<state-region>MA</state-region>
		<postalCode>02108</postalCode>
		<country code="USA">United States</country>
		<contactName>David Pitts</contactName>
		<contactTitle>IR Contact Officer</contactTitle>
		<phone>
			<phone type="mainphone">
				<countryPhoneCode>1</countryPhoneCode>
				<city-areacode>857</city-areacode>
				<number>4000101</number>
			</phone>
			<phone type="mainfax">
				<countryPhoneCode>1</countryPhoneCode>
				<city-areacode>617</city-areacode>
				<number>9954995</number>
			</phone>
			<phone type="contactphone">
				<countryPhoneCode>1</countryPhoneCode>
				<city-areacode>212</city-areacode>
				<number>6001902</number>
			</phone>
		</phone>
	</contactInfo>
	<webLinks lastUpdated="2016-05-19T11:15:29"><webSite mainCategory="Home Page">http://www.aveooncology.com/</webSite><eMail mainCategory="Company Contact/E-mail">aveo@argotpartners.com</eMail></webLinks>
	<peerInfo lastUpdated="2021-01-25T10:38:21">
		<IndustryInfo>
			<Industry type="TRBC" order="1" reported="0" code="5620201011" mnem="">Bio Therapeutic Drugs</Industry>
			<Industry type="NAICS" order="1" reported="0" code="541712" mnem="">Research and Development in the Physical, Engineering, and Life Sciences (except Biotechnology)</Industry>
			<Industry type="SIC" order="0" reported="1" code="2834" mnem="">Pharmaceutical Preparations</Industry>
			<Industry type="SIC" order="1" reported="0" code="8731" mnem="">Commercial Physical Research</Industry>
		</IndustryInfo>
	</peerInfo>
	<officers>
		<officer rank="1" since="09/13/2010">
			<firstName>Michael</firstName>
			<mI>P.</mI>
			<lastName>Bailey</lastName>
			<age>54 </age>
			<title startYear="2020" startMonth="01" startDay="06" iD1="PRE" abbr1="Pres." iD2="CEO" abbr2="CEO">President, Chief Executive Officer, Director</title>
		</officer>
		<officer rank="2" since="01/06/2020">
			<firstName>Erick</firstName>
			<mI>J.</mI>
			<lastName>Lucera</lastName>
			<age>52 </age>
			<title startYear="2020" startMonth="01" startDay="06" iD1="CFO" abbr1="CFO" iD2="" abbr2="">Chief Financial Officer</title>
		</officer>
		<officer rank="3" since="01/09/2015">
			<firstName>Michael</firstName>
			<mI>N.</mI>
			<lastName>Needle</lastName>
			<age>60 </age>
			<title startYear="2015" startMonth="01" startDay="09" iD1="OTH" abbr1="Other" iD2="" abbr2="">Chief Medical Officer</title>
		</officer>
	</officers>
	<Ratios PriceCurrency="USD" ReportingCurrency="USD" ExchangeRate="1.00000" LatestAvailableDate="2020-09-30">
		<Group ID="Price and Volume">
			<Ratio FieldName="NPRICE" Type="N">8.95000</Ratio>
			<Ratio FieldName="NHIG" Type="N">10.71000</Ratio>
			<Ratio FieldName="NLOW" Type="N">2.23010</Ratio>
			<Ratio FieldName="PDATE" Type="D">2021-02-04T00:00:00</Ratio>
			<Ratio FieldName="VOL10DAVG" Type="N">0.36714</Ratio>
			<Ratio FieldName="EV" Type="N">202.61580</Ratio>
		</Group>
		<Group ID="Income Statement">
			<Ratio FieldName="MKTCAP" Type="N">257.84280</Ratio>
			<Ratio FieldName="TTMREV" Type="N">5.89700</Ratio>
			<Ratio FieldName="TTMEBITD" Type="N">-32.80600</Ratio>
			<Ratio FieldName="TTMNIAC" Type="N">-28.54100</Ratio>
		</Group>
		<Group ID="Per share data">
			<Ratio FieldName="TTMEPSXCLX" Type="N">-1.54447</Ratio>
			<Ratio FieldName="TTMREVPS" Type="N">0.31309</Ratio>
			<Ratio FieldName="QBVPS" Type="N">1.55855</Ratio>
			<Ratio FieldName="QCSHPS" Type="N">2.66754</Ratio>
			<Ratio FieldName="TTMCFSHR" Type="N">-0.83304</Ratio>
			<Ratio FieldName="TTMDIVSHR" Type="N">0.00000</Ratio>
		</Group>
		<Group ID="Other Ratios">
			<Ratio FieldName="TTMGROSMGN" Type="N">-99999.99000</Ratio>
			<Ratio FieldName="TTMROEPCT" Type="N">-96.78196</Ratio>
			<Ratio FieldName="TTMPR2REV" Type="N">43.72440</Ratio>
			<Ratio FieldName="PEEXCLXOR" Type="N">-99999.99000</Ratio>
			<Ratio FieldName="PRICE2BK" Type="N">5.74253</Ratio>
			<Ratio FieldName="Employees" Type="N">19</Ratio>
		</Group>
	</Ratios>
	<ForecastData ConsensusType="Mean" CurFiscalYear="2020" CurFiscalYearEndMonth="12" CurInterimEndCalYear="2020" CurInterimEndMonth="12" EarningsBasis="REP">
		<Ratio FieldName="ConsRecom" Type="N">
			<Value PeriodType="CURR">1.25</Value>
		</Ratio>
		<Ratio FieldName="TargetPrice" Type="N">
			<Value PeriodType="CURR">12.00000</Value>
		</Ratio>
		<Ratio FieldName="ProjLTGrowthRate" Type="N">
			<Value PeriodType="CURR">-99999.99000</Value>
		</Ratio>
		<Ratio FieldName="ProjPE" Type="N">
			<Value PeriodType="CURR">-5.96667</Value>
		</Ratio>
		<Ratio FieldName="ProjSales" Type="N">
			<Value PeriodType="CURR">8.11630</Value>
		</Ratio>
		<Ratio FieldName="ProjSalesQ" Type="N">
			<Value PeriodType="CURR">2.99980</Value>
		</Ratio>
		<Ratio FieldName="ProjEPS" Type="N">
			<Value PeriodType="CURR">-1.50000</Value>
		</Ratio>
		<Ratio FieldName="ProjEPSQ" Type="N">
			<Value PeriodType="CURR">-0.38000</Value>
		</Ratio>
		<Ratio FieldName="ProjProfit" Type="N">
			<Value PeriodType="CURR">-34.14200</Value>
		</Ratio>
		<Ratio FieldName="ProjDPS" Type="N">
			<Value PeriodType="CURR">0.00000</Value>
		</Ratio>
	</ForecastData>
</ReportSnapshot>
