<?xml version="1.0" encoding="UTF-8"?>
<ReportSnapshot Major="1" Minor="0" Revision="1">
	<CoIDs>
		<CoID Type="RepNo">FA5AD</CoID>
		<CoID Type="CompanyName">Broadcom Inc</CoID>
		<CoID Type="CIKNo">0001730168</CoID>
		<CoID Type="OrganizationPermID">5060689053</CoID>
	</CoIDs>
	<Issues>
		<Issue ID="1" Type="C" Desc="Common Stock" Order="1">
			<IssueID Type="Name">Ordinary Shares</IssueID>
			<IssueID Type="Ticker">AVGO</IssueID>
			<IssueID Type="RIC">AVGO.O</IssueID>
			<IssueID Type="DisplayRIC">AVGO.OQ</IssueID>
			<IssueID Type="InstrumentPI">217584504</IssueID>
			<IssueID Type="QuotePI">217596478</IssueID>
			<IssueID Type="InstrumentPermID">21581736200</IssueID>
			<IssueID Type="QuotePermID">21581747462</IssueID>
			<Exchange Code="NASD" Country="USA">NASDAQ</Exchange>
			<GlobalListingType>OSR</GlobalListingType>
		</Issue>
		<Issue ID="2" Type="P" Desc="Preferred Stock" Order="1">
			<IssueID Type="Name">Conv. Pref. Shrs</IssueID>
			<IssueID Type="Ticker">AVGOP</IssueID>
			<IssueID Type="RIC">AVGOP.O</IssueID>
			<IssueID Type="DisplayRIC">AVGOP.OQ</IssueID>
			<IssueID Type="InstrumentPI">389017777</IssueID>
			<IssueID Type="QuotePI">391190127</IssueID>
			<IssueID Type="InstrumentPermID">25727363758</IssueID>
			<IssueID Type="QuotePermID">25727363168</IssueID>
			<Exchange Code="NASD" Country="USA">NASDAQ</Exchange>
		</Issue>
	</Issues>
	<CoGeneralInfo>
		<CoStatus Code="1">Active</CoStatus>
		<CoType Code="EQU">Equity Issue</CoType>
		<LastModified>2020-12-22</LastModified>
		<LatestAvailableAnnual>2020-11-01</LatestAvailableAnnual>
		<LatestAvailableInterim>2020-11-01</LatestAvailableInterim>
		<Employees LastUpdated="2020-11-01">21000</Employees>
		<SharesOut Date="2020-11-27" TotalFloat="396591948.0">406713118.0</SharesOut>
		<ReportingCurrency Code="USD">U.S. Dollars</ReportingCurrency>
		<MostRecentExchange Date="2021-02-03">1.0</MostRecentExchange>
	</CoGeneralInfo>
	<TextInfo>
		<Text Type="Business Summary" lastModified="2020-04-30T22:54:52">Broadcom Inc. is a technology company. The Company designs, develops and supplies a range of semiconductor and infrastructure software solutions. It operates through two segments: semiconductor solutions and infrastructure software. Its semiconductor solutions segment includes semiconductor solution product lines, as well as its Internet protocol (IP) licensing. Its infrastructure software segment includes its mainframe and enterprise software solutions and fiber channel storage area networking business. It develops semiconductor devices with a focus on digital and mixed signal complementary metal oxide semiconductor (CMOS) based devices and analog III-V based products. It provides semiconductor solutions for managing the movement of data in data center, telecom, enterprise, and embedded networking applications. Its mainframe software solutions include solutions for the IBM Z mainframe platform, which runs business applications.</Text>
		<Text Type="Financial Summary" lastModified="2020-12-22T04:34:29">BRIEF: For the fiscal year ended 01 November 2020, BroadcomInc revenues increased 6% to $23.89B. Net income applicableto common stockholders excluding extraordinary itemsdecreased 2% to $2.66B. Revenues reflect Infrastructuresoftware segment increase of 28% to $6.62B, United Statessegment increase of 13% to $4.78B. Net income was offset byUnallocated Expenses segment loss increase of 5% to $8.93B.Dividend per share increased from $10.60 to $13.00.</Text>
	</TextInfo>
	<contactInfo lastUpdated="2021-01-04T22:51:15">
		<streetAddress line="1">1320 Ridder Park Dr</streetAddress>
		<streetAddress line="2"></streetAddress>
		<streetAddress line="3"></streetAddress>
		<city>SAN JOSE</city>
		<state-region>CA</state-region>
		<postalCode>95131-2313</postalCode>
		<country code="USA">United States</country>
		<contactName></contactName>
		<contactTitle></contactTitle>
		<phone>
			<phone type="mainphone">
				<countryPhoneCode>1</countryPhoneCode>
				<city-areacode>408</city-areacode>
				<number>4338000</number>
			</phone>
			<phone type="mainfax">
				<countryPhoneCode>1</countryPhoneCode>
				<city-areacode>302</city-areacode>
				<number>6365454</number>
			</phone>
		</phone>
	</contactInfo>
	<webLinks lastUpdated="2018-04-06T13:00:02"><webSite mainCategory="Home Page">https://www.broadcom.com/</webSite><eMail mainCategory="Company Contact/E-mail">
		</eMail></webLinks>
	<peerInfo lastUpdated="2021-01-04T22:51:15">
		<IndustryInfo>
			<Industry type="TRBC" order="1" reported="0" code="5710101010" mnem="">Semiconductors - NEC</Industry>
			<Industry type="NAICS" order="1" reported="0" code="334413" mnem="">Semiconductor &amp; Related Device Mfg</Industry>
			<Industry type="NAICS" order="2" reported="0" code="511210" mnem="">Software Publishers</Industry>
			<Industry type="NAICS" order="3" reported="0" code="541511" mnem="">Custom Computer Programming Services</Industry>
			<Industry type="SIC" order="0" reported="1" code="3674" mnem="">Semiconductors/related Devices</Industry>
			<Industry type="SIC" order="1" reported="0" code="3674" mnem="">Semiconductors/related Devices</Industry>
			<Industry type="SIC" order="2" reported="0" code="7372" mnem="">Prepackaged Software</Industry>
			<Industry type="SIC" order="3" reported="0" code="7371" mnem="">Computer Programming Services</Industry>
		</IndustryInfo>
		<Indexconstituet>S&amp;P 500</Indexconstituet>
	</peerInfo>
	<officers>
		<officer rank="1" since="02/01/2016">
			<firstName>Henry</firstName>
			<mI>S.</mI>
			<lastName>Samueli</lastName>
			<age>65 </age>
			<title startYear="2018" startMonth="12" startDay="05" iD1="CHM" abbr1="Chmn." iD2="DRC" abbr2="Dir.">Chairman of the Board</title>
		</officer>
		<officer rank="2" since="03/2006">
			<firstName>Hock</firstName>
			<mI>E.</mI>
			<lastName>Tan</lastName>
			<age>68 </age>
			<title startYear="2006" startMonth="03" startDay="" iD1="PRE" abbr1="Pres." iD2="CEO" abbr2="CEO">President, Chief Executive Officer, Director</title>
		</officer>
		<officer rank="3" since="03/24/2016">
			<firstName>Kirsten</firstName>
			<mI>M.</mI>
			<lastName>Spears</lastName>
			<age>56 </age>
			<title startYear="2020" startMonth="12" startDay="10" iD1="CFO" abbr1="CFO" iD2="CAO" abbr2="CAO">Chief Financial Officer, Chief Accounting Officer, Vice President</title>
		</officer>
		<officer rank="4" since="01/2012">
			<firstName>Thomas</firstName>
			<mI>H.</mI>
			<lastName>Krause</lastName>
			<age>43 </age>
			<title startYear="2020" startMonth="12" startDay="10" iD1="CEX" abbr1="Corp. Exec." iD2="" abbr2="">President of Infrastructure Software Group</title>
		</officer>
		<officer rank="5" since="06/03/2015">
			<firstName>Charlie</firstName>
			<mI>B.</mI>
			<lastName>Kawwas</lastName>
			<age>50 </age>
			<title startYear="2020" startMonth="12" startDay="10" iD1="COO" abbr1="COO" iD2="" abbr2="">Chief Operating Officer</title>
		</officer>
		<officer rank="6" since="04/2017">
			<firstName>Mark</firstName>
			<mI></mI>
			<lastName>Brazeal</lastName>
			<age></age>
			<title startYear="2017" startMonth="04" startDay="" iD1="OTH" abbr1="Other" iD2="" abbr2="">Chief Legal Officer</title>
		</officer>
	</officers>
	<Ratios PriceCurrency="USD" ReportingCurrency="USD" ExchangeRate="1.00000" LatestAvailableDate="2020-11-01">
		<Group ID="Price and Volume">
			<Ratio FieldName="NPRICE" Type="N">470.63000</Ratio>
			<Ratio FieldName="NHIG" Type="N">478.52000</Ratio>
			<Ratio FieldName="NLOW" Type="N">155.67000</Ratio>
			<Ratio FieldName="PDATE" Type="D">2021-02-04T00:00:00</Ratio>
			<Ratio FieldName="VOL10DAVG" Type="N">1.68826</Ratio>
			<Ratio FieldName="EV" Type="N">224882.40000</Ratio>
		</Group>
		<Group ID="Income Statement">
			<Ratio FieldName="MKTCAP" Type="N">191411.40000</Ratio>
			<Ratio FieldName="TTMREV" Type="N">23888.00000</Ratio>
			<Ratio FieldName="TTMEBITD" Type="N">11152.00000</Ratio>
			<Ratio FieldName="TTMNIAC" Type="N">2664.00000</Ratio>
		</Group>
		<Group ID="Per share data">
			<Ratio FieldName="TTMEPSXCLX" Type="N">6.31628</Ratio>
			<Ratio FieldName="TTMREVPS" Type="N">56.77481</Ratio>
			<Ratio FieldName="QBVPS" Type="N">58.65848</Ratio>
			<Ratio FieldName="QCSHPS" Type="N">18.71744</Ratio>
			<Ratio FieldName="TTMCFSHR" Type="N">22.74272</Ratio>
			<Ratio FieldName="TTMDIVSHR" Type="N">13.00000</Ratio>
		</Group>
		<Group ID="Other Ratios">
			<Ratio FieldName="TTMGROSMGN" Type="N">56.72723</Ratio>
			<Ratio FieldName="TTMROEPCT" Type="N">10.91468</Ratio>
			<Ratio FieldName="TTMPR2REV" Type="N">8.01287</Ratio>
			<Ratio FieldName="PEEXCLXOR" Type="N">74.51063</Ratio>
			<Ratio FieldName="PRICE2BK" Type="N">8.02322</Ratio>
			<Ratio FieldName="Employees" Type="N">21000</Ratio>
		</Group>
	</Ratios>
	<ForecastData ConsensusType="Mean" CurFiscalYear="2021" CurFiscalYearEndMonth="10" CurInterimEndCalYear="2021" CurInterimEndMonth="1" EarningsBasis="PRX">
		<Ratio FieldName="ConsRecom" Type="N">
			<Value PeriodType="CURR">1.8276</Value>
		</Ratio>
		<Ratio FieldName="TargetPrice" Type="N">
			<Value PeriodType="CURR">390.92860</Value>
		</Ratio>
		<Ratio FieldName="ProjLTGrowthRate" Type="N">
			<Value PeriodType="CURR">6.7500</Value>
		</Ratio>
		<Ratio FieldName="ProjPE" Type="N">
			<Value PeriodType="CURR">17.95153</Value>
		</Ratio>
		<Ratio FieldName="ProjSales" Type="N">
			<Value PeriodType="CURR">26341.28310</Value>
		</Ratio>
		<Ratio FieldName="ProjSalesQ" Type="N">
			<Value PeriodType="CURR">6614.76370</Value>
		</Ratio>
		<Ratio FieldName="ProjEPS" Type="N">
			<Value PeriodType="CURR">26.21670</Value>
		</Ratio>
		<Ratio FieldName="ProjEPSQ" Type="N">
			<Value PeriodType="CURR">6.55330</Value>
		</Ratio>
		<Ratio FieldName="ProjProfit" Type="N">
			<Value PeriodType="CURR">13371.40010</Value>
		</Ratio>
		<Ratio FieldName="ProjDPS" Type="N">
			<Value PeriodType="CURR">13.82780</Value>
		</Ratio>
	</ForecastData>
</ReportSnapshot>
