<?xml version="1.0" encoding="UTF-8"?>
<ReportSnapshot Major="1" Minor="0" Revision="1">
	<CoIDs>
		<CoID Type="RepNo">A03C8</CoID>
		<CoID Type="CompanyName">Avid Technology, Inc.</CoID>
		<CoID Type="IRSNo">042977748</CoID>
		<CoID Type="CIKNo">0000896841</CoID>
		<CoID Type="OrganizationPermID">5000007820</CoID>
	</CoIDs>
	<Issues>
		<Issue ID="1" Type="C" Desc="Common Stock" Order="1">
			<IssueID Type="Name">Ordinary Shares</IssueID>
			<IssueID Type="Ticker">AVID</IssueID>
			<IssueID Type="RIC">AVID.O</IssueID>
			<IssueID Type="DisplayRIC">AVID.OQ</IssueID>
			<IssueID Type="InstrumentPI">326023</IssueID>
			<IssueID Type="QuotePI">174250236</IssueID>
			<IssueID Type="InstrumentPermID">8590936762</IssueID>
			<IssueID Type="QuotePermID">21552570711</IssueID>
			<Exchange Code="NASD" Country="USA">NASDAQ</Exchange>
			<GlobalListingType>OSR</GlobalListingType>
		</Issue>
	</Issues>
	<CoGeneralInfo>
		<CoStatus Code="1">Active</CoStatus>
		<CoType Code="EQU">Equity Issue</CoType>
		<LastModified>2020-12-03</LastModified>
		<LatestAvailableAnnual>2019-12-31</LatestAvailableAnnual>
		<LatestAvailableInterim>2020-09-30</LatestAvailableInterim>
		<Employees LastUpdated="2019-12-31">1429</Employees>
		<SharesOut Date="2020-10-26" TotalFloat="41273693.0">44208119.0</SharesOut>
		<ReportingCurrency Code="USD">U.S. Dollars</ReportingCurrency>
		<MostRecentExchange Date="2021-02-03">1.0</MostRecentExchange>
	</CoGeneralInfo>
	<TextInfo>
		<Text Type="Business Summary" lastModified="2016-05-16T00:40:22">Avid Technology, Inc. is a provider of an open and integrated technology platform, along with applications and services that enable the creation, distribution and monetization of audio and video content. The Company develops, markets, sells and supports software and hardware for digital media content production, management, secured content storage and distribution. The Company's products are used in production and post-production facilities; film studios; network, affiliate, independent and cable television stations; recording studios; live-sound performance venues; advertising agencies; government and educational institutions; corporate communication departments, and by independent video and audio creative professionals, as well as aspiring professionals and enthusiasts. Projects produced using its products include feature films, television programs, live events, news broadcasts, commercials, music, video and other digital media content.</Text>
		<Text Type="Financial Summary" lastModified="2020-10-31T16:31:38">BRIEF: For the nine months ended 30 September 2020, AvidTechnology, Inc. revenues decreased 13% to $256.2M. Netincome totaled $4M vs. loss of $7.8M. Revenues reflectProducts and solutions net revenues segment decrease of 34%to $98.1M, Professional Services,training and Otherservices segment decrease of 23% to $16.6M, Europe, MiddleEast and Africa segment decrease of 14% to $99.5M,Asia-Pacific segment decrease of 23% to $35.7M.</Text>
	</TextInfo>
	<contactInfo lastUpdated="2020-12-03T09:48:59">
		<streetAddress line="1">75 Network Dr</streetAddress>
		<streetAddress line="2"></streetAddress>
		<streetAddress line="3"></streetAddress>
		<city>BURLINGTON</city>
		<state-region>MA</state-region>
		<postalCode>01803</postalCode>
		<country code="USA">United States</country>
		<contactName>Whit Rappole</contactName>
		<contactTitle>VP Corporate Development and Investor Relations</contactTitle>
		<phone>
			<phone type="mainphone">
				<countryPhoneCode>1</countryPhoneCode>
				<city-areacode>978</city-areacode>
				<number>6406789</number>
			</phone>
			<phone type="mainfax">
				<countryPhoneCode>1</countryPhoneCode>
				<city-areacode>978</city-areacode>
				<number>9057129</number>
			</phone>
			<phone type="contactphone">
				<countryPhoneCode>1</countryPhoneCode>
				<city-areacode>978</city-areacode>
				<number>2752032</number>
			</phone>
		</phone>
	</contactInfo>
	<webLinks lastUpdated="2016-04-04T05:30:08"><webSite mainCategory="Home Page">https://www.avid.com/</webSite><eMail mainCategory="Company Contact/E-mail">IR@avid.com</eMail></webLinks>
	<peerInfo lastUpdated="2020-12-03T09:48:59">
		<IndustryInfo>
			<Industry type="TRBC" order="1" reported="0" code="5720102010" mnem="">Software - NEC</Industry>
			<Industry type="NAICS" order="1" reported="0" code="512191" mnem="">Teleproduction &amp; Oth Postproduction Services</Industry>
			<Industry type="NAICS" order="2" reported="0" code="334310" mnem="">Audio and Video Equipment Manufacturing</Industry>
			<Industry type="NAICS" order="3" reported="0" code="511210" mnem="">Software Publishers</Industry>
			<Industry type="SIC" order="0" reported="1" code="3861" mnem="">Photographic Equipment Supplies</Industry>
			<Industry type="SIC" order="1" reported="0" code="7819" mnem="">Services Allied To Motion Picture</Industry>
			<Industry type="SIC" order="2" reported="0" code="3651" mnem="">Household Audio/video Equipment</Industry>
			<Industry type="SIC" order="3" reported="0" code="7372" mnem="">Prepackaged Software</Industry>
		</IndustryInfo>
	</peerInfo>
	<officers>
		<officer rank="1" since="01/2013">
			<firstName>Jeff</firstName>
			<mI></mI>
			<lastName>Rosica</lastName>
			<age>58 </age>
			<title startYear="2018" startMonth="03" startDay="08" iD1="PRE" abbr1="Pres." iD2="CEO" abbr2="CEO">President, Chief Executive Officer, Director</title>
		</officer>
		<officer rank="2" since="05/31/2018">
			<firstName>Kenneth</firstName>
			<mI>L.</mI>
			<lastName>Gayron</lastName>
			<age>50 </age>
			<title startYear="2018" startMonth="05" startDay="31" iD1="CFO" abbr1="CFO" iD2="EVP" abbr2="Exec. VP">Chief Financial Officer, Executive Vice President</title>
		</officer>
		<officer rank="3" since="03/2019">
			<firstName>Tom</firstName>
			<mI></mI>
			<lastName>Cordiner</lastName>
			<age>50 </age>
			<title startYear="2019" startMonth="03" startDay="" iD1="SVP" abbr1="Sr. VP" iD2="" abbr2="">Senior Vice President, Chief Revenue Officer</title>
		</officer>
		<officer rank="4" since="2015">
			<firstName>Dana</firstName>
			<mI></mI>
			<lastName>Ruzicka</lastName>
			<age>48 </age>
			<title startYear="2018" startMonth="05" startDay="" iD1="SVP" abbr1="Sr. VP" iD2="" abbr2="">Senior Vice President, Chief Product Officer</title>
		</officer>
	</officers>
	<Ratios PriceCurrency="USD" ReportingCurrency="USD" ExchangeRate="1.00000" LatestAvailableDate="2020-09-30">
		<Group ID="Price and Volume">
			<Ratio FieldName="NPRICE" Type="N">20.85000</Ratio>
			<Ratio FieldName="NHIG" Type="N">21.46000</Ratio>
			<Ratio FieldName="NLOW" Type="N">4.67000</Ratio>
			<Ratio FieldName="PDATE" Type="D">2021-02-04T00:00:00</Ratio>
			<Ratio FieldName="VOL10DAVG" Type="N">0.72581</Ratio>
			<Ratio FieldName="EV" Type="N">1081.56130</Ratio>
		</Group>
		<Group ID="Income Statement">
			<Ratio FieldName="MKTCAP" Type="N">921.73930</Ratio>
			<Ratio FieldName="TTMREV" Type="N">372.47200</Ratio>
			<Ratio FieldName="TTMEBITD" Type="N">46.05100</Ratio>
			<Ratio FieldName="TTMNIAC" Type="N">19.34700</Ratio>
		</Group>
		<Group ID="Per share data">
			<Ratio FieldName="TTMEPSXCLX" Type="N">0.41574</Ratio>
			<Ratio FieldName="TTMREVPS" Type="N">8.34008</Ratio>
			<Ratio FieldName="QBVPS" Type="N">-3.26841</Ratio>
			<Ratio FieldName="QCSHPS" Type="N">1.11375</Ratio>
			<Ratio FieldName="TTMCFSHR" Type="N">0.62312</Ratio>
			<Ratio FieldName="TTMDIVSHR" Type="N">0.00000</Ratio>
		</Group>
		<Group ID="Other Ratios">
			<Ratio FieldName="TTMGROSMGN" Type="N">63.42624</Ratio>
			<Ratio FieldName="TTMROEPCT" Type="N">-99999.99000</Ratio>
			<Ratio FieldName="TTMPR2REV" Type="N">2.47465</Ratio>
			<Ratio FieldName="PEEXCLXOR" Type="N">50.15154</Ratio>
			<Ratio FieldName="PRICE2BK" Type="N">-99999.99000</Ratio>
			<Ratio FieldName="Employees" Type="N">1429</Ratio>
		</Group>
	</Ratios>
	<ForecastData ConsensusType="Mean" CurFiscalYear="2020" CurFiscalYearEndMonth="12" CurInterimEndCalYear="2020" CurInterimEndMonth="12" EarningsBasis="PRX">
		<Ratio FieldName="ConsRecom" Type="N">
			<Value PeriodType="CURR">2.2</Value>
		</Ratio>
		<Ratio FieldName="TargetPrice" Type="N">
			<Value PeriodType="CURR">12.25000</Value>
		</Ratio>
		<Ratio FieldName="ProjLTGrowthRate" Type="N">
			<Value PeriodType="CURR">-99999.99000</Value>
		</Ratio>
		<Ratio FieldName="ProjPE" Type="N">
			<Value PeriodType="CURR">32.20077</Value>
		</Ratio>
		<Ratio FieldName="ProjSales" Type="N">
			<Value PeriodType="CURR">361.16360</Value>
		</Ratio>
		<Ratio FieldName="ProjSalesQ" Type="N">
			<Value PeriodType="CURR">104.99240</Value>
		</Ratio>
		<Ratio FieldName="ProjEPS" Type="N">
			<Value PeriodType="CURR">0.64750</Value>
		</Ratio>
		<Ratio FieldName="ProjEPSQ" Type="N">
			<Value PeriodType="CURR">0.32480</Value>
		</Ratio>
		<Ratio FieldName="ProjProfit" Type="N">
			<Value PeriodType="CURR">28.48680</Value>
		</Ratio>
		<Ratio FieldName="ProjDPS" Type="N">
			<Value PeriodType="CURR">-99999.99000</Value>
		</Ratio>
	</ForecastData>
</ReportSnapshot>
