<?xml version="1.0" encoding="UTF-8"?>
<ReportSnapshot Major="1" Minor="0" Revision="1">
	<CoIDs>
		<CoID Type="RepNo">26574</CoID>
		<CoID Type="CompanyName">Aviat Networks Inc</CoID>
		<CoID Type="IRSNo">205961564</CoID>
		<CoID Type="CIKNo">0001377789</CoID>
		<CoID Type="OrganizationPermID">4295899348</CoID>
	</CoIDs>
	<Issues>
		<Issue ID="2" Type="C" Desc="Common Stock" Order="1">
			<IssueID Type="Name">Ordinary Shares</IssueID>
			<IssueID Type="Ticker">AVNW</IssueID>
			<IssueID Type="RIC">AVNW.O</IssueID>
			<IssueID Type="DisplayRIC">AVNW.OQ</IssueID>
			<IssueID Type="InstrumentPI">268149</IssueID>
			<IssueID Type="QuotePI">7878759</IssueID>
			<IssueID Type="InstrumentPermID">8590928852</IssueID>
			<IssueID Type="QuotePermID">55835358504</IssueID>
			<Exchange Code="NASD" Country="USA">NASDAQ</Exchange>
			<GlobalListingType>OSR</GlobalListingType>
		</Issue>
		<Issue ID="3" Type="C" Desc="Common Stock" Order="2">
			<IssueID Type="Name">Ordinary Shares Class B(Unlisted)</IssueID>
			<IssueID Type="InstrumentPI">72730266</IssueID>
			<IssueID Type="InstrumentPermID">21475038160</IssueID>
			<Exchange Code="NASD" Country="USA">NASDAQ</Exchange>
		</Issue>
		<Issue ID="1" Type="C" Desc="Common Stock" Order="3">
			<IssueID Type="Name">Ordinary Shares</IssueID>
			<IssueID Type="InstrumentPI">72728148</IssueID>
			<IssueID Type="InstrumentPermID">21475037820</IssueID>
			<Exchange Code="NASD" Country="USA">NASDAQ</Exchange>
		</Issue>
	</Issues>
	<CoGeneralInfo>
		<CoStatus Code="1">Active</CoStatus>
		<CoType Code="EQU">Equity Issue</CoType>
		<LastModified>2021-02-04</LastModified>
		<LatestAvailableAnnual>2020-07-03</LatestAvailableAnnual>
		<LatestAvailableInterim>2021-01-01</LatestAvailableInterim>
		<Employees LastUpdated="2020-07-03">674</Employees>
		<SharesOut Date="2021-01-29" TotalFloat="4911112.0">5563918.0</SharesOut>
		<ReportingCurrency Code="USD">U.S. Dollars</ReportingCurrency>
		<MostRecentExchange Date="2021-02-03">1.0</MostRecentExchange>
	</CoGeneralInfo>
	<TextInfo>
		<Text Type="Business Summary" lastModified="2016-09-26T01:39:54">Aviat Networks, Inc., together with its subsidiaries, is a supplier of microwave networking solutions. The Company's product categories include point-to-point microwave and millimeter wave radios that are licensed (subject to local frequency regulatory requirements), lightly-licensed and license-exempt (operating in license-exempt frequencies), and element and network management software. In addition, it provides a range of professional services enabling it to deliver turnkey networks, including design, deployment, maintenance and managed services. It designs, manufactures and sells a range of wireless networking products, solutions and services to mobile and fixed public network operators, private network operators, Federal, State and Local government agencies, transportation, energy and utility companies, public safety agencies and broadcast network operators around the world. The Company sells products and services directly to its customers and also use agents and resellers.</Text>
		<Text Type="Financial Summary" lastModified="2021-02-04T07:12:02">BRIEF: For the six months ended 01 January 2021, AviatNetworks Inc revenues increased 19% to $136.8M. Net incometotaled $12.6M vs. loss of $1.6M. Revenues reflect NorthAmerica segment increase of 24% to $94.7M, Latin Americaand Asia Pacific segment increase of 31% to $17.2M. NetIncome reflects Selling and administrative expenses -decrease of 11% to $25.3M (expense), Restructuring chargesdecrease from $1.6M (expense) to $0K.</Text>
	</TextInfo>
	<contactInfo lastUpdated="2021-02-04T07:12:35">
		<streetAddress line="1">200 Parker Dr Ste C100A</streetAddress>
		<streetAddress line="2"></streetAddress>
		<streetAddress line="3"></streetAddress>
		<city>AUSTIN</city>
		<state-region>TX</state-region>
		<postalCode>78728-1206</postalCode>
		<country code="USA">United States</country>
		<contactName>Glenn Wiener</contactName>
		<contactTitle>President and CEO GW Communications</contactTitle>
		<phone>
			<phone type="mainphone">
				<countryPhoneCode>1</countryPhoneCode>
				<city-areacode>408</city-areacode>
				<number>9417100</number>
			</phone>
			<phone type="mainfax">
				<countryPhoneCode>1</countryPhoneCode>
				<city-areacode>512</city-areacode>
				<number>5824605</number>
			</phone>
			<phone type="contactphone">
				<countryPhoneCode>1</countryPhoneCode>
				<city-areacode>212</city-areacode>
				<number>786-6011</number>
			</phone>
		</phone>
	</contactInfo>
	<webLinks lastUpdated="2019-07-25T09:00:02"><webSite mainCategory="Home Page">https://aviatnetworks.com/</webSite><eMail mainCategory="Company Contact/E-mail">gwiener@GWCco.com</eMail></webLinks>
	<peerInfo lastUpdated="2021-02-04T07:12:35">
		<IndustryInfo>
			<Industry type="TRBC" order="1" reported="0" code="5710201011" mnem="">Network Equipment</Industry>
			<Industry type="NAICS" order="1" reported="0" code="334220" mnem="">Radio and Television Broadcasting and Wireless Communications Equipment Manufacturing</Industry>
			<Industry type="NAICS" order="2" reported="0" code="334210" mnem="">Telephone Apparatus Manufacturing</Industry>
			<Industry type="NAICS" order="3" reported="0" code="541511" mnem="">Custom Computer Programming Services</Industry>
			<Industry type="SIC" order="0" reported="1" code="3663" mnem="">Radio/tv Communications Equip</Industry>
			<Industry type="SIC" order="1" reported="0" code="3663" mnem="">Radio/tv Communications Equip</Industry>
			<Industry type="SIC" order="2" reported="0" code="3661" mnem="">Telephone And Telegraph Apparatus</Industry>
			<Industry type="SIC" order="3" reported="0" code="7371" mnem="">Computer Programming Services</Industry>
		</IndustryInfo>
	</peerInfo>
	<officers>
		<officer rank="1" since="01/2015">
			<firstName>John</firstName>
			<mI></mI>
			<lastName>Mutch</lastName>
			<age>63 </age>
			<title startYear="2015" startMonth="01" startDay="" iD1="CHM" abbr1="Chmn." iD2="IND" abbr2="Ind. Dir.">Independent Chairman of the Board</title>
		</officer>
		<officer rank="2" since="01/02/2020">
			<firstName>Peter</firstName>
			<mI></mI>
			<lastName>Smith</lastName>
			<age></age>
			<title startYear="2020" startMonth="01" startDay="02" iD1="PRE" abbr1="Pres." iD2="CEO" abbr2="CEO">President, Chief Executive Officer</title>
		</officer>
		<officer rank="3" since="02/2016">
			<firstName>Eric</firstName>
			<mI></mI>
			<lastName>Chang</lastName>
			<age>46 </age>
			<title startYear="2020" startMonth="04" startDay="03" iD1="CFO" abbr1="CFO" iD2="CAO" abbr2="CAO">Chief Financial Officer, Principal Accounting Officer</title>
		</officer>
		<officer rank="4" since="05/26/2015">
			<firstName>Ralph</firstName>
			<mI>S.</mI>
			<lastName>Marimon</lastName>
			<age></age>
			<title startYear="2020" startMonth="01" startDay="02" iD1="SVF" abbr1="Sr. VP-Fin." iD2="" abbr2="">Senior Vice President - Finance</title>
		</officer>
	</officers>
	<Ratios PriceCurrency="USD" ReportingCurrency="USD" ExchangeRate="1.00000" LatestAvailableDate="2021-01-01">
		<Group ID="Price and Volume">
			<Ratio FieldName="NPRICE" Type="N">45.73000</Ratio>
			<Ratio FieldName="NHIG" Type="N">53.86270</Ratio>
			<Ratio FieldName="NLOW" Type="N">7.09800</Ratio>
			<Ratio FieldName="PDATE" Type="D">2021-02-04T00:00:00</Ratio>
			<Ratio FieldName="VOL10DAVG" Type="N">0.28448</Ratio>
			<Ratio FieldName="EV" Type="N">206.70560</Ratio>
		</Group>
		<Group ID="Income Statement">
			<Ratio FieldName="MKTCAP" Type="N">249.75160</Ratio>
			<Ratio FieldName="TTMREV" Type="N">260.85200</Ratio>
			<Ratio FieldName="TTMEBITD" Type="N">25.23600</Ratio>
			<Ratio FieldName="TTMNIAC" Type="N">14.45100</Ratio>
		</Group>
		<Group ID="Per share data">
			<Ratio FieldName="TTMEPSXCLX" Type="N">2.56779</Ratio>
			<Ratio FieldName="TTMREVPS" Type="N">46.54954</Ratio>
			<Ratio FieldName="QBVPS" Type="N">15.19846</Ratio>
			<Ratio FieldName="QCSHPS" Type="N">7.73663</Ratio>
			<Ratio FieldName="TTMCFSHR" Type="N">3.46143</Ratio>
			<Ratio FieldName="TTMDIVSHR" Type="N">0.00000</Ratio>
		</Group>
		<Group ID="Other Ratios">
			<Ratio FieldName="TTMGROSMGN" Type="N">36.41107</Ratio>
			<Ratio FieldName="TTMROEPCT" Type="N">18.88649</Ratio>
			<Ratio FieldName="TTMPR2REV" Type="N">0.95745</Ratio>
			<Ratio FieldName="PEEXCLXOR" Type="N">17.80909</Ratio>
			<Ratio FieldName="PRICE2BK" Type="N">3.00886</Ratio>
			<Ratio FieldName="Employees" Type="N">674</Ratio>
		</Group>
	</Ratios>
	<ForecastData ConsensusType="Mean" CurFiscalYear="2021" CurFiscalYearEndMonth="6" CurInterimEndCalYear="2021" CurInterimEndMonth="3" EarningsBasis="PRX">
		<Ratio FieldName="ConsRecom" Type="N">
			<Value PeriodType="CURR">1.5</Value>
		</Ratio>
		<Ratio FieldName="TargetPrice" Type="N">
			<Value PeriodType="CURR">26.50000</Value>
		</Ratio>
		<Ratio FieldName="ProjLTGrowthRate" Type="N">
			<Value PeriodType="CURR">-99999.99000</Value>
		</Ratio>
		<Ratio FieldName="ProjPE" Type="N">
			<Value PeriodType="CURR">12.86357</Value>
		</Ratio>
		<Ratio FieldName="ProjSales" Type="N">
			<Value PeriodType="CURR">256.11800</Value>
		</Ratio>
		<Ratio FieldName="ProjSalesQ" Type="N">
			<Value PeriodType="CURR">61.00000</Value>
		</Ratio>
		<Ratio FieldName="ProjEPS" Type="N">
			<Value PeriodType="CURR">3.55500</Value>
		</Ratio>
		<Ratio FieldName="ProjEPSQ" Type="N">
			<Value PeriodType="CURR">0.56500</Value>
		</Ratio>
		<Ratio FieldName="ProjProfit" Type="N">
			<Value PeriodType="CURR">24.40000</Value>
		</Ratio>
		<Ratio FieldName="ProjDPS" Type="N">
			<Value PeriodType="CURR">-99999.99000</Value>
		</Ratio>
	</ForecastData>
</ReportSnapshot>
