<?xml version="1.0" encoding="UTF-8"?>
<ReportSnapshot Major="1" Minor="0" Revision="1">
	<CoIDs>
		<CoID Type="RepNo">0327D</CoID>
		<CoID Type="CompanyName">Mission Produce Inc</CoID>
		<CoID Type="IRSNo">953847744</CoID>
		<CoID Type="CIKNo">0001802974</CoID>
		<CoID Type="OrganizationPermID">5074171338</CoID>
	</CoIDs>
	<Issues>
		<Issue ID="1" Type="C" Desc="Common Stock" Order="1">
			<IssueID Type="Name">Ordinary Shares</IssueID>
			<IssueID Type="Ticker">AVO</IssueID>
			<IssueID Type="RIC">AVO.O</IssueID>
			<IssueID Type="DisplayRIC">AVO.OQ</IssueID>
			<IssueID Type="InstrumentPI">458342672</IssueID>
			<IssueID Type="QuotePI">464492397</IssueID>
			<IssueID Type="InstrumentPermID">25727323241</IssueID>
			<IssueID Type="QuotePermID">25727312534</IssueID>
			<Exchange Code="NASD" Country="USA">NASDAQ</Exchange>
			<GlobalListingType>OSR</GlobalListingType>
		</Issue>
	</Issues>
	<CoGeneralInfo>
		<CoStatus Code="1">Active</CoStatus>
		<CoType Code="IPO">Pre-IPO</CoType>
		<LastModified>2021-01-20</LastModified>
		<LatestAvailableAnnual>2020-10-31</LatestAvailableAnnual>
		<LatestAvailableInterim>2020-10-31</LatestAvailableInterim>
		<Employees LastUpdated="2020-04-30">3700</Employees>
		<SharesOut Date="2020-10-01" TotalFloat="38522059.0">69350922.0</SharesOut>
		<ReportingCurrency Code="USD">U.S. Dollars</ReportingCurrency>
		<MostRecentExchange Date="2021-02-03">1.0</MostRecentExchange>
	</CoGeneralInfo>
	<TextInfo>
		<Text Type="Business Summary" lastModified="2020-09-30T10:40:09">Mission Produce, Inc. is engaged in sourcing, producing and distributing avocados, serving retail, wholesale and foodservice customers. The Company sources, produces, packs and distributes avocados to its customers and provides services, including ripening, bagging, custom packing and logistical management. In addition, it provides its customers with merchandising and promotional support, insights on market trends and training. The Company sources and packs avocados primarily from Mexico, California and Peru, in addition to Colombia, Guatemala and Chile. The Company operates through two segments: Marketing and Distribution, and International Farming. Its Marketing and Distribution segment sources fruit from growers and then distributes the fruit through its global distribution network. Its International Farming segment owns and operates avocado orchards (principally located in Peru).</Text>
		<Text Type="Financial Summary" lastModified="2020-10-06T00:18:27">BRIEF: For the six months ended 30 April 2020, MissionProduce Inc revenues increased 14% to $419.1M. Net losstotaled $13.4M vs. income of $23.2M. Revenues reflect anincrease in demand for the Company's products and servicesdue to favorable market conditions. Net loss reflectsRealized Gain/Loss on Derivative-Hedging increase from $1Mto $3.4M (expense), Stock-based Compensation in SGAincrease from $0K to $700K (expense).</Text>
	</TextInfo>
	<contactInfo lastUpdated="2021-01-20T07:55:50">
		<streetAddress line="1">2500 E. Vineyard Avenue, Suite 300</streetAddress>
		<streetAddress line="2"></streetAddress>
		<streetAddress line="3"></streetAddress>
		<city>OXNARD</city>
		<state-region>CA</state-region>
		<postalCode>93036</postalCode>
		<country code="USA">United States</country>
		<contactName></contactName>
		<contactTitle></contactTitle>
		<phone>
			<phone type="mainphone">
				<countryPhoneCode>1</countryPhoneCode>
				<city-areacode>805</city-areacode>
				<number>9813650</number>
			</phone>
			<phone type="mainfax">
				<countryPhoneCode>1</countryPhoneCode>
				<city-areacode>302</city-areacode>
				<number>6555049</number>
			</phone>
		</phone>
	</contactInfo>
	<webLinks lastUpdated="2020-09-30T10:45:00"><webSite mainCategory="Home Page">https://worldsfinestavocados.com/</webSite><eMail mainCategory="Company Contact/E-mail">
		</eMail></webLinks>
	<peerInfo lastUpdated="2021-01-20T07:55:50">
		<IndustryInfo>
			<Industry type="TRBC" order="1" reported="0" code="5410201014" mnem="">Vegetable, Fruit &amp; Nut Farming</Industry>
			<Industry type="NAICS" order="1" reported="0" code="111339" mnem="">Other Noncitrus Fruit Farming</Industry>
			<Industry type="NAICS" order="2" reported="0" code="424480" mnem="">Fresh Fruit and Vegetable Merchant Wholesalers</Industry>
			<Industry type="SIC" order="1" reported="0" code="0179" mnem="">Fruits And Tree Nuts, Nec</Industry>
			<Industry type="SIC" order="2" reported="0" code="5148" mnem="">Fresh Fruits And Vegetables</Industry>
		</IndustryInfo>
	</peerInfo>
	<officers></officers>
	<Ratios PriceCurrency="USD" ReportingCurrency="USD" ExchangeRate="1.00000" LatestAvailableDate="2020-10-31">
		<Group ID="Price and Volume">
			<Ratio FieldName="NPRICE" Type="N">20.08000</Ratio>
			<Ratio FieldName="NHIG" Type="N">20.44990</Ratio>
			<Ratio FieldName="NLOW" Type="N">11.75000</Ratio>
			<Ratio FieldName="PDATE" Type="D">2021-02-04T00:00:00</Ratio>
			<Ratio FieldName="VOL10DAVG" Type="N">0.26214</Ratio>
			<Ratio FieldName="EV" Type="N">1576.64200</Ratio>
		</Group>
		<Group ID="Income Statement">
			<Ratio FieldName="MKTCAP" Type="N">1416.66200</Ratio>
			<Ratio FieldName="TTMREV" Type="N">934.36100</Ratio>
			<Ratio FieldName="TTMEBITD" Type="N">101.59700</Ratio>
			<Ratio FieldName="TTMNIAC" Type="N">35.10300</Ratio>
		</Group>
		<Group ID="Per share data">
			<Ratio FieldName="TTMEPSXCLX" Type="N">0.50617</Ratio>
			<Ratio FieldName="TTMREVPS" Type="N">13.47294</Ratio>
			<Ratio FieldName="QBVPS" Type="N">5.11745</Ratio>
			<Ratio FieldName="QCSHPS" Type="N">0.38310</Ratio>
			<Ratio FieldName="TTMCFSHR" Type="N">0.75454</Ratio>
			<Ratio FieldName="TTMDIVSHR" Type="N">0.00000</Ratio>
		</Group>
		<Group ID="Other Ratios">
			<Ratio FieldName="TTMGROSMGN" Type="N">14.24567</Ratio>
			<Ratio FieldName="TTMROEPCT" Type="N">-99999.99000</Ratio>
			<Ratio FieldName="TTMPR2REV" Type="N">1.51618</Ratio>
			<Ratio FieldName="PEEXCLXOR" Type="N">39.67047</Ratio>
			<Ratio FieldName="PRICE2BK" Type="N">3.92383</Ratio>
			<Ratio FieldName="Employees" Type="N">3700</Ratio>
		</Group>
	</Ratios>
	<ForecastData ConsensusType="" CurFiscalYear="" CurFiscalYearEndMonth="" CurInterimEndCalYear="" CurInterimEndMonth="" EarningsBasis="">
		<Ratio FieldName="ConsRecom" Type="N">
			<Value PeriodType="CURR">-99999.99000</Value>
		</Ratio>
		<Ratio FieldName="TargetPrice" Type="N">
			<Value PeriodType="CURR">-99999.99000</Value>
		</Ratio>
		<Ratio FieldName="ProjLTGrowthRate" Type="N">
			<Value PeriodType="CURR">-99999.99000</Value>
		</Ratio>
		<Ratio FieldName="ProjPE" Type="N">
			<Value PeriodType="CURR">-99999.99000</Value>
		</Ratio>
		<Ratio FieldName="ProjSales" Type="N">
			<Value PeriodType="CURR">-99999.99000</Value>
		</Ratio>
		<Ratio FieldName="ProjSalesQ" Type="N">
			<Value PeriodType="CURR">-99999.99000</Value>
		</Ratio>
		<Ratio FieldName="ProjEPS" Type="N">
			<Value PeriodType="CURR">-99999.99000</Value>
		</Ratio>
		<Ratio FieldName="ProjEPSQ" Type="N">
			<Value PeriodType="CURR">-99999.99000</Value>
		</Ratio>
		<Ratio FieldName="ProjProfit" Type="N">
			<Value PeriodType="CURR">-99999.99000</Value>
		</Ratio>
		<Ratio FieldName="ProjDPS" Type="N">
			<Value PeriodType="CURR">-99999.99000</Value>
		</Ratio>
	</ForecastData>
</ReportSnapshot>
