<?xml version="1.0" encoding="UTF-8"?>
<ReportSnapshot Major="1" Minor="0" Revision="1">
	<CoIDs>
		<CoID Type="RepNo">02BAA</CoID>
		<CoID Type="CompanyName">Avrobio Inc</CoID>
		<CoID Type="IRSNo">810710585</CoID>
		<CoID Type="CIKNo">0001681087</CoID>
		<CoID Type="OrganizationPermID">5050307187</CoID>
	</CoIDs>
	<Issues>
		<Issue ID="1" Type="C" Desc="Common Stock" Order="1">
			<IssueID Type="Name">Ordinary Shares</IssueID>
			<IssueID Type="Ticker">AVRO</IssueID>
			<IssueID Type="RIC">AVRO.O</IssueID>
			<IssueID Type="DisplayRIC">AVRO.OQ</IssueID>
			<IssueID Type="InstrumentPI">308450713</IssueID>
			<IssueID Type="QuotePI">308621950</IssueID>
			<IssueID Type="InstrumentPermID">21649925864</IssueID>
			<IssueID Type="QuotePermID">25727402907</IssueID>
			<Exchange Code="NASD" Country="USA">NASDAQ</Exchange>
			<GlobalListingType>OSR</GlobalListingType>
		</Issue>
	</Issues>
	<CoGeneralInfo>
		<CoStatus Code="1">Active</CoStatus>
		<CoType Code="EQU">Equity Issue</CoType>
		<LastModified>2020-11-09</LastModified>
		<LatestAvailableAnnual>2019-12-31</LatestAvailableAnnual>
		<LatestAvailableInterim>2020-09-30</LatestAvailableInterim>
		<Employees LastUpdated="2020-09-30">123</Employees>
		<SharesOut Date="2020-11-19" TotalFloat="40454156.0">41449153.0</SharesOut>
		<ReportingCurrency Code="USD">U.S. Dollars</ReportingCurrency>
		<MostRecentExchange Date="2021-02-03">1.0</MostRecentExchange>
	</CoGeneralInfo>
	<TextInfo>
		<Text Type="Business Summary" lastModified="2020-03-23T03:52:05">AVROBIO, Inc. is a clinical-stage gene therapy company. The Company is focused on developing curative ex vivo lentiviral-based gene therapies to treat rare diseases following a single dose. Its gene therapies employ hematopoietic stem cells that are extracted from the patient and then modified with lentiviral vectors to insert a functional copy of the gene that is defective in the target disease. Its product pipeline includes AVR-RD-01, AVR-RD-02, AVR-RD-03 and AVR-RD-04. The Company is developing AVR-RD-01 for the treatment of Fabry disease. AVR-RD-02 is the Companys gene therapy for Gaucher disease. AVR-RD-03 is being developed for the treatment of Pompe disease. The Company is developing AVR-RD-04 for the treatment of patients with cystinosis.</Text>
		<Text Type="Financial Summary" lastModified="2020-11-09T10:22:26">BRIEF: For the nine months ended 30 September 2020, AvrobioInc revenues was not reported. Net loss increased 82% to$91.6M. Higher net loss reflects Research and developmeincrease of 75% to $61.6M (expense), General andadministrative increase of 54% to $19.1M (expense),Stock-based Compensation in R&amp;D increase from $2.7M to$6.1M (expense). Basic Earnings per Share excludingExtraordinary Items decreased from -$1.95 to -$2.58.</Text>
	</TextInfo>
	<contactInfo lastUpdated="2020-11-19T16:12:11">
		<streetAddress line="1">1 Kendall Sq Bldg 300 Ste 201</streetAddress>
		<streetAddress line="2"></streetAddress>
		<streetAddress line="3"></streetAddress>
		<city>CAMBRIDGE</city>
		<state-region>MA</state-region>
		<postalCode>02139-1562</postalCode>
		<country code="USA">United States</country>
		<contactName>Chris Brinzey</contactName>
		<contactTitle>IR Contact Officer</contactTitle>
		<phone>
			<phone type="mainphone">
				<countryPhoneCode>1</countryPhoneCode>
				<city-areacode>781</city-areacode>
				<number>9626030</number>
			</phone>
			<phone type="mainfax">
				<countryPhoneCode>1</countryPhoneCode>
				<city-areacode>302</city-areacode>
				<number>6365454</number>
			</phone>
			<phone type="contactphone">
				<countryPhoneCode>1</countryPhoneCode>
				<city-areacode>339</city-areacode>
				<number>9702843</number>
			</phone>
		</phone>
	</contactInfo>
	<webLinks lastUpdated="2018-06-21T01:15:03"><webSite mainCategory="Home Page">http://www.avrobio.com</webSite><eMail mainCategory="Company Contact/E-mail">chris.brinzey@westwicke.com</eMail></webLinks>
	<peerInfo lastUpdated="2020-11-19T16:12:11">
		<IndustryInfo>
			<Industry type="TRBC" order="1" reported="0" code="5620201011" mnem="">Bio Therapeutic Drugs</Industry>
			<Industry type="NAICS" order="1" reported="0" code="541711" mnem="">Research and Development in Biotechnology</Industry>
			<Industry type="SIC" order="1" reported="0" code="8731" mnem="">Commercial Physical Research</Industry>
		</IndustryInfo>
	</peerInfo>
	<officers>
		<officer rank="1" since="02/2016">
			<firstName>Bruce</firstName>
			<mI></mI>
			<lastName>Booth</lastName>
			<age>45 </age>
			<title startYear="2016" startMonth="02" startDay="" iD1="CHM" abbr1="Chmn." iD2="IND" abbr2="Ind. Dir.">Independent Chairman of the Board</title>
		</officer>
		<officer rank="2" since="11/2015">
			<firstName>Geoff</firstName>
			<mI></mI>
			<lastName>MacKay</lastName>
			<age>53 </age>
			<title startYear="2015" startMonth="11" startDay="" iD1="PRE" abbr1="Pres." iD2="CEO" abbr2="CEO">President, Chief Executive Officer, Director</title>
		</officer>
		<officer rank="3" since="12/17/2018">
			<firstName>Erik</firstName>
			<mI></mI>
			<lastName>Ostrowski</lastName>
			<age>47 </age>
			<title startYear="2019" startMonth="01" startDay="02" iD1="CFO" abbr1="CFO" iD2="CAO" abbr2="CAO">Chief Financial Officer, Principal Financial Officer and Principal Accounting Officer, Treasurer</title>
		</officer>
		<officer rank="4" since="12/2018">
			<firstName>Birgitte</firstName>
			<mI></mI>
			<lastName>Volck</lastName>
			<age>57 </age>
			<title startYear="2018" startMonth="12" startDay="" iD1="CEX" abbr1="Corp. Exec." iD2="" abbr2="">President - Research &amp; Development</title>
		</officer>
		<officer rank="5" since="06/29/2020">
			<firstName>Kim</firstName>
			<mI></mI>
			<lastName>Raineri</lastName>
			<age></age>
			<title startYear="2020" startMonth="06" startDay="29" iD1="CTO" abbr1="CTO" iD2="" abbr2="">Chief Manufacturing and Technology Officer</title>
		</officer>
		<officer rank="6" since="NA">
			<firstName>Deanna</firstName>
			<mI>M.</mI>
			<lastName>Petersen</lastName>
			<age>58 </age>
			<title startYear="NA" startMonth="" startDay="" iD1="OTH" abbr1="Other" iD2="" abbr2="">Chief Business Officer</title>
		</officer>
		<officer rank="7" since="01/2019">
			<firstName>Steven</firstName>
			<mI>N.</mI>
			<lastName>Avruch</lastName>
			<age>59 </age>
			<title startYear="2020" startMonth="03" startDay="" iD1="SEC" abbr1="Secy." iD2="" abbr2="">Secretary, Chief Legal Officer</title>
		</officer>
	</officers>
	<Ratios PriceCurrency="USD" ReportingCurrency="USD" ExchangeRate="1.00000" LatestAvailableDate="2020-09-30">
		<Group ID="Price and Volume">
			<Ratio FieldName="NPRICE" Type="N">16.02500</Ratio>
			<Ratio FieldName="NHIG" Type="N">29.32000</Ratio>
			<Ratio FieldName="NLOW" Type="N">9.76000</Ratio>
			<Ratio FieldName="PDATE" Type="D">2021-02-04T00:00:00</Ratio>
			<Ratio FieldName="VOL10DAVG" Type="N">0.29836</Ratio>
			<Ratio FieldName="EV" Type="N">444.67670</Ratio>
		</Group>
		<Group ID="Income Statement">
			<Ratio FieldName="MKTCAP" Type="N">664.22270</Ratio>
			<Ratio FieldName="TTMREV" Type="N">0.00000</Ratio>
			<Ratio FieldName="TTMEBITD" Type="N">-114.45400</Ratio>
			<Ratio FieldName="TTMNIAC" Type="N">-114.24300</Ratio>
		</Group>
		<Group ID="Per share data">
			<Ratio FieldName="TTMEPSXCLX" Type="N">-3.29462</Ratio>
			<Ratio FieldName="TTMREVPS" Type="N">0.00000</Ratio>
			<Ratio FieldName="QBVPS" Type="N">5.70309</Ratio>
			<Ratio FieldName="QCSHPS" Type="N">6.02338</Ratio>
			<Ratio FieldName="TTMCFSHR" Type="N">-3.28089</Ratio>
			<Ratio FieldName="TTMDIVSHR" Type="N">0.00000</Ratio>
		</Group>
		<Group ID="Other Ratios">
			<Ratio FieldName="TTMGROSMGN" Type="N">-99999.99000</Ratio>
			<Ratio FieldName="TTMROEPCT" Type="N">-55.10573</Ratio>
			<Ratio FieldName="TTMPR2REV" Type="N">-99999.99000</Ratio>
			<Ratio FieldName="PEEXCLXOR" Type="N">-99999.99000</Ratio>
			<Ratio FieldName="PRICE2BK" Type="N">2.80988</Ratio>
			<Ratio FieldName="Employees" Type="N">123</Ratio>
		</Group>
	</Ratios>
	<ForecastData ConsensusType="Mean" CurFiscalYear="2020" CurFiscalYearEndMonth="12" CurInterimEndCalYear="2020" CurInterimEndMonth="12" EarningsBasis="PRX">
		<Ratio FieldName="ConsRecom" Type="N">
			<Value PeriodType="CURR">1.75</Value>
		</Ratio>
		<Ratio FieldName="TargetPrice" Type="N">
			<Value PeriodType="CURR">37.85710</Value>
		</Ratio>
		<Ratio FieldName="ProjLTGrowthRate" Type="N">
			<Value PeriodType="CURR">-99999.99000</Value>
		</Ratio>
		<Ratio FieldName="ProjPE" Type="N">
			<Value PeriodType="CURR">-4.54442</Value>
		</Ratio>
		<Ratio FieldName="ProjSales" Type="N">
			<Value PeriodType="CURR">0.00000</Value>
		</Ratio>
		<Ratio FieldName="ProjSalesQ" Type="N">
			<Value PeriodType="CURR">0.00000</Value>
		</Ratio>
		<Ratio FieldName="ProjEPS" Type="N">
			<Value PeriodType="CURR">-3.52630</Value>
		</Ratio>
		<Ratio FieldName="ProjEPSQ" Type="N">
			<Value PeriodType="CURR">-0.88000</Value>
		</Ratio>
		<Ratio FieldName="ProjProfit" Type="N">
			<Value PeriodType="CURR">-120.95730</Value>
		</Ratio>
		<Ratio FieldName="ProjDPS" Type="N">
			<Value PeriodType="CURR">-99999.99000</Value>
		</Ratio>
	</ForecastData>
</ReportSnapshot>
