<?xml version="1.0" encoding="UTF-8"?>
<ReportSnapshot Major="1" Minor="0" Revision="1">
	<CoIDs>
		<CoID Type="RepNo">0832N</CoID>
		<CoID Type="CompanyName">Avnet, Inc.</CoID>
		<CoID Type="IRSNo">111890605</CoID>
		<CoID Type="CIKNo">0000008858</CoID>
		<CoID Type="OrganizationPermID">4295903504</CoID>
	</CoIDs>
	<Issues>
		<Issue ID="1" Type="C" Desc="Common Stock" Order="1">
			<IssueID Type="Name">Ordinary Shares</IssueID>
			<IssueID Type="Ticker">AVT</IssueID>
			<IssueID Type="RIC">AVT.O</IssueID>
			<IssueID Type="DisplayRIC">AVT.OQ</IssueID>
			<IssueID Type="InstrumentPI">261101</IssueID>
			<IssueID Type="QuotePI">1089512</IssueID>
			<IssueID Type="InstrumentPermID">8590935430</IssueID>
			<IssueID Type="QuotePermID">55838319975</IssueID>
			<Exchange Code="NASD" Country="USA">NASDAQ</Exchange>
			<GlobalListingType>OSR</GlobalListingType>
			<MostRecentSplit Date="2000-09-29">2.0</MostRecentSplit>
		</Issue>
	</Issues>
	<CoGeneralInfo>
		<CoStatus Code="1">Active</CoStatus>
		<CoType Code="EQU">Equity Issue</CoType>
		<LastModified>2021-01-29</LastModified>
		<LatestAvailableAnnual>2020-06-27</LatestAvailableAnnual>
		<LatestAvailableInterim>2021-01-02</LatestAvailableInterim>
		<Employees LastUpdated="2020-06-27">14600</Employees>
		<SharesOut Date="2021-01-20" TotalFloat="98543353.0">99455396.0</SharesOut>
		<ReportingCurrency Code="USD">U.S. Dollars</ReportingCurrency>
		<MostRecentExchange Date="2021-02-03">1.0</MostRecentExchange>
	</CoGeneralInfo>
	<TextInfo>
		<Text Type="Business Summary" lastModified="2017-03-08T14:55:11">Avnet, Inc. is a distributor of electronic components, enterprise computer, networking and storage products and software, and embedded subsystems. The Company operates through Electronics Marketing (EM) segment. The EM segment markets and sells semiconductors; interconnect, passive and electromechanical devices (IP&amp;E), and embedded products to a customer base serving various end markets. The Company creates a link in the technology supply chain that connects electronic component and computer product manufacturers and software developers with a customer base of original equipment manufacturers (OEMs), electronic manufacturing services (EMS) providers, original design manufacturers (ODMs), systems integrators (SIs), independent software vendors (ISVs) and value-added resellers (VARs). The Company distributes electronic components, computer products and software, as received from its suppliers or through a customized solution, and offers assembly and other services. </Text>
		<Text Type="Financial Summary" lastModified="2021-01-29T14:54:16">BRIEF: For the 27 weeks ended 02 January 2021, Avnet, Inc.revenues increased 2% to $9.39B. Net income beforeextraordinary items decreased 99% to $274K. Revenuesreflect Electronic Components segment increase of 3% to$8.72B, Asia/Pacific segment increase of 10% to $4.26B. Netincome was offset by Electronic Components segment incomedecrease of 8% to $188.4M, Farnell segment income decreaseof 36% to $26.6M.</Text>
	</TextInfo>
	<contactInfo lastUpdated="2021-01-29T14:54:44">
		<streetAddress line="1">2211 S 47th St</streetAddress>
		<streetAddress line="2"></streetAddress>
		<streetAddress line="3"></streetAddress>
		<city>PHOENIX</city>
		<state-region>AZ</state-region>
		<postalCode>85034-6403</postalCode>
		<country code="USA">United States</country>
		<contactName>Ina McGuinness</contactName>
		<contactTitle>IR Contact Officer</contactTitle>
		<phone>
			<phone type="mainphone">
				<countryPhoneCode>1</countryPhoneCode>
				<city-areacode>480</city-areacode>
				<number>6432000</number>
			</phone>
			<phone type="mainfax">
				<countryPhoneCode>1</countryPhoneCode>
				<city-areacode>480</city-areacode>
				<number>6437370</number>
			</phone>
			<phone type="contactphone">
				<countryPhoneCode>61</countryPhoneCode>
				<city-areacode>480</city-areacode>
				<number>6437053</number>
			</phone>
		</phone>
	</contactInfo>
	<webLinks lastUpdated="2018-07-11T09:30:16"><webSite mainCategory="Home Page">https://www.avnet.com/</webSite><eMail mainCategory="Company Contact/E-mail">investorrelations@avnet.com</eMail></webLinks>
	<peerInfo lastUpdated="2021-01-29T14:54:44">
		<IndustryInfo>
			<Industry type="TRBC" order="1" reported="0" code="5710401010" mnem="">Electronic Equipment &amp; Parts - NEC</Industry>
			<Industry type="NAICS" order="1" reported="0" code="423690" mnem="">Other Electronic Parts and Equipment Merchant Wholesalers</Industry>
			<Industry type="NAICS" order="2" reported="0" code="423430" mnem="">Computer and Computer Peripheral Equipment and Software Merchant Wholesalers</Industry>
			<Industry type="NAICS" order="3" reported="0" code="541512" mnem="">Computer Systems Design Services</Industry>
			<Industry type="NAICS" order="4" reported="0" code="541614" mnem="">Process, Phys Dist &amp; Log Consulting Services</Industry>
			<Industry type="SIC" order="0" reported="1" code="5065" mnem="">Electronic Parts And Equipment</Industry>
			<Industry type="SIC" order="1" reported="0" code="5065" mnem="">Electronic Parts And Equipment</Industry>
			<Industry type="SIC" order="2" reported="0" code="5045" mnem="">Computers, Peripherals &amp; Software</Industry>
			<Industry type="SIC" order="3" reported="0" code="7373" mnem="">Computer Integrated System Design</Industry>
			<Industry type="SIC" order="4" reported="0" code="8742" mnem="">Management Consulting Services</Industry>
		</IndustryInfo>
		<Indexconstituet>S&amp;P 400 Mid Cap</Indexconstituet>
	</peerInfo>
	<officers>
		<officer rank="1" since="07/2004">
			<firstName>Philip</firstName>
			<mI>R.</mI>
			<lastName>Gallagher</lastName>
			<age>59 </age>
			<title startYear="2020" startMonth="11" startDay="23" iD1="CEO" abbr1="CEO" iD2="DRC" abbr2="Dir.">Chief Executive Officer, Director</title>
		</officer>
		<officer rank="2" since="01/29/2018">
			<firstName>Thomas</firstName>
			<mI></mI>
			<lastName>Liguori</lastName>
			<age>62 </age>
			<title startYear="2018" startMonth="01" startDay="29" iD1="CFO" abbr1="CFO" iD2="" abbr2="">Chief Financial Officer</title>
		</officer>
		<officer rank="3" since="02/2019">
			<firstName>Ken</firstName>
			<mI></mI>
			<lastName>Arnold</lastName>
			<age>56 </age>
			<title startYear="2019" startMonth="02" startDay="" iD1="SVP" abbr1="Sr. VP" iD2="" abbr2="">Senior Vice President, Chief People Officer</title>
		</officer>
		<officer rank="4" since="08/19/2017">
			<firstName>Kenneth</firstName>
			<mI>A.</mI>
			<lastName>Jacobson</lastName>
			<age>42 </age>
			<title startYear="2018" startMonth="02" startDay="06" iD1="CAO" abbr1="CAO" iD2="CTR" abbr2="Contr.">Corporate Controller, Principal Accounting Officer</title>
		</officer>
	</officers>
	<Ratios PriceCurrency="USD" ReportingCurrency="USD" ExchangeRate="1.00000" LatestAvailableDate="2021-01-02">
		<Group ID="Price and Volume">
			<Ratio FieldName="NPRICE" Type="N">37.10000</Ratio>
			<Ratio FieldName="NHIG" Type="N">42.30000</Ratio>
			<Ratio FieldName="NLOW" Type="N">17.85000</Ratio>
			<Ratio FieldName="PDATE" Type="D">2021-02-04T00:00:00</Ratio>
			<Ratio FieldName="VOL10DAVG" Type="N">1.41281</Ratio>
			<Ratio FieldName="EV" Type="N">4520.90100</Ratio>
		</Group>
		<Group ID="Income Statement">
			<Ratio FieldName="MKTCAP" Type="N">3689.79500</Ratio>
			<Ratio FieldName="TTMREV" Type="N">17860.75000</Ratio>
			<Ratio FieldName="TTMEBITD" Type="N">353.24600</Ratio>
			<Ratio FieldName="TTMNIAC" Type="N">-76.22600</Ratio>
		</Group>
		<Group ID="Per share data">
			<Ratio FieldName="TTMEPSXCLX" Type="N">-0.76495</Ratio>
			<Ratio FieldName="TTMREVPS" Type="N">179.88240</Ratio>
			<Ratio FieldName="QBVPS" Type="N">39.55752</Ratio>
			<Ratio FieldName="QCSHPS" Type="N">3.80665</Ratio>
			<Ratio FieldName="TTMCFSHR" Type="N">0.90309</Ratio>
			<Ratio FieldName="TTMDIVSHR" Type="N">0.84000</Ratio>
		</Group>
		<Group ID="Other Ratios">
			<Ratio FieldName="TTMGROSMGN" Type="N">11.31720</Ratio>
			<Ratio FieldName="TTMROEPCT" Type="N">-1.93760</Ratio>
			<Ratio FieldName="TTMPR2REV" Type="N">0.20659</Ratio>
			<Ratio FieldName="PEEXCLXOR" Type="N">-99999.99000</Ratio>
			<Ratio FieldName="PRICE2BK" Type="N">0.93787</Ratio>
			<Ratio FieldName="Employees" Type="N">14600</Ratio>
		</Group>
	</Ratios>
	<ForecastData ConsensusType="Mean" CurFiscalYear="2021" CurFiscalYearEndMonth="6" CurInterimEndCalYear="2021" CurInterimEndMonth="3" EarningsBasis="PRX">
		<Ratio FieldName="ConsRecom" Type="N">
			<Value PeriodType="CURR">2.7778</Value>
		</Ratio>
		<Ratio FieldName="TargetPrice" Type="N">
			<Value PeriodType="CURR">30.12500</Value>
		</Ratio>
		<Ratio FieldName="ProjLTGrowthRate" Type="N">
			<Value PeriodType="CURR">7.2500</Value>
		</Ratio>
		<Ratio FieldName="ProjPE" Type="N">
			<Value PeriodType="CURR">18.03861</Value>
		</Ratio>
		<Ratio FieldName="ProjSales" Type="N">
			<Value PeriodType="CURR">18405.40520</Value>
		</Ratio>
		<Ratio FieldName="ProjSalesQ" Type="N">
			<Value PeriodType="CURR">4479.27630</Value>
		</Ratio>
		<Ratio FieldName="ProjEPS" Type="N">
			<Value PeriodType="CURR">2.05670</Value>
		</Ratio>
		<Ratio FieldName="ProjEPSQ" Type="N">
			<Value PeriodType="CURR">0.55110</Value>
		</Ratio>
		<Ratio FieldName="ProjProfit" Type="N">
			<Value PeriodType="CURR">200.46230</Value>
		</Ratio>
		<Ratio FieldName="ProjDPS" Type="N">
			<Value PeriodType="CURR">0.83820</Value>
		</Ratio>
	</ForecastData>
</ReportSnapshot>
