<?xml version="1.0" encoding="UTF-8"?>
<ReportSnapshot Major="1" Minor="0" Revision="1">
	<CoIDs>
		<CoID Type="RepNo">B18B4</CoID>
		<CoID Type="CompanyName">Anavex Life Sciences Corp</CoID>
		<CoID Type="IRSNo">208365999</CoID>
		<CoID Type="CIKNo">0001314052</CoID>
		<CoID Type="OrganizationPermID">4295899501</CoID>
	</CoIDs>
	<Issues>
		<Issue ID="1" Type="C" Desc="Common Stock" Order="1">
			<IssueID Type="Name">Ordinary Shares</IssueID>
			<IssueID Type="Ticker">AVXL</IssueID>
			<IssueID Type="RIC">AVXL.O</IssueID>
			<IssueID Type="DisplayRIC">AVXL.OQ</IssueID>
			<IssueID Type="InstrumentPI">24925452</IssueID>
			<IssueID Type="QuotePI">208088810</IssueID>
			<IssueID Type="InstrumentPermID">8590028580</IssueID>
			<IssueID Type="QuotePermID">21575032848</IssueID>
			<Exchange Code="NASD" Country="USA">NASDAQ</Exchange>
			<GlobalListingType>OSR</GlobalListingType>
			<MostRecentSplit Date="2015-10-07">0.25</MostRecentSplit>
		</Issue>
	</Issues>
	<CoGeneralInfo>
		<CoStatus Code="1">Active</CoStatus>
		<CoType Code="EQU">Equity Issue</CoType>
		<LastModified>2020-12-30</LastModified>
		<LatestAvailableAnnual>2020-09-30</LatestAvailableAnnual>
		<LatestAvailableInterim>2020-09-30</LatestAvailableInterim>
		<Employees LastUpdated="2020-09-30">20</Employees>
		<SharesOut Date="2020-12-28" TotalFloat="64529741.0">66962957.0</SharesOut>
		<ReportingCurrency Code="USD">U.S. Dollars</ReportingCurrency>
		<MostRecentExchange Date="2021-02-03">1.0</MostRecentExchange>
	</CoGeneralInfo>
	<TextInfo>
		<Text Type="Business Summary" lastModified="2017-01-01T22:30:03">Anavex Life Sciences Corp. is a clinical-stage biopharmaceutical company. The Company is engaged in the development of differentiated therapeutics for the treatment of neurodegenerative and neurodevelopmental diseases, including drug candidates to treat Alzheimer's disease (AD), other central nervous system (CNS) diseases, pain and various types of cancer. Its research and development pipeline includes a clinical drug candidate and various compounds in different stages of pre-clinical study. Its product pipeline also includes ANAVEX 2-73, ANAVEX 3-71, ANAVEX 1-41, ANAVEX 1037 and ANAVEX 1066. The Company's SIGMACEPTOR Discovery Platform produces small molecule drug candidates with modes of action, based on its understanding of sigma receptors. ANAVEX 1-41 is a sigma-1 agonist. ANAVEX 1066 is a mixed sigma-1/sigma-2 ligand. As of September 30, 2016, the Company had not generated any revenues from its operations.</Text>
		<Text Type="Financial Summary" lastModified="2020-12-30T00:21:25">BRIEF: For the fiscal year ended 30 September 2020, AnavexLife Sciences Corp revenues was not reported. Net lossremained flat at $26.3M. Net income also reflects Researchand development incentive incom increase of 77% to $4.4M(income), Stock-based Compensation in SGA decrease of 31%to $2.2M (expense), Stock-based Compensation in R&amp;Ddecrease of 17% to $2.7M (expense).</Text>
	</TextInfo>
	<contactInfo lastUpdated="2020-12-30T00:21:29">
		<streetAddress line="1">51 W 52nd St Fl 7th</streetAddress>
		<streetAddress line="2"></streetAddress>
		<streetAddress line="3"></streetAddress>
		<city>NEW YORK</city>
		<state-region>NY</state-region>
		<postalCode>10019-6163</postalCode>
		<country code="USA">United States</country>
		<contactName></contactName>
		<contactTitle></contactTitle>
		<phone>
			<phone type="mainphone">
				<countryPhoneCode>1</countryPhoneCode>
				<city-areacode>800</city-areacode>
				<number>6893939</number>
			</phone>
		</phone>
	</contactInfo>
	<webLinks lastUpdated="2019-12-02T11:01:57"><webSite mainCategory="Home Page">https://www.anavex.com</webSite><eMail mainCategory="Company Contact/E-mail">ir@anavex.com</eMail></webLinks>
	<peerInfo lastUpdated="2020-12-30T00:21:29">
		<IndustryInfo>
			<Industry type="TRBC" order="1" reported="0" code="5620201011" mnem="">Bio Therapeutic Drugs</Industry>
			<Industry type="NAICS" order="1" reported="0" code="541711" mnem="">Research and Development in Biotechnology</Industry>
			<Industry type="NAICS" order="2" reported="0" code="325414" mnem="">Biological Product (exc Diagnostic) Mfg</Industry>
			<Industry type="NAICS" order="3" reported="0" code="541712" mnem="">Research and Development in the Physical, Engineering, and Life Sciences (except Biotechnology)</Industry>
			<Industry type="SIC" order="0" reported="1" code="8731" mnem="">Commercial Physical Research</Industry>
			<Industry type="SIC" order="1" reported="0" code="8731" mnem="">Commercial Physical Research</Industry>
			<Industry type="SIC" order="2" reported="0" code="2836" mnem="">Biological Prod's Not Diagnostic</Industry>
		</IndustryInfo>
	</peerInfo>
	<officers>
		<officer rank="1" since="07/05/2013">
			<firstName>Christopher</firstName>
			<mI>U.</mI>
			<lastName>Missling</lastName>
			<age>54 </age>
			<title startYear="2015" startMonth="10" startDay="01" iD1="PRE" abbr1="Pres." iD2="CEO" abbr2="CEO">President, Chief Executive Officer, Secretary, Director</title>
		</officer>
		<officer rank="2" since="10/01/2015">
			<firstName>Sandra</firstName>
			<mI></mI>
			<lastName>Boenisch</lastName>
			<age>38 </age>
			<title startYear="2015" startMonth="10" startDay="01" iD1="CFO" abbr1="CFO" iD2="TRS" abbr2="Treas.">Principal Financial Officer, Treasurer</title>
		</officer>
	</officers>
	<Ratios PriceCurrency="USD" ReportingCurrency="USD" ExchangeRate="1.00000" LatestAvailableDate="2020-09-30">
		<Group ID="Price and Volume">
			<Ratio FieldName="NPRICE" Type="N">14.91000</Ratio>
			<Ratio FieldName="NHIG" Type="N">28.70000</Ratio>
			<Ratio FieldName="NLOW" Type="N">2.20000</Ratio>
			<Ratio FieldName="PDATE" Type="D">2021-02-04T00:00:00</Ratio>
			<Ratio FieldName="VOL10DAVG" Type="N">14.39464</Ratio>
			<Ratio FieldName="EV" Type="N">969.16868</Ratio>
		</Group>
		<Group ID="Income Statement">
			<Ratio FieldName="MKTCAP" Type="N">998.41770</Ratio>
			<Ratio FieldName="TTMREV" Type="N">0.00000</Ratio>
			<Ratio FieldName="TTMEBITD" Type="N">-31.08823</Ratio>
			<Ratio FieldName="TTMNIAC" Type="N">-26.28048</Ratio>
		</Group>
		<Group ID="Per share data">
			<Ratio FieldName="TTMEPSXCLX" Type="N">-0.45259</Ratio>
			<Ratio FieldName="TTMREVPS" Type="N">0.00000</Ratio>
			<Ratio FieldName="QBVPS" Type="N">0.43898</Ratio>
			<Ratio FieldName="QCSHPS" Type="N">0.47141</Ratio>
			<Ratio FieldName="TTMCFSHR" Type="N">-99999.99000</Ratio>
			<Ratio FieldName="TTMDIVSHR" Type="N">0.00000</Ratio>
		</Group>
		<Group ID="Other Ratios">
			<Ratio FieldName="TTMGROSMGN" Type="N">-99999.99000</Ratio>
			<Ratio FieldName="TTMROEPCT" Type="N">-110.59350</Ratio>
			<Ratio FieldName="TTMPR2REV" Type="N">-99999.99000</Ratio>
			<Ratio FieldName="PEEXCLXOR" Type="N">-99999.99000</Ratio>
			<Ratio FieldName="PRICE2BK" Type="N">33.96514</Ratio>
			<Ratio FieldName="Employees" Type="N">20</Ratio>
		</Group>
	</Ratios>
	<ForecastData ConsensusType="Mean" CurFiscalYear="2021" CurFiscalYearEndMonth="9" CurInterimEndCalYear="2020" CurInterimEndMonth="12" EarningsBasis="PRX">
		<Ratio FieldName="ConsRecom" Type="N">
			<Value PeriodType="CURR">1.75</Value>
		</Ratio>
		<Ratio FieldName="TargetPrice" Type="N">
			<Value PeriodType="CURR">11.50000</Value>
		</Ratio>
		<Ratio FieldName="ProjLTGrowthRate" Type="N">
			<Value PeriodType="CURR">-99999.99000</Value>
		</Ratio>
		<Ratio FieldName="ProjPE" Type="N">
			<Value PeriodType="CURR">-32.06452</Value>
		</Ratio>
		<Ratio FieldName="ProjSales" Type="N">
			<Value PeriodType="CURR">0.00000</Value>
		</Ratio>
		<Ratio FieldName="ProjSalesQ" Type="N">
			<Value PeriodType="CURR">-99999.99000</Value>
		</Ratio>
		<Ratio FieldName="ProjEPS" Type="N">
			<Value PeriodType="CURR">-0.46500</Value>
		</Ratio>
		<Ratio FieldName="ProjEPSQ" Type="N">
			<Value PeriodType="CURR">-0.11000</Value>
		</Ratio>
		<Ratio FieldName="ProjProfit" Type="N">
			<Value PeriodType="CURR">-30.54000</Value>
		</Ratio>
		<Ratio FieldName="ProjDPS" Type="N">
			<Value PeriodType="CURR">-99999.99000</Value>
		</Ratio>
	</ForecastData>
</ReportSnapshot>
