<?xml version="1.0" encoding="UTF-8"?>
<ReportSnapshot Major="1" Minor="0" Revision="1">
	<CoIDs>
		<CoID Type="RepNo">A08B6</CoID>
		<CoID Type="CompanyName">Abraxas Petroleum Corp.</CoID>
		<CoID Type="IRSNo">742584033</CoID>
		<CoID Type="CIKNo">0000867665</CoID>
		<CoID Type="OrganizationPermID">4295905403</CoID>
	</CoIDs>
	<Issues>
		<Issue ID="1" Type="C" Desc="Common Stock" Order="1">
			<IssueID Type="Name">Ordinary Shares</IssueID>
			<IssueID Type="Ticker">AXAS</IssueID>
			<IssueID Type="RIC">AXAS.O</IssueID>
			<IssueID Type="DisplayRIC">AXAS.OQ</IssueID>
			<IssueID Type="InstrumentPI">258474</IssueID>
			<IssueID Type="QuotePI">1222574</IssueID>
			<IssueID Type="InstrumentPermID">8590929830</IssueID>
			<IssueID Type="QuotePermID">55842509268</IssueID>
			<Exchange Code="NASD" Country="USA">NASDAQ</Exchange>
			<GlobalListingType>OSR</GlobalListingType>
			<MostRecentSplit Date="2020-10-19">0.05</MostRecentSplit>
		</Issue>
	</Issues>
	<CoGeneralInfo>
		<CoStatus Code="1">Active</CoStatus>
		<CoType Code="EQU">Equity Issue</CoType>
		<LastModified>2020-11-10</LastModified>
		<LatestAvailableAnnual>2019-12-31</LatestAvailableAnnual>
		<LatestAvailableInterim>2020-09-30</LatestAvailableInterim>
		<Employees LastUpdated="2020-06-01">65</Employees>
		<SharesOut Date="2020-11-06" TotalFloat="8152934.0">8403465.0</SharesOut>
		<ReportingCurrency Code="USD">U.S. Dollars</ReportingCurrency>
		<MostRecentExchange Date="2021-02-03">1.0</MostRecentExchange>
	</CoGeneralInfo>
	<TextInfo>
		<Text Type="Business Summary" lastModified="2017-04-11T01:52:10">Abraxas Petroleum Corporation is an independent energy company. The Company is engaged in the acquisition, exploration, development and production of oil and gas. As of December 31, 2016, the Company's estimated net proved reserves were 44.7 million barrels of oil equivalent (MMBoe), of which 33.6% were classified as proved developed, 74% were oil and natural gas liquids (NGL), and 95% of which (on a PV-10 basis) were operated by the Company. As of December 31, 2016, the Company's daily net production was 6,181 barrels of oil equivalent per day (Boepd), of which 61% was oil or liquids. The Company's oil and gas assets are located in three operating regions: the Rocky Mountain, Permian Basin and onshore Gulf Coast. The Company's properties in the Rocky Mountain region are located in the Williston Basin of North Dakota and Montana, and in the Green River Powder River and Unita Basins of Wyoming and Utah.</Text>
		<Text Type="Financial Summary" lastModified="2020-11-10T23:04:25">BRIEF: For the nine months ended 30 September 2020, AbraxasPetroleum Corp. revenues decreased 70% to $30.3M. Net losstotaled $115.4M vs. income of $3.3M. Revenues reflect Oilsegment decrease of 69% to $30M, Crude Oil Prod(bbl)- RockyMountain decrease of 65% to 376K barrels, Oil EquivalentProduction (Units/day), T decrease of 54% to 5K barrels perday. Net loss reflects Average Production Costs per unit,Total increase of 41% to $11.07 per barrel.</Text>
	</TextInfo>
	<contactInfo lastUpdated="2020-11-10T23:04:55">
		<streetAddress line="1">18803 Meisner Dr</streetAddress>
		<streetAddress line="2"></streetAddress>
		<streetAddress line="3"></streetAddress>
		<city>SAN ANTONIO</city>
		<state-region>TX</state-region>
		<postalCode>78258-4240</postalCode>
		<country code="USA">United States</country>
		<contactName></contactName>
		<contactTitle></contactTitle>
		<phone>
			<phone type="mainphone">
				<countryPhoneCode>1</countryPhoneCode>
				<city-areacode>210</city-areacode>
				<number>4904788</number>
			</phone>
			<phone type="mainfax">
				<countryPhoneCode>1</countryPhoneCode>
				<city-areacode>210</city-areacode>
				<number>9186675</number>
			</phone>
		</phone>
	</contactInfo>
	<webLinks lastUpdated="2016-05-23T06:15:03"><webSite mainCategory="Home Page">http://www.abraxaspetroleum.com/</webSite><eMail mainCategory="Company Contact/E-mail">
		</eMail></webLinks>
	<peerInfo lastUpdated="2020-11-10T23:04:55">
		<IndustryInfo>
			<Industry type="TRBC" order="1" reported="0" code="5010202010" mnem="">Oil &amp; Gas Exploration and Production - NEC</Industry>
			<Industry type="NAICS" order="1" reported="0" code="211111" mnem="">Crude Petroleum &amp; Natural Gas Extraction</Industry>
			<Industry type="NAICS" order="2" reported="0" code="211112" mnem="">Natural Gas Liquid Extraction</Industry>
			<Industry type="SIC" order="0" reported="1" code="1311" mnem="">Crude Petroleum And Natural Gas</Industry>
			<Industry type="SIC" order="1" reported="0" code="1311" mnem="">Crude Petroleum And Natural Gas</Industry>
			<Industry type="SIC" order="2" reported="0" code="1321" mnem="">Natural Gas Liquids</Industry>
		</IndustryInfo>
	</peerInfo>
	<officers>
		<officer rank="1" since="1977">
			<firstName>Robert</firstName>
			<mI>Leon Glen</mI>
			<lastName>Watson</lastName>
			<age>69 </age>
			<title startYear="1977" startMonth="" startDay="" iD1="CHM" abbr1="Chmn." iD2="DRC" abbr2="Dir.">Chairman of the Board, President, Chief Executive Officer</title>
		</officer>
		<officer rank="2" since="11/06/2018">
			<firstName>Steven</firstName>
			<mI>P.</mI>
			<lastName>Harris</lastName>
			<age>46 </age>
			<title startYear="2018" startMonth="11" startDay="06" iD1="CFO" abbr1="CFO" iD2="VPR" abbr2="VP">Vice President - Chief Financial Officer</title>
		</officer>
		<officer rank="3" since="09/09/2011">
			<firstName>George</firstName>
			<mI>William</mI>
			<lastName>Krog</lastName>
			<age>66 </age>
			<title startYear="2017" startMonth="11" startDay="" iD1="CAO" abbr1="CAO" iD2="VPR" abbr2="VP">Chief Accounting Officer, Vice President</title>
		</officer>
		<officer rank="4" since="09/20/2018">
			<firstName>Kenneth</firstName>
			<mI>Wayne</mI>
			<lastName>Johnson</lastName>
			<age>62 </age>
			<title startYear="2018" startMonth="09" startDay="20" iD1="VOP" abbr1="VP-Op." iD2="" abbr2="">Vice President - Operations</title>
		</officer>
		<officer rank="5" since="1988">
			<firstName>Stephen</firstName>
			<mI>T.</mI>
			<lastName>Wendel</lastName>
			<age>70 </age>
			<title startYear="2017" startMonth="08" startDay="" iD1="VPR" abbr1="VP" iD2="DMK" abbr2="Dir.-Mktg.">Vice President  Marketing &amp; Contracts and Secretary</title>
		</officer>
		<officer rank="6" since="2012">
			<firstName>Peter</firstName>
			<mI>A.</mI>
			<lastName>Bommer</lastName>
			<age>63 </age>
			<title startYear="2012" startMonth="" startDay="" iD1="VPR" abbr1="VP" iD2="" abbr2="">Vice President - Engineering</title>
		</officer>
		<officer rank="7" since="08/2017">
			<firstName>Tod</firstName>
			<mI>A.</mI>
			<lastName>Clarke</lastName>
			<age>60 </age>
			<title startYear="2017" startMonth="08" startDay="" iD1="VPR" abbr1="VP" iD2="" abbr2="">Vice President  Land</title>
		</officer>
		<officer rank="8" since="2017">
			<firstName>Dirk</firstName>
			<mI>A.</mI>
			<lastName>Schwartz</lastName>
			<age>61 </age>
			<title startYear="2017" startMonth="" startDay="" iD1="VPR" abbr1="VP" iD2="" abbr2="">Vice President  Business Development</title>
		</officer>
	</officers>
	<Ratios PriceCurrency="USD" ReportingCurrency="USD" ExchangeRate="1.00000" LatestAvailableDate="2020-09-30">
		<Group ID="Price and Volume">
			<Ratio FieldName="NPRICE" Type="N">2.96000</Ratio>
			<Ratio FieldName="NHIG" Type="N">11.00000</Ratio>
			<Ratio FieldName="NLOW" Type="N">1.41000</Ratio>
			<Ratio FieldName="PDATE" Type="D">2021-02-04T00:00:00</Ratio>
			<Ratio FieldName="VOL10DAVG" Type="N">1.13389</Ratio>
			<Ratio FieldName="EV" Type="N">228.51326</Ratio>
		</Group>
		<Group ID="Income Statement">
			<Ratio FieldName="MKTCAP" Type="N">24.87426</Ratio>
			<Ratio FieldName="TTMREV" Type="N">58.59000</Ratio>
			<Ratio FieldName="TTMEBITD" Type="N">23.46300</Ratio>
			<Ratio FieldName="TTMNIAC" Type="N">-183.69600</Ratio>
		</Group>
		<Group ID="Per share data">
			<Ratio FieldName="TTMEPSXCLX" Type="N">-22.05937</Ratio>
			<Ratio FieldName="TTMREVPS" Type="N">6.98481</Ratio>
			<Ratio FieldName="QBVPS" Type="N">-0.50432</Ratio>
			<Ratio FieldName="QCSHPS" Type="N">0.06938</Ratio>
			<Ratio FieldName="TTMCFSHR" Type="N">-17.91886</Ratio>
			<Ratio FieldName="TTMDIVSHR" Type="N">0.00000</Ratio>
		</Group>
		<Group ID="Other Ratios">
			<Ratio FieldName="TTMGROSMGN" Type="N">58.77112</Ratio>
			<Ratio FieldName="TTMROEPCT" Type="N">-219.55480</Ratio>
			<Ratio FieldName="TTMPR2REV" Type="N">0.42455</Ratio>
			<Ratio FieldName="PEEXCLXOR" Type="N">-99999.99000</Ratio>
			<Ratio FieldName="PRICE2BK" Type="N">-99999.99000</Ratio>
			<Ratio FieldName="Employees" Type="N">65</Ratio>
		</Group>
	</Ratios>
	<ForecastData ConsensusType="Mean" CurFiscalYear="2020" CurFiscalYearEndMonth="12" CurInterimEndCalYear="2020" CurInterimEndMonth="12" EarningsBasis="PRX">
		<Ratio FieldName="ConsRecom" Type="N">
			<Value PeriodType="CURR">3.5</Value>
		</Ratio>
		<Ratio FieldName="TargetPrice" Type="N">
			<Value PeriodType="CURR">0.17500</Value>
		</Ratio>
		<Ratio FieldName="ProjLTGrowthRate" Type="N">
			<Value PeriodType="CURR">-99999.99000</Value>
		</Ratio>
		<Ratio FieldName="ProjPE" Type="N">
			<Value PeriodType="CURR">-99999.99000</Value>
		</Ratio>
		<Ratio FieldName="ProjSales" Type="N">
			<Value PeriodType="CURR">46.20000</Value>
		</Ratio>
		<Ratio FieldName="ProjSalesQ" Type="N">
			<Value PeriodType="CURR">16.00000</Value>
		</Ratio>
		<Ratio FieldName="ProjEPS" Type="N">
			<Value PeriodType="CURR">-99999.99000</Value>
		</Ratio>
		<Ratio FieldName="ProjEPSQ" Type="N">
			<Value PeriodType="CURR">-99999.99000</Value>
		</Ratio>
		<Ratio FieldName="ProjProfit" Type="N">
			<Value PeriodType="CURR">-23.00000</Value>
		</Ratio>
		<Ratio FieldName="ProjDPS" Type="N">
			<Value PeriodType="CURR">-99999.99000</Value>
		</Ratio>
	</ForecastData>
</ReportSnapshot>
