<?xml version="1.0" encoding="UTF-8"?>
<ReportSnapshot Major="1" Minor="0" Revision="1">
	<CoIDs>
		<CoID Type="RepNo">A149A</CoID>
		<CoID Type="CompanyName">Accelerate Diagnostics Inc</CoID>
		<CoID Type="IRSNo">841072256</CoID>
		<CoID Type="CIKNo">0000727207</CoID>
		<CoID Type="OrganizationPermID">5038034917</CoID>
	</CoIDs>
	<Issues>
		<Issue ID="1" Type="C" Desc="Common Stock" Order="1">
			<IssueID Type="Name">Ordinary Shares</IssueID>
			<IssueID Type="Ticker">AXDX</IssueID>
			<IssueID Type="RIC">AXDX.O</IssueID>
			<IssueID Type="DisplayRIC">AXDX.OQ</IssueID>
			<IssueID Type="InstrumentPI">260401</IssueID>
			<IssueID Type="QuotePI">14199075</IssueID>
			<IssueID Type="InstrumentPermID">8590921872</IssueID>
			<IssueID Type="QuotePermID">55835028810</IssueID>
			<Exchange Code="NASD" Country="USA">NASDAQ</Exchange>
			<GlobalListingType>OSR</GlobalListingType>
		</Issue>
	</Issues>
	<CoGeneralInfo>
		<CoStatus Code="1">Active</CoStatus>
		<CoType Code="EQU">Equity Issue</CoType>
		<LastModified>2020-11-09</LastModified>
		<LatestAvailableAnnual>2019-12-31</LatestAvailableAnnual>
		<LatestAvailableInterim>2020-09-30</LatestAvailableInterim>
		<Employees LastUpdated="2019-12-31">275</Employees>
		<SharesOut Date="2020-11-03" TotalFloat="33927602.0">57029694.0</SharesOut>
		<ReportingCurrency Code="USD">U.S. Dollars</ReportingCurrency>
		<MostRecentExchange Date="2021-02-03">1.0</MostRecentExchange>
	</CoGeneralInfo>
	<TextInfo>
		<Text Type="Business Summary" lastModified="2017-03-13T05:08:23">Accelerate Diagnostics, Inc. is an in vitro diagnostics company engaged in providing solutions that develop patient outcomes through the diagnosis of serious infections. The Company's in vitro diagnostic platform, the Accelerate Pheno system utilizes genotypic technology to identify (ID), infectious pathogens and phenotypic technology to conduct antibiotic susceptibility testing (AST), which determines whether live bacterial or fungal cells are resistant or susceptible to a particular antibiotic. It detects and identifies pathogens directly from a single patient sample followed by antimicrobial susceptibility testing based on the identification results. The Accelerate PhenoTest BC Kit provides ID and AST results for patients suspected of bacteremia or fungemia, both life-threatening conditions with high morbidity and mortality risk. The Accelerate Pheno system features walk-away automation and consists of a fixed instrument and single-use test kit.</Text>
		<Text Type="Financial Summary" lastModified="2020-11-09T15:35:58">BRIEF: For the nine months ended 30 September 2020,Accelerate Diagnostics Inc revenues increased 38% to $8.1M.Net loss decreased 6% to $59.3M. Revenues reflectDomestic(United States) segment increase of 74% to $7.5M.Lower net loss reflects Sales, general and administrative -Bala decrease of 18% to $26.5M (expense), Research anddevelopment decrease of 16% to $13.4M (expense).</Text>
	</TextInfo>
	<contactInfo lastUpdated="2021-01-27T16:53:12">
		<streetAddress line="1">3950 S. Country Club Road #470</streetAddress>
		<streetAddress line="2">Building 3-307</streetAddress>
		<streetAddress line="3"></streetAddress>
		<city>TUCSON</city>
		<state-region>AZ</state-region>
		<postalCode>85714-2240</postalCode>
		<country code="USA">United States</country>
		<contactName></contactName>
		<contactTitle></contactTitle>
		<phone>
			<phone type="mainphone">
				<countryPhoneCode>1</countryPhoneCode>
				<city-areacode>303</city-areacode>
				<number>8638088</number>
			</phone>
			<phone type="mainfax">
				<countryPhoneCode>1</countryPhoneCode>
				<city-areacode>302</city-areacode>
				<number>6555049</number>
			</phone>
		</phone>
	</contactInfo>
	<webLinks lastUpdated="2019-12-02T11:00:04"><webSite mainCategory="Home Page">http://acceleratediagnostics.com/</webSite><eMail mainCategory="Company Contact/E-mail">investors@axdx.com</eMail></webLinks>
	<peerInfo lastUpdated="2021-01-27T16:53:12">
		<IndustryInfo>
			<Industry type="TRBC" order="1" reported="0" code="5610101010" mnem="">Advanced Medical Equipment &amp; Technology - NEC</Industry>
			<Industry type="NAICS" order="1" reported="0" code="334516" mnem="">Analytical Laboratory Instrument Mfg</Industry>
			<Industry type="NAICS" order="2" reported="0" code="334510" mnem="">Electromedical Apparatus Mfg</Industry>
			<Industry type="SIC" order="0" reported="1" code="3826" mnem="">Analytical Instruments</Industry>
			<Industry type="SIC" order="1" reported="0" code="3826" mnem="">Analytical Instruments</Industry>
			<Industry type="SIC" order="2" reported="0" code="3845" mnem="">Electromedical Equipment</Industry>
		</IndustryInfo>
	</peerInfo>
	<officers>
		<officer rank="1" since="09/26/2012">
			<firstName>John</firstName>
			<mI></mI>
			<lastName>Patience</lastName>
			<age>72 </age>
			<title startYear="2012" startMonth="09" startDay="26" iD1="CHM" abbr1="Chmn." iD2="IND" abbr2="Ind. Dir.">Independent Chairman of the Board</title>
		</officer>
		<officer rank="2" since="08/06/2019">
			<firstName>John</firstName>
			<mI></mI>
			<lastName>Phillips</lastName>
			<age>54 </age>
			<title startYear="2020" startMonth="02" startDay="01" iD1="CEO" abbr1="CEO" iD2="COO" abbr2="COO">Chief Executive Officer, Chief Operating Officer, Director</title>
		</officer>
		<officer rank="3" since="09/10/2012">
			<firstName>Steve</firstName>
			<mI></mI>
			<lastName>Reichling</lastName>
			<age>41 </age>
			<title startYear="2012" startMonth="09" startDay="10" iD1="CFO" abbr1="CFO" iD2="" abbr2="">Chief Financial Officer</title>
		</officer>
		<officer rank="4" since="04/2017">
			<firstName>Ron</firstName>
			<mI></mI>
			<lastName>Price</lastName>
			<age>56 </age>
			<title startYear="2017" startMonth="04" startDay="" iD1="SVP" abbr1="Sr. VP" iD2="" abbr2="">Senior Vice President, Head of Commercial Operations, Americas</title>
		</officer>
		<officer rank="5" since="08/24/2020">
			<firstName>Nedal</firstName>
			<mI></mI>
			<lastName>Safwat</lastName>
			<age></age>
			<title startYear="2020" startMonth="08" startDay="24" iD1="OTH" abbr1="Other" iD2="" abbr2="">Chief Strategy Officer</title>
		</officer>
	</officers>
	<Ratios PriceCurrency="USD" ReportingCurrency="USD" ExchangeRate="1.00000" LatestAvailableDate="2020-09-30">
		<Group ID="Price and Volume">
			<Ratio FieldName="NPRICE" Type="N">11.51000</Ratio>
			<Ratio FieldName="NHIG" Type="N">19.11000</Ratio>
			<Ratio FieldName="NLOW" Type="N">4.53000</Ratio>
			<Ratio FieldName="PDATE" Type="D">2021-02-04T00:00:00</Ratio>
			<Ratio FieldName="VOL10DAVG" Type="N">2.05969</Ratio>
			<Ratio FieldName="EV" Type="N">722.75780</Ratio>
		</Group>
		<Group ID="Income Statement">
			<Ratio FieldName="MKTCAP" Type="N">656.41180</Ratio>
			<Ratio FieldName="TTMREV" Type="N">11.52500</Ratio>
			<Ratio FieldName="TTMEBITD" Type="N">-63.88100</Ratio>
			<Ratio FieldName="TTMNIAC" Type="N">-80.63100</Ratio>
		</Group>
		<Group ID="Per share data">
			<Ratio FieldName="TTMEPSXCLX" Type="N">-1.45740</Ratio>
			<Ratio FieldName="TTMREVPS" Type="N">0.20813</Ratio>
			<Ratio FieldName="QBVPS" Type="N">-0.87095</Ratio>
			<Ratio FieldName="QCSHPS" Type="N">1.35885</Ratio>
			<Ratio FieldName="TTMCFSHR" Type="N">-1.40175</Ratio>
			<Ratio FieldName="TTMDIVSHR" Type="N">0.00000</Ratio>
		</Group>
		<Group ID="Other Ratios">
			<Ratio FieldName="TTMGROSMGN" Type="N">41.84816</Ratio>
			<Ratio FieldName="TTMROEPCT" Type="N">-99999.99000</Ratio>
			<Ratio FieldName="TTMPR2REV" Type="N">56.95547</Ratio>
			<Ratio FieldName="PEEXCLXOR" Type="N">-99999.99000</Ratio>
			<Ratio FieldName="PRICE2BK" Type="N">-99999.99000</Ratio>
			<Ratio FieldName="Employees" Type="N">275</Ratio>
		</Group>
	</Ratios>
	<ForecastData ConsensusType="Mean" CurFiscalYear="2020" CurFiscalYearEndMonth="12" CurInterimEndCalYear="2020" CurInterimEndMonth="12" EarningsBasis="PRX">
		<Ratio FieldName="ConsRecom" Type="N">
			<Value PeriodType="CURR">2.4</Value>
		</Ratio>
		<Ratio FieldName="TargetPrice" Type="N">
			<Value PeriodType="CURR">19.00000</Value>
		</Ratio>
		<Ratio FieldName="ProjLTGrowthRate" Type="N">
			<Value PeriodType="CURR">-99999.99000</Value>
		</Ratio>
		<Ratio FieldName="ProjPE" Type="N">
			<Value PeriodType="CURR">-8.29251</Value>
		</Ratio>
		<Ratio FieldName="ProjSales" Type="N">
			<Value PeriodType="CURR">12.16180</Value>
		</Ratio>
		<Ratio FieldName="ProjSalesQ" Type="N">
			<Value PeriodType="CURR">4.12000</Value>
		</Ratio>
		<Ratio FieldName="ProjEPS" Type="N">
			<Value PeriodType="CURR">-1.38800</Value>
		</Ratio>
		<Ratio FieldName="ProjEPSQ" Type="N">
			<Value PeriodType="CURR">-0.32200</Value>
		</Ratio>
		<Ratio FieldName="ProjProfit" Type="N">
			<Value PeriodType="CURR">-77.42350</Value>
		</Ratio>
		<Ratio FieldName="ProjDPS" Type="N">
			<Value PeriodType="CURR">0.00000</Value>
		</Ratio>
	</ForecastData>
</ReportSnapshot>
