<?xml version="1.0" encoding="UTF-8"?>
<ReportSnapshot Major="1" Minor="0" Revision="1">
	<CoIDs>
		<CoID Type="RepNo">F8B70</CoID>
		<CoID Type="CompanyName">Axsome Therapeutics Inc</CoID>
		<CoID Type="IRSNo">454241907</CoID>
		<CoID Type="CIKNo">0001579428</CoID>
		<CoID Type="OrganizationPermID">5039864624</CoID>
	</CoIDs>
	<Issues>
		<Issue ID="1" Type="C" Desc="Common Stock" Order="1">
			<IssueID Type="Name">Ordinary Shares</IssueID>
			<IssueID Type="Ticker">AXSM</IssueID>
			<IssueID Type="RIC">AXSM.O</IssueID>
			<IssueID Type="DisplayRIC">AXSM.OQ</IssueID>
			<IssueID Type="InstrumentPI">206805030</IssueID>
			<IssueID Type="QuotePI">207029914</IssueID>
			<IssueID Type="InstrumentPermID">21574082719</IssueID>
			<IssueID Type="QuotePermID">21574200705</IssueID>
			<Exchange Code="NASD" Country="USA">NASDAQ</Exchange>
			<GlobalListingType>OSR</GlobalListingType>
		</Issue>
	</Issues>
	<CoGeneralInfo>
		<CoStatus Code="1">Active</CoStatus>
		<CoType Code="EQU">Equity Issue</CoType>
		<LastModified>2020-11-09</LastModified>
		<LatestAvailableAnnual>2019-12-31</LatestAvailableAnnual>
		<LatestAvailableInterim>2020-09-30</LatestAvailableInterim>
		<Employees LastUpdated="2020-03-06">45</Employees>
		<SharesOut Date="2020-10-30" TotalFloat="29504712.0">37344201.0</SharesOut>
		<ReportingCurrency Code="USD">U.S. Dollars</ReportingCurrency>
		<MostRecentExchange Date="2021-02-03">1.0</MostRecentExchange>
	</CoGeneralInfo>
	<TextInfo>
		<Text Type="Business Summary" lastModified="2016-05-23T00:37:35">Axsome Therapeutics, Inc. is a clinical-stage biopharmaceutical company. The Company is engaged in developing therapies for the management of central nervous system (CNS) disorders, including pain. It operates in the business of developing novel therapies for the management of CNS disorders segment. Its product candidate, AXS-02 (disodium zoledronate tetrahydrate), is an oral, targeted, non opioid therapeutic for chronic pain. It is developing AXS 02 for the treatment of pain in over three conditions, such as complex regional pain syndrome (CRPS); knee osteoarthritis (OA) associated with bone marrow lesions (BMLs), and chronic low back pain (CLBP), associated with type I, or mixed type I and type II Modic changes (MCs). Its product candidate, AXS 05, is a fixed dose combination of dextromethorphan (DM) and bupropion. It is developing AXS 05 for the treatment of over two conditions, such as treatment resistant depression (TRD), and agitation in patients with Alzheimer's disease (AD).</Text>
		<Text Type="Financial Summary" lastModified="2020-11-09T06:09:29">BRIEF: For the nine months ended 30 September 2020, AxsomeTherapeutics Inc revenues was not reported. Net lossincreased 69% to $73.7M. Higher net loss reflects Researchand development - Other increase of 49% to $50.3M (expense), General and administrative - other increase from $5.7M to$11.9M (expense), Stock-based Compensation in SGA increasefrom $2.6M to $6.6M (expense).</Text>
	</TextInfo>
	<contactInfo lastUpdated="2020-12-31T06:11:45">
		<streetAddress line="1">22 CORTLANDT STREET, 16TH FLOOR</streetAddress>
		<streetAddress line="2"></streetAddress>
		<streetAddress line="3"></streetAddress>
		<city>NEW YORK</city>
		<state-region>NY</state-region>
		<postalCode>10007</postalCode>
		<country code="USA">United States</country>
		<contactName></contactName>
		<contactTitle></contactTitle>
		<phone>
			<phone type="mainphone">
				<countryPhoneCode>1</countryPhoneCode>
				<city-areacode>212</city-areacode>
				<number>3323241</number>
			</phone>
			<phone type="mainfax">
				<countryPhoneCode>1</countryPhoneCode>
				<city-areacode>212</city-areacode>
				<number>3200245</number>
			</phone>
		</phone>
	</contactInfo>
	<webLinks lastUpdated="2015-11-18T00:06:38"><webSite mainCategory="Home Page">http://axsome.com/</webSite><eMail mainCategory="Company Contact/E-mail">
		</eMail></webLinks>
	<peerInfo lastUpdated="2020-12-31T06:11:45">
		<IndustryInfo>
			<Industry type="TRBC" order="1" reported="0" code="5620201011" mnem="">Bio Therapeutic Drugs</Industry>
			<Industry type="NAICS" order="1" reported="0" code="541711" mnem="">Research and Development in Biotechnology</Industry>
			<Industry type="SIC" order="1" reported="0" code="8731" mnem="">Commercial Physical Research</Industry>
		</IndustryInfo>
	</peerInfo>
	<officers>
		<officer rank="1" since="2012">
			<firstName>Herriot</firstName>
			<mI></mI>
			<lastName>Tabuteau</lastName>
			<age>51 </age>
			<title startYear="2018" startMonth="05" startDay="16" iD1="CHM" abbr1="Chmn." iD2="PRE" abbr2="Pres.">Chairman of the Board, President, Chief Executive Officer, Founder</title>
		</officer>
		<officer rank="2" since="05/16/2018">
			<firstName>Nick</firstName>
			<mI></mI>
			<lastName>Pizzie</lastName>
			<age>45 </age>
			<title startYear="2018" startMonth="05" startDay="16" iD1="CFO" abbr1="CFO" iD2="" abbr2="">Chief Financial Officer</title>
		</officer>
		<officer rank="3" since="04/2014">
			<firstName>Mark</firstName>
			<mI>L.</mI>
			<lastName>Jacobson</lastName>
			<age>36 </age>
			<title startYear="2020" startMonth="03" startDay="" iD1="COO" abbr1="COO" iD2="" abbr2="">Chief Operating Officer</title>
		</officer>
		<officer rank="4" since="03/2020">
			<firstName>Amanda</firstName>
			<mI></mI>
			<lastName>Jones</lastName>
			<age>37 </age>
			<title startYear="2020" startMonth="03" startDay="" iD1="SVP" abbr1="Sr. VP" iD2="" abbr2="">Senior Vice President - Clinical Research</title>
		</officer>
		<officer rank="5" since="09/2017">
			<firstName>Cedric</firstName>
			<mI></mI>
			<lastName>O'Gorman</lastName>
			<age>45 </age>
			<title startYear="2017" startMonth="09" startDay="" iD1="SVP" abbr1="Sr. VP" iD2="" abbr2="">Senior Vice President - Clinical Development and Medical Affairs</title>
		</officer>
		<officer rank="6" since="08/31/2019">
			<firstName>David</firstName>
			<mI>C.</mI>
			<lastName>Marek</lastName>
			<age>56 </age>
			<title startYear="2019" startMonth="08" startDay="31" iD1="OTH" abbr1="Other" iD2="" abbr2="">Chief Commercial Officer</title>
		</officer>
	</officers>
	<Ratios PriceCurrency="USD" ReportingCurrency="USD" ExchangeRate="1.00000" LatestAvailableDate="2020-09-30">
		<Group ID="Price and Volume">
			<Ratio FieldName="NPRICE" Type="N">75.88000</Ratio>
			<Ratio FieldName="NHIG" Type="N">109.52510</Ratio>
			<Ratio FieldName="NLOW" Type="N">35.44000</Ratio>
			<Ratio FieldName="PDATE" Type="D">2021-02-04T00:00:00</Ratio>
			<Ratio FieldName="VOL10DAVG" Type="N">0.35347</Ratio>
			<Ratio FieldName="EV" Type="N">2679.34381</Ratio>
		</Group>
		<Group ID="Income Statement">
			<Ratio FieldName="MKTCAP" Type="N">2833.67800</Ratio>
			<Ratio FieldName="TTMREV" Type="N">0.00000</Ratio>
			<Ratio FieldName="TTMEBITD" Type="N">-95.80339</Ratio>
			<Ratio FieldName="TTMNIAC" Type="N">-98.54294</Ratio>
		</Group>
		<Group ID="Per share data">
			<Ratio FieldName="TTMEPSXCLX" Type="N">-2.69843</Ratio>
			<Ratio FieldName="TTMREVPS" Type="N">0.00000</Ratio>
			<Ratio FieldName="QBVPS" Type="N">3.62203</Ratio>
			<Ratio FieldName="QCSHPS" Type="N">5.41879</Ratio>
			<Ratio FieldName="TTMCFSHR" Type="N">-2.69478</Ratio>
			<Ratio FieldName="TTMDIVSHR" Type="N">0.00000</Ratio>
		</Group>
		<Group ID="Other Ratios">
			<Ratio FieldName="TTMGROSMGN" Type="N">-99999.99000</Ratio>
			<Ratio FieldName="TTMROEPCT" Type="N">-138.71050</Ratio>
			<Ratio FieldName="TTMPR2REV" Type="N">-99999.99000</Ratio>
			<Ratio FieldName="PEEXCLXOR" Type="N">-99999.99000</Ratio>
			<Ratio FieldName="PRICE2BK" Type="N">20.94959</Ratio>
			<Ratio FieldName="Employees" Type="N">45</Ratio>
		</Group>
	</Ratios>
	<ForecastData ConsensusType="Mean" CurFiscalYear="2020" CurFiscalYearEndMonth="12" CurInterimEndCalYear="2020" CurInterimEndMonth="12" EarningsBasis="PRX">
		<Ratio FieldName="ConsRecom" Type="N">
			<Value PeriodType="CURR">1.7143</Value>
		</Ratio>
		<Ratio FieldName="TargetPrice" Type="N">
			<Value PeriodType="CURR">155.77780</Value>
		</Ratio>
		<Ratio FieldName="ProjLTGrowthRate" Type="N">
			<Value PeriodType="CURR">-99999.99000</Value>
		</Ratio>
		<Ratio FieldName="ProjPE" Type="N">
			<Value PeriodType="CURR">-27.41627</Value>
		</Ratio>
		<Ratio FieldName="ProjSales" Type="N">
			<Value PeriodType="CURR">0.00000</Value>
		</Ratio>
		<Ratio FieldName="ProjSalesQ" Type="N">
			<Value PeriodType="CURR">0.00000</Value>
		</Ratio>
		<Ratio FieldName="ProjEPS" Type="N">
			<Value PeriodType="CURR">-2.76770</Value>
		</Ratio>
		<Ratio FieldName="ProjEPSQ" Type="N">
			<Value PeriodType="CURR">-0.75920</Value>
		</Ratio>
		<Ratio FieldName="ProjProfit" Type="N">
			<Value PeriodType="CURR">-103.08430</Value>
		</Ratio>
		<Ratio FieldName="ProjDPS" Type="N">
			<Value PeriodType="CURR">0.00000</Value>
		</Ratio>
	</ForecastData>
</ReportSnapshot>
