<?xml version="1.0" encoding="UTF-8"?>
<ReportSnapshot Major="1" Minor="0" Revision="1">
	<CoIDs>
		<CoID Type="RepNo">EEF42</CoID>
		<CoID Type="CompanyName">Atlantica Sustainable Infrastructure PLC</CoID>
		<CoID Type="CIKNo">0001601072</CoID>
		<CoID Type="OrganizationPermID">5042240839</CoID>
	</CoIDs>
	<Issues>
		<Issue ID="1" Type="C" Desc="Common Stock" Order="1">
			<IssueID Type="Name">Ordinary Shares</IssueID>
			<IssueID Type="Ticker">AY</IssueID>
			<IssueID Type="ISIN">GB00BLP5YB54</IssueID>
			<IssueID Type="RIC">AY.O</IssueID>
			<IssueID Type="DisplayRIC">AY.OQ</IssueID>
			<IssueID Type="InstrumentPI">156147084</IssueID>
			<IssueID Type="QuotePI">156409564</IssueID>
			<IssueID Type="InstrumentPermID">21539639240</IssueID>
			<IssueID Type="QuotePermID">21539859830</IssueID>
			<Exchange Code="NASD" Country="USA">NASDAQ</Exchange>
			<GlobalListingType>OSR</GlobalListingType>
		</Issue>
	</Issues>
	<CoGeneralInfo>
		<CoStatus Code="1">Active</CoStatus>
		<CoType Code="EQU">Equity Issue</CoType>
		<LastModified>2020-11-16</LastModified>
		<LatestAvailableAnnual>2019-12-31</LatestAvailableAnnual>
		<LatestAvailableInterim>2020-09-30</LatestAvailableInterim>
		<Employees LastUpdated="2019-12-31">425</Employees>
		<SharesOut Date="2020-12-09" TotalFloat="57244875.0">106670862.0</SharesOut>
		<ReportingCurrency Code="USD">U.S. Dollars</ReportingCurrency>
		<MostRecentExchange Date="2021-02-03">1.0</MostRecentExchange>
	</CoGeneralInfo>
	<TextInfo>
		<Text Type="Business Summary" lastModified="2020-05-18T23:22:32">Atlantica Sustainable Infrastructure PLC, formerly Atlantica Yield plc, is an infrastructure company. The Company owns and manages renewable energy, natural gas, transmission and transportation infrastructures and water assets. It has operating facilities in North America, including United States, Canada and Mexico; South America, including Peru, Chile and Uruguay, and EMEA, including Spain, Algeria and South Africa. It operates in business sectors, such as Renewable energy, Efficient natural gas, Electric transmission and Water. Its portfolio consists of approximately 25 assets with 1,496 megawatts (MW) of aggregate renewable energy installed generation capacity, 343 MW of efficient natural gas-fired power generation capacity, 10.5 cubic meter (M) ft per day of water desalination and approximately 1,166 miles of electric transmission lines.</Text>
		<Text Type="Financial Summary" lastModified="2020-11-16T15:16:50">BRIEF: For the nine months ended 30 September 2020,Atlantica Sustainable Infrastructure PLC revenues decreased4% to $768.7M. Net income increased 1% to $61.2M. Revenuesreflect Renewable energy segment decrease of 5% to $579.2M,Efficient natural gas segment decrease of 14% to $80.1M,Europe segment decrease of 7% to $389M, North Americasegment decrease of 2% to $267.7M. Net Income benefitedfrom Other financial income/(expense).</Text>
	</TextInfo>
	<contactInfo lastUpdated="2020-11-26T10:44:51">
		<streetAddress line="1">17th Fl</streetAddress>
		<streetAddress line="2">G W 1 Great West House, Great West Road</streetAddress>
		<streetAddress line="3"></streetAddress>
		<city>BRENTFORD</city>
		<state-region></state-region>
		<postalCode>TW8 9DF</postalCode>
		<country code="GBR">United Kingdom</country>
		<contactName>Leire Perez</contactName>
		<contactTitle>IR Contact Officer</contactTitle>
		<phone>
			<phone type="mainphone">
				<countryPhoneCode>44</countryPhoneCode>
				<city-areacode>20</city-areacode>
				<number>70984384</number>
			</phone>
			<phone type="contactphone">
				<countryPhoneCode>44</countryPhoneCode>
				<city-areacode>203</city-areacode>
				<number>4990465</number>
			</phone>
		</phone>
	</contactInfo>
	<webLinks lastUpdated="2020-06-30T02:00:00"><webSite mainCategory="Home Page">https://www.atlantica.com/</webSite><eMail mainCategory="Company Contact/E-mail">ir@atlanticayield.com</eMail></webLinks>
	<peerInfo lastUpdated="2020-11-26T10:44:51">
		<IndustryInfo>
			<Industry type="TRBC" order="1" reported="0" code="5910101020" mnem="">Alternative Electric Utilities</Industry>
			<Industry type="NAICS" order="1" reported="0" code="221119" mnem="">Other Electric Power Generation</Industry>
			<Industry type="NAICS" order="2" reported="0" code="221121" mnem="">Electric Bulk Power Transmission &amp; Control</Industry>
			<Industry type="NAICS" order="3" reported="0" code="221111" mnem="">Hydroelectric Power Generation</Industry>
			<Industry type="SIC" order="1" reported="0" code="4911" mnem="">Electric Services</Industry>
		</IndustryInfo>
	</peerInfo>
	<officers>
		<officer rank="1" since="12/2014">
			<firstName>Daniel</firstName>
			<mI></mI>
			<lastName>Villalba</lastName>
			<age>73 </age>
			<title startYear="2015" startMonth="11" startDay="27" iD1="CHM" abbr1="Chmn." iD2="IND" abbr2="Ind. Dir.">Independent Chairman of the Board</title>
		</officer>
		<officer rank="2" since="12/2013">
			<firstName>Santiago</firstName>
			<mI></mI>
			<lastName>Seage Medela</lastName>
			<age>51 </age>
			<title startYear="2019" startMonth="" startDay="" iD1="CEO" abbr1="CEO" iD2="DRC" abbr2="Dir.">Chief Executive Officer, Director</title>
		</officer>
		<officer rank="3" since="01/11/2016">
			<firstName>Francisco</firstName>
			<mI></mI>
			<lastName>Martinez-Davis</lastName>
			<age>57 </age>
			<title startYear="2016" startMonth="01" startDay="11" iD1="CFO" abbr1="CFO" iD2="" abbr2="">Chief Financial Officer</title>
		</officer>
		<officer rank="4" since="06/2014">
			<firstName>Irene</firstName>
			<mI></mI>
			<lastName>Hernandez</lastName>
			<age>40 </age>
			<title startYear="2014" startMonth="06" startDay="" iD1="CCO" abbr1="Chief Comp." iD2="GCN" abbr2="Counsel">Chief Compliance Officer, General Counsel</title>
		</officer>
		<officer rank="5" since="07/2014">
			<firstName>David</firstName>
			<mI></mI>
			<lastName>Esteban</lastName>
			<age>41 </age>
			<title startYear="2014" startMonth="07" startDay="" iD1="VPR" abbr1="VP" iD2="" abbr2="">Vice President - EMEA</title>
		</officer>
		<officer rank="6" since="12/2013">
			<firstName>Emiliano</firstName>
			<mI></mI>
			<lastName>Garcia</lastName>
			<age>52 </age>
			<title startYear="2013" startMonth="12" startDay="" iD1="VPR" abbr1="VP" iD2="" abbr2="">Vice President - North America</title>
		</officer>
		<officer rank="7" since="12/2013">
			<firstName>Antonio</firstName>
			<mI></mI>
			<lastName>Merino Ciudad</lastName>
			<age>53 </age>
			<title startYear="2013" startMonth="12" startDay="" iD1="VPR" abbr1="VP" iD2="" abbr2="">Vice President - South America</title>
		</officer>
		<officer rank="8" since="NA">
			<firstName>Stevens</firstName>
			<mI>C.</mI>
			<lastName>Moore</lastName>
			<age>47 </age>
			<title startYear="NA" startMonth="" startDay="" iD1="VPR" abbr1="VP" iD2="" abbr2="">Vice President -  Corporate Strategy and Development</title>
		</officer>
	</officers>
	<Ratios PriceCurrency="USD" ReportingCurrency="USD" ExchangeRate="1.00000" LatestAvailableDate="2020-09-30">
		<Group ID="Price and Volume">
			<Ratio FieldName="NPRICE" Type="N">43.34000</Ratio>
			<Ratio FieldName="NHIG" Type="N">48.49000</Ratio>
			<Ratio FieldName="NLOW" Type="N">17.73500</Ratio>
			<Ratio FieldName="PDATE" Type="D">2021-02-04T00:00:00</Ratio>
			<Ratio FieldName="VOL10DAVG" Type="N">0.77406</Ratio>
			<Ratio FieldName="EV" Type="N">9879.52600</Ratio>
		</Group>
		<Group ID="Income Statement">
			<Ratio FieldName="MKTCAP" Type="N">4623.11500</Ratio>
			<Ratio FieldName="TTMREV" Type="N">982.02300</Ratio>
			<Ratio FieldName="TTMEBITD" Type="N">769.77100</Ratio>
			<Ratio FieldName="TTMNIAC" Type="N">62.51200</Ratio>
		</Group>
		<Group ID="Per share data">
			<Ratio FieldName="TTMEPSXCLX" Type="N">0.59534</Ratio>
			<Ratio FieldName="TTMREVPS" Type="N">9.60172</Ratio>
			<Ratio FieldName="QBVPS" Type="N">14.15959</Ratio>
			<Ratio FieldName="QCSHPS" Type="N">9.68925</Ratio>
			<Ratio FieldName="TTMCFSHR" Type="N">4.32583</Ratio>
			<Ratio FieldName="TTMDIVSHR" Type="N">0.83000</Ratio>
		</Group>
		<Group ID="Other Ratios">
			<Ratio FieldName="TTMGROSMGN" Type="N">95.78798</Ratio>
			<Ratio FieldName="TTMROEPCT" Type="N">4.26371</Ratio>
			<Ratio FieldName="TTMPR2REV" Type="N">4.70775</Ratio>
			<Ratio FieldName="PEEXCLXOR" Type="N">72.79874</Ratio>
			<Ratio FieldName="PRICE2BK" Type="N">3.06082</Ratio>
			<Ratio FieldName="Employees" Type="N">425</Ratio>
		</Group>
	</Ratios>
	<ForecastData ConsensusType="Mean" CurFiscalYear="2020" CurFiscalYearEndMonth="12" CurInterimEndCalYear="2020" CurInterimEndMonth="12" EarningsBasis="PRX">
		<Ratio FieldName="ConsRecom" Type="N">
			<Value PeriodType="CURR">2.6</Value>
		</Ratio>
		<Ratio FieldName="TargetPrice" Type="N">
			<Value PeriodType="CURR">32.75000</Value>
		</Ratio>
		<Ratio FieldName="ProjLTGrowthRate" Type="N">
			<Value PeriodType="CURR">40.2000</Value>
		</Ratio>
		<Ratio FieldName="ProjPE" Type="N">
			<Value PeriodType="CURR">45.26371</Value>
		</Ratio>
		<Ratio FieldName="ProjSales" Type="N">
			<Value PeriodType="CURR">1070.13780</Value>
		</Ratio>
		<Ratio FieldName="ProjSalesQ" Type="N">
			<Value PeriodType="CURR">234.09000</Value>
		</Ratio>
		<Ratio FieldName="ProjEPS" Type="N">
			<Value PeriodType="CURR">0.95750</Value>
		</Ratio>
		<Ratio FieldName="ProjEPSQ" Type="N">
			<Value PeriodType="CURR">0.22500</Value>
		</Ratio>
		<Ratio FieldName="ProjProfit" Type="N">
			<Value PeriodType="CURR">162.67300</Value>
		</Ratio>
		<Ratio FieldName="ProjDPS" Type="N">
			<Value PeriodType="CURR">1.68340</Value>
		</Ratio>
	</ForecastData>
</ReportSnapshot>
