<?xml version="1.0" encoding="UTF-8"?>
<ReportSnapshot Major="1" Minor="0" Revision="1">
	<CoIDs>
		<CoID Type="RepNo">0445D</CoID>
		<CoID Type="CompanyName">Ayala Pharmaceuticals Inc</CoID>
		<CoID Type="IRSNo">823578375</CoID>
		<CoID Type="CIKNo">0001797336</CoID>
		<CoID Type="OrganizationPermID">5069465141</CoID>
	</CoIDs>
	<Issues>
		<Issue ID="1" Type="C" Desc="Common Stock" Order="1">
			<IssueID Type="Name">Ordinary Shares</IssueID>
			<IssueID Type="Ticker">AYLA</IssueID>
			<IssueID Type="RIC">AYLA.O</IssueID>
			<IssueID Type="DisplayRIC">AYLA.OQ</IssueID>
			<IssueID Type="InstrumentPI">420736288</IssueID>
			<IssueID Type="QuotePI">421043571</IssueID>
			<IssueID Type="InstrumentPermID">25727352666</IssueID>
			<IssueID Type="QuotePermID">25727352648</IssueID>
			<Exchange Code="NASD" Country="USA">NASDAQ</Exchange>
			<GlobalListingType>OSR</GlobalListingType>
		</Issue>
	</Issues>
	<CoGeneralInfo>
		<CoStatus Code="1">Active</CoStatus>
		<CoType Code="EQU">Equity Issue</CoType>
		<LastModified>2020-11-25</LastModified>
		<LatestAvailableAnnual>2019-12-31</LatestAvailableAnnual>
		<LatestAvailableInterim>2020-09-30</LatestAvailableInterim>
		<Employees LastUpdated="2020-09-30">31</Employees>
		<SharesOut Date="2020-11-01" TotalFloat="6323198.0">12778002.0</SharesOut>
		<ReportingCurrency Code="USD">U.S. Dollars</ReportingCurrency>
		<MostRecentExchange Date="2021-02-03">1.0</MostRecentExchange>
	</CoGeneralInfo>
	<TextInfo>
		<Text Type="Business Summary" lastModified="2020-03-11T13:59:33">Ayala Pharmaceuticals, Inc. is a clinical-stage oncology company. It is focused on developing and commercializing small molecule therapeutics for patients suffering from rare and aggressive cancers, primarily in genetically defined patient populations. The Companys portfolio of product candidates include AL101 and AL102, which targets the aberrant activation of the Notch pathway with gamma secretase inhibitors. The Companys lead product candidate, AL101, is being developed as a potent, selective, injectable small molecule gamma secretase inhibitor (GSI). It is evaluating AL101 as a monotherapy in an open-label Phase II clinical trial for the treatment of recurrent/metastatic adenoid cystic carcinoma (R/M ACC) for patients bearing Notch-activating mutations. The Company refer this trial as the ACCURACY trial. The Company uses advanced sequencing to identify patients with Notch-activating mutations, an approach that will enable it to target the patient population with cancers. </Text>
		<Text Type="Financial Summary" lastModified="2020-11-25T10:36:37">BRIEF: For the nine months ended 30 September 2020, AyalaPharmaceuticals Inc revenues totaled $2.7M. Net losstotaled to $20.7M.</Text>
	</TextInfo>
	<contactInfo lastUpdated="2020-12-08T21:38:08">
		<streetAddress line="1">1313 N Market St Ste 5100</streetAddress>
		<streetAddress line="2"></streetAddress>
		<streetAddress line="3"></streetAddress>
		<city>WILMINGTON</city>
		<state-region>DE</state-region>
		<postalCode>19801-6111</postalCode>
		<country code="USA">United States</country>
		<contactName></contactName>
		<contactTitle></contactTitle>
		<phone>
			<phone type="mainphone">
				<countryPhoneCode>1</countryPhoneCode>
				<city-areacode>857</city-areacode>
				<number>4440553</number>
			</phone>
		</phone>
	</contactInfo>
	<webLinks lastUpdated="2020-05-07T23:30:00"><webSite mainCategory="Home Page">https://www.ayalapharma.com/</webSite><eMail mainCategory="Company Contact/E-mail">
		</eMail></webLinks>
	<peerInfo lastUpdated="2020-12-08T21:38:08">
		<IndustryInfo>
			<Industry type="TRBC" order="1" reported="0" code="5620201010" mnem="">Biotechnology &amp; Medical Research - NEC</Industry>
			<Industry type="NAICS" order="1" reported="0" code="541711" mnem="">Research and Development in Biotechnology</Industry>
			<Industry type="SIC" order="1" reported="0" code="8731" mnem="">Commercial Physical Research</Industry>
		</IndustryInfo>
	</peerInfo>
	<officers></officers>
	<Ratios PriceCurrency="USD" ReportingCurrency="USD" ExchangeRate="1.00000" LatestAvailableDate="2020-09-30">
		<Group ID="Price and Volume">
			<Ratio FieldName="NPRICE" Type="N">13.97000</Ratio>
			<Ratio FieldName="NHIG" Type="N">16.50000</Ratio>
			<Ratio FieldName="NLOW" Type="N">8.62000</Ratio>
			<Ratio FieldName="PDATE" Type="D">2021-02-04T00:00:00</Ratio>
			<Ratio FieldName="VOL10DAVG" Type="N">0.02139</Ratio>
			<Ratio FieldName="EV" Type="N">129.75970</Ratio>
		</Group>
		<Group ID="Income Statement">
			<Ratio FieldName="MKTCAP" Type="N">178.50870</Ratio>
			<Ratio FieldName="TTMREV" Type="N">-99999.99000</Ratio>
			<Ratio FieldName="TTMEBITD" Type="N">-99999.99000</Ratio>
			<Ratio FieldName="TTMNIAC" Type="N">-99999.99000</Ratio>
		</Group>
		<Group ID="Per share data">
			<Ratio FieldName="TTMEPSXCLX" Type="N">-99999.99000</Ratio>
			<Ratio FieldName="TTMREVPS" Type="N">-99999.99000</Ratio>
			<Ratio FieldName="QBVPS" Type="N">3.70414</Ratio>
			<Ratio FieldName="QCSHPS" Type="N">3.84754</Ratio>
			<Ratio FieldName="TTMCFSHR" Type="N">-99999.99000</Ratio>
			<Ratio FieldName="TTMDIVSHR" Type="N">-99999.99000</Ratio>
		</Group>
		<Group ID="Other Ratios">
			<Ratio FieldName="TTMGROSMGN" Type="N">-99999.99000</Ratio>
			<Ratio FieldName="TTMROEPCT" Type="N">-99999.99000</Ratio>
			<Ratio FieldName="TTMPR2REV" Type="N">-99999.99000</Ratio>
			<Ratio FieldName="PEEXCLXOR" Type="N">-99999.99000</Ratio>
			<Ratio FieldName="PRICE2BK" Type="N">3.77146</Ratio>
			<Ratio FieldName="Employees" Type="N">31</Ratio>
		</Group>
	</Ratios>
	<ForecastData ConsensusType="Mean" CurFiscalYear="2020" CurFiscalYearEndMonth="12" CurInterimEndCalYear="2020" CurInterimEndMonth="12" EarningsBasis="PRX">
		<Ratio FieldName="ConsRecom" Type="N">
			<Value PeriodType="CURR">1.8333</Value>
		</Ratio>
		<Ratio FieldName="TargetPrice" Type="N">
			<Value PeriodType="CURR">21.12500</Value>
		</Ratio>
		<Ratio FieldName="ProjLTGrowthRate" Type="N">
			<Value PeriodType="CURR">-99999.99000</Value>
		</Ratio>
		<Ratio FieldName="ProjPE" Type="N">
			<Value PeriodType="CURR">-4.76564</Value>
		</Ratio>
		<Ratio FieldName="ProjSales" Type="N">
			<Value PeriodType="CURR">3.42000</Value>
		</Ratio>
		<Ratio FieldName="ProjSalesQ" Type="N">
			<Value PeriodType="CURR">0.68000</Value>
		</Ratio>
		<Ratio FieldName="ProjEPS" Type="N">
			<Value PeriodType="CURR">-2.93140</Value>
		</Ratio>
		<Ratio FieldName="ProjEPSQ" Type="N">
			<Value PeriodType="CURR">-0.58300</Value>
		</Ratio>
		<Ratio FieldName="ProjProfit" Type="N">
			<Value PeriodType="CURR">-27.76980</Value>
		</Ratio>
		<Ratio FieldName="ProjDPS" Type="N">
			<Value PeriodType="CURR">0.00000</Value>
		</Ratio>
	</ForecastData>
</ReportSnapshot>
