<?xml version="1.0" encoding="UTF-8"?>
<ReportSnapshot Major="1" Minor="0" Revision="1">
	<CoIDs>
		<CoID Type="RepNo">B24DB</CoID>
		<CoID Type="CompanyName">Aytu Bioscience Inc</CoID>
		<CoID Type="IRSNo">470883144</CoID>
		<CoID Type="CIKNo">0001385818</CoID>
		<CoID Type="OrganizationPermID">5046048674</CoID>
	</CoIDs>
	<Issues>
		<Issue ID="1" Type="C" Desc="Common Stock" Order="1">
			<IssueID Type="Name">Ordinary Shares</IssueID>
			<IssueID Type="Ticker">AYTU</IssueID>
			<IssueID Type="RIC">AYTU.O</IssueID>
			<IssueID Type="DisplayRIC">AYTU.OQ</IssueID>
			<IssueID Type="InstrumentPI">43803451</IssueID>
			<IssueID Type="QuotePI">276166770</IssueID>
			<IssueID Type="InstrumentPermID">8590138496</IssueID>
			<IssueID Type="QuotePermID">25727417795</IssueID>
			<Exchange Code="NASD" Country="USA">NASDAQ</Exchange>
			<GlobalListingType>OSR</GlobalListingType>
			<MostRecentSplit Date="2020-12-09">0.1</MostRecentSplit>
		</Issue>
		<Issue ID="2" Type="P" Desc="Preferred Stock" Order="1">
			<IssueID Type="Name">Preference Shares</IssueID>
			<IssueID Type="InstrumentPI">290601134</IssueID>
			<IssueID Type="InstrumentPermID">21636362520</IssueID>
			<Exchange Code="NA" Country="">Not Available</Exchange>
		</Issue>
	</Issues>
	<CoGeneralInfo>
		<CoStatus Code="1">Active</CoStatus>
		<CoType Code="EQU">Equity Issue</CoType>
		<LastModified>2020-12-09</LastModified>
		<LatestAvailableAnnual>2020-06-30</LatestAvailableAnnual>
		<LatestAvailableInterim>2020-09-30</LatestAvailableInterim>
		<Employees LastUpdated="2020-09-15">75</Employees>
		<SharesOut Date="2020-12-10" TotalFloat="16874407.0">17246342.0</SharesOut>
		<ReportingCurrency Code="USD">U.S. Dollars</ReportingCurrency>
		<MostRecentExchange Date="2021-02-03">1.0</MostRecentExchange>
	</CoGeneralInfo>
	<TextInfo>
		<Text Type="Business Summary" lastModified="2020-06-02T14:09:49">Aytu BioScience, Inc. is a specialty pharmaceutical company. The Company markets a portfolio of prescription products addressing primary care and pediatric markets. The primary care portfolio includes Natesto, the nasal formulation of testosterone for men with hypogonadism, ZolpiMist, the oral spray prescription sleep aid, and Tuzistra XR, the 12-hour codeine-based antitussive syrup. The pediatric portfolio includes AcipHex Sprinkle, a granule formulation of rabeprazole sodium, a commonly prescribed proton pump inhibitor; Cefaclor, a second-generation cephalosporin antibiotic suspension; Karbinal ER, an extended-release carbinoxamine suspension indicated to treat numerous allergic conditions, and Poly-Vi-Flor and Tri-Vi-Flor, two complementary prescription fluoride-based supplement product lines containing combinations of fluoride and vitamins in various for infants and children with fluoride deficiency.</Text>
		<Text Type="Financial Summary" lastModified="2020-12-09T06:23:12">BRIEF: For the three months ended 30 September 2020, AytuBioscience Inc revenues increased from $1.4M to $13.5M. Netloss decreased 13% to $4.3M. Revenues reflect United Statessegment increase from $1.3M to $12.1M, Internationalsegment increase from $178K to $1.4M. Basic Earnings perShare excluding Extraordinary Items increased from -$3.22to -$0.35.</Text>
	</TextInfo>
	<contactInfo lastUpdated="2020-12-21T18:57:54">
		<streetAddress line="1">373 Inverness Pkwy Ste 206</streetAddress>
		<streetAddress line="2"></streetAddress>
		<streetAddress line="3"></streetAddress>
		<city>ENGLEWOOD</city>
		<state-region>CO</state-region>
		<postalCode>80112-5898</postalCode>
		<country code="USA">United States</country>
		<contactName>James Carbonara</contactName>
		<contactTitle>IR Contact Officer</contactTitle>
		<phone>
			<phone type="mainphone">
				<countryPhoneCode>1</countryPhoneCode>
				<city-areacode>720</city-areacode>
				<number>4376580</number>
			</phone>
			<phone type="mainfax">
				<countryPhoneCode>1</countryPhoneCode>
				<city-areacode>302</city-areacode>
				<number>6365454</number>
			</phone>
			<phone type="contactphone">
				<countryPhoneCode>649</countryPhoneCode>
				<city-areacode>755</city-areacode>
				<number>7412</number>
			</phone>
		</phone>
	</contactInfo>
	<webLinks lastUpdated="2019-10-27T21:32:01"><webSite mainCategory="Home Page">http://aytubio.com/</webSite><eMail mainCategory="Company Contact/E-mail">James@haydenir.com</eMail></webLinks>
	<peerInfo lastUpdated="2020-12-21T18:57:54">
		<IndustryInfo>
			<Industry type="TRBC" order="1" reported="0" code="5620201011" mnem="">Bio Therapeutic Drugs</Industry>
			<Industry type="NAICS" order="1" reported="0" code="325412" mnem="">Pharmaceutical Preparation Mfg</Industry>
			<Industry type="SIC" order="1" reported="0" code="2834" mnem="">Pharmaceutical Preparations</Industry>
		</IndustryInfo>
	</peerInfo>
	<officers>
		<officer rank="1" since="04/16/2015">
			<firstName>Joshua</firstName>
			<mI>R.</mI>
			<lastName>Disbrow</lastName>
			<age>44 </age>
			<title startYear="2016" startMonth="01" startDay="27" iD1="CHM" abbr1="Chmn." iD2="CEO" abbr2="CEO">Chairman of the Board, Chief Executive Officer</title>
		</officer>
		<officer rank="2" since="12/18/2017">
			<firstName>David</firstName>
			<mI>A.</mI>
			<lastName>Green</lastName>
			<age>57 </age>
			<title startYear="2017" startMonth="12" startDay="18" iD1="CFO" abbr1="CFO" iD2="TRS" abbr2="Treas.">Chief Financial Officer, Treasurer, Secretary</title>
		</officer>
		<officer rank="3" since="04/16/2015">
			<firstName>Jarrett</firstName>
			<mI>T.</mI>
			<lastName>Disbrow</lastName>
			<age>44 </age>
			<title startYear="2016" startMonth="07" startDay="07" iD1="COO" abbr1="COO" iD2="" abbr2="">Chief Operating Officer</title>
		</officer>
		<officer rank="4" since="11/08/2019">
			<firstName>Matthew</firstName>
			<mI>V.</mI>
			<lastName>Phillips</lastName>
			<age>51 </age>
			<title startYear="2019" startMonth="11" startDay="08" iD1="EVP" abbr1="Exec. VP" iD2="" abbr2="">Executive Vice President - Commercial Operations</title>
		</officer>
	</officers>
	<Ratios PriceCurrency="USD" ReportingCurrency="USD" ExchangeRate="1.00000" LatestAvailableDate="2020-09-30">
		<Group ID="Price and Volume">
			<Ratio FieldName="NPRICE" Type="N">8.20000</Ratio>
			<Ratio FieldName="NHIG" Type="N">29.90000</Ratio>
			<Ratio FieldName="NLOW" Type="N">3.35200</Ratio>
			<Ratio FieldName="PDATE" Type="D">2021-02-04T00:00:00</Ratio>
			<Ratio FieldName="VOL10DAVG" Type="N">0.48378</Ratio>
			<Ratio FieldName="EV" Type="N">103.50893</Ratio>
		</Group>
		<Group ID="Income Statement">
			<Ratio FieldName="MKTCAP" Type="N">141.42000</Ratio>
			<Ratio FieldName="TTMREV" Type="N">39.71251</Ratio>
			<Ratio FieldName="TTMEBITD" Type="N">-12.28740</Ratio>
			<Ratio FieldName="TTMNIAC" Type="N">-12.99759</Ratio>
		</Group>
		<Group ID="Per share data">
			<Ratio FieldName="TTMEPSXCLX" Type="N">-2.26647</Ratio>
			<Ratio FieldName="TTMREVPS" Type="N">5.52875</Ratio>
			<Ratio FieldName="QBVPS" Type="N">7.23654</Ratio>
			<Ratio FieldName="QCSHPS" Type="N">3.01270</Ratio>
			<Ratio FieldName="TTMCFSHR" Type="N">-0.76967</Ratio>
			<Ratio FieldName="TTMDIVSHR" Type="N">0.00000</Ratio>
		</Group>
		<Group ID="Other Ratios">
			<Ratio FieldName="TTMGROSMGN" Type="N">72.30978</Ratio>
			<Ratio FieldName="TTMROEPCT" Type="N">-27.83615</Ratio>
			<Ratio FieldName="TTMPR2REV" Type="N">3.56109</Ratio>
			<Ratio FieldName="PEEXCLXOR" Type="N">-99999.99000</Ratio>
			<Ratio FieldName="PRICE2BK" Type="N">1.13314</Ratio>
			<Ratio FieldName="Employees" Type="N">75</Ratio>
		</Group>
	</Ratios>
	<ForecastData ConsensusType="Mean" CurFiscalYear="2021" CurFiscalYearEndMonth="6" CurInterimEndCalYear="2020" CurInterimEndMonth="12" EarningsBasis="PRX">
		<Ratio FieldName="ConsRecom" Type="N">
			<Value PeriodType="CURR">1.5</Value>
		</Ratio>
		<Ratio FieldName="TargetPrice" Type="N">
			<Value PeriodType="CURR">2.75000</Value>
		</Ratio>
		<Ratio FieldName="ProjLTGrowthRate" Type="N">
			<Value PeriodType="CURR">-99999.99000</Value>
		</Ratio>
		<Ratio FieldName="ProjPE" Type="N">
			<Value PeriodType="CURR">-7.00855</Value>
		</Ratio>
		<Ratio FieldName="ProjSales" Type="N">
			<Value PeriodType="CURR">61.44500</Value>
		</Ratio>
		<Ratio FieldName="ProjSalesQ" Type="N">
			<Value PeriodType="CURR">12.25000</Value>
		</Ratio>
		<Ratio FieldName="ProjEPS" Type="N">
			<Value PeriodType="CURR">-1.17000</Value>
		</Ratio>
		<Ratio FieldName="ProjEPSQ" Type="N">
			<Value PeriodType="CURR">-0.44000</Value>
		</Ratio>
		<Ratio FieldName="ProjProfit" Type="N">
			<Value PeriodType="CURR">-20.94500</Value>
		</Ratio>
		<Ratio FieldName="ProjDPS" Type="N">
			<Value PeriodType="CURR">-99999.99000</Value>
		</Ratio>
	</ForecastData>
</ReportSnapshot>
