<?xml version="1.0" encoding="UTF-8"?>
<ReportSnapshot Major="1" Minor="0" Revision="1">
	<CoIDs>
		<CoID Type="RepNo">A09B1</CoID>
		<CoID Type="CompanyName">AstraZeneca plc (ADR)</CoID>
		<CoID Type="CIKNo">0000901832</CoID>
		<CoID Type="OrganizationPermID">4295894341</CoID>
	</CoIDs>
	<Issues>
		<Issue ID="1" Type="C" Desc="Common Stock" Order="1">
			<IssueID Type="Name">ADR</IssueID>
			<IssueID Type="Ticker">AZN</IssueID>
			<IssueID Type="RIC">AZN.O</IssueID>
			<IssueID Type="DisplayRIC">AZN.OQ</IssueID>
			<IssueID Type="InstrumentPI">304206</IssueID>
			<IssueID Type="QuotePI">1095038</IssueID>
			<IssueID Type="InstrumentPermID">8590928276</IssueID>
			<IssueID Type="QuotePermID">55838320017</IssueID>
			<Exchange Code="NASD" Country="USA">NASDAQ</Exchange>
			<GlobalListingType SharesPerListing="0.5">ADR</GlobalListingType>
			<MostRecentSplit Date="1998-04-08">3.0</MostRecentSplit>
		</Issue>
	</Issues>
	<CoGeneralInfo>
		<CoStatus Code="1">Active</CoStatus>
		<CoType Code="EQU">Equity Issue</CoType>
		<LastModified>2021-02-04</LastModified>
		<LatestAvailableAnnual>2019-12-31</LatestAvailableAnnual>
		<LatestAvailableInterim>2020-09-30</LatestAvailableInterim>
		<Employees LastUpdated="2019-12-31">70600</Employees>
		<SharesOut Date="2020-09-30" TotalFloat="1299016596.0">1312296277.0</SharesOut>
		<ReportingCurrency Code="USD">U.S. Dollars</ReportingCurrency>
		<MostRecentExchange Date="2021-02-03">1.0</MostRecentExchange>
	</CoGeneralInfo>
	<TextInfo>
		<Text Type="Business Summary" lastModified="2020-03-02T04:36:22">AstraZeneca PLC is a biopharmaceutical company. It focuses on discovery and development of products, which are then manufactured, marketed and sold. It focuses on three main therapy areas: Oncology, Cardiovascular, Renal &amp; Metabolic (CVRM) and Respiratory, while selectively pursuing therapies in Autoimmunity, Infection and Neuroscience. In CVRM, it is expanding its portfolio into the cardiovascular-renal area with roxadustat, as well as investing to explore the benefits of its SGLT2 and GLP-1 franchises in chronic kidney disease (CKD) and heart failure (HF). It has approximately 38 projects in Phase I, including 26 new molecular entities (NMEs), and 12 oncology combination projects. It has approximately 43 projects in Phase II, including 25 NMEs; six additional indications for projects that have reached phase II, and 12 oncology combination projects. It has approximately 22 projects in late-stage development, either in Phase III/pivotal Phase II studies or under regulatory review.</Text>
		<Text Type="Financial Summary" lastModified="2021-02-04T03:34:12">BRIEF: For the nine months ended 30 September 2020,AstraZeneca plc (ADR) revenues increased 8% to $19.21B. Netincome increased from $1.02B to $2.18B. Revenues reflect anincrease in demand for the Company's products and servicesdue to favorable market conditions. Net income benefitedfrom Finance expense decrease of 9% to $985M (expense), SGARestructuring Charges/Provisions decrease of 54% to $67M(expense).</Text>
	</TextInfo>
	<contactInfo lastUpdated="2021-02-04T03:34:36">
		<streetAddress line="1">1 Francis Crick Avenue</streetAddress>
		<streetAddress line="2"></streetAddress>
		<streetAddress line="3"></streetAddress>
		<city>CAMBRIDGE</city>
		<state-region></state-region>
		<postalCode>CB2 0AA</postalCode>
		<country code="GBR">United Kingdom</country>
		<contactName></contactName>
		<contactTitle></contactTitle>
		<phone>
			<phone type="mainphone">
				<countryPhoneCode>44</countryPhoneCode>
				<city-areacode>20</city-areacode>
				<number>73045000</number>
			</phone>
			<phone type="mainfax">
				<countryPhoneCode>44</countryPhoneCode>
				<city-areacode>20</city-areacode>
				<number>76048151</number>
			</phone>
		</phone>
	</contactInfo>
	<webLinks lastUpdated="2018-07-11T09:32:42"><webSite mainCategory="Home Page">https://www.astrazeneca.com/Home</webSite><eMail mainCategory="Company Contact/E-mail">IR@astrazeneca.com</eMail></webLinks>
	<peerInfo lastUpdated="2021-02-04T03:34:36">
		<IndustryInfo>
			<Industry type="TRBC" order="1" reported="0" code="5620104010" mnem="">Pharmaceuticals - NEC</Industry>
			<Industry type="NAICS" order="1" reported="0" code="325412" mnem="">Pharmaceutical Preparation Mfg</Industry>
			<Industry type="NAICS" order="2" reported="0" code="424210" mnem="">Drugs and Druggists' Sundries Merchant Wholesalers</Industry>
			<Industry type="NAICS" order="3" reported="0" code="541712" mnem="">Research and Development in the Physical, Engineering, and Life Sciences (except Biotechnology)</Industry>
			<Industry type="NAICS" order="4" reported="0" code="551112" mnem="">Offices of Other Holding Companies</Industry>
			<Industry type="SIC" order="0" reported="1" code="2834" mnem="">Pharmaceutical Preparations</Industry>
			<Industry type="SIC" order="1" reported="0" code="2834" mnem="">Pharmaceutical Preparations</Industry>
			<Industry type="SIC" order="2" reported="0" code="5122" mnem="">Drugs/proprietaries/sundries</Industry>
			<Industry type="SIC" order="3" reported="0" code="8731" mnem="">Commercial Physical Research</Industry>
			<Industry type="SIC" order="4" reported="0" code="6719" mnem="">Holding Companies, Nec</Industry>
		</IndustryInfo>
	</peerInfo>
	<officers>
		<officer rank="1" since="10/01/2012">
			<firstName>Pascal</firstName>
			<mI></mI>
			<lastName>Soriot</lastName>
			<age>61 </age>
			<title startYear="2012" startMonth="10" startDay="01" iD1="CEO" abbr1="CEO" iD2="EDR" abbr2="Exec. Dir.">Chief Executive Officer, Executive Director</title>
		</officer>
		<officer rank="2" since="2013">
			<firstName>Marc</firstName>
			<mI></mI>
			<lastName>Dunoyer</lastName>
			<age></age>
			<title startYear="2013" startMonth="11" startDay="01" iD1="CFO" abbr1="CFO" iD2="EDR" abbr2="Exec. Dir.">Chief Financial Officer, Executive Director</title>
		</officer>
		<officer rank="3" since="07/01/2011">
			<firstName>Katarina</firstName>
			<mI></mI>
			<lastName>Ageborg</lastName>
			<age></age>
			<title startYear="2011" startMonth="07" startDay="01" iD1="EVP" abbr1="Exec. VP" iD2="CCO" abbr2="Chief Comp.">Executive Vice President - Sustainability, Chief Compliance Officer</title>
		</officer>
		<officer rank="4" since="09/2014">
			<firstName>Fiona</firstName>
			<mI>Clare</mI>
			<lastName>Cicconi</lastName>
			<age>55 </age>
			<title startYear="2014" startMonth="09" startDay="" iD1="EVP" abbr1="Exec. VP" iD2="DHR" abbr2="Dir.-HR">Executive Vice President - Human Resources</title>
		</officer>
		<officer rank="5" since="01/2019">
			<firstName>Jose</firstName>
			<mI></mI>
			<lastName>Baselga</lastName>
			<age>60 </age>
			<title startYear="2019" startMonth="01" startDay="" iD1="EVP" abbr1="Exec. VP" iD2="" abbr2="">Executive Vice President - Research &amp; Development Oncology</title>
		</officer>
		<officer rank="6" since="06/2015">
			<firstName>Pam</firstName>
			<mI>P.</mI>
			<lastName>Cheng</lastName>
			<age>49 </age>
			<title startYear="2015" startMonth="06" startDay="" iD1="EVP" abbr1="Exec. VP" iD2="" abbr2="">Executive Vice President - Operations and Information Technology</title>
		</officer>
		<officer rank="7" since="01/2013">
			<firstName>Ruud</firstName>
			<mI></mI>
			<lastName>Dobber</lastName>
			<age></age>
			<title startYear="2019" startMonth="01" startDay="" iD1="EVP" abbr1="Exec. VP" iD2="" abbr2="">Executive Vice President, BioPharmaceuticals Business</title>
		</officer>
		<officer rank="8" since="10/2017">
			<firstName>David</firstName>
			<mI></mI>
			<lastName>Fredrickson</lastName>
			<age></age>
			<title startYear="2017" startMonth="10" startDay="" iD1="EVP" abbr1="Exec. VP" iD2="" abbr2="">Executive Vice President, Global Head Oncology Business Unit</title>
		</officer>
		<officer rank="9" since="01/2013">
			<firstName>Menelas</firstName>
			<mI></mI>
			<lastName>Pangalos</lastName>
			<age></age>
			<title startYear="2019" startMonth="01" startDay="" iD1="EVP" abbr1="Exec. VP" iD2="" abbr2="">Executive Vice President - Research &amp; Development BioPharmaceuticals</title>
		</officer>
		<officer rank="10" since="04/2017">
			<firstName>Iskra</firstName>
			<mI></mI>
			<lastName>Reic</lastName>
			<age></age>
			<title startYear="2019" startMonth="02" startDay="" iD1="EVP" abbr1="Exec. VP" iD2="" abbr2="">Executive Vice President - Europe and Canada</title>
		</officer>
	</officers>
	<Ratios PriceCurrency="USD" ReportingCurrency="USD" ExchangeRate="1.00000" LatestAvailableDate="2020-09-30">
		<Group ID="Price and Volume">
			<Ratio FieldName="NPRICE" Type="N">50.36000</Ratio>
			<Ratio FieldName="NHIG" Type="N">64.94000</Ratio>
			<Ratio FieldName="NLOW" Type="N">36.15000</Ratio>
			<Ratio FieldName="PDATE" Type="D">2021-02-04T00:00:00</Ratio>
			<Ratio FieldName="VOL10DAVG" Type="N">11.66754</Ratio>
			<Ratio FieldName="EV" Type="N">146126.40000</Ratio>
		</Group>
		<Group ID="Income Statement">
			<Ratio FieldName="MKTCAP" Type="N">132233.40000</Ratio>
			<Ratio FieldName="TTMREV" Type="N">25871.00000</Ratio>
			<Ratio FieldName="TTMEBITD" Type="N">7218.00000</Ratio>
			<Ratio FieldName="TTMNIAC" Type="N">2497.00000</Ratio>
		</Group>
		<Group ID="Per share data">
			<Ratio FieldName="TTMEPSXCLX" Type="N">0.95088</Ratio>
			<Ratio FieldName="TTMREVPS" Type="N">9.85187</Ratio>
			<Ratio FieldName="QBVPS" Type="N">4.64644</Ratio>
			<Ratio FieldName="QCSHPS" Type="N">3.21802</Ratio>
			<Ratio FieldName="TTMCFSHR" Type="N">2.39604</Ratio>
			<Ratio FieldName="TTMDIVSHR" Type="N">1.40205</Ratio>
		</Group>
		<Group ID="Other Ratios">
			<Ratio FieldName="TTMGROSMGN" Type="N">80.08581</Ratio>
			<Ratio FieldName="TTMROEPCT" Type="N">20.50166</Ratio>
			<Ratio FieldName="TTMPR2REV" Type="N">5.11126</Ratio>
			<Ratio FieldName="PEEXCLXOR" Type="N">52.96147</Ratio>
			<Ratio FieldName="PRICE2BK" Type="N">10.83842</Ratio>
			<Ratio FieldName="Employees" Type="N">70600</Ratio>
		</Group>
	</Ratios>
	<ForecastData ConsensusType="Mean" CurFiscalYear="2020" CurFiscalYearEndMonth="12" CurInterimEndCalYear="2020" CurInterimEndMonth="12" EarningsBasis="PRX">
		<Ratio FieldName="ConsRecom" Type="N">
			<Value PeriodType="CURR">1.6</Value>
		</Ratio>
		<Ratio FieldName="TargetPrice" Type="N">
			<Value PeriodType="CURR">59.10000</Value>
		</Ratio>
		<Ratio FieldName="ProjLTGrowthRate" Type="N">
			<Value PeriodType="CURR">19.3000</Value>
		</Ratio>
		<Ratio FieldName="ProjPE" Type="N">
			<Value PeriodType="CURR">20.34747</Value>
		</Ratio>
		<Ratio FieldName="ProjSales" Type="N">
			<Value PeriodType="CURR">26187.55170</Value>
		</Ratio>
		<Ratio FieldName="ProjSalesQ" Type="N">
			<Value PeriodType="CURR">6956.43670</Value>
		</Ratio>
		<Ratio FieldName="ProjEPS" Type="N">
			<Value PeriodType="CURR">2.47500</Value>
		</Ratio>
		<Ratio FieldName="ProjEPSQ" Type="N">
			<Value PeriodType="CURR">0.68000</Value>
		</Ratio>
		<Ratio FieldName="ProjProfit" Type="N">
			<Value PeriodType="CURR">5396.13800</Value>
		</Ratio>
		<Ratio FieldName="ProjDPS" Type="N">
			<Value PeriodType="CURR">1.41000</Value>
		</Ratio>
	</ForecastData>
</ReportSnapshot>
