<?xml version="1.0" encoding="UTF-8"?>
<ReportSnapshot Major="1" Minor="0" Revision="1">
	<CoIDs>
		<CoID Type="RepNo">A0BE0</CoID>
		<CoID Type="CompanyName">Banner Corporation</CoID>
		<CoID Type="IRSNo">911691604</CoID>
		<CoID Type="CIKNo">0000946673</CoID>
		<CoID Type="OrganizationPermID">4295906502</CoID>
	</CoIDs>
	<Issues>
		<Issue ID="1" Type="C" Desc="Common Stock" Order="1">
			<IssueID Type="Name">Ordinary Shares</IssueID>
			<IssueID Type="Ticker">BANR</IssueID>
			<IssueID Type="RIC">BANR.O</IssueID>
			<IssueID Type="DisplayRIC">BANR.OQ</IssueID>
			<IssueID Type="InstrumentPI">372520</IssueID>
			<IssueID Type="QuotePI">7695656</IssueID>
			<IssueID Type="InstrumentPermID">8590925998</IssueID>
			<IssueID Type="QuotePermID">55835332297</IssueID>
			<Exchange Code="NASD" Country="USA">NASDAQ</Exchange>
			<GlobalListingType>OSR</GlobalListingType>
			<MostRecentSplit Date="2011-06-01">0.14285</MostRecentSplit>
		</Issue>
		<Issue ID="3" Type="C" Desc="Common Stock" Order="2">
			<IssueID Type="Name">Ordinary Shares</IssueID>
			<IssueID Type="InstrumentPI">220026848</IssueID>
			<IssueID Type="InstrumentPermID">21583457692</IssueID>
			<Exchange Code="NA" Country="">Not Available</Exchange>
		</Issue>
		<Issue ID="2" Type="P" Desc="Preferred Stock" Order="1">
			<IssueID Type="Name">Preference Shares</IssueID>
			<IssueID Type="InstrumentPI">117301201</IssueID>
			<IssueID Type="InstrumentPermID">21512210849</IssueID>
			<Exchange Code="NASD" Country="USA">NASDAQ</Exchange>
		</Issue>
	</Issues>
	<CoGeneralInfo>
		<CoStatus Code="1">Active</CoStatus>
		<CoType Code="EQU">Equity Issue</CoType>
		<LastModified>2021-01-25</LastModified>
		<LatestAvailableAnnual>2020-12-31</LatestAvailableAnnual>
		<LatestAvailableInterim>2020-12-31</LatestAvailableInterim>
		<Employees LastUpdated="2019-12-31">2198</Employees>
		<SharesOut Date="2020-12-31" TotalFloat="34384303.0">35159200.0</SharesOut>
		<ReportingCurrency Code="USD">U.S. Dollars</ReportingCurrency>
		<MostRecentExchange Date="2021-02-03">1.0</MostRecentExchange>
	</CoGeneralInfo>
	<TextInfo>
		<Text Type="Business Summary" lastModified="2019-11-04T22:45:25">Banner Corporation is a bank holding company. The Company is engaged in the business of planning, directing and coordinating the business activities of its subsidiaries, Banner Bank and Islanders Bank. Banner Bank is a Washington-chartered commercial bank. Banner Bank is a regional bank, which offers a range of commercial banking services and financial products to individuals, businesses and public sector entities in its primary market areas. Banner Bank is also an active participant in the secondary market, engaging in mortgage banking operations through the origination and sale of one- to four-family and multi-family residential loans. Islanders Bank is also a Washington-chartered commercial bank. Islanders Bank is a community bank, which offers similar banking services to individuals, businesses and public entities located primarily in the San Juan Islands. The Banks' primary business is that of traditional banking institutions, accepting deposits and originating loans.</Text>
		<Text Type="Financial Summary" lastModified="2021-01-25T08:44:49">BRIEF: For the fiscal year ended 31 December 2020, BannerCorporation interest income decreased 1% to $519.1M. Netinterest income after loan loss provision increased 5% to$481.3M.  Net income decreased 21% to $115.9M. Net interestincome after loan loss provision reflects Securities andcash equivalents increase of 35% to $21M. Net income wasoffset by Salary and employee benefits increase of 8% to$245.4M (expense).</Text>
	</TextInfo>
	<contactInfo lastUpdated="2021-01-25T08:45:41">
		<streetAddress line="1">10 S 1st Ave</streetAddress>
		<streetAddress line="2"></streetAddress>
		<streetAddress line="3"></streetAddress>
		<city>WALLA WALLA</city>
		<state-region>WA</state-region>
		<postalCode>99362-1942</postalCode>
		<country code="USA">United States</country>
		<contactName>Rich Arnold</contactName>
		<contactTitle>IR Contact Officer</contactTitle>
		<phone>
			<phone type="mainphone">
				<countryPhoneCode>1</countryPhoneCode>
				<city-areacode>509</city-areacode>
				<number>5273636</number>
			</phone>
			<phone type="contactphone">
				<countryPhoneCode>1</countryPhoneCode>
				<city-areacode>509</city-areacode>
				<number>3445351</number>
			</phone>
		</phone>
	</contactInfo>
	<webLinks lastUpdated="2019-12-02T11:02:36"><webSite mainCategory="Home Page">http://investor.bannerbank.com/</webSite><eMail mainCategory="Company Contact/E-mail">rich.arnold@bannerbank.com</eMail></webLinks>
	<peerInfo lastUpdated="2021-01-25T08:45:41">
		<IndustryInfo>
			<Industry type="TRBC" order="1" reported="0" code="5510101010" mnem="">Banks - NEC</Industry>
			<Industry type="NAICS" order="1" reported="0" code="522110" mnem="">Commercial Banking</Industry>
			<Industry type="NAICS" order="2" reported="0" code="524113" mnem="">Direct Life Insurance Carriers</Industry>
			<Industry type="NAICS" order="3" reported="0" code="551111" mnem="">Offices of Bank Holding Companies</Industry>
			<Industry type="SIC" order="0" reported="1" code="6022" mnem="">State Commercial Banks</Industry>
			<Industry type="SIC" order="1" reported="0" code="6029" mnem="">Commercial Banks, Nec</Industry>
			<Industry type="SIC" order="2" reported="0" code="6311" mnem="">Life Insurance</Industry>
			<Industry type="SIC" order="3" reported="0" code="6712" mnem="">Bank Holding Companies</Industry>
		</IndustryInfo>
		<Indexconstituet>S&amp;P 600 Small Cap</Indexconstituet>
	</peerInfo>
	<officers>
		<officer rank="1" since="2019">
			<firstName>Brent</firstName>
			<mI>A.</mI>
			<lastName>Orrico</lastName>
			<age>70 </age>
			<title startYear="2019" startMonth="" startDay="" iD1="CHM" abbr1="Chmn." iD2="IND" abbr2="Ind. Dir.">Independent Chairman of the Board</title>
		</officer>
		<officer rank="2" since="04/06/2010">
			<firstName>Mark</firstName>
			<mI>J.</mI>
			<lastName>Grescovich</lastName>
			<age>55 </age>
			<title startYear="2010" startMonth="08" startDay="18" iD1="CEO" abbr1="CEO" iD2="PRE" abbr2="Pres.">President, Chief Executive Officer, Director of the Banner Corporration and Banner Bank</title>
		</officer>
		<officer rank="3" since="NA">
			<firstName>Peter</firstName>
			<mI>J.</mI>
			<lastName>Conner</lastName>
			<age>54 </age>
			<title startYear="2018" startMonth="05" startDay="01" iD1="CFO" abbr1="CFO" iD2="EVP" abbr2="Exec. VP">Chief Financial Officer, Executive Vice President, Treasurer</title>
		</officer>
		<officer rank="4" since="2016">
			<firstName>Judith</firstName>
			<mI>A.</mI>
			<lastName>Steiner</lastName>
			<age>57 </age>
			<title startYear="2016" startMonth="" startDay="" iD1="EVP" abbr1="Exec. VP" iD2="CRO" abbr2="CRO">Executive Vice President, Chief Risk Officer of the Banner Bank</title>
		</officer>
		<officer rank="5" since="2016">
			<firstName>Craig</firstName>
			<mI></mI>
			<lastName>Miller</lastName>
			<age>68 </age>
			<title startYear="2016" startMonth="" startDay="" iD1="EVP" abbr1="Exec. VP" iD2="GCN" abbr2="Counsel">Executive Vice President, General Counsel of the Banner Corporation and Banner Bank</title>
		</officer>
		<officer rank="6" since="2016">
			<firstName>Kayleen</firstName>
			<mI>R.</mI>
			<lastName>Kohler</lastName>
			<age>47 </age>
			<title startYear="2016" startMonth="" startDay="" iD1="EVP" abbr1="Exec. VP" iD2="DHR" abbr2="Dir.-HR">Executive Vice President of Human Resources of the Banner Bank</title>
		</officer>
		<officer rank="7" since="NA">
			<firstName>James</firstName>
			<mI>P.</mI>
			<lastName>Garcia</lastName>
			<age>60 </age>
			<title startYear="NA" startMonth="" startDay="" iD1="EVP" abbr1="Exec. VP" iD2="" abbr2="">Executive Vice President, Chief Audit Executive of the Banner Bank</title>
		</officer>
		<officer rank="8" since="11/01/2018">
			<firstName>Kenneth</firstName>
			<mI>William</mI>
			<lastName>Johnson</lastName>
			<age>57 </age>
			<title startYear="2018" startMonth="11" startDay="01" iD1="EVP" abbr1="Exec. VP" iD2="" abbr2="">Executive Vice President - Operations of the Banner Bank</title>
		</officer>
		<officer rank="9" since="NA">
			<firstName>Kenneth</firstName>
			<mI>A.</mI>
			<lastName>Larsen</lastName>
			<age>50 </age>
			<title startYear="NA" startMonth="" startDay="" iD1="EVP" abbr1="Exec. VP" iD2="" abbr2="">Executive Vice President - Mortgage Banking of the Branner Bank</title>
		</officer>
		<officer rank="10" since="2010">
			<firstName>James</firstName>
			<mI>P. G</mI>
			<lastName>McLean</lastName>
			<age>55 </age>
			<title startYear="2010" startMonth="" startDay="" iD1="EVP" abbr1="Exec. VP" iD2="" abbr2="">Executive Vice President - Commercial Real Estate Lending Division of the Banner Bank</title>
		</officer>
	</officers>
	<Ratios PriceCurrency="USD" ReportingCurrency="USD" ExchangeRate="1.00000" LatestAvailableDate="2020-12-31">
		<Group ID="Price and Volume">
			<Ratio FieldName="NPRICE" Type="N">48.26000</Ratio>
			<Ratio FieldName="NHIG" Type="N">55.57000</Ratio>
			<Ratio FieldName="NLOW" Type="N">27.12000</Ratio>
			<Ratio FieldName="PDATE" Type="D">2021-02-04T00:00:00</Ratio>
			<Ratio FieldName="VOL10DAVG" Type="N">0.21363</Ratio>
			<Ratio FieldName="EV" Type="N">1784.84400</Ratio>
		</Group>
		<Group ID="Income Statement">
			<Ratio FieldName="MKTCAP" Type="N">1696.78300</Ratio>
			<Ratio FieldName="TTMREV" Type="N">519.14600</Ratio>
			<Ratio FieldName="TTMEBITD" Type="N">249.52800</Ratio>
			<Ratio FieldName="TTMNIAC" Type="N">115.92800</Ratio>
		</Group>
		<Group ID="Per share data">
			<Ratio FieldName="TTMEPSXCLX" Type="N">3.27577</Ratio>
			<Ratio FieldName="TTMREVPS" Type="N">16.35831</Ratio>
			<Ratio FieldName="QBVPS" Type="N">47.39198</Ratio>
			<Ratio FieldName="QCSHPS" Type="N">8.87105</Ratio>
			<Ratio FieldName="TTMCFSHR" Type="N">2.72250</Ratio>
			<Ratio FieldName="TTMDIVSHR" Type="N">1.64000</Ratio>
		</Group>
		<Group ID="Other Ratios">
			<Ratio FieldName="TTMGROSMGN" Type="N">-99999.99000</Ratio>
			<Ratio FieldName="TTMROEPCT" Type="N">7.11150</Ratio>
			<Ratio FieldName="TTMPR2REV" Type="N">2.92591</Ratio>
			<Ratio FieldName="PEEXCLXOR" Type="N">14.73241</Ratio>
			<Ratio FieldName="PRICE2BK" Type="N">1.01832</Ratio>
			<Ratio FieldName="Employees" Type="N">2198</Ratio>
		</Group>
	</Ratios>
	<ForecastData ConsensusType="Mean" CurFiscalYear="2021" CurFiscalYearEndMonth="12" CurInterimEndCalYear="2021" CurInterimEndMonth="3" EarningsBasis="REP">
		<Ratio FieldName="ConsRecom" Type="N">
			<Value PeriodType="CURR">2.3333</Value>
		</Ratio>
		<Ratio FieldName="TargetPrice" Type="N">
			<Value PeriodType="CURR">43.50000</Value>
		</Ratio>
		<Ratio FieldName="ProjLTGrowthRate" Type="N">
			<Value PeriodType="CURR">-99999.99000</Value>
		</Ratio>
		<Ratio FieldName="ProjPE" Type="N">
			<Value PeriodType="CURR">12.69432</Value>
		</Ratio>
		<Ratio FieldName="ProjSales" Type="N">
			<Value PeriodType="CURR">519.50770</Value>
		</Ratio>
		<Ratio FieldName="ProjSalesQ" Type="N">
			<Value PeriodType="CURR">134.17600</Value>
		</Ratio>
		<Ratio FieldName="ProjEPS" Type="N">
			<Value PeriodType="CURR">3.80170</Value>
		</Ratio>
		<Ratio FieldName="ProjEPSQ" Type="N">
			<Value PeriodType="CURR">1.01170</Value>
		</Ratio>
		<Ratio FieldName="ProjProfit" Type="N">
			<Value PeriodType="CURR">133.81180</Value>
		</Ratio>
		<Ratio FieldName="ProjDPS" Type="N">
			<Value PeriodType="CURR">1.64000</Value>
		</Ratio>
	</ForecastData>
</ReportSnapshot>
