<?xml version="1.0" encoding="UTF-8"?>
<ReportSnapshot Major="1" Minor="0" Revision="1">
	<CoIDs>
		<CoID Type="RepNo">A16D0</CoID>
		<CoID Type="CompanyName">Bioanalytical Systems, Inc.</CoID>
		<CoID Type="IRSNo">351345024</CoID>
		<CoID Type="CIKNo">0000720154</CoID>
		<CoID Type="OrganizationPermID">4295905723</CoID>
	</CoIDs>
	<Issues>
		<Issue ID="1" Type="C" Desc="Common Stock" Order="1">
			<IssueID Type="Name">Ordinary Shares</IssueID>
			<IssueID Type="Ticker">BASI</IssueID>
			<IssueID Type="RIC">BASI.O</IssueID>
			<IssueID Type="DisplayRIC">BASI.OQ</IssueID>
			<IssueID Type="InstrumentPI">377684</IssueID>
			<IssueID Type="QuotePI">7695669</IssueID>
			<IssueID Type="InstrumentPermID">8590932944</IssueID>
			<IssueID Type="QuotePermID">55835327368</IssueID>
			<Exchange Code="NASD" Country="USA">NASDAQ</Exchange>
			<GlobalListingType>OSR</GlobalListingType>
		</Issue>
		<Issue ID="2" Type="P" Desc="Preferred Stock" Order="1">
			<IssueID Type="Name">Preference Shares Series A</IssueID>
			<IssueID Type="InstrumentPI">99714199</IssueID>
			<IssueID Type="InstrumentPermID">21482172190</IssueID>
			<Exchange Code="NA" Country="">Not Available</Exchange>
		</Issue>
	</Issues>
	<CoGeneralInfo>
		<CoStatus Code="1">Active</CoStatus>
		<CoType Code="EQU">Equity Issue</CoType>
		<LastModified>2020-12-23</LastModified>
		<LatestAvailableAnnual>2020-09-30</LatestAvailableAnnual>
		<LatestAvailableInterim>2020-09-30</LatestAvailableInterim>
		<Employees LastUpdated="2013-09-30">150</Employees>
		<SharesOut Date="2021-01-27" TotalFloat="6035442.0">11128546.0</SharesOut>
		<ReportingCurrency Code="USD">U.S. Dollars</ReportingCurrency>
		<MostRecentExchange Date="2021-02-03">1.0</MostRecentExchange>
	</CoGeneralInfo>
	<TextInfo>
		<Text Type="Business Summary" lastModified="2017-01-16T00:07:59">Bioanalytical systems, Inc. is an international contract research company providing drug discovery and development services and analytical instruments. The Company operates in two segments: contract research services and research products. The contract research services segment provides research and development support on a contract basis to pharmaceutical companies. The research products segment provides liquid chromatography, electrochemical and physiological monitoring products to pharmaceutical companies, universities, government research centers, and medical research institutions. The Company supports the preclinical and clinical development needs of researchers and clinicians for small molecule and large biomolecule drug candidates. The contract research services segment provides screening and pharmacological testing, preclinical safety testing, formulation development, regulatory compliance and quality control testing.</Text>
		<Text Type="Financial Summary" lastModified="2020-12-23T12:30:56">BRIEF: For the fiscal year ended 30 September 2020,Bioanalytical Systems, Inc. revenues increased 39% to$60.5M. Net loss increased from $790K to $4.7M. Revenuesreflect Services segment increase of 46% to $57.2M, UnitedStates segment increase of 42% to $56.3M, Pacific Rimsegment increase of 17% to $2.8M. Higher net loss reflectsCorporate segment loss increase of 92% to $10.8M, Productssegment loss increase from $95K to $437K.</Text>
	</TextInfo>
	<contactInfo lastUpdated="2021-01-19T21:14:13">
		<streetAddress line="1">2701 Kent Ave</streetAddress>
		<streetAddress line="2"></streetAddress>
		<streetAddress line="3"></streetAddress>
		<city>WEST LAFAYETTE</city>
		<state-region>IN</state-region>
		<postalCode>47906-1350</postalCode>
		<country code="USA">United States</country>
		<contactName></contactName>
		<contactTitle></contactTitle>
		<phone>
			<phone type="mainphone">
				<countryPhoneCode>1</countryPhoneCode>
				<city-areacode>317</city-areacode>
				<number>4634527</number>
			</phone>
			<phone type="mainfax">
				<countryPhoneCode>1</countryPhoneCode>
				<city-areacode>765</city-areacode>
				<number>4971102</number>
			</phone>
		</phone>
	</contactInfo>
	<webLinks lastUpdated="2016-05-27T11:30:34"><webSite mainCategory="Home Page">http://www.basinc.com/</webSite><eMail mainCategory="Company Contact/E-mail">
		</eMail></webLinks>
	<peerInfo lastUpdated="2021-01-19T21:14:13">
		<IndustryInfo>
			<Industry type="TRBC" order="1" reported="0" code="5620201010" mnem="">Biotechnology &amp; Medical Research - NEC</Industry>
			<Industry type="NAICS" order="1" reported="0" code="541712" mnem="">Research and Development in the Physical, Engineering, and Life Sciences (except Biotechnology)</Industry>
			<Industry type="NAICS" order="2" reported="0" code="334516" mnem="">Analytical Laboratory Instrument Mfg</Industry>
			<Industry type="NAICS" order="3" reported="0" code="325412" mnem="">Pharmaceutical Preparation Mfg</Industry>
			<Industry type="NAICS" order="4" reported="0" code="541380" mnem="">Testing Laboratories</Industry>
			<Industry type="SIC" order="0" reported="1" code="8731" mnem="">Commercial Physical Research</Industry>
			<Industry type="SIC" order="1" reported="0" code="8731" mnem="">Commercial Physical Research</Industry>
			<Industry type="SIC" order="2" reported="0" code="3826" mnem="">Analytical Instruments</Industry>
			<Industry type="SIC" order="3" reported="0" code="2834" mnem="">Pharmaceutical Preparations</Industry>
			<Industry type="SIC" order="4" reported="0" code="8734" mnem="">Testing Laboratories</Industry>
		</IndustryInfo>
	</peerInfo>
	<officers>
		<officer rank="1" since="08/01/2017">
			<firstName>Gregory</firstName>
			<mI>Cole</mI>
			<lastName>Davis</lastName>
			<age>66 </age>
			<title startYear="2017" startMonth="08" startDay="01" iD1="CHM" abbr1="Chmn." iD2="DRC" abbr2="Dir.">Interim Chairman of the Board</title>
		</officer>
		<officer rank="2" since="01/12/2019">
			<firstName>Robert</firstName>
			<mI></mI>
			<lastName>Leasure</lastName>
			<age>60 </age>
			<title startYear="2019" startMonth="01" startDay="12" iD1="PRE" abbr1="Pres." iD2="CEO" abbr2="CEO">President, Chief Executive Officer, Director</title>
		</officer>
		<officer rank="3" since="03/06/2020">
			<firstName>Beth</firstName>
			<mI>A.</mI>
			<lastName>Taylor</lastName>
			<age>54 </age>
			<title startYear="2020" startMonth="03" startDay="06" iD1="CFO" abbr1="CFO" iD2="VFN" abbr2="VP-Fin.">Chief Financial Officer, Vice President - Finance</title>
		</officer>
		<officer rank="4" since="08/28/2019">
			<firstName>William</firstName>
			<mI>D.</mI>
			<lastName>Pitchford</lastName>
			<age>65 </age>
			<title startYear="2019" startMonth="08" startDay="28" iD1="CHO" abbr1="Chief HR" iD2="" abbr2="">Chief Human Resource Officer</title>
		</officer>
		<officer rank="5" since="05/07/2018">
			<firstName>Michael</firstName>
			<mI></mI>
			<lastName>Baim</lastName>
			<age>62 </age>
			<title startYear="2018" startMonth="05" startDay="07" iD1="SVP" abbr1="Sr. VP" iD2="" abbr2="">Senior Vice President- Analytical Operations</title>
		</officer>
		<officer rank="6" since="03/17/2015">
			<firstName>Philip</firstName>
			<mI>A.</mI>
			<lastName>Downing</lastName>
			<age>49 </age>
			<title startYear="2017" startMonth="03" startDay="08" iD1="SVP" abbr1="Sr. VP" iD2="" abbr2="">Senior Vice President- Preclinical Services</title>
		</officer>
		<officer rank="7" since="10/19/2020">
			<firstName>Andrew</firstName>
			<mI></mI>
			<lastName>Alexander</lastName>
			<age></age>
			<title startYear="2020" startMonth="10" startDay="19" iD1="VPR" abbr1="VP" iD2="" abbr2="">Vice President - Pharmacology and Toxicology Operations</title>
		</officer>
		<officer rank="8" since="08/10/2020">
			<firstName>I.M.</firstName>
			<mI></mI>
			<lastName>Grossi</lastName>
			<age></age>
			<title startYear="2020" startMonth="08" startDay="10" iD1="VPR" abbr1="VP" iD2="" abbr2="">Vice President - Toxicology</title>
		</officer>
		<officer rank="9" since="12/30/2020">
			<firstName>Daniel</firstName>
			<mI></mI>
			<lastName>Smeak</lastName>
			<age></age>
			<title startYear="2020" startMonth="12" startDay="30" iD1="VPR" abbr1="VP" iD2="" abbr2="">Vice President - Surgical Models</title>
		</officer>
		<officer rank="10" since="11/01/2018">
			<firstName>John</firstName>
			<mI>E.</mI>
			<lastName>Sagartz</lastName>
			<age>55 </age>
			<title startYear="2018" startMonth="11" startDay="01" iD1="OTH" abbr1="Other" iD2="DRC" abbr2="Dir.">Chief Strategy Officer, Director</title>
		</officer>
	</officers>
	<Ratios PriceCurrency="USD" ReportingCurrency="USD" ExchangeRate="1.00000" LatestAvailableDate="2020-09-30">
		<Group ID="Price and Volume">
			<Ratio FieldName="NPRICE" Type="N">12.43000</Ratio>
			<Ratio FieldName="NHIG" Type="N">15.87000</Ratio>
			<Ratio FieldName="NLOW" Type="N">3.05000</Ratio>
			<Ratio FieldName="PDATE" Type="D">2021-02-04T00:00:00</Ratio>
			<Ratio FieldName="VOL10DAVG" Type="N">0.08559</Ratio>
			<Ratio FieldName="EV" Type="N">169.14880</Ratio>
		</Group>
		<Group ID="Income Statement">
			<Ratio FieldName="MKTCAP" Type="N">138.32780</Ratio>
			<Ratio FieldName="TTMREV" Type="N">60.46900</Ratio>
			<Ratio FieldName="TTMEBITD" Type="N">0.86600</Ratio>
			<Ratio FieldName="TTMNIAC" Type="N">-4.68500</Ratio>
		</Group>
		<Group ID="Per share data">
			<Ratio FieldName="TTMEPSXCLX" Type="N">-0.43162</Ratio>
			<Ratio FieldName="TTMREVPS" Type="N">5.57254</Ratio>
			<Ratio FieldName="QBVPS" Type="N">0.69195</Ratio>
			<Ratio FieldName="QCSHPS" Type="N">0.12808</Ratio>
			<Ratio FieldName="TTMCFSHR" Type="N">-0.06967</Ratio>
			<Ratio FieldName="TTMDIVSHR" Type="N">0.00000</Ratio>
		</Group>
		<Group ID="Other Ratios">
			<Ratio FieldName="TTMGROSMGN" Type="N">30.15926</Ratio>
			<Ratio FieldName="TTMROEPCT" Type="N">-51.35372</Ratio>
			<Ratio FieldName="TTMPR2REV" Type="N">2.28758</Ratio>
			<Ratio FieldName="PEEXCLXOR" Type="N">-99999.99000</Ratio>
			<Ratio FieldName="PRICE2BK" Type="N">18.02306</Ratio>
			<Ratio FieldName="Employees" Type="N">150</Ratio>
		</Group>
	</Ratios>
	<ForecastData ConsensusType="Mean" CurFiscalYear="2021" CurFiscalYearEndMonth="9" CurInterimEndCalYear="2020" CurInterimEndMonth="12" EarningsBasis="PRX">
		<Ratio FieldName="ConsRecom" Type="N">
			<Value PeriodType="CURR">2</Value>
		</Ratio>
		<Ratio FieldName="TargetPrice" Type="N">
			<Value PeriodType="CURR">-99999.99000</Value>
		</Ratio>
		<Ratio FieldName="ProjLTGrowthRate" Type="N">
			<Value PeriodType="CURR">-99999.99000</Value>
		</Ratio>
		<Ratio FieldName="ProjPE" Type="N">
			<Value PeriodType="CURR">-30.31707</Value>
		</Ratio>
		<Ratio FieldName="ProjSales" Type="N">
			<Value PeriodType="CURR">66.89600</Value>
		</Ratio>
		<Ratio FieldName="ProjSalesQ" Type="N">
			<Value PeriodType="CURR">15.32900</Value>
		</Ratio>
		<Ratio FieldName="ProjEPS" Type="N">
			<Value PeriodType="CURR">-0.41000</Value>
		</Ratio>
		<Ratio FieldName="ProjEPSQ" Type="N">
			<Value PeriodType="CURR">-0.19000</Value>
		</Ratio>
		<Ratio FieldName="ProjProfit" Type="N">
			<Value PeriodType="CURR">-4.54000</Value>
		</Ratio>
		<Ratio FieldName="ProjDPS" Type="N">
			<Value PeriodType="CURR">-99999.99000</Value>
		</Ratio>
	</ForecastData>
</ReportSnapshot>
