<?xml version="1.0" encoding="UTF-8"?>
<ReportSnapshot Major="1" Minor="0" Revision="1">
	<CoIDs>
		<CoID Type="RepNo">017A8</CoID>
		<CoID Type="CompanyName">Brundage-Bone Concrete Pmpg Hldg Inc</CoID>
		<CoID Type="IRSNo">821114958</CoID>
		<CoID Type="CIKNo">0001703956</CoID>
		<CoID Type="OrganizationPermID">5065368238</CoID>
	</CoIDs>
	<Issues>
		<Issue ID="2" Type="C" Desc="Common Stock" Order="1">
			<IssueID Type="Name">Ordinary Shares</IssueID>
			<IssueID Type="Ticker">BBCP</IssueID>
			<IssueID Type="RIC">BBCP.O</IssueID>
			<IssueID Type="DisplayRIC">BBCP.OQ</IssueID>
			<IssueID Type="InstrumentPI">269512353</IssueID>
			<IssueID Type="QuotePI">269512354</IssueID>
			<IssueID Type="InstrumentPermID">25727426996</IssueID>
			<IssueID Type="QuotePermID">25727426995</IssueID>
			<Exchange Code="NASD" Country="USA">NASDAQ</Exchange>
			<GlobalListingType>OSR</GlobalListingType>
		</Issue>
		<Issue ID="1" Type="C" Desc="Common Stock" Order="2">
			<IssueID Type="Name">Unit</IssueID>
			<IssueID Type="RIC">INDUU.OQ^L18</IssueID>
			<IssueID Type="DisplayRIC">INDUU.OQ</IssueID>
			<IssueID Type="InstrumentPI">265421126</IssueID>
			<IssueID Type="QuotePI">265432824</IssueID>
			<IssueID Type="InstrumentPermID">21617089155</IssueID>
			<IssueID Type="QuotePermID">25727434003</IssueID>
			<Exchange Code="NASD" Country="USA">NASDAQ</Exchange>
		</Issue>
		<Issue ID="3" Type="C" Desc="Common Stock" Order="3">
			<IssueID Type="Name">Ordinary Shares Class B</IssueID>
			<IssueID Type="InstrumentPI">279606910</IssueID>
			<IssueID Type="InstrumentPermID">21627192028</IssueID>
			<Exchange Code="NA" Country="">Not Available</Exchange>
		</Issue>
		<Issue ID="4" Type="P" Desc="Preferred Stock" Order="1">
			<IssueID Type="Name">Preference Shares</IssueID>
			<IssueID Type="InstrumentPI">437964671</IssueID>
			<IssueID Type="InstrumentPermID">21752413115</IssueID>
			<Exchange Code="NA" Country="">Not Available</Exchange>
		</Issue>
	</Issues>
	<CoGeneralInfo>
		<CoStatus Code="1">Active</CoStatus>
		<CoType Code="EQU">Equity Issue</CoType>
		<LastModified>2021-01-13</LastModified>
		<LatestAvailableAnnual>2020-10-31</LatestAvailableAnnual>
		<LatestAvailableInterim>2020-10-31</LatestAvailableInterim>
		<Employees LastUpdated="2020-10-31">1300</Employees>
		<SharesOut Date="2021-01-11" TotalFloat="26609356.0">112938588.0</SharesOut>
		<ReportingCurrency Code="USD">U.S. Dollars</ReportingCurrency>
		<MostRecentExchange Date="2021-02-03">1.0</MostRecentExchange>
	</CoGeneralInfo>
	<TextInfo>
		<Text Type="Business Summary" lastModified="2020-04-27T09:42:14">Brundage-Bone Concrete Pumping Holdings Inc, formerly Concrete Pumping Holdings, Inc., is a provider of concrete pumping services and concrete waste management services in the United States (U.S) and the United Kingdom (U.K). The Companys reporting segments include U.S. Concrete Pumping, U.S. Concrete Waste Management Services and U.K. Operations. U.S. Concrete Pumping segment offers services under its Brundage-Bone and Capital Pumping brands, which operates a fleet of approximately 757 equipment units from a diversified footprint of approximately 90 locations across 22 states. Its U.S. Concrete Waste Management Services segment, through its Eco-Pan business, provides concrete waste management services in the U.S. Eco-Pan is a route-based solution that operates approximately 78 trucks and over 6,300 custom metal pans for construction sites from approximately 16 locations in the U.S. The Companys U.K. Operations segment offers concrete pumping and concrete waste management services.</Text>
		<Text Type="Financial Summary" lastModified="2021-01-13T10:13:39">BRIEF: For the fiscal year ended 31 October 2020,Brundage-Bone Concrete Pmpg Hldg Inc revenues increased 8%to $304.3M. Net loss applicable to common stockholdersincreased 84% to $62.9M. Revenues reflect U.S. ConcretePumping segment increase of 13% to $229.7M, U.S. ConcreteWaste Management Services segment increase of 18% to $35.9M, U.S. segment increase of 13% to $265.2M.</Text>
	</TextInfo>
	<contactInfo lastUpdated="2021-01-28T16:25:47">
		<streetAddress line="1">500 E 84th Ave Ste A-5</streetAddress>
		<streetAddress line="2"></streetAddress>
		<streetAddress line="3"></streetAddress>
		<city>THORNTON</city>
		<state-region>CO</state-region>
		<postalCode>80229-5309</postalCode>
		<country code="USA">United States</country>
		<contactName>Cody Slach</contactName>
		<contactTitle>IR Contact Officer</contactTitle>
		<phone>
			<phone type="mainphone">
				<countryPhoneCode>1</countryPhoneCode>
				<city-areacode>303</city-areacode>
				<number>2897497</number>
			</phone>
			<phone type="mainfax">
				<countryPhoneCode>1</countryPhoneCode>
				<city-areacode>302</city-areacode>
				<number>6365454</number>
			</phone>
			<phone type="contactphone">
				<countryPhoneCode>1</countryPhoneCode>
				<city-areacode>949</city-areacode>
				<number>5743860</number>
			</phone>
		</phone>
	</contactInfo>
	<webLinks lastUpdated="2019-09-13T11:30:01"><webSite mainCategory="Home Page">https://www.concretepumpingholdings.com</webSite><eMail mainCategory="Company Contact/E-mail">BBCP@gatewayir.com</eMail></webLinks>
	<peerInfo lastUpdated="2021-01-28T16:25:47">
		<IndustryInfo>
			<Industry type="TRBC" order="1" reported="0" code="5220102010" mnem="">Construction &amp; Engineering - NEC</Industry>
			<Industry type="NAICS" order="1" reported="0" code="238110" mnem="">Poured Concrete Foundation and Structure Contractors</Industry>
			<Industry type="NAICS" order="2" reported="0" code="562219" mnem="">Other Nonhazardous Waste Treatment &amp; Disposal</Industry>
			<Industry type="SIC" order="1" reported="0" code="1771" mnem="">Concrete Work</Industry>
			<Industry type="SIC" order="2" reported="0" code="4953" mnem="">Refuse Systems</Industry>
		</IndustryInfo>
	</peerInfo>
	<officers>
		<officer rank="1" since="2018">
			<firstName>David</firstName>
			<mI>A. B.</mI>
			<lastName>Brown</lastName>
			<age>76 </age>
			<title startYear="2018" startMonth="" startDay="" iD1="CHM" abbr1="Chmn." iD2="DRC" abbr2="Dir.">Independent Chairman of the Board</title>
		</officer>
		<officer rank="2" since="NA">
			<firstName>Bruce</firstName>
			<mI></mI>
			<lastName>Young</lastName>
			<age>60 </age>
			<title startYear="NA" startMonth="" startDay="" iD1="CEO" abbr1="CEO" iD2="DRC" abbr2="Dir.">Chief Executive Officer, Director</title>
		</officer>
		<officer rank="3" since="08/29/2018">
			<firstName>Tariq</firstName>
			<mI></mI>
			<lastName>Osman</lastName>
			<age>41 </age>
			<title startYear="2018" startMonth="08" startDay="29" iD1="VCH" abbr1="Vice Chmn." iD2="IND" abbr2="Ind. Dir.">Independent Vice Chairman of the Board</title>
		</officer>
		<officer rank="4" since="NA">
			<firstName>Iain</firstName>
			<mI></mI>
			<lastName>Humphries</lastName>
			<age>45 </age>
			<title startYear="NA" startMonth="" startDay="" iD1="CFO" abbr1="CFO" iD2="SEC" abbr2="Secy.">Chief Financial Officer, Secretary, Director</title>
		</officer>
	</officers>
	<Ratios PriceCurrency="USD" ReportingCurrency="USD" ExchangeRate="1.00000" LatestAvailableDate="2020-10-31">
		<Group ID="Price and Volume">
			<Ratio FieldName="NPRICE" Type="N">5.99000</Ratio>
			<Ratio FieldName="NHIG" Type="N">6.10470</Ratio>
			<Ratio FieldName="NLOW" Type="N">1.82000</Ratio>
			<Ratio FieldName="PDATE" Type="D">2021-02-04T00:00:00</Ratio>
			<Ratio FieldName="VOL10DAVG" Type="N">0.13526</Ratio>
			<Ratio FieldName="EV" Type="N">723.52710</Ratio>
		</Group>
		<Group ID="Income Statement">
			<Ratio FieldName="MKTCAP" Type="N">338.25110</Ratio>
			<Ratio FieldName="TTMREV" Type="N">304.30100</Ratio>
			<Ratio FieldName="TTMEBITD" Type="N">87.87900</Ratio>
			<Ratio FieldName="TTMNIAC" Type="N">-62.92000</Ratio>
		</Group>
		<Group ID="Per share data">
			<Ratio FieldName="TTMEPSXCLX" Type="N">-1.19488</Ratio>
			<Ratio FieldName="TTMREVPS" Type="N">5.68636</Ratio>
			<Ratio FieldName="QBVPS" Type="N">5.29791</Ratio>
			<Ratio FieldName="QCSHPS" Type="N">0.11930</Ratio>
			<Ratio FieldName="TTMCFSHR" Type="N">-0.02347</Ratio>
			<Ratio FieldName="TTMDIVSHR" Type="N">0.00000</Ratio>
		</Group>
		<Group ID="Other Ratios">
			<Ratio FieldName="TTMGROSMGN" Type="N">45.12079</Ratio>
			<Ratio FieldName="TTMROEPCT" Type="N">-21.04503</Ratio>
			<Ratio FieldName="TTMPR2REV" Type="N">1.11157</Ratio>
			<Ratio FieldName="PEEXCLXOR" Type="N">-99999.99000</Ratio>
			<Ratio FieldName="PRICE2BK" Type="N">1.23374</Ratio>
			<Ratio FieldName="Employees" Type="N">1300</Ratio>
		</Group>
	</Ratios>
	<ForecastData ConsensusType="Mean" CurFiscalYear="2021" CurFiscalYearEndMonth="10" CurInterimEndCalYear="2021" CurInterimEndMonth="1" EarningsBasis="PRX">
		<Ratio FieldName="ConsRecom" Type="N">
			<Value PeriodType="CURR">1.6667</Value>
		</Ratio>
		<Ratio FieldName="TargetPrice" Type="N">
			<Value PeriodType="CURR">5.07000</Value>
		</Ratio>
		<Ratio FieldName="ProjLTGrowthRate" Type="N">
			<Value PeriodType="CURR">-99999.99000</Value>
		</Ratio>
		<Ratio FieldName="ProjPE" Type="N">
			<Value PeriodType="CURR">49.91667</Value>
		</Ratio>
		<Ratio FieldName="ProjSales" Type="N">
			<Value PeriodType="CURR">305.28470</Value>
		</Ratio>
		<Ratio FieldName="ProjSalesQ" Type="N">
			<Value PeriodType="CURR">68.31380</Value>
		</Ratio>
		<Ratio FieldName="ProjEPS" Type="N">
			<Value PeriodType="CURR">0.12000</Value>
		</Ratio>
		<Ratio FieldName="ProjEPSQ" Type="N">
			<Value PeriodType="CURR">-0.04670</Value>
		</Ratio>
		<Ratio FieldName="ProjProfit" Type="N">
			<Value PeriodType="CURR">9.26620</Value>
		</Ratio>
		<Ratio FieldName="ProjDPS" Type="N">
			<Value PeriodType="CURR">0.00000</Value>
		</Ratio>
	</ForecastData>
</ReportSnapshot>
