<?xml version="1.0" encoding="UTF-8"?>
<ReportSnapshot Major="1" Minor="0" Revision="1">
	<CoIDs>
		<CoID Type="RepNo">A03F8</CoID>
		<CoID Type="CompanyName">Brickell Biotech Inc</CoID>
		<CoID Type="IRSNo">930948554</CoID>
		<CoID Type="CIKNo">0000819050</CoID>
		<CoID Type="OrganizationPermID">4295908315</CoID>
	</CoIDs>
	<Issues>
		<Issue ID="1" Type="C" Desc="Common Stock" Order="1">
			<IssueID Type="Name">Ordinary Shares</IssueID>
			<IssueID Type="Ticker">BBI</IssueID>
			<IssueID Type="RIC">BBI.O</IssueID>
			<IssueID Type="DisplayRIC">BBI.OQ</IssueID>
			<IssueID Type="InstrumentPI">325130</IssueID>
			<IssueID Type="QuotePI">7890393</IssueID>
			<IssueID Type="InstrumentPermID">8590937785</IssueID>
			<IssueID Type="QuotePermID">55835375327</IssueID>
			<Exchange Code="NASD" Country="USA">NASDAQ</Exchange>
			<GlobalListingType>OSR</GlobalListingType>
			<MostRecentSplit Date="2019-09-03">0.14286</MostRecentSplit>
		</Issue>
	</Issues>
	<CoGeneralInfo>
		<CoStatus Code="1">Active</CoStatus>
		<CoType Code="EQU">Equity Issue</CoType>
		<LastModified>2020-11-17</LastModified>
		<LatestAvailableAnnual>2019-12-31</LatestAvailableAnnual>
		<LatestAvailableInterim>2020-09-30</LatestAvailableInterim>
		<Employees LastUpdated="2019-12-31">15</Employees>
		<SharesOut Date="2020-11-05" TotalFloat="52371293.0">53515476.0</SharesOut>
		<ReportingCurrency Code="USD">U.S. Dollars</ReportingCurrency>
		<MostRecentExchange Date="2021-02-03">1.0</MostRecentExchange>
	</CoGeneralInfo>
	<TextInfo>
		<Text Type="Business Summary" lastModified="2019-09-02T23:21:58">Brickell Biotech, Inc., formerly Vical Incorporated, is a clinical-stage pharmaceutical company that focuses on the development of therapeutics for the treatment of skin diseases. The Companys pipeline consists of molecular entities targeting the treatment of the indications, such as hyperhidrosis, cutaneous T-cell lymphoma, allergic contact dermatitis, psoriasis and androgenic alopecia. The Companys product candidates include BBI-3000, BBI-6000 and Sofpironium Bromide. Sofpironium Bromide is a topical soft anticholinergic for axillary hyperhidrosis. BBI-3000 is an oral rexinoid for cutaneous T-cell lymphoma. BBI-6000 is a retinoic acid-related orphan nuclear receptor gamma antagonist, which is develops for psoriasis.</Text>
		<Text Type="Financial Summary" lastModified="2020-11-17T15:44:12">BRIEF: For the nine months ended 30 September 2020,Brickell Biotech Inc revenues decreased 75% to $1.8M. Netloss applicable to common stockholders increased from $2.7Mto $13.5M. Revenues reflect Collaboration revenue decreaseof 70% to $1.8M. Higher net loss reflects General andadministrative - Balancing v increase from $2.9M to $7.6M(expense), Gain on extinguishment decrease from $2.3M(income) to $0K.</Text>
	</TextInfo>
	<contactInfo lastUpdated="2020-11-24T21:13:59">
		<streetAddress line="1">5777 Central Ave Ste 102</streetAddress>
		<streetAddress line="2"></streetAddress>
		<streetAddress line="3"></streetAddress>
		<city>BOULDER</city>
		<state-region>CO</state-region>
		<postalCode>80301-2870</postalCode>
		<country code="USA">United States</country>
		<contactName></contactName>
		<contactTitle></contactTitle>
		<phone>
			<phone type="mainphone">
				<countryPhoneCode>1</countryPhoneCode>
				<city-areacode>720</city-areacode>
				<number>5054755</number>
			</phone>
			<phone type="mainfax">
				<countryPhoneCode>1</countryPhoneCode>
				<city-areacode>302</city-areacode>
				<number>6555049</number>
			</phone>
		</phone>
	</contactInfo>
	<webLinks lastUpdated="2020-02-18T11:30:02"><webSite mainCategory="Home Page">https://brickellbio.com/</webSite><eMail mainCategory="Company Contact/E-mail">ir@vical.com</eMail></webLinks>
	<peerInfo lastUpdated="2020-11-24T21:13:59">
		<IndustryInfo>
			<Industry type="TRBC" order="1" reported="0" code="5620201011" mnem="">Bio Therapeutic Drugs</Industry>
			<Industry type="NAICS" order="1" reported="0" code="325414" mnem="">Biological Product (exc Diagnostic) Mfg</Industry>
			<Industry type="NAICS" order="2" reported="0" code="325412" mnem="">Pharmaceutical Preparation Mfg</Industry>
			<Industry type="NAICS" order="3" reported="0" code="541712" mnem="">Research and Development in the Physical, Engineering, and Life Sciences (except Biotechnology)</Industry>
			<Industry type="SIC" order="0" reported="1" code="2836" mnem="">Biological Prod's Not Diagnostic</Industry>
			<Industry type="SIC" order="1" reported="0" code="2836" mnem="">Biological Prod's Not Diagnostic</Industry>
			<Industry type="SIC" order="2" reported="0" code="2834" mnem="">Pharmaceutical Preparations</Industry>
			<Industry type="SIC" order="3" reported="0" code="8731" mnem="">Commercial Physical Research</Industry>
		</IndustryInfo>
	</peerInfo>
	<officers>
		<officer rank="1" since="08/31/2019">
			<firstName>Reginald</firstName>
			<mI>L.</mI>
			<lastName>Hardy</lastName>
			<age>62 </age>
			<title startYear="2019" startMonth="08" startDay="31" iD1="CHM" abbr1="Chmn." iD2="CFD" abbr2="Co-Fndr.">Chairman of the Board, Co-Founder</title>
		</officer>
		<officer rank="2" since="08/31/2019">
			<firstName>Robert</firstName>
			<mI>B.</mI>
			<lastName>Brown</lastName>
			<age>58 </age>
			<title startYear="2019" startMonth="08" startDay="31" iD1="CEO" abbr1="CEO" iD2="DRC" abbr2="Dir.">Chief Executive Officer, Director</title>
		</officer>
		<officer rank="3" since="08/31/2019">
			<firstName>Andrew</firstName>
			<mI>D.</mI>
			<lastName>Sklawer</lastName>
			<age>36 </age>
			<title startYear="2019" startMonth="08" startDay="31" iD1="CFD" abbr1="Co-Fndr." iD2="COO" abbr2="COO">Co-Founder, Chief Operating Officer, Secretary</title>
		</officer>
		<officer rank="4" since="12/01/2020">
			<firstName>Albert</firstName>
			<mI>N.</mI>
			<lastName>Marchio</lastName>
			<age>68 </age>
			<title startYear="2020" startMonth="12" startDay="01" iD1="CFO" abbr1="CFO" iD2="" abbr2="">Chief Financial Officer</title>
		</officer>
		<officer rank="5" since="08/31/2019">
			<firstName>Jose</firstName>
			<mI></mI>
			<lastName>Breton</lastName>
			<age>30 </age>
			<title startYear="2019" startMonth="08" startDay="31" iD1="CAO" abbr1="CAO" iD2="CTR" abbr2="Contr.">Chief Accounting Officer, Controller</title>
		</officer>
		<officer rank="6" since="08/31/2019">
			<firstName>David</firstName>
			<mI>R.</mI>
			<lastName>McAvoy</lastName>
			<age>57 </age>
			<title startYear="2019" startMonth="08" startDay="31" iD1="CCO" abbr1="Chief Comp." iD2="GCN" abbr2="Counsel">Chief Compliance Officer, General Counsel, Assistant Secretary</title>
		</officer>
		<officer rank="7" since="08/31/2019">
			<firstName>Deepak</firstName>
			<mI></mI>
			<lastName>Chadha</lastName>
			<age>49 </age>
			<title startYear="2019" startMonth="08" startDay="31" iD1="OTH" abbr1="Other" iD2="" abbr2="">Chief Research and Development Officer</title>
		</officer>
		<officer rank="8" since="08/31/2019">
			<firstName>Adam</firstName>
			<mI>Scott</mI>
			<lastName>Levy</lastName>
			<age>41 </age>
			<title startYear="2019" startMonth="08" startDay="31" iD1="OTH" abbr1="Other" iD2="" abbr2="">Chief Business Officer</title>
		</officer>
	</officers>
	<Ratios PriceCurrency="USD" ReportingCurrency="USD" ExchangeRate="1.00000" LatestAvailableDate="2020-09-30">
		<Group ID="Price and Volume">
			<Ratio FieldName="NPRICE" Type="N">1.19000</Ratio>
			<Ratio FieldName="NHIG" Type="N">3.98000</Ratio>
			<Ratio FieldName="NLOW" Type="N">0.46600</Ratio>
			<Ratio FieldName="PDATE" Type="D">2021-02-04T00:00:00</Ratio>
			<Ratio FieldName="VOL10DAVG" Type="N">4.02469</Ratio>
			<Ratio FieldName="EV" Type="N">43.94642</Ratio>
		</Group>
		<Group ID="Income Statement">
			<Ratio FieldName="MKTCAP" Type="N">63.68342</Ratio>
			<Ratio FieldName="TTMREV" Type="N">2.46400</Ratio>
			<Ratio FieldName="TTMEBITD" Type="N">-21.40400</Ratio>
			<Ratio FieldName="TTMNIAC" Type="N">-24.41000</Ratio>
		</Group>
		<Group ID="Per share data">
			<Ratio FieldName="TTMEPSXCLX" Type="N">-2.40486</Ratio>
			<Ratio FieldName="TTMREVPS" Type="N">0.17298</Ratio>
			<Ratio FieldName="QBVPS" Type="N">0.59894</Ratio>
			<Ratio FieldName="QCSHPS" Type="N">0.64574</Ratio>
			<Ratio FieldName="TTMCFSHR" Type="N">-1.71282</Ratio>
			<Ratio FieldName="TTMDIVSHR" Type="N">0.00000</Ratio>
		</Group>
		<Group ID="Other Ratios">
			<Ratio FieldName="TTMGROSMGN" Type="N">-99999.99000</Ratio>
			<Ratio FieldName="TTMROEPCT" Type="N">-132.17100</Ratio>
			<Ratio FieldName="TTMPR2REV" Type="N">25.84554</Ratio>
			<Ratio FieldName="PEEXCLXOR" Type="N">-99999.99000</Ratio>
			<Ratio FieldName="PRICE2BK" Type="N">1.98683</Ratio>
			<Ratio FieldName="Employees" Type="N">15</Ratio>
		</Group>
	</Ratios>
	<ForecastData ConsensusType="Mean" CurFiscalYear="2020" CurFiscalYearEndMonth="12" CurInterimEndCalYear="2020" CurInterimEndMonth="12" EarningsBasis="REP">
		<Ratio FieldName="ConsRecom" Type="N">
			<Value PeriodType="CURR">1.5</Value>
		</Ratio>
		<Ratio FieldName="TargetPrice" Type="N">
			<Value PeriodType="CURR">5.50000</Value>
		</Ratio>
		<Ratio FieldName="ProjLTGrowthRate" Type="N">
			<Value PeriodType="CURR">-99999.99000</Value>
		</Ratio>
		<Ratio FieldName="ProjPE" Type="N">
			<Value PeriodType="CURR">-1.67606</Value>
		</Ratio>
		<Ratio FieldName="ProjSales" Type="N">
			<Value PeriodType="CURR">2.30000</Value>
		</Ratio>
		<Ratio FieldName="ProjSalesQ" Type="N">
			<Value PeriodType="CURR">0.50000</Value>
		</Ratio>
		<Ratio FieldName="ProjEPS" Type="N">
			<Value PeriodType="CURR">-0.71000</Value>
		</Ratio>
		<Ratio FieldName="ProjEPSQ" Type="N">
			<Value PeriodType="CURR">-0.09000</Value>
		</Ratio>
		<Ratio FieldName="ProjProfit" Type="N">
			<Value PeriodType="CURR">-18.10000</Value>
		</Ratio>
		<Ratio FieldName="ProjDPS" Type="N">
			<Value PeriodType="CURR">-99999.99000</Value>
		</Ratio>
	</ForecastData>
</ReportSnapshot>
