<?xml version="1.0" encoding="UTF-8"?>
<ReportSnapshot Major="1" Minor="0" Revision="1">
	<CoIDs>
		<CoID Type="RepNo">069FA</CoID>
		<CoID Type="CompanyName">BridgeBio Pharma Inc</CoID>
		<CoID Type="CIKNo">0001743881</CoID>
		<CoID Type="OrganizationPermID">5052793334</CoID>
	</CoIDs>
	<Issues>
		<Issue ID="1" Type="C" Desc="Common Stock" Order="1">
			<IssueID Type="Name">Ordinary Shares</IssueID>
			<IssueID Type="Ticker">BBIO</IssueID>
			<IssueID Type="RIC">BBIO.O</IssueID>
			<IssueID Type="DisplayRIC">BBIO.OQ</IssueID>
			<IssueID Type="InstrumentPI">368318775</IssueID>
			<IssueID Type="QuotePI">368595706</IssueID>
			<IssueID Type="InstrumentPermID">21696905218</IssueID>
			<IssueID Type="QuotePermID">25727371419</IssueID>
			<Exchange Code="NASD" Country="USA">NASDAQ</Exchange>
			<GlobalListingType>OSR</GlobalListingType>
		</Issue>
	</Issues>
	<CoGeneralInfo>
		<CoStatus Code="1">Active</CoStatus>
		<CoType Code="EQU">Equity Issue</CoType>
		<LastModified>2021-01-05</LastModified>
		<LatestAvailableAnnual>2019-12-31</LatestAvailableAnnual>
		<LatestAvailableInterim>2020-09-30</LatestAvailableInterim>
		<Employees LastUpdated="2020-09-30">369</Employees>
		<SharesOut Date="2020-12-08" TotalFloat="70589561.0">122715631.0</SharesOut>
		<ReportingCurrency Code="USD">U.S. Dollars</ReportingCurrency>
		<MostRecentExchange Date="2021-02-03">1.0</MostRecentExchange>
	</CoGeneralInfo>
	<TextInfo>
		<Text Type="Business Summary" lastModified="2019-12-16T11:50:09">BridgeBio Pharma, Inc. is discovering and developing medicines that target well-characterized genetic diseases. The Companys product platform divided into three key categories: Mendelian, Oncology and Gene therapy. The Companys pipeline programs include product candidates ranging from early discovery to late-stage development. The Companys products include BBP-265, BBP-831, BBP-631 and BBP-454.</Text>
		<Text Type="Financial Summary" lastModified="2021-01-05T00:50:54">BRIEF: For the nine months ended 30 September 2020,BridgeBio Pharma Inc revenues decreased 70% to $8.1M. Netloss increased 76% to $328.7M. Revenues reflect a decreasein demand for the Company's products and services due tounfavorable market conditions. Higher net loss reflectsResearch and development increase of 55% to $229.1M(expense), General and administrative increase of 58% to$79.7M (expense).</Text>
	</TextInfo>
	<contactInfo lastUpdated="2021-02-02T20:52:24">
		<streetAddress line="1">421 Kipling St</streetAddress>
		<streetAddress line="2"></streetAddress>
		<streetAddress line="3"></streetAddress>
		<city>PALO ALTO</city>
		<state-region>CA</state-region>
		<postalCode>94301-1530</postalCode>
		<country code="USA">United States</country>
		<contactName></contactName>
		<contactTitle></contactTitle>
		<phone>
			<phone type="mainphone">
				<countryPhoneCode>1</countryPhoneCode>
				<city-areacode>650</city-areacode>
				<number>3919740</number>
			</phone>
			<phone type="mainfax">
				<countryPhoneCode>1</countryPhoneCode>
				<city-areacode>302</city-areacode>
				<number>6555049</number>
			</phone>
		</phone>
	</contactInfo>
	<webLinks lastUpdated="2019-06-27T15:30:02"><webSite mainCategory="Home Page">http://bridgebio.com/</webSite><eMail mainCategory="Company Contact/E-mail">
		</eMail></webLinks>
	<peerInfo lastUpdated="2021-02-02T20:52:24">
		<IndustryInfo>
			<Industry type="TRBC" order="1" reported="0" code="5620104010" mnem="">Pharmaceuticals - NEC</Industry>
			<Industry type="NAICS" order="1" reported="0" code="325412" mnem="">Pharmaceutical Preparation Mfg</Industry>
			<Industry type="SIC" order="1" reported="0" code="2834" mnem="">Pharmaceutical Preparations</Industry>
		</IndustryInfo>
	</peerInfo>
	<officers>
		<officer rank="1" since="04/2015">
			<firstName>Neil</firstName>
			<mI></mI>
			<lastName>Kumar</lastName>
			<age>41 </age>
			<title startYear="2015" startMonth="04" startDay="" iD1="CEO" abbr1="CEO" iD2="DRC" abbr2="Dir.">Chief Executive Officer, Director</title>
		</officer>
		<officer rank="2" since="10/2018">
			<firstName>Brian</firstName>
			<mI>C.</mI>
			<lastName>Stephenson</lastName>
			<age>40 </age>
			<title startYear="2021" startMonth="01" startDay="01" iD1="CFO" abbr1="CFO" iD2="CAO" abbr2="CAO">Chief Financial Officer, Principal Accounting Officer</title>
		</officer>
		<officer rank="3" since="02/2019">
			<firstName>Charles</firstName>
			<mI>J.</mI>
			<lastName>Homcy</lastName>
			<age></age>
			<title startYear="2020" startMonth="02" startDay="" iD1="CEX" abbr1="Corp. Exec." iD2="LED" abbr2="Lead Dir.">Chairman of Pharmaceuticals, Lead Director</title>
		</officer>
		<officer rank="4" since="01/2019">
			<firstName>Richard</firstName>
			<mI>H.</mI>
			<lastName>Scheller</lastName>
			<age>68 </age>
			<title startYear="2019" startMonth="01" startDay="" iD1="CEX" abbr1="Corp. Exec." iD2="DRC" abbr2="Dir.">Chairman of Research and Development, Director</title>
		</officer>
		<officer rank="5" since="04/2019">
			<firstName>Frank</firstName>
			<mI></mI>
			<lastName>Mccormick</lastName>
			<age>69 </age>
			<title startYear="2019" startMonth="04" startDay="" iD1="CEX" abbr1="Corp. Exec." iD2="" abbr2="">Chairman of Oncology</title>
		</officer>
		<officer rank="6" since="01/2018">
			<firstName>Cameron</firstName>
			<mI></mI>
			<lastName>Turtle</lastName>
			<age>30 </age>
			<title startYear="2018" startMonth="01" startDay="" iD1="SVP" abbr1="Sr. VP" iD2="" abbr2="">Senior Vice President - Portfolio Management and Corporate Development</title>
		</officer>
		<officer rank="7" since="04/2016">
			<firstName>Uma</firstName>
			<mI></mI>
			<lastName>Sinha</lastName>
			<age>63 </age>
			<title startYear="2016" startMonth="04" startDay="" iD1="CSO" abbr1="CSO" iD2="" abbr2="">Chief Scientific Officer</title>
		</officer>
		<officer rank="8" since="04/2016">
			<firstName>Michael</firstName>
			<mI></mI>
			<lastName>Henderson</lastName>
			<age>30 </age>
			<title startYear="2020" startMonth="01" startDay="" iD1="OTH" abbr1="Other" iD2="" abbr2="">Chief Business Officer</title>
		</officer>
	</officers>
	<Ratios PriceCurrency="USD" ReportingCurrency="USD" ExchangeRate="1.00000" LatestAvailableDate="2020-09-30">
		<Group ID="Price and Volume">
			<Ratio FieldName="NPRICE" Type="N">64.51000</Ratio>
			<Ratio FieldName="NHIG" Type="N">71.84000</Ratio>
			<Ratio FieldName="NLOW" Type="N">14.23000</Ratio>
			<Ratio FieldName="PDATE" Type="D">2021-02-04T00:00:00</Ratio>
			<Ratio FieldName="VOL10DAVG" Type="N">1.74286</Ratio>
			<Ratio FieldName="EV" Type="N">7677.59800</Ratio>
		</Group>
		<Group ID="Income Statement">
			<Ratio FieldName="MKTCAP" Type="N">7916.38500</Ratio>
			<Ratio FieldName="TTMREV" Type="N">21.94600</Ratio>
			<Ratio FieldName="TTMEBITD" Type="N">-425.63100</Ratio>
			<Ratio FieldName="TTMNIAC" Type="N">-402.20100</Ratio>
		</Group>
		<Group ID="Per share data">
			<Ratio FieldName="TTMEPSXCLX" Type="N">-3.41794</Ratio>
			<Ratio FieldName="TTMREVPS" Type="N">0.18645</Ratio>
			<Ratio FieldName="QBVPS" Type="N">1.33632</Ratio>
			<Ratio FieldName="QCSHPS" Type="N">5.79947</Ratio>
			<Ratio FieldName="TTMCFSHR" Type="N">-99999.99000</Ratio>
			<Ratio FieldName="TTMDIVSHR" Type="N">0.00000</Ratio>
		</Group>
		<Group ID="Other Ratios">
			<Ratio FieldName="TTMGROSMGN" Type="N">62.96819</Ratio>
			<Ratio FieldName="TTMROEPCT" Type="N">-129.01110</Ratio>
			<Ratio FieldName="TTMPR2REV" Type="N">360.72110</Ratio>
			<Ratio FieldName="PEEXCLXOR" Type="N">-99999.99000</Ratio>
			<Ratio FieldName="PRICE2BK" Type="N">48.27433</Ratio>
			<Ratio FieldName="Employees" Type="N">369</Ratio>
		</Group>
	</Ratios>
	<ForecastData ConsensusType="Mean" CurFiscalYear="2020" CurFiscalYearEndMonth="12" CurInterimEndCalYear="2020" CurInterimEndMonth="12" EarningsBasis="PRX">
		<Ratio FieldName="ConsRecom" Type="N">
			<Value PeriodType="CURR">1.75</Value>
		</Ratio>
		<Ratio FieldName="TargetPrice" Type="N">
			<Value PeriodType="CURR">44.50000</Value>
		</Ratio>
		<Ratio FieldName="ProjLTGrowthRate" Type="N">
			<Value PeriodType="CURR">-73.0000</Value>
		</Ratio>
		<Ratio FieldName="ProjPE" Type="N">
			<Value PeriodType="CURR">-18.16620</Value>
		</Ratio>
		<Ratio FieldName="ProjSales" Type="N">
			<Value PeriodType="CURR">24.13490</Value>
		</Ratio>
		<Ratio FieldName="ProjSalesQ" Type="N">
			<Value PeriodType="CURR">16.93030</Value>
		</Ratio>
		<Ratio FieldName="ProjEPS" Type="N">
			<Value PeriodType="CURR">-3.55110</Value>
		</Ratio>
		<Ratio FieldName="ProjEPSQ" Type="N">
			<Value PeriodType="CURR">-0.85330</Value>
		</Ratio>
		<Ratio FieldName="ProjProfit" Type="N">
			<Value PeriodType="CURR">-486.94230</Value>
		</Ratio>
		<Ratio FieldName="ProjDPS" Type="N">
			<Value PeriodType="CURR">0.00000</Value>
		</Ratio>
	</ForecastData>
</ReportSnapshot>
