<?xml version="1.0" encoding="UTF-8"?>
<ReportSnapshot Major="1" Minor="0" Revision="1">
	<CoIDs>
		<CoID Type="RepNo">A05FB</CoID>
		<CoID Type="CompanyName">Barrett Business Services, Inc.</CoID>
		<CoID Type="IRSNo">520812977</CoID>
		<CoID Type="CIKNo">0000902791</CoID>
		<CoID Type="OrganizationPermID">4295905697</CoID>
	</CoIDs>
	<Issues>
		<Issue ID="1" Type="C" Desc="Common Stock" Order="1">
			<IssueID Type="Name">Ordinary Shares</IssueID>
			<IssueID Type="Ticker">BBSI</IssueID>
			<IssueID Type="RIC">BBSI.O</IssueID>
			<IssueID Type="DisplayRIC">BBSI.OQ</IssueID>
			<IssueID Type="InstrumentPI">326151</IssueID>
			<IssueID Type="QuotePI">7695713</IssueID>
			<IssueID Type="InstrumentPermID">8590935603</IssueID>
			<IssueID Type="QuotePermID">55835331050</IssueID>
			<Exchange Code="NASD" Country="USA">NASDAQ</Exchange>
			<GlobalListingType>OSR</GlobalListingType>
			<MostRecentSplit Date="2005-05-20">1.5</MostRecentSplit>
		</Issue>
	</Issues>
	<CoGeneralInfo>
		<CoStatus Code="1">Active</CoStatus>
		<CoType Code="EQU">Equity Issue</CoType>
		<LastModified>2021-01-11</LastModified>
		<LatestAvailableAnnual>2019-12-31</LatestAvailableAnnual>
		<LatestAvailableInterim>2020-09-30</LatestAvailableInterim>
		<Employees LastUpdated="2019-12-31">127085</Employees>
		<SharesOut Date="2020-10-21" TotalFloat="7258158.0">7646324.0</SharesOut>
		<ReportingCurrency Code="USD">U.S. Dollars</ReportingCurrency>
		<MostRecentExchange Date="2021-02-03">1.0</MostRecentExchange>
	</CoGeneralInfo>
	<TextInfo>
		<Text Type="Business Summary" lastModified="2017-04-04T00:35:28">Barrett Business Services, Inc. (BBSI) is a provider of business management solutions for small and mid-sized companies. The Company has developed a management platform that integrates a knowledge-based approach from the management consulting industry with tools from the human resource outsourcing industry. BBSI's purpose is to advocate for business owners, particularly in the small and mid-sized business segment. The Company offers two categories of services: Professional Employer Services (PEO) and Staffing. Its staffing services include on-demand or short-term staffing assignments, contract staffing, direct placement, and long-term or indefinite-term on-site management. As of December 31, 2016, the Company operated in 20 states and the District of Columbia through a network of 57 branch locations in California, Oregon, Utah, Washington, Idaho, Arizona, Colorado, Maryland, North Carolina, Delaware, Nevada, Pennsylvania and Virginia.</Text>
		<Text Type="Financial Summary" lastModified="2021-01-11T10:07:09">BRIEF: For the nine months ended 30 September 2020, BarrettBusiness Services, Inc. revenues decreased 7% to $647.6M.Net income decreased 27% to $26.6M. Revenues reflectProfessional Employer Service Fees decrease of 6% to$573.2M, Staffing services decrease of 17% to $74.5M. Netincome also reflects Investment income decrease of 31% to$6.4M (income), Depreciation and amortization increase of21% to $3.5M (expense).</Text>
	</TextInfo>
	<contactInfo lastUpdated="2021-01-11T10:12:29">
		<streetAddress line="1">8100 NE Parkway Dr Ste 200</streetAddress>
		<streetAddress line="2"></streetAddress>
		<streetAddress line="3"></streetAddress>
		<city>VANCOUVER</city>
		<state-region>WA</state-region>
		<postalCode>98662-6735</postalCode>
		<country code="USA">United States</country>
		<contactName>Cody Slach</contactName>
		<contactTitle>Gateway Investor Relations</contactTitle>
		<phone>
			<phone type="mainphone">
				<countryPhoneCode>1</countryPhoneCode>
				<city-areacode>800</city-areacode>
				<number>4945669</number>
			</phone>
			<phone type="mainfax">
				<countryPhoneCode>1</countryPhoneCode>
				<city-areacode>360</city-areacode>
				<number>8280701</number>
			</phone>
			<phone type="contactphone">
				<countryPhoneCode>1</countryPhoneCode>
				<city-areacode>949</city-areacode>
				<number>5743860</number>
			</phone>
		</phone>
	</contactInfo>
	<webLinks lastUpdated="2016-05-19T11:15:21"><webSite mainCategory="Home Page">http://www.barrettbusiness.com/</webSite><eMail mainCategory="Company Contact/E-mail">BBSI@liolios.com</eMail></webLinks>
	<peerInfo lastUpdated="2021-01-11T10:12:29">
		<IndustryInfo>
			<Industry type="TRBC" order="1" reported="0" code="5220303012" mnem="">Outsourcing &amp; Staffing Services</Industry>
			<Industry type="NAICS" order="1" reported="0" code="561320" mnem="">Temporary Help Services</Industry>
			<Industry type="NAICS" order="2" reported="0" code="541612" mnem="">Human Res &amp; Exec Search Consulting Services</Industry>
			<Industry type="NAICS" order="3" reported="0" code="541611" mnem="">Admin &amp; Gen Management Consulting Services</Industry>
			<Industry type="SIC" order="1" reported="0" code="7363" mnem="">Help Supply Services</Industry>
			<Industry type="SIC" order="2" reported="0" code="8742" mnem="">Management Consulting Services</Industry>
		</IndustryInfo>
	</peerInfo>
	<officers>
		<officer rank="1" since="2010">
			<firstName>Anthony</firstName>
			<mI></mI>
			<lastName>Meeker</lastName>
			<age>81 </age>
			<title startYear="2010" startMonth="" startDay="" iD1="CHM" abbr1="Chmn." iD2="IND" abbr2="Ind. Dir.">Independent Chairman of the Board</title>
		</officer>
		<officer rank="2" since="08/10/2016">
			<firstName>Gary</firstName>
			<mI>E.</mI>
			<lastName>Kramer</lastName>
			<age>40 </age>
			<title startYear="2020" startMonth="03" startDay="05" iD1="PRE" abbr1="Pres." iD2="CEO" abbr2="CEO">President, Chief Executive Officer</title>
		</officer>
		<officer rank="3" since="03/05/2020">
			<firstName>Anthony</firstName>
			<mI>J.</mI>
			<lastName>Harris</lastName>
			<age>36 </age>
			<title startYear="2020" startMonth="03" startDay="05" iD1="CFO" abbr1="CFO" iD2="CAO" abbr2="CAO">Chief Financial Officer, Principal Accounting Officer, Vice President - Finance, Treasurer, Secretary</title>
		</officer>
		<officer rank="4" since="04/28/2014">
			<firstName>Gerald</firstName>
			<mI>R.</mI>
			<lastName>Blotz</lastName>
			<age>50 </age>
			<title startYear="2014" startMonth="04" startDay="28" iD1="COO" abbr1="COO" iD2="VPR" abbr2="VP">Vice President, Chief Operating Officer - Field Operations</title>
		</officer>
		<officer rank="5" since="04/06/2020">
			<firstName>Michael</firstName>
			<mI>D.</mI>
			<lastName>Saverien</lastName>
			<age>48 </age>
			<title startYear="2020" startMonth="04" startDay="06" iD1="EDR" abbr1="Exec. Dir." iD2="DSL" abbr2="Dir.-Sales">Executive Director - Sales and Distribution</title>
		</officer>
	</officers>
	<Ratios PriceCurrency="USD" ReportingCurrency="USD" ExchangeRate="1.00000" LatestAvailableDate="2020-09-30">
		<Group ID="Price and Volume">
			<Ratio FieldName="NPRICE" Type="N">67.41000</Ratio>
			<Ratio FieldName="NHIG" Type="N">87.94000</Ratio>
			<Ratio FieldName="NLOW" Type="N">27.25000</Ratio>
			<Ratio FieldName="PDATE" Type="D">2021-02-04T00:00:00</Ratio>
			<Ratio FieldName="VOL10DAVG" Type="N">0.03728</Ratio>
			<Ratio FieldName="EV" Type="N">371.35270</Ratio>
		</Group>
		<Group ID="Income Statement">
			<Ratio FieldName="MKTCAP" Type="N">515.43870</Ratio>
			<Ratio FieldName="TTMREV" Type="N">892.80000</Ratio>
			<Ratio FieldName="TTMEBITD" Type="N">44.63200</Ratio>
			<Ratio FieldName="TTMNIAC" Type="N">38.32800</Ratio>
		</Group>
		<Group ID="Per share data">
			<Ratio FieldName="TTMEPSXCLX" Type="N">4.96722</Ratio>
			<Ratio FieldName="TTMREVPS" Type="N">116.64870</Ratio>
			<Ratio FieldName="QBVPS" Type="N">25.80591</Ratio>
			<Ratio FieldName="QCSHPS" Type="N">19.33979</Ratio>
			<Ratio FieldName="TTMCFSHR" Type="N">5.59425</Ratio>
			<Ratio FieldName="TTMDIVSHR" Type="N">1.20000</Ratio>
		</Group>
		<Group ID="Other Ratios">
			<Ratio FieldName="TTMGROSMGN" Type="N">20.82784</Ratio>
			<Ratio FieldName="TTMROEPCT" Type="N">21.44326</Ratio>
			<Ratio FieldName="TTMPR2REV" Type="N">0.57733</Ratio>
			<Ratio FieldName="PEEXCLXOR" Type="N">13.57097</Ratio>
			<Ratio FieldName="PRICE2BK" Type="N">2.61219</Ratio>
			<Ratio FieldName="Employees" Type="N">127085</Ratio>
		</Group>
	</Ratios>
	<ForecastData ConsensusType="Mean" CurFiscalYear="2020" CurFiscalYearEndMonth="12" CurInterimEndCalYear="2020" CurInterimEndMonth="12" EarningsBasis="REP">
		<Ratio FieldName="ConsRecom" Type="N">
			<Value PeriodType="CURR">1.75</Value>
		</Ratio>
		<Ratio FieldName="TargetPrice" Type="N">
			<Value PeriodType="CURR">77.50000</Value>
		</Ratio>
		<Ratio FieldName="ProjLTGrowthRate" Type="N">
			<Value PeriodType="CURR">-99999.99000</Value>
		</Ratio>
		<Ratio FieldName="ProjPE" Type="N">
			<Value PeriodType="CURR">16.34182</Value>
		</Ratio>
		<Ratio FieldName="ProjSales" Type="N">
			<Value PeriodType="CURR">877.53870</Value>
		</Ratio>
		<Ratio FieldName="ProjSalesQ" Type="N">
			<Value PeriodType="CURR">229.87330</Value>
		</Ratio>
		<Ratio FieldName="ProjEPS" Type="N">
			<Value PeriodType="CURR">4.12500</Value>
		</Ratio>
		<Ratio FieldName="ProjEPSQ" Type="N">
			<Value PeriodType="CURR">0.64500</Value>
		</Ratio>
		<Ratio FieldName="ProjProfit" Type="N">
			<Value PeriodType="CURR">31.66570</Value>
		</Ratio>
		<Ratio FieldName="ProjDPS" Type="N">
			<Value PeriodType="CURR">1.20000</Value>
		</Ratio>
	</ForecastData>
</ReportSnapshot>
