<?xml version="1.0" encoding="UTF-8"?>
<ReportSnapshot Major="1" Minor="0" Revision="1">
	<CoIDs>
		<CoID Type="RepNo">A148E</CoID>
		<CoID Type="CompanyName">BioCardia Inc</CoID>
		<CoID Type="IRSNo">232753988</CoID>
		<CoID Type="CIKNo">0000925741</CoID>
		<CoID Type="OrganizationPermID">4295912887</CoID>
	</CoIDs>
	<Issues>
		<Issue ID="1" Type="C" Desc="Common Stock" Order="1">
			<IssueID Type="Name">Ordinary Shares</IssueID>
			<IssueID Type="Ticker">BCDA</IssueID>
			<IssueID Type="RIC">BCDA.O</IssueID>
			<IssueID Type="DisplayRIC">BCDA.OQ</IssueID>
			<IssueID Type="InstrumentPI">298916</IssueID>
			<IssueID Type="QuotePI">379650190</IssueID>
			<IssueID Type="InstrumentPermID">8590006004</IssueID>
			<IssueID Type="QuotePermID">25727366770</IssueID>
			<Exchange Code="NASD" Country="USA">NASDAQ</Exchange>
			<GlobalListingType>OSR</GlobalListingType>
			<MostRecentSplit Date="2019-06-06">0.11111</MostRecentSplit>
		</Issue>
		<Issue ID="2" Type="P" Desc="Preferred Stock" Order="1">
			<IssueID Type="Name">Preference Shares</IssueID>
			<IssueID Type="InstrumentPI">107005594</IssueID>
			<IssueID Type="InstrumentPermID">21502319726</IssueID>
			<Exchange Code="NASD" Country="USA">NASDAQ</Exchange>
		</Issue>
	</Issues>
	<CoGeneralInfo>
		<CoStatus Code="1">Active</CoStatus>
		<CoType Code="EQU">Equity Issue</CoType>
		<LastModified>2021-01-08</LastModified>
		<LatestAvailableAnnual>2019-12-31</LatestAvailableAnnual>
		<LatestAvailableInterim>2020-09-30</LatestAvailableInterim>
		<Employees LastUpdated="2019-12-31">20</Employees>
		<SharesOut Date="2020-12-15" TotalFloat="8224565.0">14467630.0</SharesOut>
		<ReportingCurrency Code="USD">U.S. Dollars</ReportingCurrency>
		<MostRecentExchange Date="2021-02-03">1.0</MostRecentExchange>
	</CoGeneralInfo>
	<TextInfo>
		<Text Type="Business Summary" lastModified="2020-07-29T00:26:04">BioCardia, Inc. is a clinical-stage regenerative medicine company engaged in developing therapeutics for cardiovascular diseases. The Company's therapeutic portfolio consists of the CardiAMP and CardiALLO cell therapies. The Company's lead therapeutic candidate is the CardiAMP Cell Therapy System (CardiAMP) and focuses on the Phase III trial for CardiAMP in ischemic systolic heart failure. The Company's CardiALLO Cell Therapy System (CardiALLO), is an allogeneic off the shelf mesenchymal stem cell product candidate from other donors. The Companys products also include Helix Biotherapeutic Delivery System and Morph Deflectable Guide and Sheaths Products. </Text>
		<Text Type="Financial Summary" lastModified="2021-01-08T13:12:35">BRIEF: For the nine months ended 30 September 2020,BioCardia Inc revenues decreased 80% to $99K. Net lossincreased 7% to $12M. Revenues reflect Collaborationagreement revenue decrease of 76% to $86K, Net productrevenue decrease of 91% to $13K. Higher net loss reflectsResearch and development - Balancing val increase of 14% to$6.4M (expense), Stock-based Compensation in R&amp;D increaseof 38% to $1.1M (expense), Selling.</Text>
	</TextInfo>
	<contactInfo lastUpdated="2021-02-02T08:43:22">
		<streetAddress line="1">125 Shoreway Rd Ste B</streetAddress>
		<streetAddress line="2"></streetAddress>
		<streetAddress line="3"></streetAddress>
		<city>SAN CARLOS</city>
		<state-region>CA</state-region>
		<postalCode>94070-2718</postalCode>
		<country code="USA">United States</country>
		<contactName></contactName>
		<contactTitle></contactTitle>
		<phone>
			<phone type="mainphone">
				<countryPhoneCode>1</countryPhoneCode>
				<city-areacode>650</city-areacode>
				<number>2260120</number>
			</phone>
			<phone type="mainfax">
				<countryPhoneCode>1</countryPhoneCode>
				<city-areacode>650</city-areacode>
				<number>6313731</number>
			</phone>
		</phone>
	</contactInfo>
	<webLinks lastUpdated="2017-07-20T01:00:01"><webSite mainCategory="Home Page">http://www.biocardia.com/</webSite><eMail mainCategory="Company Contact/E-mail">investors@biocardia.com</eMail></webLinks>
	<peerInfo lastUpdated="2021-02-02T08:43:22">
		<IndustryInfo>
			<Industry type="TRBC" order="1" reported="0" code="5620201011" mnem="">Bio Therapeutic Drugs</Industry>
			<Industry type="NAICS" order="1" reported="0" code="541711" mnem="">Research and Development in Biotechnology</Industry>
			<Industry type="NAICS" order="2" reported="0" code="325412" mnem="">Pharmaceutical Preparation Mfg</Industry>
			<Industry type="SIC" order="1" reported="0" code="8731" mnem="">Commercial Physical Research</Industry>
			<Industry type="SIC" order="2" reported="0" code="2834" mnem="">Pharmaceutical Preparations</Industry>
		</IndustryInfo>
	</peerInfo>
	<officers>
		<officer rank="1" since="2002">
			<firstName>Simon</firstName>
			<mI>H.</mI>
			<lastName>Stertzer</lastName>
			<age>84 </age>
			<title startYear="2002" startMonth="" startDay="" iD1="CHM" abbr1="Chmn." iD2="IND" abbr2="Ind. Dir.">Independent Chairman of the Board</title>
		</officer>
		<officer rank="2" since="2002">
			<firstName>Peter</firstName>
			<mI></mI>
			<lastName>Altman</lastName>
			<age>54 </age>
			<title startYear="2016" startMonth="10" startDay="24" iD1="PRE" abbr1="Pres." iD2="CEO" abbr2="CEO">President, Chief Executive Officer, Director</title>
		</officer>
		<officer rank="3" since="03/2016">
			<firstName>David</firstName>
			<mI></mI>
			<lastName>McClung</lastName>
			<age>57 </age>
			<title startYear="2020" startMonth="08" startDay="20" iD1="CFO" abbr1="CFO" iD2="" abbr2="">Chief Financial Officer</title>
		</officer>
		<officer rank="4" since="07/2011">
			<firstName>Phil</firstName>
			<mI></mI>
			<lastName>Pesta</lastName>
			<age>54 </age>
			<title startYear="2011" startMonth="07" startDay="" iD1="VOP" abbr1="VP-Op." iD2="" abbr2="">Vice President - Operations</title>
		</officer>
		<officer rank="5" since="2016">
			<firstName>Henricus</firstName>
			<mI></mI>
			<lastName>Duckers</lastName>
			<age>52 </age>
			<title startYear="2016" startMonth="" startDay="" iD1="OTH" abbr1="Other" iD2="" abbr2="">Chief Medical Officer</title>
		</officer>
	</officers>
	<Ratios PriceCurrency="USD" ReportingCurrency="USD" ExchangeRate="1.00000" LatestAvailableDate="2020-09-30">
		<Group ID="Price and Volume">
			<Ratio FieldName="NPRICE" Type="N">4.96000</Ratio>
			<Ratio FieldName="NHIG" Type="N">8.60000</Ratio>
			<Ratio FieldName="NLOW" Type="N">1.91000</Ratio>
			<Ratio FieldName="PDATE" Type="D">2021-02-04T00:00:00</Ratio>
			<Ratio FieldName="VOL10DAVG" Type="N">0.50116</Ratio>
			<Ratio FieldName="EV" Type="N">64.87644</Ratio>
		</Group>
		<Group ID="Income Statement">
			<Ratio FieldName="MKTCAP" Type="N">71.75944</Ratio>
			<Ratio FieldName="TTMREV" Type="N">0.31400</Ratio>
			<Ratio FieldName="TTMEBITD" Type="N">-15.47300</Ratio>
			<Ratio FieldName="TTMNIAC" Type="N">-15.51600</Ratio>
		</Group>
		<Group ID="Per share data">
			<Ratio FieldName="TTMEPSXCLX" Type="N">-1.95652</Ratio>
			<Ratio FieldName="TTMREVPS" Type="N">0.03700</Ratio>
			<Ratio FieldName="QBVPS" Type="N">0.33093</Ratio>
			<Ratio FieldName="QCSHPS" Type="N">0.59475</Ratio>
			<Ratio FieldName="TTMCFSHR" Type="N">-1.81720</Ratio>
			<Ratio FieldName="TTMDIVSHR" Type="N">0.00000</Ratio>
		</Group>
		<Group ID="Other Ratios">
			<Ratio FieldName="TTMGROSMGN" Type="N">76.11465</Ratio>
			<Ratio FieldName="TTMROEPCT" Type="N">-333.42650</Ratio>
			<Ratio FieldName="TTMPR2REV" Type="N">228.53330</Ratio>
			<Ratio FieldName="PEEXCLXOR" Type="N">-99999.99000</Ratio>
			<Ratio FieldName="PRICE2BK" Type="N">14.98828</Ratio>
			<Ratio FieldName="Employees" Type="N">20</Ratio>
		</Group>
	</Ratios>
	<ForecastData ConsensusType="Mean" CurFiscalYear="2008" CurFiscalYearEndMonth="12" CurInterimEndCalYear="" CurInterimEndMonth="" EarningsBasis="PRX">
		<Ratio FieldName="ConsRecom" Type="N">
			<Value PeriodType="CURR">2</Value>
		</Ratio>
		<Ratio FieldName="TargetPrice" Type="N">
			<Value PeriodType="CURR">16.66670</Value>
		</Ratio>
		<Ratio FieldName="ProjLTGrowthRate" Type="N">
			<Value PeriodType="CURR">-99999.99000</Value>
		</Ratio>
		<Ratio FieldName="ProjPE" Type="N">
			<Value PeriodType="CURR">-99999.99000</Value>
		</Ratio>
		<Ratio FieldName="ProjSales" Type="N">
			<Value PeriodType="CURR">-99999.99000</Value>
		</Ratio>
		<Ratio FieldName="ProjSalesQ" Type="N">
			<Value PeriodType="CURR">-99999.99000</Value>
		</Ratio>
		<Ratio FieldName="ProjEPS" Type="N">
			<Value PeriodType="CURR">-99999.99000</Value>
		</Ratio>
		<Ratio FieldName="ProjEPSQ" Type="N">
			<Value PeriodType="CURR">-99999.99000</Value>
		</Ratio>
		<Ratio FieldName="ProjProfit" Type="N">
			<Value PeriodType="CURR">-99999.99000</Value>
		</Ratio>
		<Ratio FieldName="ProjDPS" Type="N">
			<Value PeriodType="CURR">-99999.99000</Value>
		</Ratio>
	</ForecastData>
</ReportSnapshot>
