<?xml version="1.0" encoding="UTF-8"?>
<ReportSnapshot Major="1" Minor="0" Revision="1">
	<CoIDs>
		<CoID Type="RepNo">B1B66</CoID>
		<CoID Type="CompanyName">Brainstorm Cell Therapeutics Inc</CoID>
		<CoID Type="IRSNo">208133057</CoID>
		<CoID Type="CIKNo">0001137883</CoID>
		<CoID Type="OrganizationPermID">4295899439</CoID>
	</CoIDs>
	<Issues>
		<Issue ID="1" Type="C" Desc="Common Stock" Order="1">
			<IssueID Type="Name">Ordinary Shares</IssueID>
			<IssueID Type="Ticker">BCLI</IssueID>
			<IssueID Type="RIC">BCLI.O</IssueID>
			<IssueID Type="DisplayRIC">BCLI.OQ</IssueID>
			<IssueID Type="InstrumentPI">12288533</IssueID>
			<IssueID Type="QuotePI">168239346</IssueID>
			<IssueID Type="InstrumentPermID">8590921696</IssueID>
			<IssueID Type="QuotePermID">21548352262</IssueID>
			<Exchange Code="NASD" Country="USA">NASDAQ</Exchange>
			<GlobalListingType>OSR</GlobalListingType>
			<MostRecentSplit Date="2014-09-16">0.06666</MostRecentSplit>
		</Issue>
	</Issues>
	<CoGeneralInfo>
		<CoStatus Code="1">Active</CoStatus>
		<CoType Code="EQU">Equity Issue</CoType>
		<LastModified>2021-02-04</LastModified>
		<LatestAvailableAnnual>2020-12-31</LatestAvailableAnnual>
		<LatestAvailableInterim>2020-12-31</LatestAvailableInterim>
		<Employees LastUpdated="2020-12-31">40</Employees>
		<SharesOut Date="2020-12-31" TotalFloat="25325158.0">35159977.0</SharesOut>
		<ReportingCurrency Code="USD">U.S. Dollars</ReportingCurrency>
		<MostRecentExchange Date="2021-02-03">1.0</MostRecentExchange>
	</CoGeneralInfo>
	<TextInfo>
		<Text Type="Business Summary" lastModified="2016-04-14T08:14:54">Brainstorm Cell Therapeutics Inc. is a biotechnology company. The Company is engaged in developing adult stem cell therapies for debilitating neurodegenerative disorders, such as Amyotrophic Lateral Sclerosis (ALS, also known as Lou Gehrig's disease), Multiple Sclerosis (MS) and Parkinson's disease (PD), among others. Its subsidiary, Brainstorm Cell Therapeutics Ltd. (the Israeli Subsidiary), holds rights to commercialize the technology, NurOwn. NurOwn is in clinical development for the treatment of ALS. The Company has completed over two clinical trials of NurOwn in patients with ALS at Hadassah Medical Center (Hadassah). The first study, a Phase I/II safety and efficacy study of NurOwn in ALS patients administered either intramuscularly or intrathecally. The Company conducted Phase IIa combined (intramuscular and intrathecal) treatment, dose-escalating trial. It had completed treatment of over 10 patients in its ALS Phase IIa NurOwn dose-escalating clinical trial.</Text>
		<Text Type="Financial Summary" lastModified="2021-02-04T14:02:32">BRIEF: For the fiscal year ended 31 December 2020,Brainstorm Cell Therapeutics Inc revenues was not reported.Net loss increased 37% to $31.8M. Higher net loss reflectsResearch and development - Balancing val increase of 24% to$21.2M (expense), General and administrative - Balancing vincrease of 55% to $8M (expense), Stock-based Compensationin R&amp;D increase from $123K to $1.2M (expense).</Text>
	</TextInfo>
	<contactInfo lastUpdated="2021-02-04T14:02:35">
		<streetAddress line="1">1325 Avenue of the Americas Fl 28</streetAddress>
		<streetAddress line="2"></streetAddress>
		<streetAddress line="3"></streetAddress>
		<city>NEW YORK</city>
		<state-region>NY</state-region>
		<postalCode>10019-6583</postalCode>
		<country code="USA">United States</country>
		<contactName></contactName>
		<contactTitle></contactTitle>
		<phone>
			<phone type="mainphone">
				<countryPhoneCode>1</countryPhoneCode>
				<city-areacode>201</city-areacode>
				<number>4880460</number>
			</phone>
			<phone type="mainfax">
				<countryPhoneCode>1</countryPhoneCode>
				<city-areacode>302</city-areacode>
				<number>6555049</number>
			</phone>
		</phone>
	</contactInfo>
	<webLinks lastUpdated="2019-12-02T11:00:41"><webSite mainCategory="Home Page">http://www.brainstorm-cell.com/</webSite><eMail mainCategory="Company Contact/E-mail">info@brainstorm-cell.com</eMail></webLinks>
	<peerInfo lastUpdated="2021-02-04T14:02:35">
		<IndustryInfo>
			<Industry type="TRBC" order="1" reported="0" code="5620201010" mnem="">Biotechnology &amp; Medical Research - NEC</Industry>
			<Industry type="NAICS" order="1" reported="0" code="541712" mnem="">Research and Development in the Physical, Engineering, and Life Sciences (except Biotechnology)</Industry>
			<Industry type="NAICS" order="2" reported="0" code="325414" mnem="">Biological Product (exc Diagnostic) Mfg</Industry>
			<Industry type="SIC" order="0" reported="1" code="2836" mnem="">Biological Prod's Not Diagnostic</Industry>
			<Industry type="SIC" order="1" reported="0" code="8731" mnem="">Commercial Physical Research</Industry>
			<Industry type="SIC" order="2" reported="0" code="2836" mnem="">Biological Prod's Not Diagnostic</Industry>
		</IndustryInfo>
	</peerInfo>
	<officers>
		<officer rank="1" since="03/30/2020">
			<firstName>Jacob</firstName>
			<mI>A.</mI>
			<lastName>Frenkel</lastName>
			<age></age>
			<title startYear="2020" startMonth="03" startDay="30" iD1="CHM" abbr1="Chmn." iD2="DRC" abbr2="Dir.">Chairman of the Board</title>
		</officer>
		<officer rank="2" since="03/06/2017">
			<firstName>Ralph</firstName>
			<mI></mI>
			<lastName>Kern</lastName>
			<age>62 </age>
			<title startYear="2020" startMonth="04" startDay="01" iD1="PRE" abbr1="Pres." iD2="" abbr2="">President, Chief Medical Officer</title>
		</officer>
		<officer rank="3" since="07/2007">
			<firstName>Chaim</firstName>
			<mI></mI>
			<lastName>Lebovits</lastName>
			<age>49 </age>
			<title startYear="2020" startMonth="04" startDay="01" iD1="CEO" abbr1="CEO" iD2="" abbr2="">Chief Executive Officer</title>
		</officer>
		<officer rank="4" since="05/2004">
			<firstName>Irit</firstName>
			<mI></mI>
			<lastName>Arbel</lastName>
			<age>60 </age>
			<title startYear="2020" startMonth="03" startDay="30" iD1="VCH" abbr1="Vice Chmn." iD2="DRC" abbr2="Dir.">Vice Chairman of the Board</title>
		</officer>
		<officer rank="5" since="09/06/2019">
			<firstName>Preetam</firstName>
			<mI></mI>
			<lastName>Shah</lastName>
			<age>47 </age>
			<title startYear="2019" startMonth="09" startDay="06" iD1="CFO" abbr1="CFO" iD2="EVP" abbr2="Exec. VP">Chief Financial Officer, Executive Vice President, Treasurer</title>
		</officer>
		<officer rank="6" since="04/07/2020">
			<firstName>David</firstName>
			<mI></mI>
			<lastName>Setboun</lastName>
			<age>45 </age>
			<title startYear="2020" startMonth="04" startDay="07" iD1="COO" abbr1="COO" iD2="EVP" abbr2="Exec. VP">Chief Operating Officer, Executive Vice President</title>
		</officer>
		<officer rank="7" since="06/06/2014">
			<firstName>Uri</firstName>
			<mI></mI>
			<lastName>Yablonka</lastName>
			<age>43 </age>
			<title startYear="2017" startMonth="03" startDay="06" iD1="EVP" abbr1="Exec. VP" iD2="DRC" abbr2="Dir.">Executive Vice President, Chief Business Officer, Director</title>
		</officer>
		<officer rank="8" since="06/01/2020">
			<firstName>Stacy</firstName>
			<mI>R.</mI>
			<lastName>Lindborg</lastName>
			<age></age>
			<title startYear="2020" startMonth="06" startDay="01" iD1="EVP" abbr1="Exec. VP" iD2="" abbr2="">Executive Vice President Head of Global Clinical Research</title>
		</officer>
		<officer rank="9" since="09/02/2020">
			<firstName>Anthony</firstName>
			<mI></mI>
			<lastName>Waclawski</lastName>
			<age></age>
			<title startYear="2020" startMonth="09" startDay="02" iD1="EVP" abbr1="Exec. VP" iD2="" abbr2="">Executive Vice President - Global Head of Regulatory Affairs</title>
		</officer>
		<officer rank="10" since="02/26/2017">
			<firstName>Arturo</firstName>
			<mI>O.</mI>
			<lastName>Araya</lastName>
			<age>49 </age>
			<title startYear="2018" startMonth="08" startDay="" iD1="OTH" abbr1="Other" iD2="" abbr2="">Chief Commercial Officer</title>
		</officer>
	</officers>
	<Ratios PriceCurrency="USD" ReportingCurrency="USD" ExchangeRate="1.00000" LatestAvailableDate="2020-12-31">
		<Group ID="Price and Volume">
			<Ratio FieldName="NPRICE" Type="N">7.88000</Ratio>
			<Ratio FieldName="NHIG" Type="N">17.95000</Ratio>
			<Ratio FieldName="NLOW" Type="N">3.80000</Ratio>
			<Ratio FieldName="PDATE" Type="D">2021-02-04T00:00:00</Ratio>
			<Ratio FieldName="VOL10DAVG" Type="N">2.00699</Ratio>
			<Ratio FieldName="EV" Type="N">206.81660</Ratio>
		</Group>
		<Group ID="Income Statement">
			<Ratio FieldName="MKTCAP" Type="N">248.75260</Ratio>
			<Ratio FieldName="TTMREV" Type="N">0.00000</Ratio>
			<Ratio FieldName="TTMEBITD" Type="N">-31.46500</Ratio>
			<Ratio FieldName="TTMNIAC" Type="N">-31.81100</Ratio>
		</Group>
		<Group ID="Per share data">
			<Ratio FieldName="TTMEPSXCLX" Type="N">-1.03684</Ratio>
			<Ratio FieldName="TTMREVPS" Type="N">0.00000</Ratio>
			<Ratio FieldName="QBVPS" Type="N">1.00865</Ratio>
			<Ratio FieldName="QCSHPS" Type="N">1.19272</Ratio>
			<Ratio FieldName="TTMCFSHR" Type="N">-1.03446</Ratio>
			<Ratio FieldName="TTMDIVSHR" Type="N">0.00000</Ratio>
		</Group>
		<Group ID="Other Ratios">
			<Ratio FieldName="TTMGROSMGN" Type="N">-99999.99000</Ratio>
			<Ratio FieldName="TTMROEPCT" Type="N">-273.74900</Ratio>
			<Ratio FieldName="TTMPR2REV" Type="N">-99999.99000</Ratio>
			<Ratio FieldName="PEEXCLXOR" Type="N">-99999.99000</Ratio>
			<Ratio FieldName="PRICE2BK" Type="N">7.81245</Ratio>
			<Ratio FieldName="Employees" Type="N">40</Ratio>
		</Group>
	</Ratios>
	<ForecastData ConsensusType="Mean" CurFiscalYear="2021" CurFiscalYearEndMonth="12" CurInterimEndCalYear="2021" CurInterimEndMonth="3" EarningsBasis="PRX">
		<Ratio FieldName="ConsRecom" Type="N">
			<Value PeriodType="CURR">3</Value>
		</Ratio>
		<Ratio FieldName="TargetPrice" Type="N">
			<Value PeriodType="CURR">22.33330</Value>
		</Ratio>
		<Ratio FieldName="ProjLTGrowthRate" Type="N">
			<Value PeriodType="CURR">-99999.99000</Value>
		</Ratio>
		<Ratio FieldName="ProjPE" Type="N">
			<Value PeriodType="CURR">-6.00015</Value>
		</Ratio>
		<Ratio FieldName="ProjSales" Type="N">
			<Value PeriodType="CURR">21.11000</Value>
		</Ratio>
		<Ratio FieldName="ProjSalesQ" Type="N">
			<Value PeriodType="CURR">0.00000</Value>
		</Ratio>
		<Ratio FieldName="ProjEPS" Type="N">
			<Value PeriodType="CURR">-1.31330</Value>
		</Ratio>
		<Ratio FieldName="ProjEPSQ" Type="N">
			<Value PeriodType="CURR">-0.25000</Value>
		</Ratio>
		<Ratio FieldName="ProjProfit" Type="N">
			<Value PeriodType="CURR">-33.43000</Value>
		</Ratio>
		<Ratio FieldName="ProjDPS" Type="N">
			<Value PeriodType="CURR">-99999.99000</Value>
		</Ratio>
	</ForecastData>
</ReportSnapshot>
