<?xml version="1.0" encoding="UTF-8"?>
<ReportSnapshot Major="1" Minor="0" Revision="1">
	<CoIDs>
		<CoID Type="RepNo">D5BBD</CoID>
		<CoID Type="CompanyName">Brightcove Inc</CoID>
		<CoID Type="IRSNo">201579162</CoID>
		<CoID Type="CIKNo">0001313275</CoID>
		<CoID Type="OrganizationPermID">4297235748</CoID>
	</CoIDs>
	<Issues>
		<Issue ID="1" Type="C" Desc="Common Stock" Order="1">
			<IssueID Type="Name">Ordinary Shares</IssueID>
			<IssueID Type="Ticker">BCOV</IssueID>
			<IssueID Type="RIC">BCOV.O</IssueID>
			<IssueID Type="DisplayRIC">BCOV.OQ</IssueID>
			<IssueID Type="InstrumentPI">76776523</IssueID>
			<IssueID Type="QuotePI">92425577</IssueID>
			<IssueID Type="InstrumentPermID">21475130560</IssueID>
			<IssueID Type="QuotePermID">21475892726</IssueID>
			<Exchange Code="NASD" Country="USA">NASDAQ</Exchange>
			<GlobalListingType>OSR</GlobalListingType>
		</Issue>
	</Issues>
	<CoGeneralInfo>
		<CoStatus Code="1">Active</CoStatus>
		<CoType Code="EQU">Equity Issue</CoType>
		<LastModified>2020-10-26</LastModified>
		<LatestAvailableAnnual>2019-12-31</LatestAvailableAnnual>
		<LatestAvailableInterim>2020-09-30</LatestAvailableInterim>
		<Employees LastUpdated="2020-09-30">616</Employees>
		<SharesOut Date="2020-10-19" TotalFloat="39054378.0">39805642.0</SharesOut>
		<ReportingCurrency Code="USD">U.S. Dollars</ReportingCurrency>
		<MostRecentExchange Date="2021-02-03">1.0</MostRecentExchange>
	</CoGeneralInfo>
	<TextInfo>
		<Text Type="Business Summary" lastModified="2017-03-06T22:04:17">Brightcove Inc. is a global provider of cloud-based services for video. The Company's products and services include Brightcove Video Cloud (Video Cloud), Brightcove Zencoder (Zencoder), Brightcove Once (Once), Brightcove Perform (Perform), Brightcove Video Marketing Suite (Video Marketing Suite), Brightcove Lift (Lift), Brightcove OTT Flow (OTT Flow) and Brightcove Enterprise Video Suite (Enterprise Video Suite), among others. Video Cloud is an online video platform. Video Cloud enables its customers to publish and distribute video to Internet-connected devices. Zencoder is a cloud-based video encoding service. Once is a cloud-based advertisement insertion and video stitching service. Perform is a cloud-based service for creating and managing video player experiences. Video Marketing Suite is a suite of video technologies designed to address the needs of marketers to drive awareness, engagement and conversion.</Text>
		<Text Type="Financial Summary" lastModified="2020-10-26T13:54:14">BRIEF: For the nine months ended 30 September 2020,Brightcove Inc revenues increased 5% to $143.7M. Net lossdecreased 48% to $7.8M. Revenues reflect premium segmentincrease of 5% to $140.9M, United States segment increaseof 7% to $72.5M, Europe segment increase of 11% to $25.3M.Lower net loss reflects Sales and marketing - decrease of9% to $39.9M (expense), Merger-related decrease of 29% to$5.8M (expense).</Text>
	</TextInfo>
	<contactInfo lastUpdated="2020-12-11T12:12:11">
		<streetAddress line="1">290 Congress St</streetAddress>
		<streetAddress line="2"></streetAddress>
		<streetAddress line="3"></streetAddress>
		<city>BOSTON</city>
		<state-region>MA</state-region>
		<postalCode>02210-1033</postalCode>
		<country code="USA">United States</country>
		<contactName>Brian Denyeau</contactName>
		<contactTitle>IR Contact Officer</contactTitle>
		<phone>
			<phone type="mainphone">
				<countryPhoneCode>1</countryPhoneCode>
				<city-areacode>888</city-areacode>
				<number>8821880</number>
			</phone>
			<phone type="mainfax">
				<countryPhoneCode>1</countryPhoneCode>
				<city-areacode>617</city-areacode>
				<number>2614830</number>
			</phone>
			<phone type="contactphone">
				<countryPhoneCode>1</countryPhoneCode>
				<city-areacode>617</city-areacode>
				<number>5004947</number>
			</phone>
		</phone>
	</contactInfo>
	<webLinks lastUpdated="2018-01-18T08:30:02"><webSite mainCategory="Home Page">https://www.brightcove.com/</webSite><eMail mainCategory="Company Contact/E-mail">InvestorRelations@brightcove.com</eMail></webLinks>
	<peerInfo lastUpdated="2020-12-11T12:12:11">
		<IndustryInfo>
			<Industry type="TRBC" order="1" reported="0" code="5720103010" mnem="">Online Services (NEC)</Industry>
			<Industry type="NAICS" order="1" reported="0" code="519130" mnem="">Internet Publishing and Broadcasting and Web Search Portals</Industry>
			<Industry type="NAICS" order="2" reported="0" code="541511" mnem="">Custom Computer Programming Services</Industry>
			<Industry type="NAICS" order="3" reported="0" code="518210" mnem="">Data Processing, Hosting, and Related Services</Industry>
			<Industry type="SIC" order="0" reported="1" code="7374" mnem="">Data Processing And Preparation</Industry>
			<Industry type="SIC" order="1" reported="0" code="7375" mnem="">Information Retrieval Services</Industry>
			<Industry type="SIC" order="2" reported="0" code="7371" mnem="">Computer Programming Services</Industry>
			<Industry type="SIC" order="3" reported="0" code="7374" mnem="">Data Processing And Preparation</Industry>
		</IndustryInfo>
	</peerInfo>
	<officers>
		<officer rank="1" since="04/28/2016">
			<firstName>Gary</firstName>
			<mI>E.</mI>
			<lastName>Haroian</lastName>
			<age>69 </age>
			<title startYear="2016" startMonth="04" startDay="28" iD1="CHM" abbr1="Chmn." iD2="IND" abbr2="Ind. Dir.">Independent Chairman of the Board</title>
		</officer>
		<officer rank="2" since="04/11/2018">
			<firstName>Hugh</firstName>
			<mI>Jefferson</mI>
			<lastName>Ray</lastName>
			<age>64 </age>
			<title startYear="2018" startMonth="04" startDay="11" iD1="CEO" abbr1="CEO" iD2="DRC" abbr2="Dir.">Chief Executive Officer, Director</title>
		</officer>
		<officer rank="3" since="05/03/2018">
			<firstName>Robert</firstName>
			<mI></mI>
			<lastName>Noreck</lastName>
			<age>44 </age>
			<title startYear="2018" startMonth="05" startDay="03" iD1="CFO" abbr1="CFO" iD2="EVP" abbr2="Exec. VP">Executive Vice President, Chief Financial Officer</title>
		</officer>
		<officer rank="4" since="12/10/2020">
			<firstName>Jennifer</firstName>
			<mI></mI>
			<lastName>Smith</lastName>
			<age></age>
			<title startYear="2020" startMonth="12" startDay="10" iD1="CMO" abbr1="CMO" iD2="" abbr2="">Chief Marketing Officer</title>
		</officer>
		<officer rank="5" since="02/03/2020">
			<firstName>Amee</firstName>
			<mI></mI>
			<lastName>Desjourdy</lastName>
			<age></age>
			<title startYear="2020" startMonth="02" startDay="03" iD1="OTH" abbr1="Other" iD2="" abbr2="">Chief People Officer</title>
		</officer>
		<officer rank="6" since="07/22/2020">
			<firstName>Namita</firstName>
			<mI></mI>
			<lastName>Dhallan</lastName>
			<age></age>
			<title startYear="2020" startMonth="07" startDay="22" iD1="OTH" abbr1="Other" iD2="" abbr2="">Chief Product Officer</title>
		</officer>
		<officer rank="7" since="07/13/2015">
			<firstName>David</firstName>
			<mI></mI>
			<lastName>Plotkin</lastName>
			<age>52 </age>
			<title startYear="2017" startMonth="07" startDay="" iD1="OTH" abbr1="Other" iD2="" abbr2="">Chief Legal Officer</title>
		</officer>
	</officers>
	<Ratios PriceCurrency="USD" ReportingCurrency="USD" ExchangeRate="1.00000" LatestAvailableDate="2020-09-30">
		<Group ID="Price and Volume">
			<Ratio FieldName="NPRICE" Type="N">17.73000</Ratio>
			<Ratio FieldName="NHIG" Type="N">19.46000</Ratio>
			<Ratio FieldName="NLOW" Type="N">5.44000</Ratio>
			<Ratio FieldName="PDATE" Type="D">2021-02-04T00:00:00</Ratio>
			<Ratio FieldName="VOL10DAVG" Type="N">0.26774</Ratio>
			<Ratio FieldName="EV" Type="N">680.42200</Ratio>
		</Group>
		<Group ID="Income Statement">
			<Ratio FieldName="MKTCAP" Type="N">705.75400</Ratio>
			<Ratio FieldName="TTMREV" Type="N">191.26600</Ratio>
			<Ratio FieldName="TTMEBITD" Type="N">5.72100</Ratio>
			<Ratio FieldName="TTMNIAC" Type="N">-14.54600</Ratio>
		</Group>
		<Group ID="Per share data">
			<Ratio FieldName="TTMEPSXCLX" Type="N">-0.37465</Ratio>
			<Ratio FieldName="TTMREVPS" Type="N">4.84787</Ratio>
			<Ratio FieldName="QBVPS" Type="N">1.86173</Ratio>
			<Ratio FieldName="QCSHPS" Type="N">0.76218</Ratio>
			<Ratio FieldName="TTMCFSHR" Type="N">-0.14643</Ratio>
			<Ratio FieldName="TTMDIVSHR" Type="N">0.00000</Ratio>
		</Group>
		<Group ID="Other Ratios">
			<Ratio FieldName="TTMGROSMGN" Type="N">60.58474</Ratio>
			<Ratio FieldName="TTMROEPCT" Type="N">-19.44496</Ratio>
			<Ratio FieldName="TTMPR2REV" Type="N">3.68991</Ratio>
			<Ratio FieldName="PEEXCLXOR" Type="N">-99999.99000</Ratio>
			<Ratio FieldName="PRICE2BK" Type="N">9.52338</Ratio>
			<Ratio FieldName="Employees" Type="N">616</Ratio>
		</Group>
	</Ratios>
	<ForecastData ConsensusType="Mean" CurFiscalYear="2020" CurFiscalYearEndMonth="12" CurInterimEndCalYear="2020" CurInterimEndMonth="12" EarningsBasis="PRX">
		<Ratio FieldName="ConsRecom" Type="N">
			<Value PeriodType="CURR">1.75</Value>
		</Ratio>
		<Ratio FieldName="TargetPrice" Type="N">
			<Value PeriodType="CURR">13.33330</Value>
		</Ratio>
		<Ratio FieldName="ProjLTGrowthRate" Type="N">
			<Value PeriodType="CURR">-99999.99000</Value>
		</Ratio>
		<Ratio FieldName="ProjPE" Type="N">
			<Value PeriodType="CURR">63.32143</Value>
		</Ratio>
		<Ratio FieldName="ProjSales" Type="N">
			<Value PeriodType="CURR">193.45730</Value>
		</Ratio>
		<Ratio FieldName="ProjSalesQ" Type="N">
			<Value PeriodType="CURR">49.78580</Value>
		</Ratio>
		<Ratio FieldName="ProjEPS" Type="N">
			<Value PeriodType="CURR">0.28000</Value>
		</Ratio>
		<Ratio FieldName="ProjEPSQ" Type="N">
			<Value PeriodType="CURR">0.06000</Value>
		</Ratio>
		<Ratio FieldName="ProjProfit" Type="N">
			<Value PeriodType="CURR">13.26400</Value>
		</Ratio>
		<Ratio FieldName="ProjDPS" Type="N">
			<Value PeriodType="CURR">-99999.99000</Value>
		</Ratio>
	</ForecastData>
</ReportSnapshot>
