<?xml version="1.0" encoding="UTF-8"?>
<ReportSnapshot Major="1" Minor="0" Revision="1">
	<CoIDs>
		<CoID Type="RepNo">05AAE</CoID>
		<CoID Type="CompanyName">Bicycle Therapeutics PLC (ADR)</CoID>
		<CoID Type="CIKNo">0001761612</CoID>
		<CoID Type="OrganizationPermID">5068933601</CoID>
	</CoIDs>
	<Issues>
		<Issue ID="1" Type="C" Desc="Common Stock" Order="1">
			<IssueID Type="Name">ADR</IssueID>
			<IssueID Type="Ticker">BCYC</IssueID>
			<IssueID Type="RIC">BCYC.O</IssueID>
			<IssueID Type="DisplayRIC">BCYC.OQ</IssueID>
			<IssueID Type="InstrumentPI">365408315</IssueID>
			<IssueID Type="QuotePI">365880996</IssueID>
			<IssueID Type="InstrumentPermID">21694927776</IssueID>
			<IssueID Type="QuotePermID">25727372610</IssueID>
			<Exchange Code="NASD" Country="USA">NASDAQ</Exchange>
			<GlobalListingType SharesPerListing="1.0">ADR</GlobalListingType>
		</Issue>
		<Issue ID="2" Type="C" Desc="Common Stock" Order="2">
			<IssueID Type="Name">Ordinary Shares</IssueID>
			<IssueID Type="InstrumentPI">365408314</IssueID>
			<IssueID Type="InstrumentPermID">21694625238</IssueID>
			<Exchange Code="NA" Country="">Not Available</Exchange>
		</Issue>
	</Issues>
	<CoGeneralInfo>
		<CoStatus Code="1">Active</CoStatus>
		<CoType Code="EQU">Equity Issue</CoType>
		<LastModified>2020-11-11</LastModified>
		<LatestAvailableAnnual>2019-12-31</LatestAvailableAnnual>
		<LatestAvailableInterim>2020-09-30</LatestAvailableInterim>
		<Employees LastUpdated="2019-12-31">72</Employees>
		<SharesOut Date="2020-11-03" TotalFloat="4333333.0">21304801.0</SharesOut>
		<ReportingCurrency Code="USD">U.S. Dollars</ReportingCurrency>
		<MostRecentExchange Date="2021-02-03">1.0</MostRecentExchange>
	</CoGeneralInfo>
	<TextInfo>
		<Text Type="Business Summary" lastModified="2019-05-26T23:48:27">Bicycle Therapeutics PLC, formerly Bicycle Therapeutics Limited, is a clinical-stage biopharmaceutical company. The Company is focused on developing a class of medicines for diseases. The Companys lead product candidate, BT1718, is a Bicycle Toxin Conjugate (BTC) for oncology indications. BT1718 targets tumors that express Membrane Type 1 matrix metalloprotease (MT1-MMP). The Company is also developing BT5528 and BT8009, which are BTCs targeting Ephrin type-A receptor 2 (EphA2), and Nectin-4, for oncology indications. The Company is also developing cytotoxic T-cell activators, designed to trigger an immune response to tumors.</Text>
		<Text Type="Financial Summary" lastModified="2020-11-11T12:34:54">BRIEF: For the nine months ended 30 September 2020, BicycleTherapeutics PLC (ADR) revenues decreased 23% to $6.5M. Netloss increased 28% to $33.6M. Revenues reflect a decreasein demand for the Company's products and services due tounfavorable market conditions. Higher net loss reflectsGeneral and administrative - Balancing increase of 53% to$15.3M (expense), Research and development - Balancing vaincrease of 17% to $21.2M (expense).</Text>
	</TextInfo>
	<contactInfo lastUpdated="2021-01-14T07:28:00">
		<streetAddress line="1">Babraham Hall</streetAddress>
		<streetAddress line="2"></streetAddress>
		<streetAddress line="3"></streetAddress>
		<city>CAMBRIDGE</city>
		<state-region></state-region>
		<postalCode>CB22 3AT</postalCode>
		<country code="GBR">United Kingdom</country>
		<contactName></contactName>
		<contactTitle></contactTitle>
		<phone>
			<phone type="mainphone">
				<countryPhoneCode>44</countryPhoneCode>
				<city-areacode>1223</city-areacode>
				<number>261503</number>
			</phone>
		</phone>
	</contactInfo>
	<webLinks lastUpdated="2019-05-24T14:30:03"><webSite mainCategory="Home Page">https://www.bicycletherapeutics.com/</webSite><eMail mainCategory="Company Contact/E-mail">
		</eMail></webLinks>
	<peerInfo lastUpdated="2021-01-14T07:28:00">
		<IndustryInfo>
			<Industry type="TRBC" order="1" reported="0" code="5620201010" mnem="">Biotechnology &amp; Medical Research - NEC</Industry>
			<Industry type="NAICS" order="1" reported="0" code="541711" mnem="">Research and Development in Biotechnology</Industry>
			<Industry type="NAICS" order="2" reported="0" code="325412" mnem="">Pharmaceutical Preparation Mfg</Industry>
			<Industry type="SIC" order="1" reported="0" code="8731" mnem="">Commercial Physical Research</Industry>
			<Industry type="SIC" order="2" reported="0" code="2834" mnem="">Pharmaceutical Preparations</Industry>
		</IndustryInfo>
	</peerInfo>
	<officers></officers>
	<Ratios PriceCurrency="USD" ReportingCurrency="USD" ExchangeRate="1.00000" LatestAvailableDate="2020-09-30">
		<Group ID="Price and Volume">
			<Ratio FieldName="NPRICE" Type="N">29.89000</Ratio>
			<Ratio FieldName="NHIG" Type="N">33.00000</Ratio>
			<Ratio FieldName="NLOW" Type="N">10.26000</Ratio>
			<Ratio FieldName="PDATE" Type="D">2021-02-04T00:00:00</Ratio>
			<Ratio FieldName="VOL10DAVG" Type="N">0.11705</Ratio>
			<Ratio FieldName="EV" Type="N">501.38550</Ratio>
		</Group>
		<Group ID="Income Statement">
			<Ratio FieldName="MKTCAP" Type="N">636.80050</Ratio>
			<Ratio FieldName="TTMREV" Type="N">11.82300</Ratio>
			<Ratio FieldName="TTMEBITD" Type="N">-38.44700</Ratio>
			<Ratio FieldName="TTMNIAC" Type="N">-37.98300</Ratio>
		</Group>
		<Group ID="Per share data">
			<Ratio FieldName="TTMEPSXCLX" Type="N">-2.06630</Ratio>
			<Ratio FieldName="TTMREVPS" Type="N">0.64361</Ratio>
			<Ratio FieldName="QBVPS" Type="N">5.23270</Ratio>
			<Ratio FieldName="QCSHPS" Type="N">7.15720</Ratio>
			<Ratio FieldName="TTMCFSHR" Type="N">-2.00138</Ratio>
			<Ratio FieldName="TTMDIVSHR" Type="N">0.00000</Ratio>
		</Group>
		<Group ID="Other Ratios">
			<Ratio FieldName="TTMGROSMGN" Type="N">-99999.99000</Ratio>
			<Ratio FieldName="TTMROEPCT" Type="N">-37.07901</Ratio>
			<Ratio FieldName="TTMPR2REV" Type="N">53.86116</Ratio>
			<Ratio FieldName="PEEXCLXOR" Type="N">-99999.99000</Ratio>
			<Ratio FieldName="PRICE2BK" Type="N">5.71216</Ratio>
			<Ratio FieldName="Employees" Type="N">72</Ratio>
		</Group>
	</Ratios>
	<ForecastData ConsensusType="Mean" CurFiscalYear="2020" CurFiscalYearEndMonth="12" CurInterimEndCalYear="2020" CurInterimEndMonth="12" EarningsBasis="PRX">
		<Ratio FieldName="ConsRecom" Type="N">
			<Value PeriodType="CURR">1.625</Value>
		</Ratio>
		<Ratio FieldName="TargetPrice" Type="N">
			<Value PeriodType="CURR">23.85710</Value>
		</Ratio>
		<Ratio FieldName="ProjLTGrowthRate" Type="N">
			<Value PeriodType="CURR">-99999.99000</Value>
		</Ratio>
		<Ratio FieldName="ProjPE" Type="N">
			<Value PeriodType="CURR">-13.13846</Value>
		</Ratio>
		<Ratio FieldName="ProjSales" Type="N">
			<Value PeriodType="CURR">11.05600</Value>
		</Ratio>
		<Ratio FieldName="ProjSalesQ" Type="N">
			<Value PeriodType="CURR">4.49710</Value>
		</Ratio>
		<Ratio FieldName="ProjEPS" Type="N">
			<Value PeriodType="CURR">-2.27500</Value>
		</Ratio>
		<Ratio FieldName="ProjEPSQ" Type="N">
			<Value PeriodType="CURR">-0.47250</Value>
		</Ratio>
		<Ratio FieldName="ProjProfit" Type="N">
			<Value PeriodType="CURR">-43.79090</Value>
		</Ratio>
		<Ratio FieldName="ProjDPS" Type="N">
			<Value PeriodType="CURR">-99999.99000</Value>
		</Ratio>
	</ForecastData>
</ReportSnapshot>
