<?xml version="1.0" encoding="UTF-8"?>
<ReportSnapshot Major="1" Minor="0" Revision="1">
	<CoIDs>
		<CoID Type="RepNo">0446B</CoID>
		<CoID Type="CompanyName">Biodesix Inc</CoID>
		<CoID Type="IRSNo">203986492</CoID>
		<CoID Type="CIKNo">0001439725</CoID>
		<CoID Type="OrganizationPermID">4298038306</CoID>
	</CoIDs>
	<Issues>
		<Issue ID="1" Type="C" Desc="Common Stock" Order="1">
			<IssueID Type="Name">Ordinary Shares</IssueID>
			<IssueID Type="Ticker">BDSX</IssueID>
			<IssueID Type="RIC">BDSX.O</IssueID>
			<IssueID Type="DisplayRIC">BDSX.OQ</IssueID>
			<IssueID Type="InstrumentPI">465407906</IssueID>
			<IssueID Type="QuotePI">465408281</IssueID>
			<IssueID Type="InstrumentPermID">25727311788</IssueID>
			<IssueID Type="QuotePermID">25727311784</IssueID>
			<Exchange Code="NASD" Country="USA">NASDAQ</Exchange>
			<GlobalListingType>OSR</GlobalListingType>
		</Issue>
	</Issues>
	<CoGeneralInfo>
		<CoStatus Code="1">Active</CoStatus>
		<CoType Code="IPO">Pre-IPO</CoType>
		<LastModified>2021-01-20</LastModified>
		<LatestAvailableAnnual>2019-12-31</LatestAvailableAnnual>
		<LatestAvailableInterim>2020-09-30</LatestAvailableInterim>
		<Employees LastUpdated="2020-09-30">186</Employees>
		<SharesOut Date="2020-12-08" TotalFloat="17953925.0">26541317.0</SharesOut>
		<ReportingCurrency Code="USD">U.S. Dollars</ReportingCurrency>
		<MostRecentExchange Date="2021-02-03">1.0</MostRecentExchange>
	</CoGeneralInfo>
	<TextInfo>
		<Text Type="Business Summary" lastModified="2018-07-26T15:22:49">Biodesix, Inc. is a United States-based company engaged in developing and commercializing blood-based diagnostic tests for oncology. The Companys product Biodesix Lung Reflex integrates genomic and proteomic blood-based results to reveal both sides of lung cancer. Its GeneStrat test offers blood-based mutation results within 72 hours for patients with non-small cell lung cancer (NSCLC). Its VeriStrat testing provides blood-based predictive and prognostic proteomic information with (NSCLC) who test negative for estimated glomerular filtration rate (EGFR) mutations (EGFR wild-type) or whose EGFR mutation status is unknown.</Text>
		<Text Type="Financial Summary" lastModified="2021-01-20T05:23:26">BRIEF: For the nine months ended 30 September 2020,Biodesix Inc revenues totaled $18.5M. Net loss totaled to$26.8M.</Text>
	</TextInfo>
	<contactInfo lastUpdated="2021-01-20T05:23:26">
		<streetAddress line="1">2970 Wilderness Place, Suite 100</streetAddress>
		<streetAddress line="2"></streetAddress>
		<streetAddress line="3"></streetAddress>
		<city>BOULDER</city>
		<state-region>CO</state-region>
		<postalCode>80301</postalCode>
		<country code="USA">United States</country>
		<contactName></contactName>
		<contactTitle></contactTitle>
		<phone>
			<phone type="mainphone">
				<countryPhoneCode>1</countryPhoneCode>
				<city-areacode>303</city-areacode>
				<number>4170500</number>
			</phone>
			<phone type="mainfax">
				<countryPhoneCode>1</countryPhoneCode>
				<city-areacode>303</city-areacode>
				<number>4179700</number>
			</phone>
		</phone>
	</contactInfo>
	<webLinks lastUpdated="2020-10-28T01:15:01"><webSite mainCategory="Home Page">https://www.biodesix.com/</webSite><eMail mainCategory="Company Contact/E-mail">info@biodesix.com</eMail></webLinks>
	<peerInfo lastUpdated="2021-01-20T05:23:26">
		<IndustryInfo>
			<Industry type="TRBC" order="1" reported="0" code="5610201015" mnem="">Medical &amp; Diagnostic Laboratories</Industry>
			<Industry type="NAICS" order="1" reported="0" code="621511" mnem="">Medical Laboratories</Industry>
			<Industry type="NAICS" order="2" reported="0" code="541712" mnem="">Research and Development in the Physical, Engineering, and Life Sciences (except Biotechnology)</Industry>
			<Industry type="SIC" order="1" reported="0" code="8071" mnem="">Medical Laboratories</Industry>
			<Industry type="SIC" order="2" reported="0" code="8731" mnem="">Commercial Physical Research</Industry>
		</IndustryInfo>
	</peerInfo>
	<officers>
		<officer rank="1" since="NA">
			<firstName>Robert</firstName>
			<mI>E.</mI>
			<lastName>Cawthorn</lastName>
			<age>83 </age>
			<title startYear="NA" startMonth="" startDay="" iD1="CHM" abbr1="Chmn." iD2="DRC" abbr2="Dir.">Chairman of the Board</title>
		</officer>
		<officer rank="2" since="NA">
			<firstName>David</firstName>
			<mI>W.</mI>
			<lastName>Brunel</lastName>
			<age>54 </age>
			<title startYear="NA" startMonth="" startDay="" iD1="CEO" abbr1="CEO" iD2="DRC" abbr2="Dir.">Chief Executive Officer, Director</title>
		</officer>
		<officer rank="3" since="NA">
			<firstName>Heinrich</firstName>
			<mI></mI>
			<lastName>Roder</lastName>
			<age></age>
			<title startYear="NA" startMonth="" startDay="" iD1="FDR" abbr1="Fndr." iD2="CTO" abbr2="CTO">Founder, Chief Technology Officer</title>
		</officer>
		<officer rank="4" since="NA">
			<firstName>Robin</firstName>
			<mI>Harper</mI>
			<lastName>Cowie</lastName>
			<age></age>
			<title startYear="2017" startMonth="" startDay="" iD1="CFO" abbr1="CFO" iD2="PRC" abbr2="Prim. Cont.">Chief Financial Officer</title>
		</officer>
		<officer rank="5" since="12/31/2020">
			<firstName>Ryan</firstName>
			<mI>H.</mI>
			<lastName>Siurek</lastName>
			<age>49 </age>
			<title startYear="2020" startMonth="12" startDay="31" iD1="CAO" abbr1="CAO" iD2="" abbr2="">Chief Accounting Officer</title>
		</officer>
		<officer rank="6" since="NA">
			<firstName>Paul</firstName>
			<mI></mI>
			<lastName>Beresford</lastName>
			<age></age>
			<title startYear="NA" startMonth="" startDay="" iD1="OTH" abbr1="Other" iD2="" abbr2="">Chief Business Officer</title>
		</officer>
	</officers>
	<Ratios PriceCurrency="USD" ReportingCurrency="USD" ExchangeRate="1.00000" LatestAvailableDate="2020-09-30">
		<Group ID="Price and Volume">
			<Ratio FieldName="NPRICE" Type="N">23.35000</Ratio>
			<Ratio FieldName="NHIG" Type="N">31.99000</Ratio>
			<Ratio FieldName="NLOW" Type="N">10.85000</Ratio>
			<Ratio FieldName="PDATE" Type="D">2021-02-04T00:00:00</Ratio>
			<Ratio FieldName="VOL10DAVG" Type="N">0.10886</Ratio>
			<Ratio FieldName="EV" Type="N">860.88770</Ratio>
		</Group>
		<Group ID="Income Statement">
			<Ratio FieldName="MKTCAP" Type="N">619.73970</Ratio>
			<Ratio FieldName="TTMREV" Type="N">-99999.99000</Ratio>
			<Ratio FieldName="TTMEBITD" Type="N">-99999.99000</Ratio>
			<Ratio FieldName="TTMNIAC" Type="N">-99999.99000</Ratio>
		</Group>
		<Group ID="Per share data">
			<Ratio FieldName="TTMEPSXCLX" Type="N">-99999.99000</Ratio>
			<Ratio FieldName="TTMREVPS" Type="N">-99999.99000</Ratio>
			<Ratio FieldName="QBVPS" Type="N">-211.45040</Ratio>
			<Ratio FieldName="QCSHPS" Type="N">21.92670</Ratio>
			<Ratio FieldName="TTMCFSHR" Type="N">-99999.99000</Ratio>
			<Ratio FieldName="TTMDIVSHR" Type="N">-99999.99000</Ratio>
		</Group>
		<Group ID="Other Ratios">
			<Ratio FieldName="TTMGROSMGN" Type="N">-99999.99000</Ratio>
			<Ratio FieldName="TTMROEPCT" Type="N">-99999.99000</Ratio>
			<Ratio FieldName="TTMPR2REV" Type="N">-99999.99000</Ratio>
			<Ratio FieldName="PEEXCLXOR" Type="N">-99999.99000</Ratio>
			<Ratio FieldName="PRICE2BK" Type="N">-99999.99000</Ratio>
			<Ratio FieldName="Employees" Type="N">186</Ratio>
		</Group>
	</Ratios>
	<ForecastData ConsensusType="" CurFiscalYear="" CurFiscalYearEndMonth="" CurInterimEndCalYear="" CurInterimEndMonth="" EarningsBasis="">
		<Ratio FieldName="ConsRecom" Type="N">
			<Value PeriodType="CURR">-99999.99000</Value>
		</Ratio>
		<Ratio FieldName="TargetPrice" Type="N">
			<Value PeriodType="CURR">-99999.99000</Value>
		</Ratio>
		<Ratio FieldName="ProjLTGrowthRate" Type="N">
			<Value PeriodType="CURR">-99999.99000</Value>
		</Ratio>
		<Ratio FieldName="ProjPE" Type="N">
			<Value PeriodType="CURR">-99999.99000</Value>
		</Ratio>
		<Ratio FieldName="ProjSales" Type="N">
			<Value PeriodType="CURR">-99999.99000</Value>
		</Ratio>
		<Ratio FieldName="ProjSalesQ" Type="N">
			<Value PeriodType="CURR">-99999.99000</Value>
		</Ratio>
		<Ratio FieldName="ProjEPS" Type="N">
			<Value PeriodType="CURR">-99999.99000</Value>
		</Ratio>
		<Ratio FieldName="ProjEPSQ" Type="N">
			<Value PeriodType="CURR">-99999.99000</Value>
		</Ratio>
		<Ratio FieldName="ProjProfit" Type="N">
			<Value PeriodType="CURR">-99999.99000</Value>
		</Ratio>
		<Ratio FieldName="ProjDPS" Type="N">
			<Value PeriodType="CURR">-99999.99000</Value>
		</Ratio>
	</ForecastData>
</ReportSnapshot>
