<?xml version="1.0" encoding="UTF-8"?>
<ReportSnapshot Major="1" Minor="0" Revision="1">
	<CoIDs>
		<CoID Type="RepNo">04474</CoID>
		<CoID Type="CompanyName">Black Diamond Therapeutics Inc</CoID>
		<CoID Type="CIKNo">0001701541</CoID>
		<CoID Type="OrganizationPermID">5044168456</CoID>
	</CoIDs>
	<Issues>
		<Issue ID="1" Type="C" Desc="Common Stock" Order="1">
			<IssueID Type="Name">Ordinary Shares</IssueID>
			<IssueID Type="Ticker">BDTX</IssueID>
			<IssueID Type="RIC">BDTX.O</IssueID>
			<IssueID Type="DisplayRIC">BDTX.OQ</IssueID>
			<IssueID Type="InstrumentPI">408512907</IssueID>
			<IssueID Type="QuotePI">409284158</IssueID>
			<IssueID Type="InstrumentPermID">21729092524</IssueID>
			<IssueID Type="QuotePermID">25727356171</IssueID>
			<Exchange Code="NASD" Country="USA">NASDAQ</Exchange>
			<GlobalListingType>OSR</GlobalListingType>
		</Issue>
	</Issues>
	<CoGeneralInfo>
		<CoStatus Code="1">Active</CoStatus>
		<CoType Code="EQU">Equity Issue</CoType>
		<LastModified>2020-12-29</LastModified>
		<LatestAvailableAnnual>2019-12-31</LatestAvailableAnnual>
		<LatestAvailableInterim>2020-09-30</LatestAvailableInterim>
		<Employees LastUpdated="2019-12-31">32</Employees>
		<SharesOut Date="2020-11-02" TotalFloat="34844425.0">35995660.0</SharesOut>
		<ReportingCurrency Code="USD">U.S. Dollars</ReportingCurrency>
		<MostRecentExchange Date="2021-02-03">1.0</MostRecentExchange>
	</CoGeneralInfo>
	<TextInfo>
		<Text Type="Business Summary" lastModified="2020-10-14T02:24:01">Black Diamond Therapeutics, Inc. is a precision oncology medicine company. The Companys technology platform, Mutation-Allostery-Pharmacology (MAP) platform is designed to allow it to analyze population-level genetic sequencing data to identify oncogenic mutations that promote cancer across tumor types, group these mutations into families and develop a single small molecule therapy in a tumor-agnostic manner that targets a specific family of mutations. The Company has designed its lead product candidate, BDTX-189, to block the function of an undrugged family of oncogenic proteins defined by mutations which occur across a range of tumor types, and which affect both the epidermal growth factor receptor (EGFR) and the tyrosine-protein kinase ErbB-2, or HER2.</Text>
		<Text Type="Financial Summary" lastModified="2020-11-11T11:50:19">BRIEF: For the nine months ended 30 September 2020, BlackDiamond Therapeutics Inc revenues was not reported. Netloss increased 76% to $44.6M. Higher net loss reflectsResearch and development (inclusive of $ increase from$13.3M to $27.4M (expense), General and administrative(inclusive o increase from $4.5M to $13.7M (expense),Stock-based Compensation in R&amp; increase from $149K to $2.3M(expense).</Text>
	</TextInfo>
	<contactInfo lastUpdated="2021-01-21T04:12:27">
		<streetAddress line="1">ONE MAIN STREET, 10TH FLOOR</streetAddress>
		<streetAddress line="2"></streetAddress>
		<streetAddress line="3"></streetAddress>
		<city>CAMBRIDGE</city>
		<state-region>MA</state-region>
		<postalCode>02142</postalCode>
		<country code="USA">United States</country>
		<contactName></contactName>
		<contactTitle></contactTitle>
		<phone>
			<phone type="mainphone">
				<countryPhoneCode>1</countryPhoneCode>
				<city-areacode>617</city-areacode>
				<number>4175868</number>
			</phone>
		</phone>
	</contactInfo>
	<webLinks lastUpdated="2020-01-29T01:30:02"><webSite mainCategory="Home Page">https://www.blackdiamondtherapeutics.com/</webSite><eMail mainCategory="Company Contact/E-mail">
		</eMail></webLinks>
	<peerInfo lastUpdated="2021-01-21T04:12:27">
		<IndustryInfo>
			<Industry type="TRBC" order="1" reported="0" code="5620201011" mnem="">Bio Therapeutic Drugs</Industry>
			<Industry type="NAICS" order="1" reported="0" code="541711" mnem="">Research and Development in Biotechnology</Industry>
			<Industry type="SIC" order="1" reported="0" code="8731" mnem="">Commercial Physical Research</Industry>
		</IndustryInfo>
	</peerInfo>
	<officers>
		<officer rank="1" since="09/25/2020">
			<firstName>Robert</firstName>
			<mI>A.</mI>
			<lastName>Ingram</lastName>
			<age>77 </age>
			<title startYear="2020" startMonth="09" startDay="25" iD1="CHM" abbr1="Chmn." iD2="IND" abbr2="Ind. Dir.">Independent Chairman of the Board</title>
		</officer>
		<officer rank="2" since="09/2016">
			<firstName>David</firstName>
			<mI>M.</mI>
			<lastName>Epstein</lastName>
			<age>61 </age>
			<title startYear="2016" startMonth="09" startDay="" iD1="PRE" abbr1="Pres." iD2="CEO" abbr2="CEO">President, Chief Executive Officer, Director</title>
		</officer>
		<officer rank="3" since="09/2019">
			<firstName>Thomas</firstName>
			<mI></mI>
			<lastName>Leggett</lastName>
			<age>43 </age>
			<title startYear="2019" startMonth="09" startDay="" iD1="CFO" abbr1="CFO" iD2="" abbr2="">Chief Financial Officer</title>
		</officer>
		<officer rank="4" since="05/2019">
			<firstName>Brent</firstName>
			<mI>M.</mI>
			<lastName>Hatzis-Schoch</lastName>
			<age>55 </age>
			<title startYear="2019" startMonth="05" startDay="" iD1="COO" abbr1="COO" iD2="GCN" abbr2="Counsel">Chief Operating Officer, General Counsel</title>
		</officer>
		<officer rank="5" since="03/2017">
			<firstName>Elizabeth</firstName>
			<mI></mI>
			<lastName>Buck</lastName>
			<age>45 </age>
			<title startYear="2017" startMonth="03" startDay="" iD1="EVP" abbr1="Exec. VP" iD2="" abbr2="">Executive Vice President - Discovery and Translational Services</title>
		</officer>
		<officer rank="6" since="05/2019">
			<firstName>Karsten</firstName>
			<mI></mI>
			<lastName>Witt</lastName>
			<age>63 </age>
			<title startYear="2020" startMonth="09" startDay="08" iD1="SVP" abbr1="Sr. VP" iD2="" abbr2="">Senior Vice President - Non-Clinical Development</title>
		</officer>
		<officer rank="7" since="09/2019">
			<firstName>Christopher</firstName>
			<mI>D.</mI>
			<lastName>Roberts</lastName>
			<age>50 </age>
			<title startYear="2019" startMonth="09" startDay="" iD1="CSO" abbr1="CSO" iD2="" abbr2="">Chief Scientific Officer</title>
		</officer>
		<officer rank="8" since="09/08/2020">
			<firstName>Rachel</firstName>
			<mI>W.</mI>
			<lastName>Humphrey</lastName>
			<age>58 </age>
			<title startYear="2020" startMonth="09" startDay="08" iD1="OTH" abbr1="Other" iD2="" abbr2="">Chief Medical Officer</title>
		</officer>
		<officer rank="9" since="NA">
			<firstName>Fang</firstName>
			<mI></mI>
			<lastName>Ni</lastName>
			<age></age>
			<title startYear="2020" startMonth="08" startDay="04" iD1="OTH" abbr1="Other" iD2="" abbr2="">Chief Business Officer</title>
		</officer>
	</officers>
	<Ratios PriceCurrency="USD" ReportingCurrency="USD" ExchangeRate="1.00000" LatestAvailableDate="2020-09-30">
		<Group ID="Price and Volume">
			<Ratio FieldName="NPRICE" Type="N">28.71000</Ratio>
			<Ratio FieldName="NHIG" Type="N">46.25000</Ratio>
			<Ratio FieldName="NLOW" Type="N">17.63000</Ratio>
			<Ratio FieldName="PDATE" Type="D">2021-02-04T00:00:00</Ratio>
			<Ratio FieldName="VOL10DAVG" Type="N">0.73757</Ratio>
			<Ratio FieldName="EV" Type="N">700.36300</Ratio>
		</Group>
		<Group ID="Income Statement">
			<Ratio FieldName="MKTCAP" Type="N">1033.43500</Ratio>
			<Ratio FieldName="TTMREV" Type="N">0.00000</Ratio>
			<Ratio FieldName="TTMEBITD" Type="N">-56.68500</Ratio>
			<Ratio FieldName="TTMNIAC" Type="N">-54.50300</Ratio>
		</Group>
		<Group ID="Per share data">
			<Ratio FieldName="TTMEPSXCLX" Type="N">-1.71936</Ratio>
			<Ratio FieldName="TTMREVPS" Type="N">0.00000</Ratio>
			<Ratio FieldName="QBVPS" Type="N">9.10216</Ratio>
			<Ratio FieldName="QCSHPS" Type="N">9.26140</Ratio>
			<Ratio FieldName="TTMCFSHR" Type="N">-1.69947</Ratio>
			<Ratio FieldName="TTMDIVSHR" Type="N">0.00000</Ratio>
		</Group>
		<Group ID="Other Ratios">
			<Ratio FieldName="TTMGROSMGN" Type="N">-99999.99000</Ratio>
			<Ratio FieldName="TTMROEPCT" Type="N">-37.90814</Ratio>
			<Ratio FieldName="TTMPR2REV" Type="N">-99999.99000</Ratio>
			<Ratio FieldName="PEEXCLXOR" Type="N">-99999.99000</Ratio>
			<Ratio FieldName="PRICE2BK" Type="N">3.15420</Ratio>
			<Ratio FieldName="Employees" Type="N">32</Ratio>
		</Group>
	</Ratios>
	<ForecastData ConsensusType="Mean" CurFiscalYear="2020" CurFiscalYearEndMonth="12" CurInterimEndCalYear="2020" CurInterimEndMonth="12" EarningsBasis="REP">
		<Ratio FieldName="ConsRecom" Type="N">
			<Value PeriodType="CURR">1.4286</Value>
		</Ratio>
		<Ratio FieldName="TargetPrice" Type="N">
			<Value PeriodType="CURR">49.25000</Value>
		</Ratio>
		<Ratio FieldName="ProjLTGrowthRate" Type="N">
			<Value PeriodType="CURR">-99999.99000</Value>
		</Ratio>
		<Ratio FieldName="ProjPE" Type="N">
			<Value PeriodType="CURR">-13.84749</Value>
		</Ratio>
		<Ratio FieldName="ProjSales" Type="N">
			<Value PeriodType="CURR">0.00000</Value>
		</Ratio>
		<Ratio FieldName="ProjSalesQ" Type="N">
			<Value PeriodType="CURR">0.00000</Value>
		</Ratio>
		<Ratio FieldName="ProjEPS" Type="N">
			<Value PeriodType="CURR">-2.07330</Value>
		</Ratio>
		<Ratio FieldName="ProjEPSQ" Type="N">
			<Value PeriodType="CURR">-0.62670</Value>
		</Ratio>
		<Ratio FieldName="ProjProfit" Type="N">
			<Value PeriodType="CURR">-66.67240</Value>
		</Ratio>
		<Ratio FieldName="ProjDPS" Type="N">
			<Value PeriodType="CURR">-99999.99000</Value>
		</Ratio>
	</ForecastData>
</ReportSnapshot>
