<?xml version="1.0" encoding="UTF-8"?>
<ReportSnapshot Major="1" Minor="0" Revision="1">
	<CoIDs>
		<CoID Type="RepNo">AAC47</CoID>
		<CoID Type="CompanyName">BankFinancial Corporation</CoID>
		<CoID Type="IRSNo">753199276</CoID>
		<CoID Type="CIKNo">0001303942</CoID>
		<CoID Type="OrganizationPermID">4295899581</CoID>
	</CoIDs>
	<Issues>
		<Issue ID="1" Type="C" Desc="Common Stock" Order="1">
			<IssueID Type="Name">Ordinary Shares</IssueID>
			<IssueID Type="Ticker">BFIN</IssueID>
			<IssueID Type="RIC">BFIN.O</IssueID>
			<IssueID Type="DisplayRIC">BFIN.OQ</IssueID>
			<IssueID Type="InstrumentPI">18572205</IssueID>
			<IssueID Type="QuotePI">21034173</IssueID>
			<IssueID Type="InstrumentPermID">8589964839</IssueID>
			<IssueID Type="QuotePermID">55835322092</IssueID>
			<Exchange Code="NASD" Country="USA">NASDAQ</Exchange>
			<GlobalListingType>OSR</GlobalListingType>
		</Issue>
		<Issue ID="2" Type="P" Desc="Preferred Stock" Order="1">
			<IssueID Type="Name">Preference Shares</IssueID>
			<IssueID Type="InstrumentPI">276905212</IssueID>
			<IssueID Type="InstrumentPermID">21625224630</IssueID>
			<Exchange Code="NA" Country="">Not Available</Exchange>
		</Issue>
	</Issues>
	<CoGeneralInfo>
		<CoStatus Code="1">Active</CoStatus>
		<CoType Code="EQU">Equity Issue</CoType>
		<LastModified>2021-02-02</LastModified>
		<LatestAvailableAnnual>2020-12-31</LatestAvailableAnnual>
		<LatestAvailableInterim>2020-12-31</LatestAvailableInterim>
		<Employees LastUpdated="2020-09-30">210</Employees>
		<SharesOut Date="2020-12-31" TotalFloat="13094697.0">14769765.0</SharesOut>
		<ReportingCurrency Code="USD">U.S. Dollars</ReportingCurrency>
		<MostRecentExchange Date="2021-02-03">1.0</MostRecentExchange>
	</CoGeneralInfo>
	<TextInfo>
		<Text Type="Business Summary" lastModified="2017-02-20T02:36:20">BankFinancial Corporation is the bank holding company for BankFinancial, National Association (the Bank). The Bank is a full-service, community-oriented national bank principally engaged in the business of commercial, family and personal banking. The Bank offers its customers a range of loan, deposit and other financial products and services through its full-service Illinois-based banking offices located in Cook, DuPage, Lake and Will Counties, and through its Internet branch, www.bankfinancial.com. As of December 31, 2016, the Bank had 19 full-service Illinois-based banking offices. The Bank also offers its customers a range of financial products and services that are related or ancillary to loans and deposits, including cash management, funds transfers, bill payment, and other online and mobile banking transactions, automated teller machines, safe deposit boxes, trust services, wealth management and general insurance agency services.</Text>
		<Text Type="Financial Summary" lastModified="2021-02-02T22:59:49">BRIEF: For the fiscal year ended 31 December 2020,BankFinancial Corporation interest income decreased 19% to$52.9M. Net interest income after loan loss provisiondecreased 5% to $45.8M.  Net income decreased 21% to $9.2M.Net interest income after loan loss provision reflectsdecrease in interest earning assets and increase ininterest bearing liabilities.</Text>
	</TextInfo>
	<contactInfo lastUpdated="2021-02-02T23:00:10">
		<streetAddress line="1">15W060 N Frontage Rd</streetAddress>
		<streetAddress line="2"></streetAddress>
		<streetAddress line="3"></streetAddress>
		<city>BURR RIDGE</city>
		<state-region>IL</state-region>
		<postalCode>60527-7148</postalCode>
		<country code="USA">United States</country>
		<contactName>Elizabeth Doolan</contactName>
		<contactTitle>Senior Vice President &amp; Controller</contactTitle>
		<phone>
			<phone type="mainphone">
				<countryPhoneCode>1</countryPhoneCode>
				<city-areacode>800</city-areacode>
				<number>8946900</number>
			</phone>
			<phone type="mainfax">
				<countryPhoneCode>1</countryPhoneCode>
				<city-areacode>708</city-areacode>
				<number>6756699</number>
			</phone>
			<phone type="contactphone">
				<countryPhoneCode>1</countryPhoneCode>
				<city-areacode>630</city-areacode>
				<number>2427151</number>
			</phone>
		</phone>
	</contactInfo>
	<webLinks lastUpdated="2019-12-02T11:00:21"><webSite mainCategory="Home Page">https://www.bankfinancial.com/</webSite><eMail mainCategory="Company Contact/E-mail">
		</eMail></webLinks>
	<peerInfo lastUpdated="2021-02-02T23:00:10">
		<IndustryInfo>
			<Industry type="TRBC" order="1" reported="0" code="5510101010" mnem="">Banks - NEC</Industry>
			<Industry type="NAICS" order="1" reported="0" code="522120" mnem="">Savings Institutions</Industry>
			<Industry type="NAICS" order="2" reported="0" code="523920" mnem="">Portfolio Management</Industry>
			<Industry type="NAICS" order="3" reported="0" code="523110" mnem="">Investment Banking and Securities Dealing</Industry>
			<Industry type="NAICS" order="4" reported="0" code="524113" mnem="">Direct Life Insurance Carriers</Industry>
			<Industry type="NAICS" order="5" reported="0" code="524126" mnem="">Direct Property &amp; Casualty Insurance Carriers</Industry>
			<Industry type="NAICS" order="6" reported="0" code="551111" mnem="">Offices of Bank Holding Companies</Industry>
			<Industry type="SIC" order="0" reported="1" code="6035" mnem="">Federal Savings Institutions</Industry>
			<Industry type="SIC" order="1" reported="0" code="6035" mnem="">Federal Savings Institutions</Industry>
			<Industry type="SIC" order="2" reported="0" code="6282" mnem="">Investment Advice</Industry>
			<Industry type="SIC" order="3" reported="0" code="6211" mnem="">Security Brokers And Dealers</Industry>
			<Industry type="SIC" order="4" reported="0" code="6311" mnem="">Life Insurance</Industry>
			<Industry type="SIC" order="5" reported="0" code="6331" mnem="">Fire/marine/casualty Insurance</Industry>
			<Industry type="SIC" order="6" reported="0" code="6712" mnem="">Bank Holding Companies</Industry>
		</IndustryInfo>
	</peerInfo>
	<officers>
		<officer rank="1" since="2004">
			<firstName>Frank</firstName>
			<mI>Morgan</mI>
			<lastName>Gasior</lastName>
			<age>56 </age>
			<title startYear="2004" startMonth="" startDay="" iD1="CHM" abbr1="Chmn." iD2="DRC" abbr2="Dir.">Chairman of the Board, President, Chief Executive Officer</title>
		</officer>
		<officer rank="2" since="NA">
			<firstName>Paul</firstName>
			<mI>A.</mI>
			<lastName>Cloutier</lastName>
			<age>56 </age>
			<title startYear="NA" startMonth="" startDay="" iD1="CFO" abbr1="CFO" iD2="EVF" abbr2="Exec. VP-Fin.">Chief Financial Officer, Executive Vice President - Finance, Treasurer of the Company and the Bank</title>
		</officer>
		<officer rank="3" since="NA">
			<firstName>John</firstName>
			<mI>G.</mI>
			<lastName>Manos</lastName>
			<age>59 </age>
			<title startYear="2014" startMonth="04" startDay="" iD1="CEX" abbr1="Corp. Exec." iD2="" abbr2="">President - Commercial Real Estate Lending Divison of the Bank</title>
		</officer>
	</officers>
	<Ratios PriceCurrency="USD" ReportingCurrency="USD" ExchangeRate="1.00000" LatestAvailableDate="2020-12-31">
		<Group ID="Price and Volume">
			<Ratio FieldName="NPRICE" Type="N">9.30000</Ratio>
			<Ratio FieldName="NHIG" Type="N">12.75250</Ratio>
			<Ratio FieldName="NLOW" Type="N">6.73000</Ratio>
			<Ratio FieldName="PDATE" Type="D">2021-02-04T00:00:00</Ratio>
			<Ratio FieldName="VOL10DAVG" Type="N">0.03999</Ratio>
			<Ratio FieldName="EV" Type="N">127.24380</Ratio>
		</Group>
		<Group ID="Income Statement">
			<Ratio FieldName="MKTCAP" Type="N">137.35880</Ratio>
			<Ratio FieldName="TTMREV" Type="N">52.87500</Ratio>
			<Ratio FieldName="TTMEBITD" Type="N">14.08600</Ratio>
			<Ratio FieldName="TTMNIAC" Type="N">9.16300</Ratio>
		</Group>
		<Group ID="Per share data">
			<Ratio FieldName="TTMEPSXCLX" Type="N">0.61729</Ratio>
			<Ratio FieldName="TTMREVPS" Type="N">3.45086</Ratio>
			<Ratio FieldName="QBVPS" Type="N">11.70837</Ratio>
			<Ratio FieldName="QCSHPS" Type="N">0.95567</Ratio>
			<Ratio FieldName="TTMCFSHR" Type="N">0.54113</Ratio>
			<Ratio FieldName="TTMDIVSHR" Type="N">0.40000</Ratio>
		</Group>
		<Group ID="Other Ratios">
			<Ratio FieldName="TTMGROSMGN" Type="N">-99999.99000</Ratio>
			<Ratio FieldName="TTMROEPCT" Type="N">5.27668</Ratio>
			<Ratio FieldName="TTMPR2REV" Type="N">2.68002</Ratio>
			<Ratio FieldName="PEEXCLXOR" Type="N">15.06585</Ratio>
			<Ratio FieldName="PRICE2BK" Type="N">0.79430</Ratio>
			<Ratio FieldName="Employees" Type="N">210</Ratio>
		</Group>
	</Ratios>
	<ForecastData ConsensusType="Mean" CurFiscalYear="2021" CurFiscalYearEndMonth="12" CurInterimEndCalYear="2021" CurInterimEndMonth="3" EarningsBasis="REP">
		<Ratio FieldName="ConsRecom" Type="N">
			<Value PeriodType="CURR">3</Value>
		</Ratio>
		<Ratio FieldName="TargetPrice" Type="N">
			<Value PeriodType="CURR">8.50000</Value>
		</Ratio>
		<Ratio FieldName="ProjLTGrowthRate" Type="N">
			<Value PeriodType="CURR">-99999.99000</Value>
		</Ratio>
		<Ratio FieldName="ProjPE" Type="N">
			<Value PeriodType="CURR">15.63025</Value>
		</Ratio>
		<Ratio FieldName="ProjSales" Type="N">
			<Value PeriodType="CURR">45.30000</Value>
		</Ratio>
		<Ratio FieldName="ProjSalesQ" Type="N">
			<Value PeriodType="CURR">11.20000</Value>
		</Ratio>
		<Ratio FieldName="ProjEPS" Type="N">
			<Value PeriodType="CURR">0.59500</Value>
		</Ratio>
		<Ratio FieldName="ProjEPSQ" Type="N">
			<Value PeriodType="CURR">0.14000</Value>
		</Ratio>
		<Ratio FieldName="ProjProfit" Type="N">
			<Value PeriodType="CURR">8.55000</Value>
		</Ratio>
		<Ratio FieldName="ProjDPS" Type="N">
			<Value PeriodType="CURR">0.40000</Value>
		</Ratio>
	</ForecastData>
</ReportSnapshot>
