<?xml version="1.0" encoding="UTF-8"?>
<ReportSnapshot Major="1" Minor="0" Revision="1">
	<CoIDs>
		<CoID Type="RepNo">A48D4</CoID>
		<CoID Type="CompanyName">Big 5 Sporting Goods Corporation</CoID>
		<CoID Type="IRSNo">954388794</CoID>
		<CoID Type="CIKNo">0001156388</CoID>
		<CoID Type="OrganizationPermID">4295899424</CoID>
	</CoIDs>
	<Issues>
		<Issue ID="1" Type="C" Desc="Common Stock" Order="1">
			<IssueID Type="Name">Ordinary Shares</IssueID>
			<IssueID Type="Ticker">BGFV</IssueID>
			<IssueID Type="RIC">BGFV.O</IssueID>
			<IssueID Type="DisplayRIC">BGFV.OQ</IssueID>
			<IssueID Type="InstrumentPI">7742983</IssueID>
			<IssueID Type="QuotePI">8008451</IssueID>
			<IssueID Type="InstrumentPermID">8590937672</IssueID>
			<IssueID Type="QuotePermID">55835334284</IssueID>
			<Exchange Code="NASD" Country="USA">NASDAQ</Exchange>
			<GlobalListingType>OSR</GlobalListingType>
		</Issue>
	</Issues>
	<CoGeneralInfo>
		<CoStatus Code="1">Active</CoStatus>
		<CoType Code="EQU">Equity Issue</CoType>
		<LastModified>2020-11-04</LastModified>
		<LatestAvailableAnnual>2019-12-29</LatestAvailableAnnual>
		<LatestAvailableInterim>2020-09-27</LatestAvailableInterim>
		<Employees LastUpdated="2019-12-29">8800</Employees>
		<SharesOut Date="2020-10-20" TotalFloat="18807927.0">21906668.0</SharesOut>
		<ReportingCurrency Code="USD">U.S. Dollars</ReportingCurrency>
		<MostRecentExchange Date="2021-02-03">1.0</MostRecentExchange>
	</CoGeneralInfo>
	<TextInfo>
		<Text Type="Business Summary" lastModified="2017-04-11T01:53:46">Big 5 Sporting Goods Corporation is a sporting goods retailer in the western United States. The Company offers a range of products in a sporting goods store format. The Company also offers products online through its e-commerce platform. The Company's product mix includes athletic shoes, apparel and accessories, as well as a range of outdoor and athletic equipment for team sports, fitness, camping, hunting, fishing, tennis, golf, winter and summer recreation, and roller sports. The Company purchases merchandise from sporting goods equipment, athletic footwear and apparel manufacturers. It offers various brands, such as adidas, Coleman, Footjoy, JanSport, Rawlings, Spalding, Asics, Columbia, Franklin, Lifetime, Razor, Speedo, Bearpaw, Crocs, Gildan, Mizuno, Rollerblade and Timex. The Company operated 432 stores and an e-commerce platform under the name Big 5 Sporting Goods, as of January 1, 2017.</Text>
		<Text Type="Financial Summary" lastModified="2020-11-04T12:10:34">BRIEF: For the 39 weeks ended 27 September 2020, Big 5Sporting Goods Corporation revenues decreased less than 1%to $750.6M. Net income increased from $8.1M to $34.9M.Revenues reflect Hard Goods segment increase of 48% to$352.3M, also reflect Athletic and sport apparel segmentdecrease of 35% to $71.6M, Retail Sales, Total decrease of41% to $445.7M. Net income benefited from MerchandiseMargins, Total -% increase of 4% to 32.5%.</Text>
	</TextInfo>
	<contactInfo lastUpdated="2021-01-13T10:50:48">
		<streetAddress line="1">2525 E El Segundo Blvd</streetAddress>
		<streetAddress line="2"></streetAddress>
		<streetAddress line="3"></streetAddress>
		<city>EL SEGUNDO</city>
		<state-region>CA</state-region>
		<postalCode>90245-4632</postalCode>
		<country code="USA">United States</country>
		<contactName></contactName>
		<contactTitle></contactTitle>
		<phone>
			<phone type="mainphone">
				<countryPhoneCode>1</countryPhoneCode>
				<city-areacode>310</city-areacode>
				<number>2977706</number>
			</phone>
			<phone type="mainfax">
				<countryPhoneCode>1</countryPhoneCode>
				<city-areacode>302</city-areacode>
				<number>6365454</number>
			</phone>
		</phone>
	</contactInfo>
	<webLinks lastUpdated="2019-07-25T09:00:02"><webSite mainCategory="Home Page">https://www.big5sportinggoods.com/</webSite><eMail mainCategory="Company Contact/E-mail">
		</eMail></webLinks>
	<peerInfo lastUpdated="2021-01-13T10:50:48">
		<IndustryInfo>
			<Industry type="TRBC" order="1" reported="0" code="5340309023" mnem="">Sporting Goods Stores</Industry>
			<Industry type="NAICS" order="1" reported="0" code="451110" mnem="">Sporting Goods Stores</Industry>
			<Industry type="NAICS" order="2" reported="0" code="551112" mnem="">Offices of Other Holding Companies</Industry>
			<Industry type="SIC" order="1" reported="0" code="5941" mnem="">Sporting Goods And Bicycle Shops</Industry>
			<Industry type="SIC" order="2" reported="0" code="6719" mnem="">Holding Companies, Nec</Industry>
		</IndustryInfo>
	</peerInfo>
	<officers>
		<officer rank="1" since="1992">
			<firstName>Steven</firstName>
			<mI>G.</mI>
			<lastName>Miller</lastName>
			<age>63 </age>
			<title startYear="2002" startMonth="06" startDay="" iD1="CHM" abbr1="Chmn." iD2="DRC" abbr2="Dir.">Chairman of the Board, President, Chief Executive Officer</title>
		</officer>
		<officer rank="2" since="09/2005">
			<firstName>Barry</firstName>
			<mI>D.</mI>
			<lastName>Emerson</lastName>
			<age>57 </age>
			<title startYear="2005" startMonth="10" startDay="" iD1="CFO" abbr1="CFO" iD2="SVP" abbr2="Sr. VP">Chief Financial Officer, Senior Vice President, Treasurer</title>
		</officer>
		<officer rank="3" since="07/03/2018">
			<firstName>Luke</firstName>
			<mI>D</mI>
			<lastName>Thompson</lastName>
			<age>46 </age>
			<title startYear="2018" startMonth="07" startDay="03" iD1="SVP" abbr1="Sr. VP" iD2="GCN" abbr2="Counsel">Senior Vice President, General Counsel, Secretary</title>
		</officer>
		<officer rank="4" since="1992">
			<firstName>Jeffrey</firstName>
			<mI>L.</mI>
			<lastName>Fraley</lastName>
			<age>58 </age>
			<title startYear="2001" startMonth="07" startDay="" iD1="SVP" abbr1="Sr. VP" iD2="DHR" abbr2="Dir.-HR">Senior Vice President - Human Resources</title>
		</officer>
		<officer rank="5" since="08/01/2011">
			<firstName>Boyd</firstName>
			<mI>O.</mI>
			<lastName>Clark</lastName>
			<age>57 </age>
			<title startYear="2011" startMonth="08" startDay="01" iD1="SVP" abbr1="Sr. VP" iD2="" abbr2="">Senior Vice President - Buying</title>
		</officer>
		<officer rank="6" since="03/12/2007">
			<firstName>Shane</firstName>
			<mI>O.</mI>
			<lastName>Starr</lastName>
			<age>57 </age>
			<title startYear="2007" startMonth="03" startDay="12" iD1="SVP" abbr1="Sr. VP" iD2="" abbr2="">Senior Vice President - Operations</title>
		</officer>
	</officers>
	<Ratios PriceCurrency="USD" ReportingCurrency="USD" ExchangeRate="1.00000" LatestAvailableDate="2020-09-27">
		<Group ID="Price and Volume">
			<Ratio FieldName="NPRICE" Type="N">14.86000</Ratio>
			<Ratio FieldName="NHIG" Type="N">14.94000</Ratio>
			<Ratio FieldName="NLOW" Type="N">0.65000</Ratio>
			<Ratio FieldName="PDATE" Type="D">2021-02-04T00:00:00</Ratio>
			<Ratio FieldName="VOL10DAVG" Type="N">1.05850</Ratio>
			<Ratio FieldName="EV" Type="N">275.22210</Ratio>
		</Group>
		<Group ID="Income Statement">
			<Ratio FieldName="MKTCAP" Type="N">325.53310</Ratio>
			<Ratio FieldName="TTMREV" Type="N">994.72400</Ratio>
			<Ratio FieldName="TTMEBITD" Type="N">68.70300</Ratio>
			<Ratio FieldName="TTMNIAC" Type="N">35.27400</Ratio>
		</Group>
		<Group ID="Per share data">
			<Ratio FieldName="TTMEPSXCLX" Type="N">1.62709</Ratio>
			<Ratio FieldName="TTMREVPS" Type="N">46.56239</Ratio>
			<Ratio FieldName="QBVPS" Type="N">9.73437</Ratio>
			<Ratio FieldName="QCSHPS" Type="N">2.54255</Ratio>
			<Ratio FieldName="TTMCFSHR" Type="N">2.51900</Ratio>
			<Ratio FieldName="TTMDIVSHR" Type="N">0.20000</Ratio>
		</Group>
		<Group ID="Other Ratios">
			<Ratio FieldName="TTMGROSMGN" Type="N">32.55375</Ratio>
			<Ratio FieldName="TTMROEPCT" Type="N">17.91118</Ratio>
			<Ratio FieldName="TTMPR2REV" Type="N">0.32726</Ratio>
			<Ratio FieldName="PEEXCLXOR" Type="N">9.13287</Ratio>
			<Ratio FieldName="PRICE2BK" Type="N">1.52655</Ratio>
			<Ratio FieldName="Employees" Type="N">8800</Ratio>
		</Group>
	</Ratios>
	<ForecastData ConsensusType="Mean" CurFiscalYear="2020" CurFiscalYearEndMonth="12" CurInterimEndCalYear="2020" CurInterimEndMonth="12" EarningsBasis="REP">
		<Ratio FieldName="ConsRecom" Type="N">
			<Value PeriodType="CURR">2</Value>
		</Ratio>
		<Ratio FieldName="TargetPrice" Type="N">
			<Value PeriodType="CURR">-99999.99000</Value>
		</Ratio>
		<Ratio FieldName="ProjLTGrowthRate" Type="N">
			<Value PeriodType="CURR">-99999.99000</Value>
		</Ratio>
		<Ratio FieldName="ProjPE" Type="N">
			<Value PeriodType="CURR">5.85039</Value>
		</Ratio>
		<Ratio FieldName="ProjSales" Type="N">
			<Value PeriodType="CURR">1041.15700</Value>
		</Ratio>
		<Ratio FieldName="ProjSalesQ" Type="N">
			<Value PeriodType="CURR">290.52700</Value>
		</Ratio>
		<Ratio FieldName="ProjEPS" Type="N">
			<Value PeriodType="CURR">2.54000</Value>
		</Ratio>
		<Ratio FieldName="ProjEPSQ" Type="N">
			<Value PeriodType="CURR">0.90000</Value>
		</Ratio>
		<Ratio FieldName="ProjProfit" Type="N">
			<Value PeriodType="CURR">54.40000</Value>
		</Ratio>
		<Ratio FieldName="ProjDPS" Type="N">
			<Value PeriodType="CURR">0.25000</Value>
		</Ratio>
	</ForecastData>
</ReportSnapshot>
