<?xml version="1.0" encoding="UTF-8"?>
<ReportSnapshot Major="1" Minor="0" Revision="1">
	<CoIDs>
		<CoID Type="RepNo">F8D61</CoID>
		<CoID Type="CompanyName">Beigene Ltd (ADR)</CoID>
		<CoID Type="IRSNo">981209416</CoID>
		<CoID Type="CIKNo">0001651308</CoID>
		<CoID Type="OrganizationPermID">5046048089</CoID>
	</CoIDs>
	<Issues>
		<Issue ID="1" Type="C" Desc="Common Stock" Order="1">
			<IssueID Type="Name">ADR</IssueID>
			<IssueID Type="Ticker">BGNE</IssueID>
			<IssueID Type="RIC">BGNE.O</IssueID>
			<IssueID Type="DisplayRIC">BGNE.OQ</IssueID>
			<IssueID Type="InstrumentPI">207562800</IssueID>
			<IssueID Type="QuotePI">207672666</IssueID>
			<IssueID Type="InstrumentPermID">21574767700</IssueID>
			<IssueID Type="QuotePermID">21574767701</IssueID>
			<Exchange Code="NASD" Country="USA">NASDAQ</Exchange>
			<GlobalListingType SharesPerListing="13.0">ADR</GlobalListingType>
		</Issue>
	</Issues>
	<CoGeneralInfo>
		<CoStatus Code="1">Active</CoStatus>
		<CoType Code="EQU">Equity Issue</CoType>
		<LastModified>2021-01-05</LastModified>
		<LatestAvailableAnnual>2019-12-31</LatestAvailableAnnual>
		<LatestAvailableInterim>2020-09-30</LatestAvailableInterim>
		<Employees LastUpdated="2020-09-30">4600</Employees>
		<SharesOut Date="2020-10-31" TotalFloat="821244594.0">1182916659.0</SharesOut>
		<ReportingCurrency Code="USD">U.S. Dollars</ReportingCurrency>
		<MostRecentExchange Date="2021-02-03">1.0</MostRecentExchange>
	</CoGeneralInfo>
	<TextInfo>
		<Text Type="Business Summary" lastModified="2018-08-02T00:00:00">BeiGene, Ltd. is principally engaged in biopharmaceutical business. The Company is mainly engaged in the research and development, production and sales of innovative molecularly targeted and immuno-oncology drugs for the treatment of cancer. The Company's main products include Zanubrutinib (BGB-3111), Tislelizumab (BGB-A317) and Pamiparib (BGB-290).</Text>
		<Text Type="Financial Summary" lastModified="2021-01-05T12:23:49">BRIEF: For the nine months ended 30 September 2020, BeigeneLtd (ADR) revenues decreased 44% to $208.8M. Net lossincreased from $560.6M to $1.12B. Revenues reflectCollaboration segment decrease from $205.6M to $0K, Productsegment decrease of 5% to $156.7M, United States segmentdecrease of 93% to $9.5M, Other segment decrease from $72Mto $0K. Higher net loss reflects Research and development -Balancing increase of 48% to $869.8M (expense).</Text>
	</TextInfo>
	<contactInfo lastUpdated="2021-02-04T01:49:19">
		<streetAddress line="1">C/O Mourant Governance Services (Cayman)</streetAddress>
		<streetAddress line="2">94 Solaris Avenue, Camana Bay</streetAddress>
		<streetAddress line="3"></streetAddress>
		<city>BEIJING</city>
		<state-region>BEJ</state-region>
		<postalCode>102206</postalCode>
		<country code="CHN">China</country>
		<contactName></contactName>
		<contactTitle></contactTitle>
		<phone>
			<phone type="mainphone">
				<countryPhoneCode>1</countryPhoneCode>
				<city-areacode>345</city-areacode>
				<number>9494123</number>
			</phone>
		</phone>
	</contactInfo>
	<webLinks lastUpdated=""><webSite mainCategory=""></webSite><eMail mainCategory=""></eMail></webLinks>
	<peerInfo lastUpdated="2021-02-04T01:49:19">
		<IndustryInfo>
			<Industry type="TRBC" order="1" reported="0" code="5620201011" mnem="">Bio Therapeutic Drugs</Industry>
			<Industry type="NAICS" order="1" reported="0" code="325412" mnem="">Pharmaceutical Preparation Mfg</Industry>
			<Industry type="NAICS" order="2" reported="0" code="541711" mnem="">Research and Development in Biotechnology</Industry>
			<Industry type="SIC" order="1" reported="0" code="2834" mnem="">Pharmaceutical Preparations</Industry>
			<Industry type="SIC" order="2" reported="0" code="8731" mnem="">Commercial Physical Research</Industry>
		</IndustryInfo>
	</peerInfo>
	<officers>
		<officer rank="1" since="10/2010">
			<firstName>John</firstName>
			<mI>Victor</mI>
			<lastName>Oyler</lastName>
			<age>52 </age>
			<title startYear="2010" startMonth="10" startDay="" iD1="CHM" abbr1="Chmn." iD2="CEO" abbr2="CEO">Co-Founder, Executive Chairman of the Board, Chief Executive Officer</title>
		</officer>
		<officer rank="2" since="04/30/2018">
			<firstName>Xiaobin</firstName>
			<mI></mI>
			<lastName>Wu</lastName>
			<age>58 </age>
			<title startYear="2018" startMonth="04" startDay="30" iD1="PRE" abbr1="Pres." iD2="GMG" abbr2="GM">General Manager - China, President</title>
		</officer>
		<officer rank="3" since="NA">
			<firstName>Xiaodong</firstName>
			<mI></mI>
			<lastName>Wang</lastName>
			<age>57 </age>
			<title startYear="2016" startMonth="02" startDay="08" iD1="CFD" abbr1="Co-Fndr." iD2="NED" abbr2="Non Ex. Dir.">Co-Founder, Non-Executive Director</title>
		</officer>
		<officer rank="4" since="09/2016">
			<firstName>Jane</firstName>
			<mI></mI>
			<lastName>Huang</lastName>
			<age>47 </age>
			<title startYear="2016" startMonth="09" startDay="" iD1="OTH" abbr1="Other" iD2="" abbr2="">Chief Medical Officer, Hematology</title>
		</officer>
		<officer rank="5" since="05/17/2018">
			<firstName>Hing Ling</firstName>
			<mI></mI>
			<lastName>Chau</lastName>
			<age></age>
			<title startYear="2018" startMonth="05" startDay="17" iD1="SEC" abbr1="Secy." iD2="" abbr2="">Company Secretary</title>
		</officer>
	</officers>
	<Ratios PriceCurrency="USD" ReportingCurrency="USD" ExchangeRate="1.00000" LatestAvailableDate="2020-09-30">
		<Group ID="Price and Volume">
			<Ratio FieldName="NPRICE" Type="N">371.53000</Ratio>
			<Ratio FieldName="NHIG" Type="N">382.20000</Ratio>
			<Ratio FieldName="NLOW" Type="N">118.55000</Ratio>
			<Ratio FieldName="PDATE" Type="D">2021-02-04T00:00:00</Ratio>
			<Ratio FieldName="VOL10DAVG" Type="N">0.37018</Ratio>
			<Ratio FieldName="EV" Type="N">29075.07300</Ratio>
		</Group>
		<Group ID="Income Statement">
			<Ratio FieldName="MKTCAP" Type="N">33592.07000</Ratio>
			<Ratio FieldName="TTMREV" Type="N">265.66600</Ratio>
			<Ratio FieldName="TTMEBITD" Type="N">-1529.36200</Ratio>
			<Ratio FieldName="TTMNIAC" Type="N">-1575.61700</Ratio>
		</Group>
		<Group ID="Per share data">
			<Ratio FieldName="TTMEPSXCLX" Type="N">-21.26670</Ratio>
			<Ratio FieldName="TTMREVPS" Type="N">3.49424</Ratio>
			<Ratio FieldName="QBVPS" Type="N">47.11864</Ratio>
			<Ratio FieldName="QCSHPS" Type="N">51.85827</Ratio>
			<Ratio FieldName="TTMCFSHR" Type="N">-20.35679</Ratio>
			<Ratio FieldName="TTMDIVSHR" Type="N">0.00000</Ratio>
		</Group>
		<Group ID="Other Ratios">
			<Ratio FieldName="TTMGROSMGN" Type="N">74.56844</Ratio>
			<Ratio FieldName="TTMROEPCT" Type="N">-56.61606</Ratio>
			<Ratio FieldName="TTMPR2REV" Type="N">126.44470</Ratio>
			<Ratio FieldName="PEEXCLXOR" Type="N">-99999.99000</Ratio>
			<Ratio FieldName="PRICE2BK" Type="N">7.88499</Ratio>
			<Ratio FieldName="Employees" Type="N">4600</Ratio>
		</Group>
	</Ratios>
	<ForecastData ConsensusType="Mean" CurFiscalYear="2020" CurFiscalYearEndMonth="12" CurInterimEndCalYear="2020" CurInterimEndMonth="9" EarningsBasis="PRX">
		<Ratio FieldName="ConsRecom" Type="N">
			<Value PeriodType="CURR">2.1765</Value>
		</Ratio>
		<Ratio FieldName="TargetPrice" Type="N">
			<Value PeriodType="CURR">235.00010</Value>
		</Ratio>
		<Ratio FieldName="ProjLTGrowthRate" Type="N">
			<Value PeriodType="CURR">-99999.99000</Value>
		</Ratio>
		<Ratio FieldName="ProjPE" Type="N">
			<Value PeriodType="CURR">-21.44869</Value>
		</Ratio>
		<Ratio FieldName="ProjSales" Type="N">
			<Value PeriodType="CURR">335.33410</Value>
		</Ratio>
		<Ratio FieldName="ProjSalesQ" Type="N">
			<Value PeriodType="CURR">91.75310</Value>
		</Ratio>
		<Ratio FieldName="ProjEPS" Type="N">
			<Value PeriodType="CURR">-17.32180</Value>
		</Ratio>
		<Ratio FieldName="ProjEPSQ" Type="N">
			<Value PeriodType="CURR">-4.80860</Value>
		</Ratio>
		<Ratio FieldName="ProjProfit" Type="N">
			<Value PeriodType="CURR">-1482.73850</Value>
		</Ratio>
		<Ratio FieldName="ProjDPS" Type="N">
			<Value PeriodType="CURR">0.00000</Value>
		</Ratio>
	</ForecastData>
</ReportSnapshot>
