<?xml version="1.0" encoding="UTF-8"?>
<ReportSnapshot Major="1" Minor="0" Revision="1">
	<CoIDs>
		<CoID Type="RepNo">0435F</CoID>
		<CoID Type="CompanyName">Blue Hat Interactv Entrtnmnt Technlgy</CoID>
		<CoID Type="CIKNo">0001759136</CoID>
		<CoID Type="OrganizationPermID">5067170712</CoID>
	</CoIDs>
	<Issues>
		<Issue ID="1" Type="C" Desc="Common Stock" Order="1">
			<IssueID Type="Name">Ordinary Shares</IssueID>
			<IssueID Type="Ticker">BHAT</IssueID>
			<IssueID Type="RIC">BHAT.O</IssueID>
			<IssueID Type="DisplayRIC">BHAT.OQ</IssueID>
			<IssueID Type="InstrumentPI">364452981</IssueID>
			<IssueID Type="QuotePI">378160391</IssueID>
			<IssueID Type="InstrumentPermID">21693858000</IssueID>
			<IssueID Type="QuotePermID">25727367246</IssueID>
			<Exchange Code="NASD" Country="USA">NASDAQ</Exchange>
			<GlobalListingType>OSR</GlobalListingType>
		</Issue>
	</Issues>
	<CoGeneralInfo>
		<CoStatus Code="1">Active</CoStatus>
		<CoType Code="EQU">Equity Issue</CoType>
		<LastModified>2021-01-05</LastModified>
		<LatestAvailableAnnual>2019-12-31</LatestAvailableAnnual>
		<LatestAvailableInterim>2020-06-30</LatestAvailableInterim>
		<Employees LastUpdated="2019-12-31">100</Employees>
		<SharesOut Date="2021-02-01" TotalFloat="23328140.0">46973660.0</SharesOut>
		<ReportingCurrency Code="USD">U.S. Dollars</ReportingCurrency>
		<MostRecentExchange Date="2021-02-03">1.0</MostRecentExchange>
	</CoGeneralInfo>
	<TextInfo>
		<Text Type="Business Summary" lastModified="2019-05-08T05:01:50">Blue Hat Interactive Entertainment Technology is a producer, developer and operator of augmented reality (AR) interactive entertainment games and toys in China, including interactive educational materials, mobile games, and toys with mobile game features. The Company mainly engaged in interactive toys, including animation and game series, mobile games and animation design services.</Text>
		<Text Type="Financial Summary" lastModified="2021-01-05T06:40:20">BRIEF: For the six months ended 30 June 2020, Blue HatInteractv Entrtnmnt Technlgy revenues totaled $4.9M. Netincome totaled to $1.3M.</Text>
	</TextInfo>
	<contactInfo lastUpdated="2021-01-29T09:37:39">
		<streetAddress line="1">7Th Floor</streetAddress>
		<streetAddress line="2">Building C, No. 1010,, Anling Road</streetAddress>
		<streetAddress line="3"></streetAddress>
		<city>XIAMEN</city>
		<state-region>FUJ</state-region>
		<postalCode>00000</postalCode>
		<country code="CHN">China</country>
		<contactName></contactName>
		<contactTitle></contactTitle>
		<phone>
			<phone type="mainphone">
				<countryPhoneCode>86</countryPhoneCode>
				<city-areacode>592</city-areacode>
				<number>2280081</number>
			</phone>
		</phone>
	</contactInfo>
	<webLinks lastUpdated="2020-02-03T02:30:10"><webSite mainCategory="Home Page">http://www.bluehatgroup.net</webSite><eMail mainCategory="Company Contact/E-mail">
		</eMail></webLinks>
	<peerInfo lastUpdated="2021-01-29T09:37:39">
		<IndustryInfo>
			<Industry type="TRBC" order="1" reported="0" code="5320501012" mnem="">Games, Toys &amp; Children Vehicles</Industry>
			<Industry type="NAICS" order="1" reported="0" code="339932" mnem="">Game, Toy &amp; Children's Vehicle Mfg</Industry>
			<Industry type="NAICS" order="2" reported="0" code="511210" mnem="">Software Publishers</Industry>
			<Industry type="SIC" order="1" reported="0" code="3944" mnem="">Games/toys/children's Vehicles</Industry>
			<Industry type="SIC" order="2" reported="0" code="7372" mnem="">Prepackaged Software</Industry>
		</IndustryInfo>
	</peerInfo>
	<officers></officers>
	<Ratios PriceCurrency="USD" ReportingCurrency="USD" ExchangeRate="1.00000" LatestAvailableDate="2020-06-30">
		<Group ID="Price and Volume">
			<Ratio FieldName="NPRICE" Type="N">1.36000</Ratio>
			<Ratio FieldName="NHIG" Type="N">2.40000</Ratio>
			<Ratio FieldName="NLOW" Type="N">0.63080</Ratio>
			<Ratio FieldName="PDATE" Type="D">2021-02-04T00:00:00</Ratio>
			<Ratio FieldName="VOL10DAVG" Type="N">6.69060</Ratio>
			<Ratio FieldName="EV" Type="N">54.52689</Ratio>
		</Group>
		<Group ID="Income Statement">
			<Ratio FieldName="MKTCAP" Type="N">63.88418</Ratio>
			<Ratio FieldName="TTMREV" Type="N">-99999.99000</Ratio>
			<Ratio FieldName="TTMEBITD" Type="N">-99999.99000</Ratio>
			<Ratio FieldName="TTMNIAC" Type="N">-99999.99000</Ratio>
		</Group>
		<Group ID="Per share data">
			<Ratio FieldName="TTMEPSXCLX" Type="N">-99999.99000</Ratio>
			<Ratio FieldName="TTMREVPS" Type="N">-99999.99000</Ratio>
			<Ratio FieldName="QBVPS" Type="N">1.29281</Ratio>
			<Ratio FieldName="QCSHPS" Type="N">0.32363</Ratio>
			<Ratio FieldName="TTMCFSHR" Type="N">-99999.99000</Ratio>
			<Ratio FieldName="TTMDIVSHR" Type="N">-99999.99000</Ratio>
		</Group>
		<Group ID="Other Ratios">
			<Ratio FieldName="TTMGROSMGN" Type="N">-99999.99000</Ratio>
			<Ratio FieldName="TTMROEPCT" Type="N">-99999.99000</Ratio>
			<Ratio FieldName="TTMPR2REV" Type="N">-99999.99000</Ratio>
			<Ratio FieldName="PEEXCLXOR" Type="N">-99999.99000</Ratio>
			<Ratio FieldName="PRICE2BK" Type="N">1.05198</Ratio>
			<Ratio FieldName="Employees" Type="N">100</Ratio>
		</Group>
	</Ratios>
	<ForecastData ConsensusType="" CurFiscalYear="" CurFiscalYearEndMonth="" CurInterimEndCalYear="" CurInterimEndMonth="" EarningsBasis="">
		<Ratio FieldName="ConsRecom" Type="N">
			<Value PeriodType="CURR">-99999.99000</Value>
		</Ratio>
		<Ratio FieldName="TargetPrice" Type="N">
			<Value PeriodType="CURR">-99999.99000</Value>
		</Ratio>
		<Ratio FieldName="ProjLTGrowthRate" Type="N">
			<Value PeriodType="CURR">-99999.99000</Value>
		</Ratio>
		<Ratio FieldName="ProjPE" Type="N">
			<Value PeriodType="CURR">-99999.99000</Value>
		</Ratio>
		<Ratio FieldName="ProjSales" Type="N">
			<Value PeriodType="CURR">-99999.99000</Value>
		</Ratio>
		<Ratio FieldName="ProjSalesQ" Type="N">
			<Value PeriodType="CURR">-99999.99000</Value>
		</Ratio>
		<Ratio FieldName="ProjEPS" Type="N">
			<Value PeriodType="CURR">-99999.99000</Value>
		</Ratio>
		<Ratio FieldName="ProjEPSQ" Type="N">
			<Value PeriodType="CURR">-99999.99000</Value>
		</Ratio>
		<Ratio FieldName="ProjProfit" Type="N">
			<Value PeriodType="CURR">-99999.99000</Value>
		</Ratio>
		<Ratio FieldName="ProjDPS" Type="N">
			<Value PeriodType="CURR">-99999.99000</Value>
		</Ratio>
	</ForecastData>
</ReportSnapshot>
