<?xml version="1.0" encoding="UTF-8"?>
<ReportSnapshot Major="1" Minor="0" Revision="1">
	<CoIDs>
		<CoID Type="RepNo">018BA</CoID>
		<CoID Type="CompanyName">Brighthouse Financial Inc</CoID>
		<CoID Type="IRSNo">813846992</CoID>
		<CoID Type="CIKNo">0001685040</CoID>
		<CoID Type="OrganizationPermID">5052137321</CoID>
	</CoIDs>
	<Issues>
		<Issue ID="1" Type="C" Desc="Common Stock" Order="1">
			<IssueID Type="Name">Ordinary Shares</IssueID>
			<IssueID Type="Ticker">BHF</IssueID>
			<IssueID Type="RIC">BHF.O</IssueID>
			<IssueID Type="DisplayRIC">BHF.OQ</IssueID>
			<IssueID Type="InstrumentPI">266116367</IssueID>
			<IssueID Type="QuotePI">266116368</IssueID>
			<IssueID Type="InstrumentPermID">25727433774</IssueID>
			<IssueID Type="QuotePermID">25727433773</IssueID>
			<Exchange Code="NASD" Country="USA">NASDAQ</Exchange>
			<GlobalListingType>OSR</GlobalListingType>
		</Issue>
		<Issue ID="2" Type="P" Desc="Preferred Stock" Order="1">
			<IssueID Type="Name">Preference Shares</IssueID>
			<IssueID Type="InstrumentPI">356109736</IssueID>
			<IssueID Type="InstrumentPermID">21687493330</IssueID>
			<Exchange Code="NA" Country="">Not Available</Exchange>
		</Issue>
		<Issue ID="3" Type="P" Desc="Preferred Stock" Order="2">
			<IssueID Type="Name">Preference Shares</IssueID>
			<IssueID Type="InstrumentPI">436736671</IssueID>
			<IssueID Type="InstrumentPermID">21751445776</IssueID>
			<Exchange Code="NA" Country="">Not Available</Exchange>
		</Issue>
	</Issues>
	<CoGeneralInfo>
		<CoStatus Code="1">Active</CoStatus>
		<CoType Code="EQU">Equity Issue</CoType>
		<LastModified>2020-11-09</LastModified>
		<LatestAvailableAnnual>2019-12-31</LatestAvailableAnnual>
		<LatestAvailableInterim>2020-09-30</LatestAvailableInterim>
		<Employees LastUpdated="2019-12-31">1330</Employees>
		<SharesOut Date="2020-09-30" TotalFloat="89138396.0">91158927.0</SharesOut>
		<ReportingCurrency Code="USD">U.S. Dollars</ReportingCurrency>
		<MostRecentExchange Date="2021-02-03">1.0</MostRecentExchange>
	</CoGeneralInfo>
	<TextInfo>
		<Text Type="Business Summary" lastModified="2017-08-08T00:28:56">Brighthouse Financial, Inc. is a provider of life insurance and annuity products in the United States. The Company offers a range of products and services, which include variable, fixed, index-linked and income annuities, as well as variable, universal, term and whole life products. These products and services are marketed through various third party retail distribution channels in the United States. Fixed income annuities provide a guaranteed monthly income for a specified period of years and/or for the life of the annuitant. The Company operating segments include Annuities, Life and Run-off.</Text>
		<Text Type="Financial Summary" lastModified="2020-11-09T10:52:35">BRIEF: For the nine months ended 30 September 2020,Brighthouse Financial Inc revenues increased 34% to $8.37B.Net loss applicable to common stockholders totaled $60M vs.income of $316M. Revenues reflect Run-off segment increaseof 14% to $553M, Life segment increase of 9% to $350M. Netloss reflects Run-off segment loss increase from $543M to$1.44B. Basic Earnings per Share excluding ExtraordinaryItems decreased from $2.77 to -$0.62.</Text>
	</TextInfo>
	<contactInfo lastUpdated="2020-11-09T10:52:36">
		<streetAddress line="1">11225 N Community House Rd</streetAddress>
		<streetAddress line="2"></streetAddress>
		<streetAddress line="3"></streetAddress>
		<city>CHARLOTTE</city>
		<state-region>NC</state-region>
		<postalCode>28277-4435</postalCode>
		<country code="USA">United States</country>
		<contactName></contactName>
		<contactTitle></contactTitle>
		<phone>
			<phone type="mainphone">
				<countryPhoneCode>1</countryPhoneCode>
				<city-areacode>980</city-areacode>
				<number>3657100</number>
			</phone>
			<phone type="mainfax">
				<countryPhoneCode>1</countryPhoneCode>
				<city-areacode>302</city-areacode>
				<number>6555049</number>
			</phone>
		</phone>
	</contactInfo>
	<webLinks lastUpdated="2017-07-16T22:00:05"><webSite mainCategory="Home Page">https://www.brighthousefinancial.com/</webSite><eMail mainCategory="Company Contact/E-mail">investor.relations@brighthousefinancial.com</eMail></webLinks>
	<peerInfo lastUpdated="2020-11-09T10:52:36">
		<IndustryInfo>
			<Industry type="TRBC" order="1" reported="0" code="5530101010" mnem="">Multiline Insurance &amp; Brokers - NEC</Industry>
			<Industry type="NAICS" order="1" reported="0" code="524113" mnem="">Direct Life Insurance Carriers</Industry>
			<Industry type="NAICS" order="2" reported="0" code="525110" mnem="">Pension Funds</Industry>
			<Industry type="SIC" order="1" reported="0" code="6311" mnem="">Life Insurance</Industry>
			<Industry type="SIC" order="2" reported="0" code="6371" mnem="">Pension/health/welfare Funds</Industry>
		</IndustryInfo>
		<Indexconstituet>S&amp;P 400 Mid Cap</Indexconstituet>
	</peerInfo>
	<officers>
		<officer rank="1" since="NA">
			<firstName>Chuck</firstName>
			<mI>Edward</mI>
			<lastName>Chaplin</lastName>
			<age>63 </age>
			<title startYear="2017" startMonth="" startDay="" iD1="CHM" abbr1="Chmn." iD2="IND" abbr2="Ind. Dir.">Independent Chairman of the Board</title>
		</officer>
		<officer rank="2" since="NA">
			<firstName>Eric</firstName>
			<mI>T.</mI>
			<lastName>Steigerwalt</lastName>
			<age>58 </age>
			<title startYear="2016" startMonth="08" startDay="" iD1="PRE" abbr1="Pres." iD2="CEO" abbr2="CEO">President, Chief Executive Officer, Director</title>
		</officer>
		<officer rank="3" since="08/12/2019">
			<firstName>Edward</firstName>
			<mI>A.</mI>
			<lastName>Spehar</lastName>
			<age>54 </age>
			<title startYear="2019" startMonth="08" startDay="12" iD1="CFO" abbr1="CFO" iD2="EVP" abbr2="Exec. VP">Chief Financial Officer, Executive Vice President</title>
		</officer>
		<officer rank="4" since="NA">
			<firstName>Conor</firstName>
			<mI>E.</mI>
			<lastName>Murphy</lastName>
			<age>51 </age>
			<title startYear="2019" startMonth="08" startDay="12" iD1="COO" abbr1="COO" iD2="EVP" abbr2="Exec. VP">Chief Operating Officer, Executive Vice President</title>
		</officer>
		<officer rank="5" since="NA">
			<firstName>Christine</firstName>
			<mI>Marie</mI>
			<lastName>Debiase</lastName>
			<age>51 </age>
			<title startYear="2018" startMonth="02" startDay="" iD1="EVP" abbr1="Exec. VP" iD2="CAD" abbr2="Chief Admin.">Executive Vice President, Chief Administrative Officer and General Counsel</title>
		</officer>
		<officer rank="6" since="09/2016">
			<firstName>John</firstName>
			<mI>L.</mI>
			<lastName>Rosenthal</lastName>
			<age>59 </age>
			<title startYear="2016" startMonth="09" startDay="" iD1="EVP" abbr1="Exec. VP" iD2="CIN" abbr2="Chief Inv.Off.">Executive Vice President, Chief Investment Officer</title>
		</officer>
		<officer rank="7" since="NA">
			<firstName>Myles</firstName>
			<mI>J.</mI>
			<lastName>Lambert</lastName>
			<age>45 </age>
			<title startYear="2016" startMonth="08" startDay="" iD1="EVP" abbr1="Exec. VP" iD2="CMO" abbr2="CMO">Executive Vice President and Chief Distribution and Marketing Officer</title>
		</officer>
	</officers>
	<Ratios PriceCurrency="USD" ReportingCurrency="USD" ExchangeRate="1.00000" LatestAvailableDate="2020-09-30">
		<Group ID="Price and Volume">
			<Ratio FieldName="NPRICE" Type="N">39.27000</Ratio>
			<Ratio FieldName="NHIG" Type="N">48.25000</Ratio>
			<Ratio FieldName="NLOW" Type="N">12.05000</Ratio>
			<Ratio FieldName="PDATE" Type="D">2021-02-04T00:00:00</Ratio>
			<Ratio FieldName="VOL10DAVG" Type="N">0.75231</Ratio>
			<Ratio FieldName="EV" Type="N">1304.83500</Ratio>
		</Group>
		<Group ID="Income Statement">
			<Ratio FieldName="MKTCAP" Type="N">3514.83500</Ratio>
			<Ratio FieldName="TTMREV" Type="N">8678.00000</Ratio>
			<Ratio FieldName="TTMEBITD" Type="N">-368.00000</Ratio>
			<Ratio FieldName="TTMNIAC" Type="N">-1137.00000</Ratio>
		</Group>
		<Group ID="Per share data">
			<Ratio FieldName="TTMEPSXCLX" Type="N">-16.51552</Ratio>
			<Ratio FieldName="TTMREVPS" Type="N">86.79472</Ratio>
			<Ratio FieldName="QBVPS" Type="N">200.37530</Ratio>
			<Ratio FieldName="QCSHPS" Type="N">67.89242</Ratio>
			<Ratio FieldName="TTMCFSHR" Type="N">-99999.99000</Ratio>
			<Ratio FieldName="TTMDIVSHR" Type="N">0.00000</Ratio>
		</Group>
		<Group ID="Other Ratios">
			<Ratio FieldName="TTMGROSMGN" Type="N">-99999.99000</Ratio>
			<Ratio FieldName="TTMROEPCT" Type="N">-6.32352</Ratio>
			<Ratio FieldName="TTMPR2REV" Type="N">0.40503</Ratio>
			<Ratio FieldName="PEEXCLXOR" Type="N">-99999.99000</Ratio>
			<Ratio FieldName="PRICE2BK" Type="N">0.19598</Ratio>
			<Ratio FieldName="Employees" Type="N">1330</Ratio>
		</Group>
	</Ratios>
	<ForecastData ConsensusType="Mean" CurFiscalYear="2020" CurFiscalYearEndMonth="12" CurInterimEndCalYear="2020" CurInterimEndMonth="12" EarningsBasis="PRX">
		<Ratio FieldName="ConsRecom" Type="N">
			<Value PeriodType="CURR">3.3846</Value>
		</Ratio>
		<Ratio FieldName="TargetPrice" Type="N">
			<Value PeriodType="CURR">33.50000</Value>
		</Ratio>
		<Ratio FieldName="ProjLTGrowthRate" Type="N">
			<Value PeriodType="CURR">39.9810</Value>
		</Ratio>
		<Ratio FieldName="ProjPE" Type="N">
			<Value PeriodType="CURR">-16.24002</Value>
		</Ratio>
		<Ratio FieldName="ProjSales" Type="N">
			<Value PeriodType="CURR">7900.24550</Value>
		</Ratio>
		<Ratio FieldName="ProjSalesQ" Type="N">
			<Value PeriodType="CURR">2061.93220</Value>
		</Ratio>
		<Ratio FieldName="ProjEPS" Type="N">
			<Value PeriodType="CURR">-2.41810</Value>
		</Ratio>
		<Ratio FieldName="ProjEPSQ" Type="N">
			<Value PeriodType="CURR">2.73900</Value>
		</Ratio>
		<Ratio FieldName="ProjProfit" Type="N">
			<Value PeriodType="CURR">-337.41700</Value>
		</Ratio>
		<Ratio FieldName="ProjDPS" Type="N">
			<Value PeriodType="CURR">0.00000</Value>
		</Ratio>
	</ForecastData>
</ReportSnapshot>
