<?xml version="1.0" encoding="UTF-8"?>
<ReportSnapshot Major="1" Minor="0" Revision="1">
	<CoIDs>
		<CoID Type="RepNo">AAE7D</CoID>
		<CoID Type="CompanyName">Baidu Inc (ADR)</CoID>
		<CoID Type="CIKNo">0001329099</CoID>
		<CoID Type="OrganizationPermID">4295864818</CoID>
	</CoIDs>
	<Issues>
		<Issue ID="1" Type="C" Desc="Common Stock" Order="1">
			<IssueID Type="Name">ADR Class A</IssueID>
			<IssueID Type="Ticker">BIDU</IssueID>
			<IssueID Type="RIC">BIDU.O</IssueID>
			<IssueID Type="DisplayRIC">BIDU.OQ</IssueID>
			<IssueID Type="InstrumentPI">21250668</IssueID>
			<IssueID Type="QuotePI">21671227</IssueID>
			<IssueID Type="InstrumentPermID">8590923227</IssueID>
			<IssueID Type="QuotePermID">55835316829</IssueID>
			<Exchange Code="NASD" Country="USA">NASDAQ</Exchange>
			<GlobalListingType SharesPerListing="0.1">ADR</GlobalListingType>
			<MostRecentSplit Date="2010-05-12">10.0</MostRecentSplit>
		</Issue>
		<Issue ID="2" Type="C" Desc="Common Stock" Order="2">
			<IssueID Type="Name">Ordinary Shares Class A</IssueID>
			<IssueID Type="InstrumentPI">113538568</IssueID>
			<IssueID Type="InstrumentPermID">21508806526</IssueID>
			<Exchange Code="NASD" Country="USA">NASDAQ</Exchange>
		</Issue>
		<Issue ID="3" Type="C" Desc="Common Stock" Order="3">
			<IssueID Type="Name">Ordinary Shares</IssueID>
			<IssueID Type="InstrumentPI">124972421</IssueID>
			<IssueID Type="InstrumentPermID">21517891546</IssueID>
			<Exchange Code="NA" Country="">Not Available</Exchange>
		</Issue>
	</Issues>
	<CoGeneralInfo>
		<CoStatus Code="1">Active</CoStatus>
		<CoType Code="EQU">Equity Issue</CoType>
		<LastModified>2021-01-26</LastModified>
		<LatestAvailableAnnual>2019-12-31</LatestAvailableAnnual>
		<LatestAvailableInterim>2020-09-30</LatestAvailableInterim>
		<Employees LastUpdated="2019-12-31">37779</Employees>
		<SharesOut Date="2020-09-30" TotalFloat="26686746.0">34107564.0</SharesOut>
		<ReportingCurrency Code="CNY">Renminbi</ReportingCurrency>
		<MostRecentExchange Date="2021-02-03">6.4579</MostRecentExchange>
	</CoGeneralInfo>
	<TextInfo>
		<Text Type="Business Summary" lastModified="2017-04-27T04:21:16">Baidu, Inc. is a Chinese language Internet search provider. The Company offers a Chinese language search platform on its Baidu.com Website that enables users to find information online, including Webpages, news, images, documents and multimedia files, through links provided on its Website. In addition to serving individual Internet search users, the Company provides a platform for businesses to reach customers. Its business consists of three segments: search services, transaction services and iQiyi. Search services are keyword-based marketing services targeted at and triggered by Internet users' search queries, which mainly include its pay-for-performance (P4P) services and other online marketing services. Its transaction services include Baidu Nuomi, Baidu Takeout Delivery, Baidu Maps, Baidu Connect, Baidu Wallet and others. iQiyi is an online video platform with a content library that includes licensed movies, television series, cartoons, variety shows and other programs.</Text>
		<Text Type="Financial Summary" lastModified="2021-01-26T04:36:02">BRIEF: For the nine months ended 30 September 2020, BaiduInc (ADR) revenues decreased 2% to RMB76.81B. Net incometotaled RMB17.25B vs. loss of RMB4.29B. Revenues reflectOnline Marketing Services decrease of 9% to RMB52.13B. NetIncome reflects Other income, net increase from RMB7.8B(expense) to RMB8.9B (income), Other Selling, generaldecrease of 21% to RMB11.55B (expense).</Text>
	</TextInfo>
	<contactInfo lastUpdated="2021-01-26T04:36:14">
		<streetAddress line="1">Baidu Campus, No. 10, Shangdi</streetAddress>
		<streetAddress line="2">10th Street Haidian District,</streetAddress>
		<streetAddress line="3"></streetAddress>
		<city>BEIJING</city>
		<state-region>BEJ</state-region>
		<postalCode>100085</postalCode>
		<country code="CHN">China</country>
		<contactName></contactName>
		<contactTitle></contactTitle>
		<phone>
			<phone type="mainphone">
				<countryPhoneCode>86</countryPhoneCode>
				<city-areacode>10</city-areacode>
				<number>59928888</number>
			</phone>
			<phone type="mainfax">
				<countryPhoneCode>86</countryPhoneCode>
				<city-areacode>10</city-areacode>
				<number>59920000</number>
			</phone>
		</phone>
	</contactInfo>
	<webLinks lastUpdated="2020-06-10T09:45:02"><webSite mainCategory="Home Page">http://www.baidu.com/</webSite><eMail mainCategory="Company Contact/E-mail">ir@baidu.com</eMail></webLinks>
	<peerInfo lastUpdated="2021-01-26T04:36:14">
		<IndustryInfo>
			<Industry type="TRBC" order="1" reported="0" code="5720103011" mnem="">Search Engines</Industry>
			<Industry type="NAICS" order="1" reported="0" code="519130" mnem="">Internet Publishing and Broadcasting and Web Search Portals</Industry>
			<Industry type="NAICS" order="2" reported="0" code="551112" mnem="">Offices of Other Holding Companies</Industry>
			<Industry type="SIC" order="1" reported="0" code="7375" mnem="">Information Retrieval Services</Industry>
			<Industry type="SIC" order="2" reported="0" code="6719" mnem="">Holding Companies, Nec</Industry>
		</IndustryInfo>
	</peerInfo>
	<officers>
		<officer rank="1" since="01/2000">
			<firstName>Yanhong</firstName>
			<mI></mI>
			<lastName>Li</lastName>
			<age>51 </age>
			<title startYear="2004" startMonth="01" startDay="" iD1="CHM" abbr1="Chmn." iD2="CEO" abbr2="CEO">Chairman of the Board, Chief Executive Officer, Co-Founder</title>
		</officer>
		<officer rank="2" since="09/18/2017">
			<firstName>Herman</firstName>
			<mI></mI>
			<lastName>Yu</lastName>
			<age>49 </age>
			<title startYear="2017" startMonth="09" startDay="18" iD1="CFO" abbr1="CFO" iD2="" abbr2="">Chief Financial Officer</title>
		</officer>
		<officer rank="3" since="05/16/2019">
			<firstName>Dou</firstName>
			<mI></mI>
			<lastName>Dou</lastName>
			<age>40 </age>
			<title startYear="2019" startMonth="05" startDay="16" iD1="EVP" abbr1="Exec. VP" iD2="" abbr2="">Executive Vice President</title>
		</officer>
		<officer rank="4" since="05/2019">
			<firstName>Shanshan</firstName>
			<mI></mI>
			<lastName>Cui</lastName>
			<age>44 </age>
			<title startYear="2019" startMonth="05" startDay="" iD1="SVP" abbr1="Sr. VP" iD2="" abbr2="">Senior Vice President</title>
		</officer>
		<officer rank="5" since="10/2013">
			<firstName>Haifeng</firstName>
			<mI></mI>
			<lastName>Wang</lastName>
			<age>48 </age>
			<title startYear="2019" startMonth="05" startDay="" iD1="CTO" abbr1="CTO" iD2="" abbr2="">Chief Technology Officer</title>
		</officer>
	</officers>
	<Ratios PriceCurrency="USD" ReportingCurrency="CNY" ExchangeRate="0.15452" LatestAvailableDate="2020-09-30">
		<Group ID="Price and Volume">
			<Ratio FieldName="NPRICE" Type="N">258.43000</Ratio>
			<Ratio FieldName="NHIG" Type="N">264.94000</Ratio>
			<Ratio FieldName="NLOW" Type="N">82.00000</Ratio>
			<Ratio FieldName="PDATE" Type="D">2021-02-04T00:00:00</Ratio>
			<Ratio FieldName="VOL10DAVG" Type="N">6.63188</Ratio>
			<Ratio FieldName="EV" Type="N">76224.68000</Ratio>
		</Group>
		<Group ID="Income Statement">
			<Ratio FieldName="MKTCAP" Type="N">88144.18000</Ratio>
			<Ratio FieldName="TTMREV" Type="N">16332.38000</Ratio>
			<Ratio FieldName="TTMEBITD" Type="N">5555.74500</Ratio>
			<Ratio FieldName="TTMNIAC" Type="N">3634.39700</Ratio>
		</Group>
		<Group ID="Per share data">
			<Ratio FieldName="TTMEPSXCLX" Type="N">10.53828</Ratio>
			<Ratio FieldName="TTMREVPS" Type="N">47.21978</Ratio>
			<Ratio FieldName="QBVPS" Type="N">79.86832</Ratio>
			<Ratio FieldName="QCSHPS" Type="N">65.82745</Ratio>
			<Ratio FieldName="TTMCFSHR" Type="N">17.19114</Ratio>
			<Ratio FieldName="TTMDIVSHR" Type="N">0.00000</Ratio>
		</Group>
		<Group ID="Other Ratios">
			<Ratio FieldName="TTMGROSMGN" Type="N">46.87261</Ratio>
			<Ratio FieldName="TTMROEPCT" Type="N">14.06741</Ratio>
			<Ratio FieldName="TTMPR2REV" Type="N">5.39690</Ratio>
			<Ratio FieldName="PEEXCLXOR" Type="N">24.52298</Ratio>
			<Ratio FieldName="PRICE2BK" Type="N">3.23570</Ratio>
			<Ratio FieldName="Employees" Type="N">37779</Ratio>
		</Group>
	</Ratios>
	<ForecastData ConsensusType="Mean" CurFiscalYear="2020" CurFiscalYearEndMonth="12" CurInterimEndCalYear="2020" CurInterimEndMonth="12" EarningsBasis="PRX">
		<Ratio FieldName="ConsRecom" Type="N">
			<Value PeriodType="CURR">2.0278</Value>
		</Ratio>
		<Ratio FieldName="TargetPrice" Type="N">
			<Value PeriodType="CURR">161.30800</Value>
		</Ratio>
		<Ratio FieldName="ProjLTGrowthRate" Type="N">
			<Value PeriodType="CURR">37.2008</Value>
		</Ratio>
		<Ratio FieldName="ProjPE" Type="N">
			<Value PeriodType="CURR">27.79833</Value>
		</Ratio>
		<Ratio FieldName="ProjSales" Type="N">
			<Value PeriodType="CURR">16594.28596</Value>
		</Ratio>
		<Ratio FieldName="ProjSalesQ" Type="N">
			<Value PeriodType="CURR">4645.89315</Value>
		</Ratio>
		<Ratio FieldName="ProjEPS" Type="N">
			<Value PeriodType="CURR">9.29660</Value>
		</Ratio>
		<Ratio FieldName="ProjEPSQ" Type="N">
			<Value PeriodType="CURR">2.61582</Value>
		</Ratio>
		<Ratio FieldName="ProjProfit" Type="N">
			<Value PeriodType="CURR">3214.61932</Value>
		</Ratio>
		<Ratio FieldName="ProjDPS" Type="N">
			<Value PeriodType="CURR">0.00000</Value>
		</Ratio>
	</ForecastData>
</ReportSnapshot>
