<?xml version="1.0" encoding="UTF-8"?>
<ReportSnapshot Major="1" Minor="0" Revision="1">
	<CoIDs>
		<CoID Type="RepNo">A07FB</CoID>
		<CoID Type="CompanyName">Biogen Inc</CoID>
		<CoID Type="IRSNo">330112644</CoID>
		<CoID Type="CIKNo">0000875045</CoID>
		<CoID Type="OrganizationPermID">4295906748</CoID>
	</CoIDs>
	<Issues>
		<Issue ID="1" Type="C" Desc="Common Stock" Order="1">
			<IssueID Type="Name">Ordinary Shares</IssueID>
			<IssueID Type="Ticker">BIIB</IssueID>
			<IssueID Type="RIC">BIIB.O</IssueID>
			<IssueID Type="DisplayRIC">BIIB.OQ</IssueID>
			<IssueID Type="InstrumentPI">260745</IssueID>
			<IssueID Type="QuotePI">7737029</IssueID>
			<IssueID Type="InstrumentPermID">8590938913</IssueID>
			<IssueID Type="QuotePermID">55835334296</IssueID>
			<Exchange Code="NASD" Country="USA">NASDAQ</Exchange>
			<GlobalListingType>OSR</GlobalListingType>
			<MostRecentSplit Date="2001-01-18">3.0</MostRecentSplit>
		</Issue>
		<Issue ID="2" Type="P" Desc="Preferred Stock" Order="1">
			<IssueID Type="Name">Preference Shares Series A</IssueID>
			<IssueID Type="InstrumentPI">68246038</IssueID>
			<IssueID Type="InstrumentPermID">21474968544</IssueID>
			<Exchange Code="NA" Country="">Not Available</Exchange>
		</Issue>
		<Issue ID="3" Type="P" Desc="Preferred Stock" Order="2">
			<IssueID Type="Name">Preference Shares Series X</IssueID>
			<IssueID Type="InstrumentPI">68246039</IssueID>
			<IssueID Type="InstrumentPermID">21474968545</IssueID>
			<Exchange Code="NA" Country="">Not Available</Exchange>
		</Issue>
	</Issues>
	<CoGeneralInfo>
		<CoStatus Code="1">Active</CoStatus>
		<CoType Code="EQU">Equity Issue</CoType>
		<LastModified>2021-02-04</LastModified>
		<LatestAvailableAnnual>2020-12-31</LatestAvailableAnnual>
		<LatestAvailableInterim>2020-12-31</LatestAvailableInterim>
		<Employees LastUpdated="2020-12-31">9100</Employees>
		<SharesOut Date="2021-02-02" TotalFloat="150876000.0">152335731.0</SharesOut>
		<ReportingCurrency Code="USD">U.S. Dollars</ReportingCurrency>
		<MostRecentExchange Date="2021-02-03">1.0</MostRecentExchange>
	</CoGeneralInfo>
	<TextInfo>
		<Text Type="Business Summary" lastModified="2017-05-19T00:23:30">Biogen Inc. is a biopharmaceutical company. The Company focuses on discovering, developing, manufacturing and delivering therapies to people living with serious neurological, rare and autoimmune diseases. The Company markets products, including TECFIDERA, AVONEX, PLEGRIDY, TYSABRI, ZINBRYTA and FAMPYRA for multiple sclerosis (MS), FUMADERM for the treatment of severe plaque psoriasis and SPINRAZA for the treatment of spinal muscular atrophy (SMA). It also has a collaboration agreement with Genentech, Inc. (Genentech), a member of the Roche Group, with respect to RITUXAN for the treatment of non-Hodgkin's lymphoma, chronic lymphocytic leukemia (CLL) and other conditions, GAZYVA indicated for the treatment of CLL and follicular lymphoma, and other anti-CD20 therapies. The Company's product candidate includes OCREVUS; Biosimilar adalimumab; Aducanumab; E2609; BIIB074; BAN2401; Opicinumab; CIRARA; BIIB061; BIIB054; BIIB067, and BIIB068.</Text>
		<Text Type="Financial Summary" lastModified="2021-02-04T05:58:29">BRIEF: For the fiscal year ended 31 December 2020, BiogenInc revenues decreased 6% to $13.44B. Net income decreased32% to $4B. Revenues reflect United States segment decreaseof 12% to $5.9B, United states-Revenues from anti-CD20therapeutic segment decrease of 14% to $1.98B. Net incomealso reflects Other Research and development increase of78% to $3.9B (expense), Selling and general exp increase of9% to $2.28B (expense).</Text>
	</TextInfo>
	<contactInfo lastUpdated="2021-02-04T05:59:06">
		<streetAddress line="1">225 Binney St</streetAddress>
		<streetAddress line="2"></streetAddress>
		<streetAddress line="3"></streetAddress>
		<city>CAMBRIDGE</city>
		<state-region>MA</state-region>
		<postalCode>02142-1031</postalCode>
		<country code="USA">United States</country>
		<contactName></contactName>
		<contactTitle></contactTitle>
		<phone>
			<phone type="mainphone">
				<countryPhoneCode>1</countryPhoneCode>
				<city-areacode>781</city-areacode>
				<number>4642000</number>
			</phone>
			<phone type="mainfax">
				<countryPhoneCode>1</countryPhoneCode>
				<city-areacode>302</city-areacode>
				<number>6365454</number>
			</phone>
		</phone>
	</contactInfo>
	<webLinks lastUpdated="2017-01-11T22:00:04"><webSite mainCategory="Home Page">https://www.biogen.com/</webSite><eMail mainCategory="Company Contact/E-mail">IR@biogen.com</eMail></webLinks>
	<peerInfo lastUpdated="2021-02-04T05:59:06">
		<IndustryInfo>
			<Industry type="TRBC" order="1" reported="0" code="5620104012" mnem="">Biopharmaceuticals</Industry>
			<Industry type="NAICS" order="1" reported="0" code="325412" mnem="">Pharmaceutical Preparation Mfg</Industry>
			<Industry type="NAICS" order="2" reported="0" code="541712" mnem="">Research and Development in the Physical, Engineering, and Life Sciences (except Biotechnology)</Industry>
			<Industry type="NAICS" order="3" reported="0" code="325414" mnem="">Biological Product (exc Diagnostic) Mfg</Industry>
			<Industry type="SIC" order="0" reported="1" code="2836" mnem="">Biological Prod's Not Diagnostic</Industry>
			<Industry type="SIC" order="1" reported="0" code="2834" mnem="">Pharmaceutical Preparations</Industry>
			<Industry type="SIC" order="2" reported="0" code="8731" mnem="">Commercial Physical Research</Industry>
			<Industry type="SIC" order="3" reported="0" code="2836" mnem="">Biological Prod's Not Diagnostic</Industry>
		</IndustryInfo>
		<Indexconstituet>S&amp;P 500</Indexconstituet>
	</peerInfo>
	<officers>
		<officer rank="1" since="06/2014">
			<firstName>Stelios</firstName>
			<mI>B.</mI>
			<lastName>Papadopoulos</lastName>
			<age>72 </age>
			<title startYear="2014" startMonth="06" startDay="" iD1="CHM" abbr1="Chmn." iD2="IND" abbr2="Ind. Dir.">Independent Chairman of the Board</title>
		</officer>
		<officer rank="2" since="04/18/2016">
			<firstName>Michel</firstName>
			<mI></mI>
			<lastName>Vounatsos</lastName>
			<age>58 </age>
			<title startYear="2017" startMonth="01" startDay="06" iD1="CEO" abbr1="CEO" iD2="DRC" abbr2="Dir.">Chief Executive Officer, Director</title>
		</officer>
		<officer rank="3" since="08/15/2020">
			<firstName>Michael</firstName>
			<mI>R.</mI>
			<lastName>McDonnell</lastName>
			<age>56 </age>
			<title startYear="2020" startMonth="08" startDay="15" iD1="CFO" abbr1="CFO" iD2="EVP" abbr2="Exec. VP">Chief Financial Officer, Executive Vice President</title>
		</officer>
		<officer rank="4" since="07/17/2017">
			<firstName>Ginger</firstName>
			<mI></mI>
			<lastName>Gregory</lastName>
			<age>51 </age>
			<title startYear="2017" startMonth="07" startDay="17" iD1="CHO" abbr1="Chief HR" iD2="EVP" abbr2="Exec. VP">Chief Human Resource Officer, Executive Vice President</title>
		</officer>
		<officer rank="5" since="01/30/2006">
			<firstName>Susan</firstName>
			<mI>H.</mI>
			<lastName>Alexander</lastName>
			<age>63 </age>
			<title startYear="2018" startMonth="04" startDay="" iD1="EVP" abbr1="Exec. VP" iD2="SEC" abbr2="Secy.">Executive Vice President, Chief Legal Officer and Secretary</title>
		</officer>
		<officer rank="6" since="10/01/2019">
			<firstName>Alphonse</firstName>
			<mI></mI>
			<lastName>Galdes</lastName>
			<age></age>
			<title startYear="2019" startMonth="10" startDay="01" iD1="EVP" abbr1="Exec. VP" iD2="" abbr2="">Executive Vice President, Pharmaceutical Operations and Technology</title>
		</officer>
		<officer rank="7" since="11/07/2017">
			<firstName>Chirfi</firstName>
			<mI></mI>
			<lastName>Guindo</lastName>
			<age>53 </age>
			<title startYear="2017" startMonth="11" startDay="07" iD1="EVP" abbr1="Exec. VP" iD2="" abbr2="">Executive Vice President, Head of Global Marketing, Market Access and Customer Innovation</title>
		</officer>
		<officer rank="8" since="06/11/2018">
			<firstName>Daniel</firstName>
			<mI></mI>
			<lastName>Karp</lastName>
			<age>41 </age>
			<title startYear="2018" startMonth="06" startDay="11" iD1="EVP" abbr1="Exec. VP" iD2="" abbr2="">Executive Vice President, Corporate Development</title>
		</officer>
		<officer rank="9" since="05/2013">
			<firstName>Alfred</firstName>
			<mI>W.</mI>
			<lastName>Sandrock</lastName>
			<age>62 </age>
			<title startYear="2019" startMonth="09" startDay="29" iD1="EVP" abbr1="Exec. VP" iD2="" abbr2="">Executive Vice President, Research and Development, Chief Medical Officer</title>
		</officer>
		<officer rank="10" since="11/19/2018">
			<firstName>Robin</firstName>
			<mI>C.</mI>
			<lastName>Kramer</lastName>
			<age></age>
			<title startYear="2018" startMonth="11" startDay="19" iD1="CAO" abbr1="CAO" iD2="VPR" abbr2="VP">Chief Accounting Officer, Vice President</title>
		</officer>
	</officers>
	<Ratios PriceCurrency="USD" ReportingCurrency="USD" ExchangeRate="1.00000" LatestAvailableDate="2020-12-31">
		<Group ID="Price and Volume">
			<Ratio FieldName="NPRICE" Type="N">267.39000</Ratio>
			<Ratio FieldName="NHIG" Type="N">363.92000</Ratio>
			<Ratio FieldName="NLOW" Type="N">223.25000</Ratio>
			<Ratio FieldName="PDATE" Type="D">2021-02-04T00:00:00</Ratio>
			<Ratio FieldName="VOL10DAVG" Type="N">1.59855</Ratio>
			<Ratio FieldName="EV" Type="N">45962.50000</Ratio>
		</Group>
		<Group ID="Income Statement">
			<Ratio FieldName="MKTCAP" Type="N">41146.40000</Ratio>
			<Ratio FieldName="TTMREV" Type="N">13444.60000</Ratio>
			<Ratio FieldName="TTMEBITD" Type="N">5459.70000</Ratio>
			<Ratio FieldName="TTMNIAC" Type="N">4000.60000</Ratio>
		</Group>
		<Group ID="Per share data">
			<Ratio FieldName="TTMEPSXCLX" Type="N">24.45181</Ratio>
			<Ratio FieldName="TTMREVPS" Type="N">83.33860</Ratio>
			<Ratio FieldName="QBVPS" Type="N">70.21194</Ratio>
			<Ratio FieldName="QCSHPS" Type="N">17.12664</Ratio>
			<Ratio FieldName="TTMCFSHR" Type="N">27.97273</Ratio>
			<Ratio FieldName="TTMDIVSHR" Type="N">0.00000</Ratio>
		</Group>
		<Group ID="Other Ratios">
			<Ratio FieldName="TTMGROSMGN" Type="N">86.57379</Ratio>
			<Ratio FieldName="TTMROEPCT" Type="N">33.27802</Ratio>
			<Ratio FieldName="TTMPR2REV" Type="N">3.06044</Ratio>
			<Ratio FieldName="PEEXCLXOR" Type="N">10.93539</Ratio>
			<Ratio FieldName="PRICE2BK" Type="N">3.80833</Ratio>
			<Ratio FieldName="Employees" Type="N">9100</Ratio>
		</Group>
	</Ratios>
	<ForecastData ConsensusType="Mean" CurFiscalYear="2021" CurFiscalYearEndMonth="12" CurInterimEndCalYear="2021" CurInterimEndMonth="3" EarningsBasis="PRX">
		<Ratio FieldName="ConsRecom" Type="N">
			<Value PeriodType="CURR">2.6667</Value>
		</Ratio>
		<Ratio FieldName="TargetPrice" Type="N">
			<Value PeriodType="CURR">306.33330</Value>
		</Ratio>
		<Ratio FieldName="ProjLTGrowthRate" Type="N">
			<Value PeriodType="CURR">-4.9207</Value>
		</Ratio>
		<Ratio FieldName="ProjPE" Type="N">
			<Value PeriodType="CURR">13.04723</Value>
		</Ratio>
		<Ratio FieldName="ProjSales" Type="N">
			<Value PeriodType="CURR">10792.62420</Value>
		</Ratio>
		<Ratio FieldName="ProjSalesQ" Type="N">
			<Value PeriodType="CURR">2658.58130</Value>
		</Ratio>
		<Ratio FieldName="ProjEPS" Type="N">
			<Value PeriodType="CURR">20.49400</Value>
		</Ratio>
		<Ratio FieldName="ProjEPSQ" Type="N">
			<Value PeriodType="CURR">5.03070</Value>
		</Ratio>
		<Ratio FieldName="ProjProfit" Type="N">
			<Value PeriodType="CURR">3012.14070</Value>
		</Ratio>
		<Ratio FieldName="ProjDPS" Type="N">
			<Value PeriodType="CURR">0.00000</Value>
		</Ratio>
	</ForecastData>
</ReportSnapshot>
