<?xml version="1.0" encoding="UTF-8"?>
<ReportSnapshot Major="1" Minor="0" Revision="1">
	<CoIDs>
		<CoID Type="RepNo">A0F28</CoID>
		<CoID Type="CompanyName">BIOLASE Inc</CoID>
		<CoID Type="IRSNo">870442441</CoID>
		<CoID Type="CIKNo">0000811240</CoID>
		<CoID Type="OrganizationPermID">4295912667</CoID>
	</CoIDs>
	<Issues>
		<Issue ID="1" Type="C" Desc="Common Stock" Order="1">
			<IssueID Type="Name">Ordinary Shares</IssueID>
			<IssueID Type="Ticker">BIOL</IssueID>
			<IssueID Type="RIC">BIOL.O</IssueID>
			<IssueID Type="DisplayRIC">BIOL.OQ</IssueID>
			<IssueID Type="InstrumentPI">307397</IssueID>
			<IssueID Type="QuotePI">7694938</IssueID>
			<IssueID Type="InstrumentPermID">8590923416</IssueID>
			<IssueID Type="QuotePermID">55835316897</IssueID>
			<Exchange Code="NASD" Country="USA">NASDAQ</Exchange>
			<GlobalListingType>OSR</GlobalListingType>
			<MostRecentSplit Date="2018-05-11">0.2</MostRecentSplit>
		</Issue>
		<Issue ID="2" Type="P" Desc="Preferred Stock" Order="1">
			<IssueID Type="Name">Preference Shares</IssueID>
			<IssueID Type="InstrumentPI">429698615</IssueID>
			<IssueID Type="InstrumentPermID">21745932029</IssueID>
			<Exchange Code="NA" Country="">Not Available</Exchange>
		</Issue>
	</Issues>
	<CoGeneralInfo>
		<CoStatus Code="1">Active</CoStatus>
		<CoType Code="EQU">Equity Issue</CoType>
		<LastModified>2020-11-17</LastModified>
		<LatestAvailableAnnual>2019-12-31</LatestAvailableAnnual>
		<LatestAvailableInterim>2020-09-30</LatestAvailableInterim>
		<Employees LastUpdated="2019-12-31">157</Employees>
		<SharesOut Date="2021-01-25" TotalFloat="114796048.0">125154981.0</SharesOut>
		<ReportingCurrency Code="USD">U.S. Dollars</ReportingCurrency>
		<MostRecentExchange Date="2021-02-03">1.0</MostRecentExchange>
	</CoGeneralInfo>
	<TextInfo>
		<Text Type="Business Summary" lastModified="2016-05-16T00:39:30">BIOLASE, Inc. (BIOLASE) is a medical device company that develops, manufactures, markets and sells laser systems in dentistry and medicine. The Company markets, sells, and distributes dental imaging equipment, including cone beam digital x-rays and computer-aided design (CAD)/computer-aided manufacturing (CAM) intra-oral scanners, in-office, chair-side milling machines and three-dimensional (3-D) printers. It offers two categories of laser system products: WaterLase (all-tissue) systems and Diode (soft tissue) systems. Its brand, WaterLase, uses a combination of water and laser energy to perform procedures performed using drills, scalpels, and other traditional dental instruments for cutting soft and hard tissue. It also offers its Diode laser systems to perform soft tissue, pain therapy, and cosmetic procedures, including teeth whitening. Its Waterlase and Diode systems use disposable laser tips of differing sizes and shapes depending on the procedures being performed.</Text>
		<Text Type="Financial Summary" lastModified="2020-11-17T10:19:11">BRIEF: For the nine months ended 30 September 2020, BIOLASEInc revenues decreased 48% to $14.3M. Net loss applicableto common stockholders increased 97% to $28.1M. Revenuesreflect Laser systems segment decrease of 2% to $4.8M,Imaging systems segment decrease from $63K to $0K,International segment decrease of 61% to $2.5M, UnitedStates segment decrease of 36% to $7M.</Text>
	</TextInfo>
	<contactInfo lastUpdated="2021-01-26T08:46:43">
		<streetAddress line="1">4 CROMWELL</streetAddress>
		<streetAddress line="2"></streetAddress>
		<streetAddress line="3"></streetAddress>
		<city>IRVINE</city>
		<state-region>CA</state-region>
		<postalCode>92618-1816</postalCode>
		<country code="USA">United States</country>
		<contactName></contactName>
		<contactTitle></contactTitle>
		<phone>
			<phone type="mainphone">
				<countryPhoneCode>1</countryPhoneCode>
				<city-areacode>949</city-areacode>
				<number>3611200</number>
			</phone>
			<phone type="mainfax">
				<countryPhoneCode>1</countryPhoneCode>
				<city-areacode>949</city-areacode>
				<number>2736677</number>
			</phone>
		</phone>
	</contactInfo>
	<webLinks lastUpdated="2019-12-02T11:02:57"><webSite mainCategory="Home Page">https://www.biolase.com/</webSite><eMail mainCategory="Company Contact/E-mail">
		</eMail></webLinks>
	<peerInfo lastUpdated="2021-01-26T08:46:43">
		<IndustryInfo>
			<Industry type="TRBC" order="1" reported="0" code="5610101010" mnem="">Advanced Medical Equipment &amp; Technology - NEC</Industry>
			<Industry type="NAICS" order="1" reported="0" code="339114" mnem="">Dental Equipment &amp; Supplies Mfg</Industry>
			<Industry type="NAICS" order="2" reported="0" code="423450" mnem="">Medical, Dental, and Hospital Equipment and Supplies Merchant Wholesalers</Industry>
			<Industry type="SIC" order="0" reported="1" code="3843" mnem="">Dental Equipment And Supplies</Industry>
			<Industry type="SIC" order="1" reported="0" code="3843" mnem="">Dental Equipment And Supplies</Industry>
			<Industry type="SIC" order="2" reported="0" code="5047" mnem="">Medical And Hospital Equipment</Industry>
		</IndustryInfo>
	</peerInfo>
	<officers>
		<officer rank="1" since="09/01/2017">
			<firstName>Jonathan</firstName>
			<mI>T.</mI>
			<lastName>Lord</lastName>
			<age>65 </age>
			<title startYear="2017" startMonth="09" startDay="01" iD1="CHM" abbr1="Chmn." iD2="IND" abbr2="Ind. Dir.">Independent Chairman of the Board</title>
		</officer>
		<officer rank="2" since="08/07/2018">
			<firstName>Todd</firstName>
			<mI>A.</mI>
			<lastName>Norbe</lastName>
			<age>53 </age>
			<title startYear="2018" startMonth="08" startDay="07" iD1="PRE" abbr1="Pres." iD2="CEO" abbr2="CEO">President, Chief Executive Officer, Director</title>
		</officer>
		<officer rank="3" since="10/01/2017">
			<firstName>John</firstName>
			<mI>R.</mI>
			<lastName>Beaver</lastName>
			<age>58 </age>
			<title startYear="2018" startMonth="08" startDay="07" iD1="CFO" abbr1="CFO" iD2="EVP" abbr2="Exec. VP">Chief Financial Officer, Executive Vice President</title>
		</officer>
		<officer rank="4" since="07/2011">
			<firstName>Richard</firstName>
			<mI>R.</mI>
			<lastName>Whipp</lastName>
			<age>65 </age>
			<title startYear="2011" startMonth="10" startDay="" iD1="VOP" abbr1="VP-Op." iD2="" abbr2="">Vice President - Operations</title>
		</officer>
	</officers>
	<Ratios PriceCurrency="USD" ReportingCurrency="USD" ExchangeRate="1.00000" LatestAvailableDate="2020-09-30">
		<Group ID="Price and Volume">
			<Ratio FieldName="NPRICE" Type="N">1.10000</Ratio>
			<Ratio FieldName="NHIG" Type="N">1.51000</Ratio>
			<Ratio FieldName="NLOW" Type="N">0.21100</Ratio>
			<Ratio FieldName="PDATE" Type="D">2021-02-04T00:00:00</Ratio>
			<Ratio FieldName="VOL10DAVG" Type="N">41.05426</Ratio>
			<Ratio FieldName="EV" Type="N">135.05050</Ratio>
		</Group>
		<Group ID="Income Statement">
			<Ratio FieldName="MKTCAP" Type="N">137.67050</Ratio>
			<Ratio FieldName="TTMREV" Type="N">24.44200</Ratio>
			<Ratio FieldName="TTMEBITD" Type="N">-15.29000</Ratio>
			<Ratio FieldName="TTMNIAC" Type="N">-31.65200</Ratio>
		</Group>
		<Group ID="Per share data">
			<Ratio FieldName="TTMEPSXCLX" Type="N">-0.50331</Ratio>
			<Ratio FieldName="TTMREVPS" Type="N">0.47260</Ratio>
			<Ratio FieldName="QBVPS" Type="N">0.14894</Ratio>
			<Ratio FieldName="QCSHPS" Type="N">0.20266</Ratio>
			<Ratio FieldName="TTMCFSHR" Type="N">-0.26140</Ratio>
			<Ratio FieldName="TTMDIVSHR" Type="N">0.00000</Ratio>
		</Group>
		<Group ID="Other Ratios">
			<Ratio FieldName="TTMGROSMGN" Type="N">36.76049</Ratio>
			<Ratio FieldName="TTMROEPCT" Type="N">-500.66430</Ratio>
			<Ratio FieldName="TTMPR2REV" Type="N">5.63254</Ratio>
			<Ratio FieldName="PEEXCLXOR" Type="N">-99999.99000</Ratio>
			<Ratio FieldName="PRICE2BK" Type="N">7.46163</Ratio>
			<Ratio FieldName="Employees" Type="N">157</Ratio>
		</Group>
	</Ratios>
	<ForecastData ConsensusType="Mean" CurFiscalYear="2020" CurFiscalYearEndMonth="12" CurInterimEndCalYear="2020" CurInterimEndMonth="12" EarningsBasis="PRX">
		<Ratio FieldName="ConsRecom" Type="N">
			<Value PeriodType="CURR">1.6667</Value>
		</Ratio>
		<Ratio FieldName="TargetPrice" Type="N">
			<Value PeriodType="CURR">1.57500</Value>
		</Ratio>
		<Ratio FieldName="ProjLTGrowthRate" Type="N">
			<Value PeriodType="CURR">-99999.99000</Value>
		</Ratio>
		<Ratio FieldName="ProjPE" Type="N">
			<Value PeriodType="CURR">-2.05607</Value>
		</Ratio>
		<Ratio FieldName="ProjSales" Type="N">
			<Value PeriodType="CURR">22.14230</Value>
		</Ratio>
		<Ratio FieldName="ProjSalesQ" Type="N">
			<Value PeriodType="CURR">7.90230</Value>
		</Ratio>
		<Ratio FieldName="ProjEPS" Type="N">
			<Value PeriodType="CURR">-0.53500</Value>
		</Ratio>
		<Ratio FieldName="ProjEPSQ" Type="N">
			<Value PeriodType="CURR">-0.03670</Value>
		</Ratio>
		<Ratio FieldName="ProjProfit" Type="N">
			<Value PeriodType="CURR">-31.72730</Value>
		</Ratio>
		<Ratio FieldName="ProjDPS" Type="N">
			<Value PeriodType="CURR">-99999.99000</Value>
		</Ratio>
	</ForecastData>
</ReportSnapshot>
