<?xml version="1.0" encoding="UTF-8"?>
<ReportSnapshot Major="1" Minor="0" Revision="1">
	<CoIDs>
		<CoID Type="RepNo">AE8CB</CoID>
		<CoID Type="CompanyName">Blackrock Capital Investment Corp</CoID>
		<CoID Type="IRSNo">202725151</CoID>
		<CoID Type="CIKNo">0001326003</CoID>
		<CoID Type="OrganizationPermID">4298009993</CoID>
	</CoIDs>
	<Issues>
		<Issue ID="1" Type="C" Desc="Common Stock" Order="1">
			<IssueID Type="Name">Ordinary Shares</IssueID>
			<IssueID Type="Ticker">BKCC</IssueID>
			<IssueID Type="RIC">BKCC.O</IssueID>
			<IssueID Type="DisplayRIC">BKCC.OQ</IssueID>
			<IssueID Type="InstrumentPI">34376410</IssueID>
			<IssueID Type="QuotePI">34801263</IssueID>
			<IssueID Type="InstrumentPermID">8589936769</IssueID>
			<IssueID Type="QuotePermID">55835316648</IssueID>
			<Exchange Code="NASD" Country="USA">NASDAQ</Exchange>
			<GlobalListingType>OSR</GlobalListingType>
			<MostRecentSplit Date="2020-11-17">1.03265</MostRecentSplit>
		</Issue>
	</Issues>
	<CoGeneralInfo>
		<CoStatus Code="1">Active</CoStatus>
		<CoType Code="EQU">Equity Issue</CoType>
		<LastModified>2020-11-18</LastModified>
		<LatestAvailableAnnual>2019-12-31</LatestAvailableAnnual>
		<LatestAvailableInterim>2020-09-30</LatestAvailableInterim>
		<SharesOut Date="2020-11-17" TotalFloat="71047153.0">74672696.0</SharesOut>
		<ReportingCurrency Code="USD">U.S. Dollars</ReportingCurrency>
		<MostRecentExchange Date="2021-02-03">1.0</MostRecentExchange>
	</CoGeneralInfo>
	<TextInfo>
		<Text Type="Business Summary" lastModified="2017-03-19T23:10:33">BlackRock Capital Investment Corporation is an externally-managed, non-diversified, closed-end management investment company. The Company's investment objective is to generate both current income and capital appreciation through its debt and equity investments. The Company provides middle-market companies with a range of financing solutions, including senior and junior secured, unsecured and subordinated debt securities and loans, and equity securities. Its targeted investment typically ranges between $10 million and $50 million. The Company generally seeks to invest in companies that operate in a range of industries. The Company's investments are in senior and junior secured, unsecured and subordinated loans to the United States private and certain public middle-market companies. The Company's investment advisor is BlackRock Advisors, LLC.</Text>
		<Text Type="Financial Summary" lastModified="2020-11-18T07:58:23">BRIEF: For the nine months ended 30 September 2020,Blackrock Capital Investment Corp revenues decreased 11% to$52.5M. Net loss increased from $5.3M to $113.8M. Revenuesreflect Dividend Income - Investme decrease of 43% to $7M,Cash interest income - Investme decrease of 89% to $358K,Fees and Commissions Income. decrease of 94% to $77K.Higher net loss reflects Realized G/L on InvestmentsSecuriti increase from $0K to $59.2M (expense).</Text>
	</TextInfo>
	<contactInfo lastUpdated="2021-01-20T16:19:55">
		<streetAddress line="1">40 E 52nd St</streetAddress>
		<streetAddress line="2"></streetAddress>
		<streetAddress line="3"></streetAddress>
		<city>NEW YORK</city>
		<state-region>NY</state-region>
		<postalCode>10022-5911</postalCode>
		<country code="USA">United States</country>
		<contactName></contactName>
		<contactTitle></contactTitle>
		<phone>
			<phone type="mainphone">
				<countryPhoneCode>1</countryPhoneCode>
				<city-areacode>212</city-areacode>
				<number>7545300</number>
			</phone>
			<phone type="mainfax">
				<countryPhoneCode>1</countryPhoneCode>
				<city-areacode>212</city-areacode>
				<number>8105801</number>
			</phone>
		</phone>
	</contactInfo>
	<webLinks lastUpdated="2016-03-30T02:30:07"><webSite mainCategory="Home Page">http://www.blackrockbkcc.com/</webSite><eMail mainCategory="Company Contact/E-mail">cp@blackrockkelso.com</eMail></webLinks>
	<peerInfo lastUpdated="2021-01-20T16:19:55">
		<IndustryInfo>
			<Industry type="TRBC" order="1" reported="0" code="5550103010" mnem="">Closed End Funds</Industry>
			<Industry type="NAICS" order="1" reported="0" code="525990" mnem="">Other Financial Vehicles</Industry>
			<Industry type="SIC" order="1" reported="0" code="6726" mnem="">Investment Offices, Nec</Industry>
		</IndustryInfo>
	</peerInfo>
	<officers>
		<officer rank="1" since="01/01/2017">
			<firstName>James</firstName>
			<mI>E.</mI>
			<lastName>Keenan</lastName>
			<age>44 </age>
			<title startYear="2018" startMonth="04" startDay="30" iD1="CHM" abbr1="Chmn." iD2="CEO" abbr2="CEO">Chairman of the Board, Interim Chief Executive Officer</title>
		</officer>
		<officer rank="2" since="11/03/2020">
			<firstName>Nikunj</firstName>
			<mI></mI>
			<lastName>Singhal</lastName>
			<age>46 </age>
			<title startYear="2020" startMonth="11" startDay="03" iD1="PRE" abbr1="Pres." iD2="" abbr2="">President</title>
		</officer>
		<officer rank="3" since="11/09/2020">
			<firstName>Abby</firstName>
			<mI></mI>
			<lastName>Miller</lastName>
			<age>37 </age>
			<title startYear="2020" startMonth="11" startDay="09" iD1="CFO" abbr1="CFO" iD2="TRS" abbr2="Treas.">Chief Financial Officer, Treasurer</title>
		</officer>
		<officer rank="4" since="11/04/2015">
			<firstName>Charles</firstName>
			<mI>C. S.</mI>
			<lastName>Park</lastName>
			<age>53 </age>
			<title startYear="2015" startMonth="11" startDay="04" iD1="CCO" abbr1="Chief Comp." iD2="" abbr2="">Chief Compliance Officer</title>
		</officer>
	</officers>
	<Ratios PriceCurrency="USD" ReportingCurrency="USD" ExchangeRate="1.00000" LatestAvailableDate="2020-09-30">
		<Group ID="Price and Volume">
			<Ratio FieldName="NPRICE" Type="N">3.37000</Ratio>
			<Ratio FieldName="NHIG" Type="N">4.78872</Ratio>
			<Ratio FieldName="NLOW" Type="N">1.38299</Ratio>
			<Ratio FieldName="PDATE" Type="D">2021-02-04T00:00:00</Ratio>
			<Ratio FieldName="VOL10DAVG" Type="N">0.49870</Ratio>
			<Ratio FieldName="EV" Type="N">551.24394</Ratio>
		</Group>
		<Group ID="Income Statement">
			<Ratio FieldName="MKTCAP" Type="N">251.64700</Ratio>
			<Ratio FieldName="TTMREV" Type="N">71.69569</Ratio>
			<Ratio FieldName="TTMEBITD" Type="N">36.55229</Ratio>
			<Ratio FieldName="TTMNIAC" Type="N">-115.32630</Ratio>
		</Group>
		<Group ID="Per share data">
			<Ratio FieldName="TTMEPSXCLX" Type="N">-1.60306</Ratio>
			<Ratio FieldName="TTMREVPS" Type="N">0.98803</Ratio>
			<Ratio FieldName="QBVPS" Type="N">4.10536</Ratio>
			<Ratio FieldName="QCSHPS" Type="N">0.07284</Ratio>
			<Ratio FieldName="TTMCFSHR" Type="N">-99999.99000</Ratio>
			<Ratio FieldName="TTMDIVSHR" Type="N">0.37963</Ratio>
		</Group>
		<Group ID="Other Ratios">
			<Ratio FieldName="TTMGROSMGN" Type="N">58.99840</Ratio>
			<Ratio FieldName="TTMROEPCT" Type="N">-30.61582</Ratio>
			<Ratio FieldName="TTMPR2REV" Type="N">3.50993</Ratio>
			<Ratio FieldName="PEEXCLXOR" Type="N">-99999.99000</Ratio>
			<Ratio FieldName="PRICE2BK" Type="N">0.82088</Ratio>
			<Ratio FieldName="Employees" Type="N">-99999.99000</Ratio>
		</Group>
	</Ratios>
	<ForecastData ConsensusType="Mean" CurFiscalYear="2020" CurFiscalYearEndMonth="12" CurInterimEndCalYear="2020" CurInterimEndMonth="12" EarningsBasis="PRX">
		<Ratio FieldName="ConsRecom" Type="N">
			<Value PeriodType="CURR">3</Value>
		</Ratio>
		<Ratio FieldName="TargetPrice" Type="N">
			<Value PeriodType="CURR">3.40040</Value>
		</Ratio>
		<Ratio FieldName="ProjLTGrowthRate" Type="N">
			<Value PeriodType="CURR">-99999.99000</Value>
		</Ratio>
		<Ratio FieldName="ProjPE" Type="N">
			<Value PeriodType="CURR">6.85656</Value>
		</Ratio>
		<Ratio FieldName="ProjSales" Type="N">
			<Value PeriodType="CURR">68.50000</Value>
		</Ratio>
		<Ratio FieldName="ProjSalesQ" Type="N">
			<Value PeriodType="CURR">15.83500</Value>
		</Ratio>
		<Ratio FieldName="ProjEPS" Type="N">
			<Value PeriodType="CURR">0.49150</Value>
		</Ratio>
		<Ratio FieldName="ProjEPSQ" Type="N">
			<Value PeriodType="CURR">0.10810</Value>
		</Ratio>
		<Ratio FieldName="ProjProfit" Type="N">
			<Value PeriodType="CURR">35.00000</Value>
		</Ratio>
		<Ratio FieldName="ProjDPS" Type="N">
			<Value PeriodType="CURR">0.41390</Value>
		</Ratio>
	</ForecastData>
</ReportSnapshot>
