<?xml version="1.0" encoding="UTF-8"?>
<ReportSnapshot Major="1" Minor="0" Revision="1">
	<CoIDs>
		<CoID Type="RepNo">A1E44</CoID>
		<CoID Type="CompanyName">Booking Holdings Inc</CoID>
		<CoID Type="IRSNo">061528493</CoID>
		<CoID Type="CIKNo">0001075531</CoID>
		<CoID Type="OrganizationPermID">4295914598</CoID>
	</CoIDs>
	<Issues>
		<Issue ID="1" Type="C" Desc="Common Stock" Order="1">
			<IssueID Type="Name">Ordinary Shares</IssueID>
			<IssueID Type="Ticker">BKNG</IssueID>
			<IssueID Type="RIC">BKNG.O</IssueID>
			<IssueID Type="DisplayRIC">BKNG.OQ</IssueID>
			<IssueID Type="InstrumentPI">429568</IssueID>
			<IssueID Type="QuotePI">7772090</IssueID>
			<IssueID Type="InstrumentPermID">8590940344</IssueID>
			<IssueID Type="QuotePermID">55835349495</IssueID>
			<Exchange Code="NASD" Country="USA">NASDAQ</Exchange>
			<GlobalListingType>OSR</GlobalListingType>
			<MostRecentSplit Date="2003-06-16">0.16667</MostRecentSplit>
		</Issue>
		<Issue ID="2" Type="P" Desc="Preferred Stock" Order="1">
			<IssueID Type="Name">Preference Shares</IssueID>
			<IssueID Type="InstrumentPI">101261249</IssueID>
			<IssueID Type="InstrumentPermID">21484154352</IssueID>
			<Exchange Code="NASD" Country="USA">NASDAQ</Exchange>
		</Issue>
	</Issues>
	<CoGeneralInfo>
		<CoStatus Code="1">Active</CoStatus>
		<CoType Code="EQU">Equity Issue</CoType>
		<LastModified>2020-11-06</LastModified>
		<LatestAvailableAnnual>2019-12-31</LatestAvailableAnnual>
		<LatestAvailableInterim>2020-09-30</LatestAvailableInterim>
		<Employees LastUpdated="2019-12-31">26400</Employees>
		<SharesOut Date="2020-10-29" TotalFloat="40710088.0">40954912.0</SharesOut>
		<ReportingCurrency Code="USD">U.S. Dollars</ReportingCurrency>
		<MostRecentExchange Date="2021-02-03">1.0</MostRecentExchange>
	</CoGeneralInfo>
	<TextInfo>
		<Text Type="Business Summary" lastModified="2018-03-01T01:37:37">Booking Holdings Inc., formerly The Priceline Group Inc., is a provider of travel and restaurant online reservation and related services. The Company, through its online travel companies (OTCs), connects consumers wishing to make travel reservations with providers of travel services across the world. It offers consumers an array of accommodation reservations (including hotels, bed and breakfasts, hostels, apartments, vacation rentals and other properties) through its Booking.com, priceline.com and agoda.com brands. Its other brands include KAYAK, Rentalcars.com and OpenTable, Inc. (OpenTable). As of December 31, 2016, Booking.com offered accommodation reservation services for over 1,115,000 properties in over 220 countries and territories on its various Websites and in over 40 languages, which included over 568,000 vacation rental properties.</Text>
		<Text Type="Financial Summary" lastModified="2020-11-06T14:49:53">BRIEF: For the nine months ended 30 September 2020, BookingHoldings Inc revenues decreased 53% to $5.56B. Net incomebefore extraordinary items decreased 94% to $224M. Revenuesreflect Netherlands segment decrease of 52% to $4.35B,Other Foreign segment decrease of 60% to $602M. Net incomealso reflects Foreign currency transactions and otherdecrease from $37M (income) to $149M (expense), Interestincome decrease of 57% to $49M (income).</Text>
	</TextInfo>
	<contactInfo lastUpdated="2021-01-31T21:41:48">
		<streetAddress line="1">800 CONNECTICUT AVE</streetAddress>
		<streetAddress line="2"></streetAddress>
		<streetAddress line="3"></streetAddress>
		<city>NORWALK</city>
		<state-region>CT</state-region>
		<postalCode>06854-1631</postalCode>
		<country code="USA">United States</country>
		<contactName></contactName>
		<contactTitle></contactTitle>
		<phone>
			<phone type="mainphone">
				<countryPhoneCode>1</countryPhoneCode>
				<city-areacode>203</city-areacode>
				<number>2998000</number>
			</phone>
			<phone type="mainfax">
				<countryPhoneCode>1</countryPhoneCode>
				<city-areacode>302</city-areacode>
				<number>6365454</number>
			</phone>
		</phone>
	</contactInfo>
	<webLinks lastUpdated="2018-02-27T00:45:01"><webSite mainCategory="Home Page">https://www.bookingholdings.com/</webSite><eMail mainCategory="Company Contact/E-mail">
		</eMail></webLinks>
	<peerInfo lastUpdated="2021-01-31T21:41:48">
		<IndustryInfo>
			<Industry type="TRBC" order="1" reported="0" code="5330104014" mnem="">Travel Agents</Industry>
			<Industry type="NAICS" order="1" reported="0" code="561599" mnem="">All Oth Travel Arrange &amp; Reservation Services</Industry>
			<Industry type="NAICS" order="2" reported="0" code="519130" mnem="">Internet Publishing and Broadcasting and Web Search Portals</Industry>
			<Industry type="SIC" order="0" reported="1" code="7389" mnem="">Business Services, Nec</Industry>
			<Industry type="SIC" order="1" reported="0" code="4729" mnem="">Passenger Trans Arrangement, Nec</Industry>
			<Industry type="SIC" order="2" reported="0" code="7375" mnem="">Information Retrieval Services</Industry>
		</IndustryInfo>
		<Indexconstituet>S&amp;P 500</Indexconstituet>
	</peerInfo>
	<officers>
		<officer rank="1" since="11/02/2000">
			<firstName>Robert</firstName>
			<mI>J.</mI>
			<lastName>Mylod</lastName>
			<age>54 </age>
			<title startYear="2020" startMonth="06" startDay="" iD1="CHM" abbr1="Chmn." iD2="DRC" abbr2="Dir.">Chairman of the Board</title>
		</officer>
		<officer rank="2" since="NA">
			<firstName>Glenn</firstName>
			<mI>D.</mI>
			<lastName>Fogel</lastName>
			<age>58 </age>
			<title startYear="2019" startMonth="06" startDay="28" iD1="PRE" abbr1="Pres." iD2="CEO" abbr2="CEO">President, Chief Executive Officer, Chief Executive Officer of Booking.com, Director</title>
		</officer>
		<officer rank="3" since="03/01/2018">
			<firstName>David</firstName>
			<mI>I.</mI>
			<lastName>Goulden</lastName>
			<age>60 </age>
			<title startYear="2018" startMonth="03" startDay="01" iD1="CFO" abbr1="CFO" iD2="EVP" abbr2="Exec. VP">Chief Financial Officer, Executive Vice President</title>
		</officer>
		<officer rank="4" since="04/28/2016">
			<firstName>Gillian</firstName>
			<mI></mI>
			<lastName>Tans</lastName>
			<age>49 </age>
			<title startYear="2019" startMonth="06" startDay="26" iD1="CEX" abbr1="Corp. Exec." iD2="" abbr2="">Chairwoman of Booking.com</title>
		</officer>
		<officer rank="5" since="2001">
			<firstName>Peter</firstName>
			<mI>J.</mI>
			<lastName>Millones</lastName>
			<age>50 </age>
			<title startYear="2019" startMonth="" startDay="" iD1="EVP" abbr1="Exec. VP" iD2="GCN" abbr2="Counsel">Executive Vice President, General Counsel</title>
		</officer>
	</officers>
	<Ratios PriceCurrency="USD" ReportingCurrency="USD" ExchangeRate="1.00000" LatestAvailableDate="2020-09-30">
		<Group ID="Price and Volume">
			<Ratio FieldName="NPRICE" Type="N">2082.94000</Ratio>
			<Ratio FieldName="NHIG" Type="N">2290.03500</Ratio>
			<Ratio FieldName="NLOW" Type="N">1107.28500</Ratio>
			<Ratio FieldName="PDATE" Type="D">2021-02-04T00:00:00</Ratio>
			<Ratio FieldName="VOL10DAVG" Type="N">0.53967</Ratio>
			<Ratio FieldName="EV" Type="N">85917.63000</Ratio>
		</Group>
		<Group ID="Income Statement">
			<Ratio FieldName="MKTCAP" Type="N">85306.63000</Ratio>
			<Ratio FieldName="TTMREV" Type="N">8897.00000</Ratio>
			<Ratio FieldName="TTMEBITD" Type="N">2292.00000</Ratio>
			<Ratio FieldName="TTMNIAC" Type="N">1401.00000</Ratio>
		</Group>
		<Group ID="Per share data">
			<Ratio FieldName="TTMEPSXCLX" Type="N">33.35813</Ratio>
			<Ratio FieldName="TTMREVPS" Type="N">215.21010</Ratio>
			<Ratio FieldName="QBVPS" Type="N">119.96310</Ratio>
			<Ratio FieldName="QCSHPS" Type="N">273.40250</Ratio>
			<Ratio FieldName="TTMCFSHR" Type="N">45.04003</Ratio>
			<Ratio FieldName="TTMDIVSHR" Type="N">0.00000</Ratio>
		</Group>
		<Group ID="Other Ratios">
			<Ratio FieldName="TTMGROSMGN" Type="N">-99999.99000</Ratio>
			<Ratio FieldName="TTMROEPCT" Type="N">25.79161</Ratio>
			<Ratio FieldName="TTMPR2REV" Type="N">9.58825</Ratio>
			<Ratio FieldName="PEEXCLXOR" Type="N">62.44175</Ratio>
			<Ratio FieldName="PRICE2BK" Type="N">17.36318</Ratio>
			<Ratio FieldName="Employees" Type="N">26400</Ratio>
		</Group>
	</Ratios>
	<ForecastData ConsensusType="Mean" CurFiscalYear="2020" CurFiscalYearEndMonth="12" CurInterimEndCalYear="2020" CurInterimEndMonth="12" EarningsBasis="PRX">
		<Ratio FieldName="ConsRecom" Type="N">
			<Value PeriodType="CURR">2.6765</Value>
		</Ratio>
		<Ratio FieldName="TargetPrice" Type="N">
			<Value PeriodType="CURR">1890.37040</Value>
		</Ratio>
		<Ratio FieldName="ProjLTGrowthRate" Type="N">
			<Value PeriodType="CURR">13.8050</Value>
		</Ratio>
		<Ratio FieldName="ProjPE" Type="N">
			<Value PeriodType="CURR">780.41963</Value>
		</Ratio>
		<Ratio FieldName="ProjSales" Type="N">
			<Value PeriodType="CURR">6754.54060</Value>
		</Ratio>
		<Ratio FieldName="ProjSalesQ" Type="N">
			<Value PeriodType="CURR">1178.82910</Value>
		</Ratio>
		<Ratio FieldName="ProjEPS" Type="N">
			<Value PeriodType="CURR">2.66900</Value>
		</Ratio>
		<Ratio FieldName="ProjEPSQ" Type="N">
			<Value PeriodType="CURR">-3.75500</Value>
		</Ratio>
		<Ratio FieldName="ProjProfit" Type="N">
			<Value PeriodType="CURR">-99999.99000</Value>
		</Ratio>
		<Ratio FieldName="ProjDPS" Type="N">
			<Value PeriodType="CURR">0.00000</Value>
		</Ratio>
	</ForecastData>
</ReportSnapshot>
