<?xml version="1.0" encoding="UTF-8"?>
<ReportSnapshot Major="1" Minor="0" Revision="1">
	<CoIDs>
		<CoID Type="RepNo">A163E</CoID>
		<CoID Type="CompanyName">Bank of South Carolina</CoID>
		<CoID Type="IRSNo">571021355</CoID>
		<CoID Type="CIKNo">0001007273</CoID>
		<CoID Type="OrganizationPermID">4295912611</CoID>
	</CoIDs>
	<Issues>
		<Issue ID="1" Type="C" Desc="Common Stock" Order="1">
			<IssueID Type="Name">Ordinary Shares</IssueID>
			<IssueID Type="Ticker">BKSC</IssueID>
			<IssueID Type="RIC">BKSC.O</IssueID>
			<IssueID Type="DisplayRIC">BKSC.OQ</IssueID>
			<IssueID Type="InstrumentPI">261576</IssueID>
			<IssueID Type="QuotePI">7694897</IssueID>
			<IssueID Type="InstrumentPermID">8590013257</IssueID>
			<IssueID Type="QuotePermID">55835327736</IssueID>
			<Exchange Code="NASD" Country="USA">NASDAQ</Exchange>
			<GlobalListingType>OSR</GlobalListingType>
			<MostRecentSplit Date="2018-04-27">1.1</MostRecentSplit>
		</Issue>
	</Issues>
	<CoGeneralInfo>
		<CoStatus Code="1">Active</CoStatus>
		<CoType Code="EQU">Equity Issue</CoType>
		<LastModified>2021-01-15</LastModified>
		<LatestAvailableAnnual>2020-12-31</LatestAvailableAnnual>
		<LatestAvailableInterim>2020-12-31</LatestAvailableInterim>
		<Employees LastUpdated="2019-12-31">79</Employees>
		<SharesOut Date="2020-12-31" TotalFloat="3650935.0">5520469.0</SharesOut>
		<ReportingCurrency Code="USD">U.S. Dollars</ReportingCurrency>
		<MostRecentExchange Date="2021-02-03">1.0</MostRecentExchange>
	</CoGeneralInfo>
	<TextInfo>
		<Text Type="Business Summary" lastModified="2016-05-09T02:03:56">Bank of South Carolina Corporation is a financial institution holding company. The Company offers a range of financial services through its subsidiary, The Bank of South Carolina (the Bank). The Bank is a commercial bank, which operates principally in the Charleston, Dorchester and Berkeley counties of South Carolina. The Bank offers various deposits, including non-interest bearing accounts, negotiable order of withdrawal (NOW) accounts, money market accounts, time deposits and savings accounts. Its loan offering includes commercial and industrial loans; real estate loans; loans to individuals for household, family and other personal expenditures, and all other loans, including overdrafts. In addition to one- to four-family residential mortgage loans, it offers home equity loans and lines of credit that are secured by the borrower's primary or secondary residence. The Bank provides financial services through its approximately four banking house locations.</Text>
		<Text Type="Financial Summary" lastModified="2021-01-15T14:16:11">BRIEF: For the nine months ended 30 September 2020, Bank ofSouth Carolina interest income decreased 11% to $12.8M. Netinterest income after loan loss provision decreased 7% to$12.5M.  Net income decreased 15% to $4.7M. Net interestincome after loan loss provision reflects Net InterestMargin, Total - % decrease of 7% to 5.63%, Interest andfees on loans decrease of 8% to $11.2M, Other interestincome decrease of 68% to $175K.</Text>
	</TextInfo>
	<contactInfo lastUpdated="2021-01-15T14:16:25">
		<streetAddress line="1">256 Meeting St</streetAddress>
		<streetAddress line="2"></streetAddress>
		<streetAddress line="3"></streetAddress>
		<city>CHARLESTON</city>
		<state-region>SC</state-region>
		<postalCode>29401-1622</postalCode>
		<country code="USA">United States</country>
		<contactName>Eugene Walpole</contactName>
		<contactTitle>Chief Financial Officer, Executive Vice President, Director</contactTitle>
		<phone>
			<phone type="mainphone">
				<countryPhoneCode>1</countryPhoneCode>
				<city-areacode>843</city-areacode>
				<number>7241500</number>
			</phone>
			<phone type="mainfax">
				<countryPhoneCode>1</countryPhoneCode>
				<city-areacode>843</city-areacode>
				<number>7241513</number>
			</phone>
		</phone>
	</contactInfo>
	<webLinks lastUpdated="2019-12-02T11:02:15"><webSite mainCategory="Home Page">https://www.banksc.com</webSite><eMail mainCategory="Company Contact/E-mail">
		</eMail></webLinks>
	<peerInfo lastUpdated="2021-01-15T14:16:25">
		<IndustryInfo>
			<Industry type="TRBC" order="1" reported="0" code="5510101010" mnem="">Banks - NEC</Industry>
			<Industry type="NAICS" order="1" reported="0" code="522110" mnem="">Commercial Banking</Industry>
			<Industry type="SIC" order="0" reported="1" code="6022" mnem="">State Commercial Banks</Industry>
			<Industry type="SIC" order="1" reported="0" code="6029" mnem="">Commercial Banks, Nec</Industry>
		</IndustryInfo>
	</peerInfo>
	<officers>
		<officer rank="1" since="1995">
			<firstName>Hugh</firstName>
			<mI>C.</mI>
			<lastName>Lane</lastName>
			<age>71 </age>
			<title startYear="2012" startMonth="04" startDay="11" iD1="CHM" abbr1="Chmn." iD2="DRC" abbr2="Dir.">Chairman of the Board</title>
		</officer>
		<officer rank="2" since="1986">
			<firstName>Fleetwood</firstName>
			<mI>S.</mI>
			<lastName>Hassell</lastName>
			<age>60 </age>
			<title startYear="2012" startMonth="04" startDay="11" iD1="CEO" abbr1="CEO" iD2="PRE" abbr2="Pres.">President, Chief Executive Officer, Director</title>
		</officer>
		<officer rank="3" since="04/10/2018">
			<firstName>Eugene</firstName>
			<mI>H.</mI>
			<lastName>Walpole</lastName>
			<age>34 </age>
			<title startYear="2019" startMonth="" startDay="" iD1="CFO" abbr1="CFO" iD2="EVP" abbr2="Exec. VP">Chief Financial Officer, Executive Vice President, Director</title>
		</officer>
		<officer rank="4" since="04/10/2018">
			<firstName>Susanne</firstName>
			<mI>King</mI>
			<lastName>Boyd</lastName>
			<age>43 </age>
			<title startYear="2018" startMonth="04" startDay="10" iD1="COO" abbr1="COO" iD2="EVP" abbr2="Exec. VP">Chief Operating Officer, Executive Vice President, Director</title>
		</officer>
		<officer rank="5" since="04/11/2012">
			<firstName>Douglas</firstName>
			<mI>Hutson</mI>
			<lastName>Sass</lastName>
			<age>62 </age>
			<title startYear="2012" startMonth="04" startDay="11" iD1="EVP" abbr1="Exec. VP" iD2="DRC" abbr2="Dir.">Executive Vice President, Senior Lender Officer, Director</title>
		</officer>
		<officer rank="6" since="2007">
			<firstName>Richard</firstName>
			<mI>W.</mI>
			<lastName>Hutson</lastName>
			<age>62 </age>
			<title startYear="2007" startMonth="" startDay="" iD1="SEC" abbr1="Secy." iD2="IND" abbr2="Ind. Dir.">Secretary, Independent Director</title>
		</officer>
	</officers>
	<Ratios PriceCurrency="USD" ReportingCurrency="USD" ExchangeRate="1.00000" LatestAvailableDate="2020-12-31">
		<Group ID="Price and Volume">
			<Ratio FieldName="NPRICE" Type="N">16.80000</Ratio>
			<Ratio FieldName="NHIG" Type="N">19.07000</Ratio>
			<Ratio FieldName="NLOW" Type="N">11.42500</Ratio>
			<Ratio FieldName="PDATE" Type="D">2021-02-04T00:00:00</Ratio>
			<Ratio FieldName="VOL10DAVG" Type="N">0.00794</Ratio>
			<Ratio FieldName="EV" Type="N">87.00322</Ratio>
		</Group>
		<Group ID="Income Statement">
			<Ratio FieldName="MKTCAP" Type="N">92.74388</Ratio>
			<Ratio FieldName="TTMREV" Type="N">17.37538</Ratio>
			<Ratio FieldName="TTMEBITD" Type="N">8.83430</Ratio>
			<Ratio FieldName="TTMNIAC" Type="N">6.49895</Ratio>
		</Group>
		<Group ID="Per share data">
			<Ratio FieldName="TTMEPSXCLX" Type="N">1.15149</Ratio>
			<Ratio FieldName="TTMREVPS" Type="N">3.53032</Ratio>
			<Ratio FieldName="QBVPS" Type="N">9.87995</Ratio>
			<Ratio FieldName="QCSHPS" Type="N">1.04011</Ratio>
			<Ratio FieldName="TTMCFSHR" Type="N">1.21773</Ratio>
			<Ratio FieldName="TTMDIVSHR" Type="N">0.64000</Ratio>
		</Group>
		<Group ID="Other Ratios">
			<Ratio FieldName="TTMGROSMGN" Type="N">-99999.99000</Ratio>
			<Ratio FieldName="TTMROEPCT" Type="N">12.39660</Ratio>
			<Ratio FieldName="TTMPR2REV" Type="N">4.65322</Ratio>
			<Ratio FieldName="PEEXCLXOR" Type="N">14.58979</Ratio>
			<Ratio FieldName="PRICE2BK" Type="N">1.70041</Ratio>
			<Ratio FieldName="Employees" Type="N">79</Ratio>
		</Group>
	</Ratios>
	<ForecastData ConsensusType="" CurFiscalYear="" CurFiscalYearEndMonth="" CurInterimEndCalYear="" CurInterimEndMonth="" EarningsBasis="">
		<Ratio FieldName="ConsRecom" Type="N">
			<Value PeriodType="CURR">-99999.99000</Value>
		</Ratio>
		<Ratio FieldName="TargetPrice" Type="N">
			<Value PeriodType="CURR">-99999.99000</Value>
		</Ratio>
		<Ratio FieldName="ProjLTGrowthRate" Type="N">
			<Value PeriodType="CURR">-99999.99000</Value>
		</Ratio>
		<Ratio FieldName="ProjPE" Type="N">
			<Value PeriodType="CURR">-99999.99000</Value>
		</Ratio>
		<Ratio FieldName="ProjSales" Type="N">
			<Value PeriodType="CURR">-99999.99000</Value>
		</Ratio>
		<Ratio FieldName="ProjSalesQ" Type="N">
			<Value PeriodType="CURR">-99999.99000</Value>
		</Ratio>
		<Ratio FieldName="ProjEPS" Type="N">
			<Value PeriodType="CURR">-99999.99000</Value>
		</Ratio>
		<Ratio FieldName="ProjEPSQ" Type="N">
			<Value PeriodType="CURR">-99999.99000</Value>
		</Ratio>
		<Ratio FieldName="ProjProfit" Type="N">
			<Value PeriodType="CURR">-99999.99000</Value>
		</Ratio>
		<Ratio FieldName="ProjDPS" Type="N">
			<Value PeriodType="CURR">-99999.99000</Value>
		</Ratio>
	</ForecastData>
</ReportSnapshot>
