<?xml version="1.0" encoding="UTF-8"?>
<ReportSnapshot Major="1" Minor="0" Revision="1">
	<CoIDs>
		<CoID Type="RepNo">A1B74</CoID>
		<CoID Type="CompanyName">BIO-key International, Inc.</CoID>
		<CoID Type="IRSNo">411741861</CoID>
		<CoID Type="CIKNo">0001019034</CoID>
		<CoID Type="OrganizationPermID">4295914862</CoID>
	</CoIDs>
	<Issues>
		<Issue ID="1" Type="C" Desc="Common Stock" Order="1">
			<IssueID Type="Name">Ordinary Shares</IssueID>
			<IssueID Type="Ticker">BKYI</IssueID>
			<IssueID Type="RIC">BKYI.O</IssueID>
			<IssueID Type="DisplayRIC">BKYI.OQ</IssueID>
			<IssueID Type="InstrumentPI">360224</IssueID>
			<IssueID Type="QuotePI">267146827</IssueID>
			<IssueID Type="InstrumentPermID">8590931251</IssueID>
			<IssueID Type="QuotePermID">25727428127</IssueID>
			<Exchange Code="NASD" Country="USA">NASDAQ</Exchange>
			<GlobalListingType>OSR</GlobalListingType>
			<MostRecentSplit Date="2020-11-20">0.125</MostRecentSplit>
		</Issue>
		<Issue ID="2" Type="P" Desc="Preferred Stock" Order="1">
			<IssueID Type="Name">Preference Shares Series A</IssueID>
			<IssueID Type="InstrumentPI">70309996</IssueID>
			<IssueID Type="InstrumentPermID">21474968778</IssueID>
			<Exchange Code="OTC" Country="USA">Over The Counter</Exchange>
		</Issue>
		<Issue ID="3" Type="P" Desc="Preferred Stock" Order="2">
			<IssueID Type="Name">Preference Shares Series B</IssueID>
			<IssueID Type="InstrumentPI">70310003</IssueID>
			<IssueID Type="InstrumentPermID">21474968779</IssueID>
			<Exchange Code="OTC" Country="USA">Over The Counter</Exchange>
		</Issue>
		<Issue ID="4" Type="P" Desc="Preferred Stock" Order="3">
			<IssueID Type="Name">Preference Shares Series C</IssueID>
			<IssueID Type="InstrumentPI">70310004</IssueID>
			<IssueID Type="InstrumentPermID">21474968780</IssueID>
			<Exchange Code="OTC" Country="USA">Over The Counter</Exchange>
		</Issue>
		<Issue ID="5" Type="P" Desc="Preferred Stock" Order="4">
			<IssueID Type="Name">Preference Shares Series D</IssueID>
			<IssueID Type="InstrumentPI">70310005</IssueID>
			<IssueID Type="InstrumentPermID">21474968781</IssueID>
			<Exchange Code="NA" Country="">Not Available</Exchange>
		</Issue>
	</Issues>
	<CoGeneralInfo>
		<CoStatus Code="1">Active</CoStatus>
		<CoType Code="EQU">Equity Issue</CoType>
		<LastModified>2020-11-22</LastModified>
		<LatestAvailableAnnual>2019-12-31</LatestAvailableAnnual>
		<LatestAvailableInterim>2020-09-30</LatestAvailableInterim>
		<Employees LastUpdated="2020-05-11">15</Employees>
		<SharesOut Date="2020-11-20" TotalFloat="6700642.0">7801570.0</SharesOut>
		<ReportingCurrency Code="USD">U.S. Dollars</ReportingCurrency>
		<MostRecentExchange Date="2021-02-03">1.0</MostRecentExchange>
	</CoGeneralInfo>
	<TextInfo>
		<Text Type="Business Summary" lastModified="2020-05-15T14:34:08">BIO-key International, Inc. develops and markets fingerprint biometric identification and identity verification technologies, cryptographic authentication-transaction security technologies, as well as related identity management and credentialing software solutions. The Company is also engaged in developing automated, finger identification technology that supplements or compliments other methods of identification and verification, such as personal inspection identification, passwords, tokens, smart cards, identity cards, public key infrastructure (PKI), credit card, passports, driver's licenses, one-time password (OTP) or other form of possession or knowledge-based credentialing. Its solutions identify individuals and verify, or confirm, their identity before granting access to, among other things, corporate resources, subscribed data and services, Web portals, applications, physical locations or assets.</Text>
		<Text Type="Financial Summary" lastModified="2020-11-22T20:46:23">BRIEF: For the nine months ended 30 September 2020, BIO-keyInternational, Inc. revenues increased 2% to $1.8M. Netloss applicable to common stockholders increased 65% to$8.3M. Revenues reflect License fees increase from $242K to$605K, Services increase of 31% to $929K. Higher net lossreflects Interest expense increase from $673K to $4.3M(expense), Seeling General &amp; Administrative increase of 30%to $3.5M (expense), Research.</Text>
	</TextInfo>
	<contactInfo lastUpdated="2020-11-22T20:46:48">
		<streetAddress line="1">3349 State Route 138 Ste E</streetAddress>
		<streetAddress line="2"></streetAddress>
		<streetAddress line="3"></streetAddress>
		<city>WALL TOWNSHIP</city>
		<state-region>NJ</state-region>
		<postalCode>07719-9671</postalCode>
		<country code="USA">United States</country>
		<contactName></contactName>
		<contactTitle></contactTitle>
		<phone>
			<phone type="mainphone">
				<countryPhoneCode>1</countryPhoneCode>
				<city-areacode>732</city-areacode>
				<number>3591100</number>
			</phone>
			<phone type="mainfax">
				<countryPhoneCode>1</countryPhoneCode>
				<city-areacode>651</city-areacode>
				<number>6870515</number>
			</phone>
		</phone>
	</contactInfo>
	<webLinks lastUpdated="2016-05-06T11:30:55"><webSite mainCategory="Home Page">http://www.bio-key.com/</webSite><eMail mainCategory="Company Contact/E-mail">info@bio-key.com</eMail></webLinks>
	<peerInfo lastUpdated="2020-11-22T20:46:48">
		<IndustryInfo>
			<Industry type="TRBC" order="1" reported="0" code="5710401011" mnem="">Biometric Products</Industry>
			<Industry type="NAICS" order="1" reported="0" code="511210" mnem="">Software Publishers</Industry>
			<Industry type="NAICS" order="2" reported="0" code="423430" mnem="">Computer and Computer Peripheral Equipment and Software Merchant Wholesalers</Industry>
			<Industry type="SIC" order="1" reported="0" code="7372" mnem="">Prepackaged Software</Industry>
			<Industry type="SIC" order="2" reported="0" code="5045" mnem="">Computers, Peripherals &amp; Software</Industry>
		</IndustryInfo>
	</peerInfo>
	<officers>
		<officer rank="1" since="01/03/2003">
			<firstName>Michael</firstName>
			<mI>W.</mI>
			<lastName>DePasquale</lastName>
			<age>65 </age>
			<title startYear="2014" startMonth="01" startDay="29" iD1="CHM" abbr1="Chmn." iD2="CEO" abbr2="CEO">Chairman of the Board, Chief Executive Officer</title>
		</officer>
		<officer rank="2" since="03/2019">
			<firstName>Kwok Fong</firstName>
			<mI></mI>
			<lastName>Wong</lastName>
			<age>56 </age>
			<title startYear="2019" startMonth="03" startDay="" iD1="CCH" abbr1="Co-Chmn." iD2="DRC" abbr2="Dir.">Co-Chairman of the Board</title>
		</officer>
		<officer rank="3" since="12/21/2009">
			<firstName>Cecilia</firstName>
			<mI>C.</mI>
			<lastName>Welch</lastName>
			<age>60 </age>
			<title startYear="2009" startMonth="12" startDay="21" iD1="CFO" abbr1="CFO" iD2="" abbr2="">Chief Financial Officer</title>
		</officer>
		<officer rank="4" since="04/2012">
			<firstName>James</firstName>
			<mI></mI>
			<lastName>Sullivan</lastName>
			<age>52 </age>
			<title startYear="2018" startMonth="12" startDay="" iD1="SVP" abbr1="Sr. VP" iD2="" abbr2="">Senior Vice President of Strategy and Compliance, Chief Legal Officer</title>
		</officer>
		<officer rank="5" since="11/20/2001">
			<firstName>Mira</firstName>
			<mI>K.</mI>
			<lastName>LaCous</lastName>
			<age>58 </age>
			<title startYear="2014" startMonth="03" startDay="13" iD1="CTO" abbr1="CTO" iD2="" abbr2="">Chief Technology Officer</title>
		</officer>
		<officer rank="6" since="08/24/2020">
			<firstName>Kimberly</firstName>
			<mI></mI>
			<lastName>Johnson</lastName>
			<age></age>
			<title startYear="2020" startMonth="08" startDay="24" iD1="VPR" abbr1="VP" iD2="" abbr2="">Vice President - Product Marketing</title>
		</officer>
	</officers>
	<Ratios PriceCurrency="USD" ReportingCurrency="USD" ExchangeRate="1.00000" LatestAvailableDate="2020-09-30">
		<Group ID="Price and Volume">
			<Ratio FieldName="NPRICE" Type="N">4.25000</Ratio>
			<Ratio FieldName="NHIG" Type="N">20.64000</Ratio>
			<Ratio FieldName="NLOW" Type="N">2.75000</Ratio>
			<Ratio FieldName="PDATE" Type="D">2021-02-04T00:00:00</Ratio>
			<Ratio FieldName="VOL10DAVG" Type="N">0.34765</Ratio>
			<Ratio FieldName="EV" Type="N">14.48004</Ratio>
		</Group>
		<Group ID="Income Statement">
			<Ratio FieldName="MKTCAP" Type="N">33.15667</Ratio>
			<Ratio FieldName="TTMREV" Type="N">2.30777</Ratio>
			<Ratio FieldName="TTMEBITD" Type="N">-5.82635</Ratio>
			<Ratio FieldName="TTMNIAC" Type="N">-17.87911</Ratio>
		</Group>
		<Group ID="Per share data">
			<Ratio FieldName="TTMEPSXCLX" Type="N">-8.24447</Ratio>
			<Ratio FieldName="TTMREVPS" Type="N">0.72456</Ratio>
			<Ratio FieldName="QBVPS" Type="N">2.78085</Ratio>
			<Ratio FieldName="QCSHPS" Type="N">2.42548</Ratio>
			<Ratio FieldName="TTMCFSHR" Type="N">-5.53663</Ratio>
			<Ratio FieldName="TTMDIVSHR" Type="N">0.00000</Ratio>
		</Group>
		<Group ID="Other Ratios">
			<Ratio FieldName="TTMGROSMGN" Type="N">50.01928</Ratio>
			<Ratio FieldName="TTMROEPCT" Type="N">-124.15300</Ratio>
			<Ratio FieldName="TTMPR2REV" Type="N">14.36741</Ratio>
			<Ratio FieldName="PEEXCLXOR" Type="N">-99999.99000</Ratio>
			<Ratio FieldName="PRICE2BK" Type="N">1.52831</Ratio>
			<Ratio FieldName="Employees" Type="N">15</Ratio>
		</Group>
	</Ratios>
	<ForecastData ConsensusType="Mean" CurFiscalYear="2020" CurFiscalYearEndMonth="12" CurInterimEndCalYear="2020" CurInterimEndMonth="12" EarningsBasis="PRX">
		<Ratio FieldName="ConsRecom" Type="N">
			<Value PeriodType="CURR">3</Value>
		</Ratio>
		<Ratio FieldName="TargetPrice" Type="N">
			<Value PeriodType="CURR">-99999.99000</Value>
		</Ratio>
		<Ratio FieldName="ProjLTGrowthRate" Type="N">
			<Value PeriodType="CURR">-99999.99000</Value>
		</Ratio>
		<Ratio FieldName="ProjPE" Type="N">
			<Value PeriodType="CURR">-99999.99000</Value>
		</Ratio>
		<Ratio FieldName="ProjSales" Type="N">
			<Value PeriodType="CURR">3.12000</Value>
		</Ratio>
		<Ratio FieldName="ProjSalesQ" Type="N">
			<Value PeriodType="CURR">1.35000</Value>
		</Ratio>
		<Ratio FieldName="ProjEPS" Type="N">
			<Value PeriodType="CURR">-99999.99000</Value>
		</Ratio>
		<Ratio FieldName="ProjEPSQ" Type="N">
			<Value PeriodType="CURR">-99999.99000</Value>
		</Ratio>
		<Ratio FieldName="ProjProfit" Type="N">
			<Value PeriodType="CURR">-8.49000</Value>
		</Ratio>
		<Ratio FieldName="ProjDPS" Type="N">
			<Value PeriodType="CURR">-99999.99000</Value>
		</Ratio>
	</ForecastData>
</ReportSnapshot>
