<?xml version="1.0" encoding="UTF-8"?>
<ReportSnapshot Major="1" Minor="0" Revision="1">
	<CoIDs>
		<CoID Type="RepNo">FFBB6</CoID>
		<CoID Type="CompanyName">Blackline Inc</CoID>
		<CoID Type="IRSNo">463354276</CoID>
		<CoID Type="CIKNo">0001666134</CoID>
		<CoID Type="OrganizationPermID">5052135332</CoID>
	</CoIDs>
	<Issues>
		<Issue ID="1" Type="C" Desc="Common Stock" Order="1">
			<IssueID Type="Name">Ordinary Shares</IssueID>
			<IssueID Type="Ticker">BL</IssueID>
			<IssueID Type="RIC">BL.O</IssueID>
			<IssueID Type="DisplayRIC">BL.OQ</IssueID>
			<IssueID Type="InstrumentPI">239191610</IssueID>
			<IssueID Type="QuotePI">241157654</IssueID>
			<IssueID Type="InstrumentPermID">21596884671</IssueID>
			<IssueID Type="QuotePermID">25769764986</IssueID>
			<Exchange Code="NASD" Country="USA">NASDAQ</Exchange>
			<GlobalListingType>OSR</GlobalListingType>
		</Issue>
	</Issues>
	<CoGeneralInfo>
		<CoStatus Code="1">Active</CoStatus>
		<CoType Code="EQU">Equity Issue</CoType>
		<LastModified>2020-11-09</LastModified>
		<LatestAvailableAnnual>2019-12-31</LatestAvailableAnnual>
		<LatestAvailableInterim>2020-09-30</LatestAvailableInterim>
		<Employees LastUpdated="2020-09-30">1207</Employees>
		<SharesOut Date="2020-10-30" TotalFloat="49895704.0">57254972.0</SharesOut>
		<ReportingCurrency Code="USD">U.S. Dollars</ReportingCurrency>
		<MostRecentExchange Date="2021-02-03">1.0</MostRecentExchange>
	</CoGeneralInfo>
	<TextInfo>
		<Text Type="Business Summary" lastModified="2017-03-30T23:10:02">BlackLine, Inc. is a holding company. The Company provides cloud-based software platform that is designed to automate and streamline accounting and finance operations. Its platform supports accounting processes, such as the financial close, account reconciliation, intercompany accounting and controls assurance. Its platform consists of seven core cloud-based products, including Account Reconciliation, Task Management, Transaction Matching, Journal Entry, Variance Analysis, Consolidation Integrity Manager and Daily Reconciliation. The Company's solutions include Reconciliation Management and Financial Close Management and Insights. It operates through two geographical regions, which include the United States and International. As of December 31, 2016, its software integrated with, and obtained data from, more than 30 various enterprise resource planning (ERP) systems, including NetSuite, Oracle and Workday, as well as many other financial systems and applications.</Text>
		<Text Type="Financial Summary" lastModified="2020-11-09T21:07:53">BRIEF: For the nine months ended 30 September 2020,Blackline Inc revenues increased 23% to $256M. Net lossincreased 28% to $29.9M. Revenues reflect United Statessegment increase of 19% to $192.8M, International segmentincrease of 37% to $63.2M. Higher net loss reflectsInterest Expense increase from $3M to $17.3M (expense),Sales and marketing - Balancing value increase of 12% to$113.6M (expense).</Text>
	</TextInfo>
	<contactInfo lastUpdated="2021-01-07T03:05:31">
		<streetAddress line="1">21300 Victory Blvd Fl 12</streetAddress>
		<streetAddress line="2"></streetAddress>
		<streetAddress line="3"></streetAddress>
		<city>WOODLAND HILLS</city>
		<state-region>CA</state-region>
		<postalCode>91367-7734</postalCode>
		<country code="USA">United States</country>
		<contactName>Alexandra Geller</contactName>
		<contactTitle>Vice President of Investor Relations</contactTitle>
		<phone>
			<phone type="mainphone">
				<countryPhoneCode>1</countryPhoneCode>
				<city-areacode>818</city-areacode>
				<number>2239008</number>
			</phone>
			<phone type="mainfax">
				<countryPhoneCode>1</countryPhoneCode>
				<city-areacode>302</city-areacode>
				<number>6555049</number>
			</phone>
		</phone>
	</contactInfo>
	<webLinks lastUpdated="2016-10-28T09:30:03"><webSite mainCategory="Home Page">https://www.blackline.com/</webSite><eMail mainCategory="Company Contact/E-mail">alex.geller@blackline.com</eMail></webLinks>
	<peerInfo lastUpdated="2021-01-07T03:05:31">
		<IndustryInfo>
			<Industry type="TRBC" order="1" reported="0" code="5720102010" mnem="">Software - NEC</Industry>
			<Industry type="NAICS" order="1" reported="0" code="511210" mnem="">Software Publishers</Industry>
			<Industry type="SIC" order="1" reported="0" code="7372" mnem="">Prepackaged Software</Industry>
		</IndustryInfo>
	</peerInfo>
	<officers>
		<officer rank="1" since="08/2001">
			<firstName>Therese</firstName>
			<mI></mI>
			<lastName>Tucker</lastName>
			<age>58 </age>
			<title startYear="2021" startMonth="01" startDay="01" iD1="CHM" abbr1="Chmn." iD2="EDR" abbr2="Exec. Dir.">Executive Chairman of the Board</title>
		</officer>
		<officer rank="2" since="02/13/2018">
			<firstName>Marc</firstName>
			<mI>E.</mI>
			<lastName>Huffman</lastName>
			<age>50 </age>
			<title startYear="2021" startMonth="01" startDay="01" iD1="PRE" abbr1="Pres." iD2="CEO" abbr2="CEO">President, Chief Executive Officer, Chief Operating Officer, Director</title>
		</officer>
		<officer rank="3" since="01/2015">
			<firstName>Mark</firstName>
			<mI></mI>
			<lastName>Partin</lastName>
			<age>52 </age>
			<title startYear="2015" startMonth="02" startDay="" iD1="CFO" abbr1="CFO" iD2="TRS" abbr2="Treas.">Chief Financial Officer, Treasurer</title>
		</officer>
		<officer rank="4" since="02/2019">
			<firstName>Peter</firstName>
			<mI>D.</mI>
			<lastName>Hirsch</lastName>
			<age>59 </age>
			<title startYear="2019" startMonth="02" startDay="" iD1="CTO" abbr1="CTO" iD2="" abbr2="">Chief Technology Officer</title>
		</officer>
		<officer rank="5" since="03/08/2019">
			<firstName>Patrick</firstName>
			<mI></mI>
			<lastName>Villanova</lastName>
			<age></age>
			<title startYear="2019" startMonth="03" startDay="08" iD1="CAO" abbr1="CAO" iD2="" abbr2="">Chief Accounting Officer</title>
		</officer>
		<officer rank="6" since="05/2015">
			<firstName>Karole</firstName>
			<mI>R.</mI>
			<lastName>Morgan-Prager</lastName>
			<age>57 </age>
			<title startYear="2015" startMonth="08" startDay="" iD1="CAD" abbr1="Chief Admin." iD2="SEC" abbr2="Secy.">Chief Legal and Administrative Officer, Secretary</title>
		</officer>
		<officer rank="7" since="01/01/2021">
			<firstName>Mark</firstName>
			<mI></mI>
			<lastName>Woodhams</lastName>
			<age></age>
			<title startYear="2021" startMonth="01" startDay="01" iD1="OTH" abbr1="Other" iD2="" abbr2="">Chief Revenue Officer</title>
		</officer>
	</officers>
	<Ratios PriceCurrency="USD" ReportingCurrency="USD" ExchangeRate="1.00000" LatestAvailableDate="2020-09-30">
		<Group ID="Price and Volume">
			<Ratio FieldName="NPRICE" Type="N">142.89000</Ratio>
			<Ratio FieldName="NHIG" Type="N">145.12500</Ratio>
			<Ratio FieldName="NLOW" Type="N">38.32000</Ratio>
			<Ratio FieldName="PDATE" Type="D">2021-02-04T00:00:00</Ratio>
			<Ratio FieldName="VOL10DAVG" Type="N">0.44057</Ratio>
			<Ratio FieldName="EV" Type="N">8056.87700</Ratio>
		</Group>
		<Group ID="Income Statement">
			<Ratio FieldName="MKTCAP" Type="N">8181.16300</Ratio>
			<Ratio FieldName="TTMREV" Type="N">336.28500</Ratio>
			<Ratio FieldName="TTMEBITD" Type="N">1.27000</Ratio>
			<Ratio FieldName="TTMNIAC" Type="N">-39.41100</Ratio>
		</Group>
		<Group ID="Per share data">
			<Ratio FieldName="TTMEPSXCLX" Type="N">-0.69918</Ratio>
			<Ratio FieldName="TTMREVPS" Type="N">5.96147</Ratio>
			<Ratio FieldName="QBVPS" Type="N">7.32763</Ratio>
			<Ratio FieldName="QCSHPS" Type="N">9.23574</Ratio>
			<Ratio FieldName="TTMCFSHR" Type="N">-0.29592</Ratio>
			<Ratio FieldName="TTMDIVSHR" Type="N">0.00000</Ratio>
		</Group>
		<Group ID="Other Ratios">
			<Ratio FieldName="TTMGROSMGN" Type="N">80.69762</Ratio>
			<Ratio FieldName="TTMROEPCT" Type="N">-9.69097</Ratio>
			<Ratio FieldName="TTMPR2REV" Type="N">24.32806</Ratio>
			<Ratio FieldName="PEEXCLXOR" Type="N">-99999.99000</Ratio>
			<Ratio FieldName="PRICE2BK" Type="N">19.50016</Ratio>
			<Ratio FieldName="Employees" Type="N">1207</Ratio>
		</Group>
	</Ratios>
	<ForecastData ConsensusType="Mean" CurFiscalYear="2020" CurFiscalYearEndMonth="12" CurInterimEndCalYear="2020" CurInterimEndMonth="12" EarningsBasis="PRX">
		<Ratio FieldName="ConsRecom" Type="N">
			<Value PeriodType="CURR">2.1818</Value>
		</Ratio>
		<Ratio FieldName="TargetPrice" Type="N">
			<Value PeriodType="CURR">90.42860</Value>
		</Ratio>
		<Ratio FieldName="ProjLTGrowthRate" Type="N">
			<Value PeriodType="CURR">-99999.99000</Value>
		</Ratio>
		<Ratio FieldName="ProjPE" Type="N">
			<Value PeriodType="CURR">230.46774</Value>
		</Ratio>
		<Ratio FieldName="ProjSales" Type="N">
			<Value PeriodType="CURR">348.03290</Value>
		</Ratio>
		<Ratio FieldName="ProjSalesQ" Type="N">
			<Value PeriodType="CURR">91.59660</Value>
		</Ratio>
		<Ratio FieldName="ProjEPS" Type="N">
			<Value PeriodType="CURR">0.62000</Value>
		</Ratio>
		<Ratio FieldName="ProjEPSQ" Type="N">
			<Value PeriodType="CURR">0.07350</Value>
		</Ratio>
		<Ratio FieldName="ProjProfit" Type="N">
			<Value PeriodType="CURR">38.30620</Value>
		</Ratio>
		<Ratio FieldName="ProjDPS" Type="N">
			<Value PeriodType="CURR">0.00000</Value>
		</Ratio>
	</ForecastData>
</ReportSnapshot>
