<?xml version="1.0" encoding="UTF-8"?>
<ReportSnapshot Major="1" Minor="0" Revision="1">
	<CoIDs>
		<CoID Type="RepNo">067F5</CoID>
		<CoID Type="CompanyName">Berkeley Lights Inc</CoID>
		<CoID Type="IRSNo">352515390</CoID>
		<CoID Type="CIKNo">0001689657</CoID>
		<CoID Type="OrganizationPermID">5040706714</CoID>
	</CoIDs>
	<Issues>
		<Issue ID="1" Type="C" Desc="Common Stock" Order="1">
			<IssueID Type="Name">Ordinary Shares</IssueID>
			<IssueID Type="Ticker">BLI</IssueID>
			<IssueID Type="RIC">BLI.O</IssueID>
			<IssueID Type="DisplayRIC">BLI.OQ</IssueID>
			<IssueID Type="InstrumentPI">444708074</IssueID>
			<IssueID Type="QuotePI">444708128</IssueID>
			<IssueID Type="InstrumentPermID">25727345242</IssueID>
			<IssueID Type="QuotePermID">25727345240</IssueID>
			<Exchange Code="NASD" Country="USA">NASDAQ</Exchange>
			<GlobalListingType>OSR</GlobalListingType>
		</Issue>
	</Issues>
	<CoGeneralInfo>
		<CoStatus Code="1">Active</CoStatus>
		<CoType Code="EQU">Equity Issue</CoType>
		<LastModified>2020-11-13</LastModified>
		<LatestAvailableAnnual>2019-12-31</LatestAvailableAnnual>
		<LatestAvailableInterim>2020-09-30</LatestAvailableInterim>
		<Employees LastUpdated="2020-03-31">210</Employees>
		<SharesOut Date="2020-10-31" TotalFloat="40677615.0">64368569.0</SharesOut>
		<ReportingCurrency Code="USD">U.S. Dollars</ReportingCurrency>
		<MostRecentExchange Date="2021-02-03">1.0</MostRecentExchange>
	</CoGeneralInfo>
	<TextInfo>
		<Text Type="Business Summary" lastModified="2020-06-30T10:04:20">Berkeley Lights, Inc. is a Digital Cell Biology company focused on enabling and accelerating the rapid development and commercialization of biotherapeutics and other cell-based products. The Company has developed the Berkeley Lights Platform to provide the advanced environment for rapid functional characterization of single cells at scale. The Berkeley Lights Platform consists of advanced automated systems that analyze live cells using consumables and application and workflow software to deliver robust single cell data. Its platform characterizes the performance of cells relevant to the desired cell-based product early in the process and then connects this phenotypic data to the genetic code for each cell. The Berkeley Lights Platform is a fully integrated, end-to-end solution, comprised of consumables, including its OptoSelect chips and reagent kits, advanced automation systems and advanced application and workflow software.</Text>
		<Text Type="Financial Summary" lastModified="2020-11-13T01:02:25">BRIEF: For the nine months ended 30 September 2020,Berkeley Lights Inc revenues totaled $42.6M. Net lossapplicable to common stockholders totaled to $31.2M.</Text>
	</TextInfo>
	<contactInfo lastUpdated="2021-01-27T06:06:24">
		<streetAddress line="1">5858 Horton Street, Suite 320</streetAddress>
		<streetAddress line="2"></streetAddress>
		<streetAddress line="3"></streetAddress>
		<city>EMERYVILLE</city>
		<state-region>CA</state-region>
		<postalCode>94608-2183</postalCode>
		<country code="USA">United States</country>
		<contactName></contactName>
		<contactTitle></contactTitle>
		<phone>
			<phone type="mainphone">
				<countryPhoneCode>1</countryPhoneCode>
				<city-areacode>510</city-areacode>
				<number>8582855</number>
			</phone>
			<phone type="mainfax">
				<countryPhoneCode>1</countryPhoneCode>
				<city-areacode>302</city-areacode>
				<number>5313150</number>
			</phone>
		</phone>
	</contactInfo>
	<webLinks lastUpdated="2020-07-17T02:00:01"><webSite mainCategory="Home Page">http://www.berkeleylights.com/</webSite><eMail mainCategory="Company Contact/E-mail">
		</eMail></webLinks>
	<peerInfo lastUpdated="2021-01-27T06:06:24">
		<IndustryInfo>
			<Industry type="TRBC" order="1" reported="0" code="5610102010" mnem="">Medical Equipment, Supplies &amp; Distribution - NEC</Industry>
			<Industry type="NAICS" order="1" reported="0" code="334516" mnem="">Analytical Laboratory Instrument Mfg</Industry>
			<Industry type="SIC" order="1" reported="0" code="3826" mnem="">Analytical Instruments</Industry>
		</IndustryInfo>
	</peerInfo>
	<officers>
		<officer rank="1" since="05/2013">
			<firstName>Eric</firstName>
			<mI>D.</mI>
			<lastName>Hobbs</lastName>
			<age>43 </age>
			<title startYear="2017" startMonth="03" startDay="" iD1="CEO" abbr1="CEO" iD2="DRC" abbr2="Dir.">Chief Executive Officer, Director</title>
		</officer>
		<officer rank="2" since="NA">
			<firstName>Igor</firstName>
			<mI></mI>
			<lastName>Khandros</lastName>
			<age></age>
			<title startYear="2017" startMonth="03" startDay="" iD1="CFD" abbr1="Co-Fndr." iD2="IND" abbr2="Ind. Dir.">Co-Founder, Independent Director</title>
		</officer>
		<officer rank="3" since="NA">
			<firstName>Shaun</firstName>
			<mI>M.</mI>
			<lastName>Holt</lastName>
			<age>42 </age>
			<title startYear="NA" startMonth="" startDay="" iD1="CFO" abbr1="CFO" iD2="PRC" abbr2="Prim. Cont.">Chief Financial Officer</title>
		</officer>
		<officer rank="4" since="09/20/2020">
			<firstName>Matthew</firstName>
			<mI></mI>
			<lastName>Rosinack</lastName>
			<age>48 </age>
			<title startYear="2020" startMonth="09" startDay="20" iD1="SVP" abbr1="Sr. VP" iD2="CAO" abbr2="CAO">Senior Vice President, Chief Accounting Officer</title>
		</officer>
		<officer rank="5" since="03/2013">
			<firstName>Keith</firstName>
			<mI>J.</mI>
			<lastName>Breinlinger</lastName>
			<age>46 </age>
			<title startYear="2013" startMonth="03" startDay="" iD1="CTO" abbr1="CTO" iD2="" abbr2="">Chief Technology Officer</title>
		</officer>
		<officer rank="6" since="06/2015">
			<firstName>Stuart</firstName>
			<mI>L.</mI>
			<lastName>Merkadeau</lastName>
			<age>59 </age>
			<title startYear="2015" startMonth="06" startDay="" iD1="GCN" abbr1="Counsel" iD2="" abbr2="">General Counsel</title>
		</officer>
		<officer rank="7" since="NA">
			<firstName>Kevin</firstName>
			<mI></mI>
			<lastName>Chapman</lastName>
			<age></age>
			<title startYear="2018" startMonth="" startDay="" iD1="OTH" abbr1="Other" iD2="" abbr2="">Chief New Venture Officer</title>
		</officer>
	</officers>
	<Ratios PriceCurrency="USD" ReportingCurrency="USD" ExchangeRate="1.00000" LatestAvailableDate="2020-09-30">
		<Group ID="Price and Volume">
			<Ratio FieldName="NPRICE" Type="N">77.60000</Ratio>
			<Ratio FieldName="NHIG" Type="N">113.52990</Ratio>
			<Ratio FieldName="NLOW" Type="N">50.26000</Ratio>
			<Ratio FieldName="PDATE" Type="D">2021-02-04T00:00:00</Ratio>
			<Ratio FieldName="VOL10DAVG" Type="N">1.19400</Ratio>
			<Ratio FieldName="EV" Type="N">4777.64600</Ratio>
		</Group>
		<Group ID="Income Statement">
			<Ratio FieldName="MKTCAP" Type="N">4995.00100</Ratio>
			<Ratio FieldName="TTMREV" Type="N">-99999.99000</Ratio>
			<Ratio FieldName="TTMEBITD" Type="N">-99999.99000</Ratio>
			<Ratio FieldName="TTMNIAC" Type="N">-99999.99000</Ratio>
		</Group>
		<Group ID="Per share data">
			<Ratio FieldName="TTMEPSXCLX" Type="N">-99999.99000</Ratio>
			<Ratio FieldName="TTMREVPS" Type="N">-99999.99000</Ratio>
			<Ratio FieldName="QBVPS" Type="N">3.89353</Ratio>
			<Ratio FieldName="QCSHPS" Type="N">3.68610</Ratio>
			<Ratio FieldName="TTMCFSHR" Type="N">-99999.99000</Ratio>
			<Ratio FieldName="TTMDIVSHR" Type="N">-99999.99000</Ratio>
		</Group>
		<Group ID="Other Ratios">
			<Ratio FieldName="TTMGROSMGN" Type="N">-99999.99000</Ratio>
			<Ratio FieldName="TTMROEPCT" Type="N">-99999.99000</Ratio>
			<Ratio FieldName="TTMPR2REV" Type="N">-99999.99000</Ratio>
			<Ratio FieldName="PEEXCLXOR" Type="N">-99999.99000</Ratio>
			<Ratio FieldName="PRICE2BK" Type="N">19.93048</Ratio>
			<Ratio FieldName="Employees" Type="N">210</Ratio>
		</Group>
	</Ratios>
	<ForecastData ConsensusType="" CurFiscalYear="" CurFiscalYearEndMonth="" CurInterimEndCalYear="" CurInterimEndMonth="" EarningsBasis="">
		<Ratio FieldName="ConsRecom" Type="N">
			<Value PeriodType="CURR">-99999.99000</Value>
		</Ratio>
		<Ratio FieldName="TargetPrice" Type="N">
			<Value PeriodType="CURR">-99999.99000</Value>
		</Ratio>
		<Ratio FieldName="ProjLTGrowthRate" Type="N">
			<Value PeriodType="CURR">-99999.99000</Value>
		</Ratio>
		<Ratio FieldName="ProjPE" Type="N">
			<Value PeriodType="CURR">-99999.99000</Value>
		</Ratio>
		<Ratio FieldName="ProjSales" Type="N">
			<Value PeriodType="CURR">-99999.99000</Value>
		</Ratio>
		<Ratio FieldName="ProjSalesQ" Type="N">
			<Value PeriodType="CURR">-99999.99000</Value>
		</Ratio>
		<Ratio FieldName="ProjEPS" Type="N">
			<Value PeriodType="CURR">-99999.99000</Value>
		</Ratio>
		<Ratio FieldName="ProjEPSQ" Type="N">
			<Value PeriodType="CURR">-99999.99000</Value>
		</Ratio>
		<Ratio FieldName="ProjProfit" Type="N">
			<Value PeriodType="CURR">-99999.99000</Value>
		</Ratio>
		<Ratio FieldName="ProjDPS" Type="N">
			<Value PeriodType="CURR">-99999.99000</Value>
		</Ratio>
	</ForecastData>
</ReportSnapshot>
