<?xml version="1.0" encoding="UTF-8"?>
<ReportSnapshot Major="1" Minor="0" Revision="1">
	<CoIDs>
		<CoID Type="RepNo">DE925</CoID>
		<CoID Type="CompanyName">Bloomin' Brands Inc</CoID>
		<CoID Type="IRSNo">208023465</CoID>
		<CoID Type="CIKNo">0001546417</CoID>
		<CoID Type="OrganizationPermID">4297758829</CoID>
	</CoIDs>
	<Issues>
		<Issue ID="1" Type="C" Desc="Common Stock" Order="1">
			<IssueID Type="Name">Ordinary Shares</IssueID>
			<IssueID Type="Ticker">BLMN</IssueID>
			<IssueID Type="RIC">BLMN.O</IssueID>
			<IssueID Type="DisplayRIC">BLMN.OQ</IssueID>
			<IssueID Type="InstrumentPI">108495501</IssueID>
			<IssueID Type="QuotePI">108746679</IssueID>
			<IssueID Type="InstrumentPermID">21504010804</IssueID>
			<IssueID Type="QuotePermID">21504227631</IssueID>
			<Exchange Code="NASD" Country="USA">NASDAQ</Exchange>
			<GlobalListingType>OSR</GlobalListingType>
		</Issue>
	</Issues>
	<CoGeneralInfo>
		<CoStatus Code="1">Active</CoStatus>
		<CoType Code="EQU">Equity Issue</CoType>
		<LastModified>2020-11-01</LastModified>
		<LatestAvailableAnnual>2019-12-29</LatestAvailableAnnual>
		<LatestAvailableInterim>2020-09-27</LatestAvailableInterim>
		<Employees LastUpdated="2019-12-29">94000</Employees>
		<SharesOut Date="2020-10-27" TotalFloat="80098238.0">87574515.0</SharesOut>
		<ReportingCurrency Code="USD">U.S. Dollars</ReportingCurrency>
		<MostRecentExchange Date="2021-02-03">1.0</MostRecentExchange>
	</CoGeneralInfo>
	<TextInfo>
		<Text Type="Business Summary" lastModified="2017-03-06T22:05:16">Bloomin' Brands, Inc. is a holding company. The Company owns and operates casual, upscale casual and fine dining restaurants. The Company operates through two segments: U.S. and International. The U.S. segment includes all brands operating in the United States. The International segment includes brands operating outside the United States. As of December 25, 2016, the Company had a portfolio of four restaurant concepts: Outback Steakhouse, Carrabba's Italian Grill, Bonefish Grill, and Fleming's Prime Steakhouse &amp; Wine Bar. OSI Restaurant Partners, LLC (OSI) is the Company's primary operating entity. New Private Restaurant Properties, LLC (PRP), an indirect subsidiary of the Company, leases the Company-owned restaurant properties to OSI's subsidiaries. As of December 25, 2016, the Company owned and operated 1,276 restaurants and franchised 240 restaurants across 48 states, Puerto Rico, Guam and 20 countries.</Text>
		<Text Type="Financial Summary" lastModified="2020-11-01T22:53:22">BRIEF: For the 39 weeks ended 27 September 2020, Bloomin'Brands Inc revenues decreased 24% to $2.36B. Net lossapplicable to common stockholders totaled $148M vs. incomeof $102.6M. Revenues reflect U.S segment decrease of 27% to$2.03B, International segment decrease of 40% to $204.5M,Compbl Store Sales gwth %-Outback Brazil decrease from 6.1to -37.3%, Growth in Guest Counts - % Outback Brazidecrease from 2.9 to -25.9%.</Text>
	</TextInfo>
	<contactInfo lastUpdated="2020-11-01T22:53:35">
		<streetAddress line="1">2202 N West Shore Blvd Ste 500</streetAddress>
		<streetAddress line="2"></streetAddress>
		<streetAddress line="3"></streetAddress>
		<city>TAMPA</city>
		<state-region>FL</state-region>
		<postalCode>33607-5761</postalCode>
		<country code="USA">United States</country>
		<contactName></contactName>
		<contactTitle></contactTitle>
		<phone>
			<phone type="mainphone">
				<countryPhoneCode>1</countryPhoneCode>
				<city-areacode>813</city-areacode>
				<number>2821225</number>
			</phone>
			<phone type="mainfax">
				<countryPhoneCode>1</countryPhoneCode>
				<city-areacode>302</city-areacode>
				<number>6365454</number>
			</phone>
		</phone>
	</contactInfo>
	<webLinks lastUpdated="2018-07-11T09:15:41"><webSite mainCategory="Home Page">https://www.bloominbrands.com/</webSite><eMail mainCategory="Company Contact/E-mail">investor@bloominbrands.com</eMail></webLinks>
	<peerInfo lastUpdated="2020-11-01T22:53:35">
		<IndustryInfo>
			<Industry type="TRBC" order="1" reported="0" code="5330102010" mnem="">Restaurants &amp; Bars - NEC</Industry>
			<Industry type="NAICS" order="1" reported="0" code="722110" mnem="">Full-Service Restaurants</Industry>
			<Industry type="NAICS" order="2" reported="0" code="722410" mnem="">Drinking Places (Alcoholic Beverages)</Industry>
			<Industry type="NAICS" order="3" reported="0" code="551112" mnem="">Offices of Other Holding Companies</Industry>
			<Industry type="SIC" order="0" reported="1" code="5812" mnem="">Eating Places</Industry>
			<Industry type="SIC" order="1" reported="0" code="5812" mnem="">Eating Places</Industry>
			<Industry type="SIC" order="2" reported="0" code="5813" mnem="">Drinking Places</Industry>
			<Industry type="SIC" order="3" reported="0" code="6719" mnem="">Holding Companies, Nec</Industry>
		</IndustryInfo>
		<Indexconstituet>S&amp;P 600 Small Cap</Indexconstituet>
	</peerInfo>
	<officers>
		<officer rank="1" since="05/2012">
			<firstName>David</firstName>
			<mI>J.</mI>
			<lastName>Deno</lastName>
			<age>62 </age>
			<title startYear="2019" startMonth="04" startDay="01" iD1="CEO" abbr1="CEO" iD2="DRC" abbr2="Dir.">Chief Executive Officer, Director</title>
		</officer>
		<officer rank="2" since="04/01/2019">
			<firstName>Christopher</firstName>
			<mI>Adkins</mI>
			<lastName>Meyer</lastName>
			<age>48 </age>
			<title startYear="2019" startMonth="04" startDay="01" iD1="CFO" abbr1="CFO" iD2="EVP" abbr2="Exec. VP">Chief Financial Officer, Executive Vice President</title>
		</officer>
		<officer rank="3" since="03/12/2015">
			<firstName>Gregg</firstName>
			<mI>D.</mI>
			<lastName>Scarlett</lastName>
			<age>58 </age>
			<title startYear="2020" startMonth="02" startDay="13" iD1="COO" abbr1="COO" iD2="EVP" abbr2="Exec. VP">Chief Operating Officer, Executive Vice President - Casual Dining Restaurants</title>
		</officer>
		<officer rank="4" since="07/15/2019">
			<firstName>Kelly</firstName>
			<mI></mI>
			<lastName>Lefferts</lastName>
			<age>53 </age>
			<title startYear="2019" startMonth="07" startDay="15" iD1="EVP" abbr1="Exec. VP" iD2="SEC" abbr2="Secy.">Executive Vice President, Chief Legal Officer and Secretary</title>
		</officer>
		<officer rank="5" since="06/2019">
			<firstName>Michael</firstName>
			<mI></mI>
			<lastName>Stutts</lastName>
			<age>40 </age>
			<title startYear="2019" startMonth="06" startDay="" iD1="EVP" abbr1="Exec. VP" iD2="" abbr2="">Executive Vice President, Chief Customer Officer</title>
		</officer>
		<officer rank="6" since="08/06/2020">
			<firstName>Sheilina</firstName>
			<mI></mI>
			<lastName>Henry</lastName>
			<age></age>
			<title startYear="2020" startMonth="08" startDay="06" iD1="VPR" abbr1="VP" iD2="" abbr2="">Vice President - Diversity &amp; Inclusion</title>
		</officer>
	</officers>
	<Ratios PriceCurrency="USD" ReportingCurrency="USD" ExchangeRate="1.00000" LatestAvailableDate="2020-09-27">
		<Group ID="Price and Volume">
			<Ratio FieldName="NPRICE" Type="N">22.73000</Ratio>
			<Ratio FieldName="NHIG" Type="N">23.65000</Ratio>
			<Ratio FieldName="NLOW" Type="N">4.54000</Ratio>
			<Ratio FieldName="PDATE" Type="D">2021-02-04T00:00:00</Ratio>
			<Ratio FieldName="VOL10DAVG" Type="N">2.12726</Ratio>
			<Ratio FieldName="EV" Type="N">2978.42700</Ratio>
		</Group>
		<Group ID="Income Statement">
			<Ratio FieldName="MKTCAP" Type="N">1990.56900</Ratio>
			<Ratio FieldName="TTMREV" Type="N">3380.24000</Ratio>
			<Ratio FieldName="TTMEBITD" Type="N">173.54700</Ratio>
			<Ratio FieldName="TTMNIAC" Type="N">-119.99600</Ratio>
		</Group>
		<Group ID="Per share data">
			<Ratio FieldName="TTMEPSXCLX" Type="N">-1.37565</Ratio>
			<Ratio FieldName="TTMREVPS" Type="N">38.59019</Ratio>
			<Ratio FieldName="QBVPS" Type="N">0.05863</Ratio>
			<Ratio FieldName="QCSHPS" Type="N">1.82741</Ratio>
			<Ratio FieldName="TTMCFSHR" Type="N">0.77922</Ratio>
			<Ratio FieldName="TTMDIVSHR" Type="N">0.30000</Ratio>
		</Group>
		<Group ID="Other Ratios">
			<Ratio FieldName="TTMGROSMGN" Type="N">69.15435</Ratio>
			<Ratio FieldName="TTMROEPCT" Type="N">-160.61890</Ratio>
			<Ratio FieldName="TTMPR2REV" Type="N">0.58888</Ratio>
			<Ratio FieldName="PEEXCLXOR" Type="N">-99999.99000</Ratio>
			<Ratio FieldName="PRICE2BK" Type="N">387.71560</Ratio>
			<Ratio FieldName="Employees" Type="N">94000</Ratio>
		</Group>
	</Ratios>
	<ForecastData ConsensusType="Mean" CurFiscalYear="2020" CurFiscalYearEndMonth="12" CurInterimEndCalYear="2020" CurInterimEndMonth="12" EarningsBasis="PRX">
		<Ratio FieldName="ConsRecom" Type="N">
			<Value PeriodType="CURR">2.1333</Value>
		</Ratio>
		<Ratio FieldName="TargetPrice" Type="N">
			<Value PeriodType="CURR">14.85710</Value>
		</Ratio>
		<Ratio FieldName="ProjLTGrowthRate" Type="N">
			<Value PeriodType="CURR">-3.5258</Value>
		</Ratio>
		<Ratio FieldName="ProjPE" Type="N">
			<Value PeriodType="CURR">-33.29427</Value>
		</Ratio>
		<Ratio FieldName="ProjSales" Type="N">
			<Value PeriodType="CURR">3231.68430</Value>
		</Ratio>
		<Ratio FieldName="ProjSalesQ" Type="N">
			<Value PeriodType="CURR">874.41280</Value>
		</Ratio>
		<Ratio FieldName="ProjEPS" Type="N">
			<Value PeriodType="CURR">-0.68270</Value>
		</Ratio>
		<Ratio FieldName="ProjEPSQ" Type="N">
			<Value PeriodType="CURR">0.02240</Value>
		</Ratio>
		<Ratio FieldName="ProjProfit" Type="N">
			<Value PeriodType="CURR">-95.97440</Value>
		</Ratio>
		<Ratio FieldName="ProjDPS" Type="N">
			<Value PeriodType="CURR">0.15710</Value>
		</Ratio>
	</ForecastData>
</ReportSnapshot>
