<?xml version="1.0" encoding="UTF-8"?>
<ReportSnapshot Major="1" Minor="0" Revision="1">
	<CoIDs>
		<CoID Type="RepNo">A2AC9</CoID>
		<CoID Type="CompanyName">BELLUS Health Inc</CoID>
		<CoID Type="OrganizationPermID">5037589093</CoID>
	</CoIDs>
	<Issues>
		<Issue ID="1" Type="C" Desc="Common Stock" Order="1">
			<IssueID Type="Name">Ordinary Shares</IssueID>
			<IssueID Type="Ticker">BLU</IssueID>
			<IssueID Type="RIC">BLU.TO</IssueID>
			<IssueID Type="DisplayRIC">BLU.TO</IssueID>
			<IssueID Type="InstrumentPI">455680</IssueID>
			<IssueID Type="QuotePI">749511</IssueID>
			<IssueID Type="InstrumentPermID">8590940514</IssueID>
			<IssueID Type="QuotePermID">55838801964</IssueID>
			<Exchange Code="TSE" Country="CAN">Toronto Stock Exchange</Exchange>
			<GlobalListingType>CCR</GlobalListingType>
			<MostRecentSplit Date="2019-08-19">0.27778</MostRecentSplit>
		</Issue>
		<Issue ID="3" Type="C" Desc="Common Stock" Order="2">
			<IssueID Type="Name">Ordinary Shares</IssueID>
			<IssueID Type="InstrumentPI">123451795</IssueID>
			<IssueID Type="InstrumentPermID">21516726119</IssueID>
			<Exchange Code="NA" Country="">Not Available</Exchange>
		</Issue>
		<Issue ID="2" Type="C" Desc="Common Stock" Order="3">
			<IssueID Type="Name">Preference Shares</IssueID>
			<IssueID Type="InstrumentPI">121187710</IssueID>
			<IssueID Type="InstrumentPermID">21514989854</IssueID>
			<Exchange Code="TSE" Country="CAN">Toronto Stock Exchange</Exchange>
		</Issue>
	</Issues>
	<CoGeneralInfo>
		<CoStatus Code="1">Active</CoStatus>
		<CoType Code="EQU">Equity Issue</CoType>
		<LastModified>2021-01-18</LastModified>
		<LatestAvailableAnnual>2019-12-31</LatestAvailableAnnual>
		<LatestAvailableInterim>2020-09-30</LatestAvailableInterim>
		<Employees LastUpdated="2019-12-31">17</Employees>
		<SharesOut Date="2020-10-22" TotalFloat="61146364.0">78337361.0</SharesOut>
		<ReportingCurrency Code="USD">U.S. Dollars</ReportingCurrency>
		<MostRecentExchange Date="2021-02-03">1.0</MostRecentExchange>
	</CoGeneralInfo>
	<TextInfo>
		<Text Type="Business Summary" lastModified="2017-10-31T12:47:08">BELLUS Health Inc is a Canada-based biopharmaceutical development company. The Company's pipeline of projects includes the BLU-5937 for chronic cough and several other partnered clinical-stage drug development programs. BLU-5937 is a potent, selective, orally bio-available small molecule antagonist of the P2X3 receptor, a clinically validated target for chronic cough. BLU-5937 has the potential to help a number of chronic cough patients who do not respond to current therapies. BELLUS Health Inc also has economic interests in other partnered clinical-stage drug development programs, including KIACTA for sarcoidosis, AMO-01 for Fragile X Syndrome and ALZ-801 for APOE4 homozygous Alzheimers disease.</Text>
		<Text Type="Financial Summary" lastModified="2020-11-13T03:09:59">BRIEF: For the nine months ended 30 September 2020, BELLUSHealth Inc revenues totaled $11K. Net loss totaled to$24.3M. Results are not comparable due to currency change.</Text>
	</TextInfo>
	<contactInfo lastUpdated="2021-01-18T22:54:55">
		<streetAddress line="1">275 Armand-Frappier Blvd</streetAddress>
		<streetAddress line="2"></streetAddress>
		<streetAddress line="3"></streetAddress>
		<city>LAVAL</city>
		<state-region>QC</state-region>
		<postalCode>H7V 4A7</postalCode>
		<country code="CAN">Canada</country>
		<contactName>Danny Matthews</contactName>
		<contactTitle>Director, Investor Relations and Communications</contactTitle>
		<phone>
			<phone type="mainphone">
				<countryPhoneCode>1</countryPhoneCode>
				<city-areacode>450</city-areacode>
				<number>6804500</number>
			</phone>
			<phone type="mainfax">
				<countryPhoneCode>1</countryPhoneCode>
				<city-areacode>450</city-areacode>
				<number>6804525</number>
			</phone>
		</phone>
	</contactInfo>
	<webLinks lastUpdated="2019-12-02T11:00:37"><webSite mainCategory="Home Page">http://www.bellushealth.com</webSite><eMail mainCategory="Company Contact/E-mail">ir@bellushealth.com</eMail></webLinks>
	<peerInfo lastUpdated="2021-01-18T22:54:55">
		<IndustryInfo>
			<Industry type="TRBC" order="1" reported="0" code="5620201011" mnem="">Bio Therapeutic Drugs</Industry>
			<Industry type="NAICS" order="1" reported="0" code="541711" mnem="">Research and Development in Biotechnology</Industry>
			<Industry type="SIC" order="0" reported="1" code="2834" mnem="">Pharmaceutical Preparations</Industry>
			<Industry type="SIC" order="1" reported="0" code="8731" mnem="">Commercial Physical Research</Industry>
		</IndustryInfo>
	</peerInfo>
	<officers>
		<officer rank="1" since="NA">
			<firstName>Francesco</firstName>
			<mI></mI>
			<lastName>Bellini</lastName>
			<age>73 </age>
			<title startYear="2002" startMonth="" startDay="" iD1="CHM" abbr1="Chmn." iD2="DRC" abbr2="Dir.">Chairman of the Board</title>
		</officer>
		<officer rank="2" since="NA">
			<firstName>Roberto</firstName>
			<mI></mI>
			<lastName>Bellini</lastName>
			<age>40 </age>
			<title startYear="NA" startMonth="" startDay="" iD1="PRE" abbr1="Pres." iD2="CEO" abbr2="CEO">President, Chief Executive Officer, Director</title>
		</officer>
		<officer rank="3" since="12/07/2020">
			<firstName>Ramzi</firstName>
			<mI></mI>
			<lastName>Benamar</lastName>
			<age>47 </age>
			<title startYear="2020" startMonth="12" startDay="07" iD1="CFO" abbr1="CFO" iD2="" abbr2="">Chief Financial Officer</title>
		</officer>
		<officer rank="4" since="NA">
			<firstName>Denis</firstName>
			<mI></mI>
			<lastName>Garceau</lastName>
			<age>63 </age>
			<title startYear="NA" startMonth="" startDay="" iD1="SVP" abbr1="Sr. VP" iD2="" abbr2="">Senior Vice President - Drug Development</title>
		</officer>
		<officer rank="5" since="NA">
			<firstName>Francois</firstName>
			<mI></mI>
			<lastName>Desjardins</lastName>
			<age>57 </age>
			<title startYear="2019" startMonth="" startDay="" iD1="VFN" abbr1="VP-Fin." iD2="" abbr2="">Vice President - Finance</title>
		</officer>
		<officer rank="6" since="NA">
			<firstName>Tony</firstName>
			<mI></mI>
			<lastName>Matzouranis</lastName>
			<age>47 </age>
			<title startYear="NA" startMonth="" startDay="" iD1="VBD" abbr1="VP-Bus.Dev." iD2="" abbr2="">Vice President - Business Development</title>
		</officer>
		<officer rank="7" since="08/26/2019">
			<firstName>Catherine</firstName>
			<mI></mI>
			<lastName>Bonuccelli</lastName>
			<age>62 </age>
			<title startYear="2019" startMonth="08" startDay="26" iD1="OTH" abbr1="Other" iD2="" abbr2="">Chief Medical Officer</title>
		</officer>
		<officer rank="8" since="NA">
			<firstName>Sebastien</firstName>
			<mI></mI>
			<lastName>Roy</lastName>
			<age>44 </age>
			<title startYear="NA" startMonth="" startDay="" iD1="SEC" abbr1="Secy." iD2="" abbr2="">Corporate Secretary</title>
		</officer>
	</officers>
	<Ratios PriceCurrency="CAD" ReportingCurrency="USD" ExchangeRate="1.28250" LatestAvailableDate="2019-12-31">
		<Group ID="Price and Volume">
			<Ratio FieldName="NPRICE" Type="N">4.69000</Ratio>
			<Ratio FieldName="NHIG" Type="N">16.68000</Ratio>
			<Ratio FieldName="NLOW" Type="N">2.70000</Ratio>
			<Ratio FieldName="PDATE" Type="D">2021-02-04T00:00:00</Ratio>
			<Ratio FieldName="VOL10DAVG" Type="N">0.28588</Ratio>
			<Ratio FieldName="EV" Type="N">253.47317</Ratio>
		</Group>
		<Group ID="Income Statement">
			<Ratio FieldName="MKTCAP" Type="N">368.66710</Ratio>
			<Ratio FieldName="AREV" Type="N">0.03384</Ratio>
			<Ratio FieldName="AEBITD" Type="N">-32.81825</Ratio>
			<Ratio FieldName="ANIAC" Type="N">-33.32490</Ratio>
		</Group>
		<Group ID="Per share data">
			<Ratio FieldName="AEPSXCLXOR" Type="N">-0.70261</Ratio>
			<Ratio FieldName="AREVPS" Type="N">0.00071</Ratio>
			<Ratio FieldName="ABVPS" Type="N">2.05573</Ratio>
			<Ratio FieldName="ACSHPS" Type="N">2.08446</Ratio>
			<Ratio FieldName="ACFSHR" Type="N">-0.69939</Ratio>
			<Ratio FieldName="ADIVSHR" Type="N">-99999.99000</Ratio>
		</Group>
		<Group ID="Other Ratios">
			<Ratio FieldName="AGROSMGN" Type="N">-99999.99000</Ratio>
			<Ratio FieldName="AROEPCT" Type="N">-41.29073</Ratio>
			<Ratio FieldName="APR2REV" Type="N">10894.02000</Ratio>
			<Ratio FieldName="APEEXCLXOR" Type="N">-99999.99000</Ratio>
			<Ratio FieldName="APRICE2BK" Type="N">2.28928</Ratio>
			<Ratio FieldName="Employees" Type="N">17</Ratio>
		</Group>
	</Ratios>
	<ForecastData ConsensusType="Mean" CurFiscalYear="2020" CurFiscalYearEndMonth="12" CurInterimEndCalYear="2020" CurInterimEndMonth="12" EarningsBasis="PRX">
		<Ratio FieldName="ConsRecom" Type="N">
			<Value PeriodType="CURR">2.4</Value>
		</Ratio>
		<Ratio FieldName="TargetPrice" Type="N">
			<Value PeriodType="CURR">8.45220</Value>
		</Ratio>
		<Ratio FieldName="ProjLTGrowthRate" Type="N">
			<Value PeriodType="CURR">-99999.99000</Value>
		</Ratio>
		<Ratio FieldName="ProjPE" Type="N">
			<Value PeriodType="CURR">-7.61487</Value>
		</Ratio>
		<Ratio FieldName="ProjSales" Type="N">
			<Value PeriodType="CURR">0.02080</Value>
		</Ratio>
		<Ratio FieldName="ProjSalesQ" Type="N">
			<Value PeriodType="CURR">0.00660</Value>
		</Ratio>
		<Ratio FieldName="ProjEPS" Type="N">
			<Value PeriodType="CURR">-0.61590</Value>
		</Ratio>
		<Ratio FieldName="ProjEPSQ" Type="N">
			<Value PeriodType="CURR">-0.13510</Value>
		</Ratio>
		<Ratio FieldName="ProjProfit" Type="N">
			<Value PeriodType="CURR">-41.10720</Value>
		</Ratio>
		<Ratio FieldName="ProjDPS" Type="N">
			<Value PeriodType="CURR">-99999.99000</Value>
		</Ratio>
	</ForecastData>
</ReportSnapshot>
