<?xml version="1.0" encoding="UTF-8"?>
<ReportSnapshot Major="1" Minor="0" Revision="1">
	<CoIDs>
		<CoID Type="RepNo">0563B</CoID>
		<CoID Type="CompanyName">Blue Water Acquisition Corp</CoID>
		<CoID Type="IRSNo">851231852</CoID>
		<CoID Type="CIKNo">0001817944</CoID>
		<CoID Type="OrganizationPermID">5076690931</CoID>
	</CoIDs>
	<Issues>
		<Issue ID="1" Type="C" Desc="Common Stock" Order="1">
			<IssueID Type="Name">Unit</IssueID>
			<IssueID Type="Ticker">BLUWU</IssueID>
			<IssueID Type="RIC">BLUWU.O</IssueID>
			<IssueID Type="DisplayRIC">BLUWU.OQ</IssueID>
			<IssueID Type="InstrumentPI">458382997</IssueID>
			<IssueID Type="QuotePI">458382999</IssueID>
			<IssueID Type="InstrumentPermID">25727323165</IssueID>
			<IssueID Type="QuotePermID">25727323163</IssueID>
			<Exchange Code="NASD" Country="USA">NASDAQ</Exchange>
			<GlobalListingType>OSR</GlobalListingType>
		</Issue>
		<Issue ID="2" Type="C" Desc="Common Stock" Order="2">
			<IssueID Type="Name">Ordinary Shares Class B</IssueID>
			<IssueID Type="InstrumentPI">458704158</IssueID>
			<IssueID Type="InstrumentPermID">21768720657</IssueID>
			<Exchange Code="NA" Country="">Not Available</Exchange>
		</Issue>
	</Issues>
	<CoGeneralInfo>
		<CoStatus Code="1">Active</CoStatus>
		<CoType Code="EQU">Equity Issue</CoType>
		<LastModified>2020-12-15</LastModified>
		<LatestAvailableAnnual>2019-12-31</LatestAvailableAnnual>
		<LatestAvailableInterim>2020-06-30</LatestAvailableInterim>
		<SharesOut Date="2020-12-17" TotalFloat="5750000.0">7000000.0</SharesOut>
		<ReportingCurrency Code="USD">U.S. Dollars</ReportingCurrency>
		<MostRecentExchange Date="2021-02-03">1.0</MostRecentExchange>
	</CoGeneralInfo>
	<TextInfo>
		<Text Type="Business Summary" lastModified="2020-09-07T15:09:54">Blue Water Acquisition Corp. is a blank check company. The Company is formed for the purpose of effecting a merger, capital stock exchange, asset acquisition, stock purchase, reorganization or similar business combination with one or more businesses. The Company focuses for a target business in the healthcare industry. The Company has no operations and has not generated any revenues.</Text>
		<Text Type="Financial Summary" lastModified="2020-12-15T14:21:24">BRIEF: For the six months ended 30 June 2020, Blue WaterAcquisition Corp revenues was not reported. Net losstotaled to $1K.</Text>
	</TextInfo>
	<contactInfo lastUpdated="2021-01-05T04:30:40">
		<streetAddress line="1">15 E. Putnam Avenue Suite 363</streetAddress>
		<streetAddress line="2"></streetAddress>
		<streetAddress line="3"></streetAddress>
		<city>GREENWICH</city>
		<state-region>CT</state-region>
		<postalCode>06830</postalCode>
		<country code="USA">United States</country>
		<contactName></contactName>
		<contactTitle></contactTitle>
		<phone>
			<phone type="mainphone">
				<countryPhoneCode>1</countryPhoneCode>
				<city-areacode>646</city-areacode>
				<number>3030737</number>
			</phone>
			<phone type="mainfax">
				<countryPhoneCode>1</countryPhoneCode>
				<city-areacode>302</city-areacode>
				<number>6365454</number>
			</phone>
		</phone>
	</contactInfo>
	<webLinks lastUpdated=""><webSite mainCategory=""></webSite><eMail mainCategory=""></eMail></webLinks>
	<peerInfo lastUpdated="2021-01-05T04:30:40">
		<IndustryInfo>
			<Industry type="TRBC" order="1" reported="0" code="5560101011" mnem="">Shell Companies</Industry>
			<Industry type="NAICS" order="1" reported="0" code="525920" mnem="">Trusts, Estates, and Agency Accounts</Industry>
			<Industry type="SIC" order="1" reported="0" code="6733" mnem="">Trusts, Nec</Industry>
		</IndustryInfo>
	</peerInfo>
	<officers></officers>
	<Ratios PriceCurrency="USD" ReportingCurrency="USD" ExchangeRate="1.00000" LatestAvailableDate="2020-06-30">
		<Group ID="Price and Volume">
			<Ratio FieldName="NPRICE" Type="N">10.70000</Ratio>
			<Ratio FieldName="NHIG" Type="N">10.74990</Ratio>
			<Ratio FieldName="NLOW" Type="N">10.12000</Ratio>
			<Ratio FieldName="PDATE" Type="D">2021-02-04T00:00:00</Ratio>
			<Ratio FieldName="VOL10DAVG" Type="N">0.02738</Ratio>
			<Ratio FieldName="EV" Type="N">-99999.99000</Ratio>
		</Group>
		<Group ID="Income Statement">
			<Ratio FieldName="MKTCAP" Type="N">61.52500</Ratio>
			<Ratio FieldName="TTMREV" Type="N">-99999.99000</Ratio>
			<Ratio FieldName="TTMEBITD" Type="N">-99999.99000</Ratio>
			<Ratio FieldName="TTMNIAC" Type="N">-99999.99000</Ratio>
		</Group>
		<Group ID="Per share data">
			<Ratio FieldName="TTMEPSXCLX" Type="N">-99999.99000</Ratio>
			<Ratio FieldName="TTMREVPS" Type="N">-99999.99000</Ratio>
			<Ratio FieldName="QBVPS" Type="N">0.00385</Ratio>
			<Ratio FieldName="QCSHPS" Type="N">-99999.99000</Ratio>
			<Ratio FieldName="TTMCFSHR" Type="N">-99999.99000</Ratio>
			<Ratio FieldName="TTMDIVSHR" Type="N">-99999.99000</Ratio>
		</Group>
		<Group ID="Other Ratios">
			<Ratio FieldName="TTMGROSMGN" Type="N">-99999.99000</Ratio>
			<Ratio FieldName="TTMROEPCT" Type="N">-99999.99000</Ratio>
			<Ratio FieldName="TTMPR2REV" Type="N">-99999.99000</Ratio>
			<Ratio FieldName="PEEXCLXOR" Type="N">-99999.99000</Ratio>
			<Ratio FieldName="PRICE2BK" Type="N">2780.94100</Ratio>
			<Ratio FieldName="Employees" Type="N">-99999.99000</Ratio>
		</Group>
	</Ratios>
	<ForecastData ConsensusType="" CurFiscalYear="" CurFiscalYearEndMonth="" CurInterimEndCalYear="" CurInterimEndMonth="" EarningsBasis="">
		<Ratio FieldName="ConsRecom" Type="N">
			<Value PeriodType="CURR">-99999.99000</Value>
		</Ratio>
		<Ratio FieldName="TargetPrice" Type="N">
			<Value PeriodType="CURR">-99999.99000</Value>
		</Ratio>
		<Ratio FieldName="ProjLTGrowthRate" Type="N">
			<Value PeriodType="CURR">-99999.99000</Value>
		</Ratio>
		<Ratio FieldName="ProjPE" Type="N">
			<Value PeriodType="CURR">-99999.99000</Value>
		</Ratio>
		<Ratio FieldName="ProjSales" Type="N">
			<Value PeriodType="CURR">-99999.99000</Value>
		</Ratio>
		<Ratio FieldName="ProjSalesQ" Type="N">
			<Value PeriodType="CURR">-99999.99000</Value>
		</Ratio>
		<Ratio FieldName="ProjEPS" Type="N">
			<Value PeriodType="CURR">-99999.99000</Value>
		</Ratio>
		<Ratio FieldName="ProjEPSQ" Type="N">
			<Value PeriodType="CURR">-99999.99000</Value>
		</Ratio>
		<Ratio FieldName="ProjProfit" Type="N">
			<Value PeriodType="CURR">-99999.99000</Value>
		</Ratio>
		<Ratio FieldName="ProjDPS" Type="N">
			<Value PeriodType="CURR">-99999.99000</Value>
		</Ratio>
	</ForecastData>
</ReportSnapshot>
