<?xml version="1.0" encoding="UTF-8"?>
<ReportSnapshot Major="1" Minor="0" Revision="1">
	<CoIDs>
		<CoID Type="RepNo">A249B</CoID>
		<CoID Type="CompanyName">Bank of Marin Bancorp</CoID>
		<CoID Type="IRSNo">208859754</CoID>
		<CoID Type="CIKNo">0001403475</CoID>
		<CoID Type="OrganizationPermID">5000493569</CoID>
	</CoIDs>
	<Issues>
		<Issue ID="1" Type="C" Desc="Common Stock" Order="1">
			<IssueID Type="Name">Ordinary Shares</IssueID>
			<IssueID Type="Ticker">BMRC</IssueID>
			<IssueID Type="RIC">BMRC.O</IssueID>
			<IssueID Type="DisplayRIC">BMRC.OQ</IssueID>
			<IssueID Type="InstrumentPI">263419</IssueID>
			<IssueID Type="QuotePI">7694969</IssueID>
			<IssueID Type="InstrumentPermID">8590024627</IssueID>
			<IssueID Type="QuotePermID">55835324621</IssueID>
			<Exchange Code="NASD" Country="USA">NASDAQ</Exchange>
			<GlobalListingType>OSR</GlobalListingType>
			<MostRecentSplit Date="2018-11-28">2.0</MostRecentSplit>
		</Issue>
		<Issue ID="2" Type="P" Desc="Preferred Stock" Order="1">
			<IssueID Type="Name">Preference Shares</IssueID>
			<IssueID Type="InstrumentPI">118955710</IssueID>
			<IssueID Type="InstrumentPermID">21513405419</IssueID>
			<Exchange Code="NASD" Country="USA">NASDAQ</Exchange>
		</Issue>
	</Issues>
	<CoGeneralInfo>
		<CoStatus Code="1">Active</CoStatus>
		<CoType Code="EQU">Equity Issue</CoType>
		<LastModified>2021-01-25</LastModified>
		<LatestAvailableAnnual>2020-12-31</LatestAvailableAnnual>
		<LatestAvailableInterim>2020-12-31</LatestAvailableInterim>
		<Employees LastUpdated="2019-12-31">290</Employees>
		<SharesOut Date="2020-12-31" TotalFloat="11752706.0">13500453.0</SharesOut>
		<ReportingCurrency Code="USD">U.S. Dollars</ReportingCurrency>
		<MostRecentExchange Date="2021-02-03">1.0</MostRecentExchange>
	</CoGeneralInfo>
	<TextInfo>
		<Text Type="Business Summary" lastModified="2017-11-22T22:20:56">Bank of Marin Bancorp (Bancorp) is the holding company for Bank of Marin (the Bank). The Company's business banking focus is on small to medium-sized businesses, professionals and not-for-profit organizations. The Company operates through 23 offices in Marin, Sonoma, San Francisco, Napa and Alameda counties. It makes international banking services available to its customers indirectly through other financial institutions, with whom it has correspondent banking relationships. The Company offers a range of commercial and retail deposit and lending programs. Its lending categories include commercial real estate loans, commercial and industrial loans, construction financing, consumer loans and home equity lines of credit. The Company offers a range of personal and business checking and savings accounts, and time deposit alternatives.</Text>
		<Text Type="Financial Summary" lastModified="2021-01-25T23:57:08">BRIEF: For the fiscal year ended 31 December 2020, Bank ofMarin Bancorp interest income decreased 1% to $99.6M. Netinterest income after loan loss provision increased 2% to$96.7M.  Net income decreased 12% to $30.2M. Net interestincome after loan loss provision reflects Interest and feeson loans increase of less than 1% to $84.7M. Net income wasoffset by Provision for credit losses on unfunded increasefrom $129K to $1.6M (expense).</Text>
	</TextInfo>
	<contactInfo lastUpdated="2021-01-25T23:57:38">
		<streetAddress line="1">504 Redwood Blvd Ste 100</streetAddress>
		<streetAddress line="2"></streetAddress>
		<streetAddress line="3"></streetAddress>
		<city>NOVATO</city>
		<state-region>CA</state-region>
		<postalCode>94947-6923</postalCode>
		<country code="USA">United States</country>
		<contactName>Nancy Boatright</contactName>
		<contactTitle>Secretary</contactTitle>
		<phone>
			<phone type="mainphone">
				<countryPhoneCode>1</countryPhoneCode>
				<city-areacode>415</city-areacode>
				<number>7637781</number>
			</phone>
			<phone type="contactphone">
				<countryPhoneCode>1</countryPhoneCode>
				<city-areacode>415</city-areacode>
				<number>7634523</number>
			</phone>
		</phone>
	</contactInfo>
	<webLinks lastUpdated="2019-12-02T11:01:54"><webSite mainCategory="Home Page">https://www.bankofmarin.com/</webSite><eMail mainCategory="Company Contact/E-mail">nancyboatright@bankofmarin.com</eMail></webLinks>
	<peerInfo lastUpdated="2021-01-25T23:57:38">
		<IndustryInfo>
			<Industry type="TRBC" order="1" reported="0" code="5510101011" mnem="">Corporate Banks</Industry>
			<Industry type="NAICS" order="1" reported="0" code="522110" mnem="">Commercial Banking</Industry>
			<Industry type="NAICS" order="2" reported="0" code="523920" mnem="">Portfolio Management</Industry>
			<Industry type="NAICS" order="3" reported="0" code="523930" mnem="">Investment Advice</Industry>
			<Industry type="NAICS" order="4" reported="0" code="541191" mnem="">Title Abstract &amp; Settlement Offices</Industry>
			<Industry type="NAICS" order="5" reported="0" code="551111" mnem="">Offices of Bank Holding Companies</Industry>
			<Industry type="SIC" order="0" reported="1" code="6022" mnem="">State Commercial Banks</Industry>
			<Industry type="SIC" order="1" reported="0" code="6029" mnem="">Commercial Banks, Nec</Industry>
			<Industry type="SIC" order="2" reported="0" code="6282" mnem="">Investment Advice</Industry>
			<Industry type="SIC" order="3" reported="0" code="6541" mnem="">Title Abstract Offices</Industry>
			<Industry type="SIC" order="4" reported="0" code="6712" mnem="">Bank Holding Companies</Industry>
		</IndustryInfo>
	</peerInfo>
	<officers>
		<officer rank="1" since="05/2015">
			<firstName>Brian</firstName>
			<mI>M.</mI>
			<lastName>Sobel</lastName>
			<age>65 </age>
			<title startYear="2015" startMonth="05" startDay="" iD1="CHM" abbr1="Chmn." iD2="IND" abbr2="Ind. Dir.">Independent Chairman of the Board</title>
		</officer>
		<officer rank="2" since="03/2004">
			<firstName>Russell</firstName>
			<mI>A.</mI>
			<lastName>Colombo</lastName>
			<age>67 </age>
			<title startYear="2007" startMonth="07" startDay="01" iD1="CEO" abbr1="CEO" iD2="PRE" abbr2="Pres.">President, Chief Executive Officer, Director</title>
		</officer>
		<officer rank="3" since="2015">
			<firstName>William</firstName>
			<mI>H.</mI>
			<lastName>McDevitt</lastName>
			<age>67 </age>
			<title startYear="2015" startMonth="" startDay="" iD1="VCH" abbr1="Vice Chmn." iD2="IND" abbr2="Ind. Dir.">Independent Vice Chairman of the Board</title>
		</officer>
		<officer rank="4" since="09/03/2013">
			<firstName>Tani</firstName>
			<mI>A.</mI>
			<lastName>Girton</lastName>
			<age>60 </age>
			<title startYear="2014" startMonth="11" startDay="12" iD1="CFO" abbr1="CFO" iD2="EVP" abbr2="Exec. VP">Chief Financial Officer, Executive Vice President</title>
		</officer>
		<officer rank="5" since="2013">
			<firstName>Timothy</firstName>
			<mI>D.</mI>
			<lastName>Myers</lastName>
			<age>49 </age>
			<title startYear="2020" startMonth="06" startDay="30" iD1="COO" abbr1="COO" iD2="EVP" abbr2="Exec. VP">Chief Operating Officer, Executive Vice President</title>
		</officer>
		<officer rank="6" since="2013">
			<firstName>James</firstName>
			<mI>T.</mI>
			<lastName>Burke</lastName>
			<age>65 </age>
			<title startYear="2016" startMonth="01" startDay="" iD1="EVP" abbr1="Exec. VP" iD2="CIO" abbr2="CIO">Executive Vice President, Chief Information Officer</title>
		</officer>
		<officer rank="7" since="01/2019">
			<firstName>Robert</firstName>
			<mI></mI>
			<lastName>Gotelli</lastName>
			<age>55 </age>
			<title startYear="2019" startMonth="01" startDay="" iD1="EVP" abbr1="Exec. VP" iD2="DHR" abbr2="Dir.-HR">Executive Vice President of Human Resources</title>
		</officer>
		<officer rank="8" since="10/31/2013">
			<firstName>Elizabeth</firstName>
			<mI></mI>
			<lastName>Reizman</lastName>
			<age>61 </age>
			<title startYear="2013" startMonth="10" startDay="31" iD1="EVP" abbr1="Exec. VP" iD2="" abbr2="">Executive Vice President, Chief Credit Officer</title>
		</officer>
		<officer rank="9" since="04/01/2020">
			<firstName>Brandi</firstName>
			<mI></mI>
			<lastName>Campbell</lastName>
			<age></age>
			<title startYear="2020" startMonth="04" startDay="01" iD1="SVP" abbr1="Sr. VP" iD2="" abbr2="">Senior Vice President - Retail Banking</title>
		</officer>
		<officer rank="10" since="03/2002">
			<firstName>Nancy</firstName>
			<mI>Rinaldi</mI>
			<lastName>Boatright</lastName>
			<age></age>
			<title startYear="2019" startMonth="" startDay="" iD1="SEC" abbr1="Secy." iD2="IRC" abbr2="IR-Contact">Secretary</title>
		</officer>
	</officers>
	<Ratios PriceCurrency="USD" ReportingCurrency="USD" ExchangeRate="1.00000" LatestAvailableDate="2020-12-31">
		<Group ID="Price and Volume">
			<Ratio FieldName="NPRICE" Type="N">36.87000</Ratio>
			<Ratio FieldName="NHIG" Type="N">44.78500</Ratio>
			<Ratio FieldName="NLOW" Type="N">23.80050</Ratio>
			<Ratio FieldName="PDATE" Type="D">2021-02-04T00:00:00</Ratio>
			<Ratio FieldName="VOL10DAVG" Type="N">0.03950</Ratio>
			<Ratio FieldName="EV" Type="N">300.21870</Ratio>
		</Group>
		<Group ID="Income Statement">
			<Ratio FieldName="MKTCAP" Type="N">497.76170</Ratio>
			<Ratio FieldName="TTMREV" Type="N">99.63800</Ratio>
			<Ratio FieldName="TTMEBITD" Type="N">48.95500</Ratio>
			<Ratio FieldName="TTMNIAC" Type="N">30.24200</Ratio>
		</Group>
		<Group ID="Per share data">
			<Ratio FieldName="TTMEPSXCLX" Type="N">2.22103</Ratio>
			<Ratio FieldName="TTMREVPS" Type="N">7.72658</Ratio>
			<Ratio FieldName="QBVPS" Type="N">26.53637</Ratio>
			<Ratio FieldName="QCSHPS" Type="N">14.83802</Ratio>
			<Ratio FieldName="TTMCFSHR" Type="N">2.44145</Ratio>
			<Ratio FieldName="TTMDIVSHR" Type="N">0.92000</Ratio>
		</Group>
		<Group ID="Other Ratios">
			<Ratio FieldName="TTMGROSMGN" Type="N">-99999.99000</Ratio>
			<Ratio FieldName="TTMROEPCT" Type="N">8.70222</Ratio>
			<Ratio FieldName="TTMPR2REV" Type="N">4.73117</Ratio>
			<Ratio FieldName="PEEXCLXOR" Type="N">16.60041</Ratio>
			<Ratio FieldName="PRICE2BK" Type="N">1.38941</Ratio>
			<Ratio FieldName="Employees" Type="N">290</Ratio>
		</Group>
	</Ratios>
	<ForecastData ConsensusType="Mean" CurFiscalYear="2021" CurFiscalYearEndMonth="12" CurInterimEndCalYear="2021" CurInterimEndMonth="3" EarningsBasis="REP">
		<Ratio FieldName="ConsRecom" Type="N">
			<Value PeriodType="CURR">3</Value>
		</Ratio>
		<Ratio FieldName="TargetPrice" Type="N">
			<Value PeriodType="CURR">34.50000</Value>
		</Ratio>
		<Ratio FieldName="ProjLTGrowthRate" Type="N">
			<Value PeriodType="CURR">-99999.99000</Value>
		</Ratio>
		<Ratio FieldName="ProjPE" Type="N">
			<Value PeriodType="CURR">19.04442</Value>
		</Ratio>
		<Ratio FieldName="ProjSales" Type="N">
			<Value PeriodType="CURR">95.22000</Value>
		</Ratio>
		<Ratio FieldName="ProjSalesQ" Type="N">
			<Value PeriodType="CURR">24.74000</Value>
		</Ratio>
		<Ratio FieldName="ProjEPS" Type="N">
			<Value PeriodType="CURR">1.93600</Value>
		</Ratio>
		<Ratio FieldName="ProjEPSQ" Type="N">
			<Value PeriodType="CURR">0.50400</Value>
		</Ratio>
		<Ratio FieldName="ProjProfit" Type="N">
			<Value PeriodType="CURR">25.81920</Value>
		</Ratio>
		<Ratio FieldName="ProjDPS" Type="N">
			<Value PeriodType="CURR">0.92400</Value>
		</Ratio>
	</ForecastData>
</ReportSnapshot>
