<?xml version="1.0" encoding="UTF-8"?>
<ReportSnapshot Major="1" Minor="0" Revision="1">
	<CoIDs>
		<CoID Type="RepNo">A1F5C</CoID>
		<CoID Type="CompanyName">BioMarin Pharmaceutical Inc.</CoID>
		<CoID Type="IRSNo">680397820</CoID>
		<CoID Type="CIKNo">0001048477</CoID>
		<CoID Type="OrganizationPermID">4295912660</CoID>
	</CoIDs>
	<Issues>
		<Issue ID="1" Type="C" Desc="Common Stock" Order="1">
			<IssueID Type="Name">Ordinary Shares</IssueID>
			<IssueID Type="Ticker">BMRN</IssueID>
			<IssueID Type="RIC">BMRN.O</IssueID>
			<IssueID Type="DisplayRIC">BMRN.OQ</IssueID>
			<IssueID Type="InstrumentPI">462263</IssueID>
			<IssueID Type="QuotePI">7694973</IssueID>
			<IssueID Type="InstrumentPermID">8590942231</IssueID>
			<IssueID Type="QuotePermID">55835317736</IssueID>
			<Exchange Code="NASD" Country="USA">NASDAQ</Exchange>
			<GlobalListingType>OSR</GlobalListingType>
		</Issue>
	</Issues>
	<CoGeneralInfo>
		<CoStatus Code="1">Active</CoStatus>
		<CoType Code="EQU">Equity Issue</CoType>
		<LastModified>2020-12-20</LastModified>
		<LatestAvailableAnnual>2019-12-31</LatestAvailableAnnual>
		<LatestAvailableInterim>2020-09-30</LatestAvailableInterim>
		<Employees LastUpdated="2019-12-31">3001</Employees>
		<SharesOut Date="2020-10-23" TotalFloat="180419672.0">181529667.0</SharesOut>
		<ReportingCurrency Code="USD">U.S. Dollars</ReportingCurrency>
		<MostRecentExchange Date="2021-02-03">1.0</MostRecentExchange>
	</CoGeneralInfo>
	<TextInfo>
		<Text Type="Business Summary" lastModified="2017-03-13T05:02:33">BioMarin Pharmaceutical Inc. is a biotechnology company. The Company develops and commercializes pharmaceuticals for various diseases and medical conditions. As of December 31, 2016, the Company's therapy portfolio consisted of five products, and multiple clinical and pre-clinical product candidates. Its commercial products include Aldurazyme (laronidase) for Mucopolysaccharidosis I (MPS I), Firdapse (amifampridine phosphate) for Lambert Eaton Myasthenic Syndrome (LEMS), Kuvan (sapropterin dihydrochloride) for phenylketonuria (PKU), Naglazyme (galsulfase) for Mucopolysaccharidosis VI (MPS VI) and Vimizim (elosulfase alpha) for Mucopolysaccharidosis IV Type A (MPS IV A). The Company is conducting clinical trials on various product candidates for the treatment of various diseases. Its clinical product candidates include Brineura, pegvaliase, vosoritide, BMN 270 and BMN 250.</Text>
		<Text Type="Financial Summary" lastModified="2020-12-20T22:13:56">BRIEF: For the nine months ended 30 September 2020,BioMarin Pharmaceutical Inc. revenues increased 13% to$1.41B. Net income totaled $837M vs. loss of $38.9M.Revenues reflect Palynziq1 segment increase from $55.3M to$121.4M, Aldurazyme1 segment increase of 74% to $128.9M,United States segment increase of 30% to $729.7M, Rest ofworld segment increase of 5% to $161.4M.</Text>
	</TextInfo>
	<contactInfo lastUpdated="2021-01-10T18:54:00">
		<streetAddress line="1">105 Digital Dr</streetAddress>
		<streetAddress line="2"></streetAddress>
		<streetAddress line="3"></streetAddress>
		<city>NOVATO</city>
		<state-region>CA</state-region>
		<postalCode>94949-8703</postalCode>
		<country code="USA">United States</country>
		<contactName></contactName>
		<contactTitle></contactTitle>
		<phone>
			<phone type="mainphone">
				<countryPhoneCode>1</countryPhoneCode>
				<city-areacode>415</city-areacode>
				<number>5066700</number>
			</phone>
			<phone type="mainfax">
				<countryPhoneCode>1</countryPhoneCode>
				<city-areacode>415</city-areacode>
				<number>3827889</number>
			</phone>
		</phone>
	</contactInfo>
	<webLinks lastUpdated="2013-05-24T17:55:04"><webSite mainCategory="Home Page">http://www.bmrn.com/</webSite><eMail mainCategory="Company Contact/E-mail">IR@BMRN.com</eMail></webLinks>
	<peerInfo lastUpdated="2021-01-10T18:54:00">
		<IndustryInfo>
			<Industry type="TRBC" order="1" reported="0" code="5620104012" mnem="">Biopharmaceuticals</Industry>
			<Industry type="NAICS" order="1" reported="0" code="325412" mnem="">Pharmaceutical Preparation Mfg</Industry>
			<Industry type="NAICS" order="2" reported="0" code="541712" mnem="">Research and Development in the Physical, Engineering, and Life Sciences (except Biotechnology)</Industry>
			<Industry type="NAICS" order="3" reported="0" code="424210" mnem="">Drugs and Druggists' Sundries Merchant Wholesalers</Industry>
			<Industry type="SIC" order="0" reported="1" code="2834" mnem="">Pharmaceutical Preparations</Industry>
			<Industry type="SIC" order="1" reported="0" code="2834" mnem="">Pharmaceutical Preparations</Industry>
			<Industry type="SIC" order="2" reported="0" code="8731" mnem="">Commercial Physical Research</Industry>
			<Industry type="SIC" order="3" reported="0" code="5122" mnem="">Drugs/proprietaries/sundries</Industry>
		</IndustryInfo>
	</peerInfo>
	<officers>
		<officer rank="1" since="05/2005">
			<firstName>Jean-Jacques</firstName>
			<mI></mI>
			<lastName>Bienaime</lastName>
			<age>65 </age>
			<title startYear="2015" startMonth="06" startDay="" iD1="CHM" abbr1="Chmn." iD2="CEO" abbr2="CEO">Chairman of the Board, Chief Executive Officer</title>
		</officer>
		<officer rank="2" since="03/2011">
			<firstName>Brian</firstName>
			<mI>R.</mI>
			<lastName>Mueller</lastName>
			<age>46 </age>
			<title startYear="2020" startMonth="06" startDay="29" iD1="CFO" abbr1="CFO" iD2="EVP" abbr2="Exec. VP">Chief Financial Officer, Executive Vice President</title>
		</officer>
		<officer rank="3" since="03/02/2009">
			<firstName>Henry</firstName>
			<mI>J.</mI>
			<lastName>Fuchs</lastName>
			<age>62 </age>
			<title startYear="2016" startMonth="10" startDay="" iD1="CEX" abbr1="Corp. Exec." iD2="" abbr2="">President - Worldwide Research &amp; Development</title>
		</officer>
		<officer rank="4" since="05/04/2020">
			<firstName>C. Greg</firstName>
			<mI></mI>
			<lastName>Guyer</lastName>
			<age></age>
			<title startYear="2020" startMonth="05" startDay="04" iD1="EVP" abbr1="Exec. VP" iD2="CTO" abbr2="CTO">Chief Technical Officer, Executive Vice President of Global Manufacturing, Technical Operations</title>
		</officer>
		<officer rank="5" since="03/2004">
			<firstName>G. Eric</firstName>
			<mI></mI>
			<lastName>Davis</lastName>
			<age>48 </age>
			<title startYear="2016" startMonth="03" startDay="" iD1="EVP" abbr1="Exec. VP" iD2="GCN" abbr2="Counsel">Executive Vice President, General Counsel, Secretary</title>
		</officer>
		<officer rank="6" since="09/2005">
			<firstName>Jeff</firstName>
			<mI>Robert</mI>
			<lastName>Ajer</lastName>
			<age>57 </age>
			<title startYear="2013" startMonth="12" startDay="19" iD1="EVP" abbr1="Exec. VP" iD2="" abbr2="">Executive Vice President, Chief Commercial Officer</title>
		</officer>
		<officer rank="7" since="07/12/2020">
			<firstName>Andrea</firstName>
			<mI></mI>
			<lastName>Acosta</lastName>
			<age>41 </age>
			<title startYear="2020" startMonth="07" startDay="13" iD1="CAO" abbr1="CAO" iD2="VPR" abbr2="VP">Chief Accounting Officer, Group Vice President</title>
		</officer>
		<officer rank="8" since="10/07/2019">
			<firstName>Lon</firstName>
			<mI></mI>
			<lastName>Cardon</lastName>
			<age></age>
			<title startYear="2019" startMonth="10" startDay="07" iD1="CSO" abbr1="CSO" iD2="" abbr2="">Chief Scientific Strategy Officer</title>
		</officer>
	</officers>
	<Ratios PriceCurrency="USD" ReportingCurrency="USD" ExchangeRate="1.00000" LatestAvailableDate="2020-09-30">
		<Group ID="Price and Volume">
			<Ratio FieldName="NPRICE" Type="N">84.81000</Ratio>
			<Ratio FieldName="NHIG" Type="N">131.94500</Ratio>
			<Ratio FieldName="NLOW" Type="N">68.25000</Ratio>
			<Ratio FieldName="PDATE" Type="D">2021-02-04T00:00:00</Ratio>
			<Ratio FieldName="VOL10DAVG" Type="N">1.10673</Ratio>
			<Ratio FieldName="EV" Type="N">15345.99800</Ratio>
		</Group>
		<Group ID="Income Statement">
			<Ratio FieldName="MKTCAP" Type="N">15395.53000</Ratio>
			<Ratio FieldName="TTMREV" Type="N">1862.78100</Ratio>
			<Ratio FieldName="TTMEBITD" Type="N">27.45500</Ratio>
			<Ratio FieldName="TTMNIAC" Type="N">852.02500</Ratio>
		</Group>
		<Group ID="Per share data">
			<Ratio FieldName="TTMEPSXCLX" Type="N">4.32721</Ratio>
			<Ratio FieldName="TTMREVPS" Type="N">10.00013</Ratio>
			<Ratio FieldName="QBVPS" Type="N">22.33644</Ratio>
			<Ratio FieldName="QCSHPS" Type="N">8.29607</Ratio>
			<Ratio FieldName="TTMCFSHR" Type="N">5.14118</Ratio>
			<Ratio FieldName="TTMDIVSHR" Type="N">0.00000</Ratio>
		</Group>
		<Group ID="Other Ratios">
			<Ratio FieldName="TTMGROSMGN" Type="N">73.47874</Ratio>
			<Ratio FieldName="TTMROEPCT" Type="N">23.90543</Ratio>
			<Ratio FieldName="TTMPR2REV" Type="N">8.26481</Ratio>
			<Ratio FieldName="PEEXCLXOR" Type="N">19.59923</Ratio>
			<Ratio FieldName="PRICE2BK" Type="N">3.79693</Ratio>
			<Ratio FieldName="Employees" Type="N">3001</Ratio>
		</Group>
	</Ratios>
	<ForecastData ConsensusType="Mean" CurFiscalYear="2020" CurFiscalYearEndMonth="12" CurInterimEndCalYear="2020" CurInterimEndMonth="12" EarningsBasis="PRX">
		<Ratio FieldName="ConsRecom" Type="N">
			<Value PeriodType="CURR">2.1818</Value>
		</Ratio>
		<Ratio FieldName="TargetPrice" Type="N">
			<Value PeriodType="CURR">112.00000</Value>
		</Ratio>
		<Ratio FieldName="ProjLTGrowthRate" Type="N">
			<Value PeriodType="CURR">52.1607</Value>
		</Ratio>
		<Ratio FieldName="ProjPE" Type="N">
			<Value PeriodType="CURR">20.03970</Value>
		</Ratio>
		<Ratio FieldName="ProjSales" Type="N">
			<Value PeriodType="CURR">1852.17880</Value>
		</Ratio>
		<Ratio FieldName="ProjSalesQ" Type="N">
			<Value PeriodType="CURR">440.23030</Value>
		</Ratio>
		<Ratio FieldName="ProjEPS" Type="N">
			<Value PeriodType="CURR">4.23210</Value>
		</Ratio>
		<Ratio FieldName="ProjEPSQ" Type="N">
			<Value PeriodType="CURR">-0.19070</Value>
		</Ratio>
		<Ratio FieldName="ProjProfit" Type="N">
			<Value PeriodType="CURR">776.54900</Value>
		</Ratio>
		<Ratio FieldName="ProjDPS" Type="N">
			<Value PeriodType="CURR">0.00000</Value>
		</Ratio>
	</ForecastData>
</ReportSnapshot>
