<?xml version="1.0" encoding="UTF-8"?>
<ReportSnapshot Major="1" Minor="0" Revision="1">
	<CoIDs>
		<CoID Type="RepNo">05B7B</CoID>
		<CoID Type="CompanyName">Burning Rock Biotech Ltd(ADR)</CoID>
		<CoID Type="CIKNo">0001792267</CoID>
		<CoID Type="OrganizationPermID">5074555179</CoID>
	</CoIDs>
	<Issues>
		<Issue ID="1" Type="C" Desc="Common Stock" Order="1">
			<IssueID Type="Name">ADR</IssueID>
			<IssueID Type="Ticker">BNR</IssueID>
			<IssueID Type="RIC">BNR.O</IssueID>
			<IssueID Type="DisplayRIC">BNR.OQ</IssueID>
			<IssueID Type="InstrumentPI">437874600</IssueID>
			<IssueID Type="QuotePI">437902939</IssueID>
			<IssueID Type="InstrumentPermID">25727348474</IssueID>
			<IssueID Type="QuotePermID">25727348450</IssueID>
			<Exchange Code="NASD" Country="USA">NASDAQ</Exchange>
			<GlobalListingType SharesPerListing="1.0">ADR</GlobalListingType>
		</Issue>
		<Issue ID="2" Type="C" Desc="Common Stock" Order="2">
			<IssueID Type="Name">Ordinary Shares</IssueID>
			<IssueID Type="InstrumentPI">437874877</IssueID>
			<IssueID Type="InstrumentPermID">21752297330</IssueID>
			<Exchange Code="NA" Country="">Not Available</Exchange>
		</Issue>
		<Issue ID="3" Type="C" Desc="Common Stock" Order="3">
			<IssueID Type="Name">Ordinary Shares Class B</IssueID>
			<IssueID Type="InstrumentPI">439359030</IssueID>
			<IssueID Type="InstrumentPermID">21753403933</IssueID>
			<Exchange Code="NA" Country="">Not Available</Exchange>
		</Issue>
	</Issues>
	<CoGeneralInfo>
		<CoStatus Code="1">Active</CoStatus>
		<CoType Code="EQU">Equity Issue</CoType>
		<LastModified>2020-11-26</LastModified>
		<LatestAvailableAnnual>2019-12-31</LatestAvailableAnnual>
		<LatestAvailableInterim>2020-09-30</LatestAvailableInterim>
		<Employees LastUpdated="2020-03-31">753</Employees>
		<SharesOut Date="2020-09-30" TotalFloat="13500000.0">101779534.0</SharesOut>
		<ReportingCurrency Code="CNY">Renminbi</ReportingCurrency>
		<MostRecentExchange Date="2021-02-03">6.4579</MostRecentExchange>
	</CoGeneralInfo>
	<TextInfo>
		<Text Type="Business Summary" lastModified="2020-06-03T03:24:25">Burning Rock Biotech Ltd is a holding company mainly engaged in the next generation sequencing (NGS) based cancer therapy selection. The Company operates three segments. Central Laboratory Business segment is engaged in the sales of cancer therapy selection test to individual patients. In-Hospital Business segment is engaged in the sales of reagent kits and the provision of the facilitation services for the sale of laboratory equipment to hospitals. Pharma Research and Development Services segment provide services to companies primarily in relation to the development of targeted therapies and immunotherapies for various types of cancer, and to hospitals for their studies on cancer diagnosis and treatment. Its products include OncoScreen Plus and LungPlasma. Its NGS-based cancer therapy selection tests applicable to a broad range of cancer types, including lung cancer, prostate cancer, breast cancer and others. The Company mainly conducts its businesses in the China market.</Text>
		<Text Type="Financial Summary" lastModified="2020-11-26T02:34:09">BRIEF: For the nine months ended 30 September 2020, BurningRock Biotech Ltd(ADR) revenues increased 2% to RMB298.2M.Net loss applicable to common stockholders increased 58% toRMB315.4M. Revenues reflect an increase in demand for theCompany's products and services due to favorable marketconditions. Higher net loss reflects Foreign exchangegain/loss - Net decrease from RMB1.8M (income) to RMB1.7M(expense).</Text>
	</TextInfo>
	<contactInfo lastUpdated="2020-12-15T01:44:17">
		<streetAddress line="1"></streetAddress>
		<streetAddress line="2"></streetAddress>
		<streetAddress line="3"></streetAddress>
		<city>GUANGZHOU</city>
		<state-region>GNG</state-region>
		<postalCode>510005</postalCode>
		<country code="CHN">China</country>
		<contactName></contactName>
		<contactTitle></contactTitle>
		<phone>
			<phone type="mainphone">
				<countryPhoneCode>86</countryPhoneCode>
				<city-areacode>20</city-areacode>
				<number>34037871</number>
			</phone>
			<phone type="mainfax">
				<countryPhoneCode>86</countryPhoneCode>
				<city-areacode>20</city-areacode>
				<number>34037872</number>
			</phone>
		</phone>
	</contactInfo>
	<webLinks lastUpdated="2020-06-12T11:45:00"><webSite mainCategory="Home Page">http://www.brbiotech.com/</webSite><eMail mainCategory="Company Contact/E-mail">info@brbiotech.com</eMail></webLinks>
	<peerInfo lastUpdated="2020-12-15T01:44:17">
		<IndustryInfo>
			<Industry type="TRBC" order="1" reported="0" code="5610201015" mnem="">Medical &amp; Diagnostic Laboratories</Industry>
			<Industry type="NAICS" order="1" reported="0" code="621511" mnem="">Medical Laboratories</Industry>
			<Industry type="NAICS" order="2" reported="0" code="541380" mnem="">Testing Laboratories</Industry>
			<Industry type="NAICS" order="3" reported="0" code="541711" mnem="">Research and Development in Biotechnology</Industry>
			<Industry type="NAICS" order="4" reported="0" code="325413" mnem="">In-Vitro Diagnostic Substance Mfg</Industry>
			<Industry type="NAICS" order="5" reported="0" code="423450" mnem="">Medical, Dental, and Hospital Equipment and Supplies Merchant Wholesalers</Industry>
			<Industry type="NAICS" order="6" reported="0" code="551112" mnem="">Offices of Other Holding Companies</Industry>
			<Industry type="SIC" order="1" reported="0" code="8071" mnem="">Medical Laboratories</Industry>
			<Industry type="SIC" order="2" reported="0" code="8734" mnem="">Testing Laboratories</Industry>
			<Industry type="SIC" order="3" reported="0" code="8731" mnem="">Commercial Physical Research</Industry>
			<Industry type="SIC" order="4" reported="0" code="2835" mnem="">Diagnostic Substances</Industry>
			<Industry type="SIC" order="5" reported="0" code="5047" mnem="">Medical And Hospital Equipment</Industry>
			<Industry type="SIC" order="6" reported="0" code="6719" mnem="">Holding Companies, Nec</Industry>
		</IndustryInfo>
	</peerInfo>
	<officers></officers>
	<Ratios PriceCurrency="USD" ReportingCurrency="CNY" ExchangeRate="0.15452" LatestAvailableDate="2020-09-30">
		<Group ID="Price and Volume">
			<Ratio FieldName="NPRICE" Type="N">31.62000</Ratio>
			<Ratio FieldName="NHIG" Type="N">37.96990</Ratio>
			<Ratio FieldName="NLOW" Type="N">18.64000</Ratio>
			<Ratio FieldName="PDATE" Type="D">2021-02-04T00:00:00</Ratio>
			<Ratio FieldName="VOL10DAVG" Type="N">0.34568</Ratio>
			<Ratio FieldName="EV" Type="N">2911.28152</Ratio>
		</Group>
		<Group ID="Income Statement">
			<Ratio FieldName="MKTCAP" Type="N">3275.40200</Ratio>
			<Ratio FieldName="TTMREV" Type="N">59.77841</Ratio>
			<Ratio FieldName="TTMEBITD" Type="N">-51.91378</Ratio>
			<Ratio FieldName="TTMNIAC" Type="N">-69.49115</Ratio>
		</Group>
		<Group ID="Per share data">
			<Ratio FieldName="TTMEPSXCLX" Type="N">-0.68276</Ratio>
			<Ratio FieldName="TTMREVPS" Type="N">0.58733</Ratio>
			<Ratio FieldName="QBVPS" Type="N">3.84497</Ratio>
			<Ratio FieldName="QCSHPS" Type="N">3.64687</Ratio>
			<Ratio FieldName="TTMCFSHR" Type="N">-0.29844</Ratio>
			<Ratio FieldName="TTMDIVSHR" Type="N">0.00000</Ratio>
		</Group>
		<Group ID="Other Ratios">
			<Ratio FieldName="TTMGROSMGN" Type="N">69.72750</Ratio>
			<Ratio FieldName="TTMROEPCT" Type="N">-50.91211</Ratio>
			<Ratio FieldName="TTMPR2REV" Type="N">54.79238</Ratio>
			<Ratio FieldName="PEEXCLXOR" Type="N">-99999.99000</Ratio>
			<Ratio FieldName="PRICE2BK" Type="N">8.20645</Ratio>
			<Ratio FieldName="Employees" Type="N">753</Ratio>
		</Group>
	</Ratios>
	<ForecastData ConsensusType="Mean" CurFiscalYear="2020" CurFiscalYearEndMonth="12" CurInterimEndCalYear="2020" CurInterimEndMonth="12" EarningsBasis="PRX">
		<Ratio FieldName="ConsRecom" Type="N">
			<Value PeriodType="CURR">1.6667</Value>
		</Ratio>
		<Ratio FieldName="TargetPrice" Type="N">
			<Value PeriodType="CURR">31.45000</Value>
		</Ratio>
		<Ratio FieldName="ProjLTGrowthRate" Type="N">
			<Value PeriodType="CURR">30.8000</Value>
		</Ratio>
		<Ratio FieldName="ProjPE" Type="N">
			<Value PeriodType="CURR">-65.62889</Value>
		</Ratio>
		<Ratio FieldName="ProjSales" Type="N">
			<Value PeriodType="CURR">64.97890</Value>
		</Ratio>
		<Ratio FieldName="ProjSalesQ" Type="N">
			<Value PeriodType="CURR">19.38030</Value>
		</Ratio>
		<Ratio FieldName="ProjEPS" Type="N">
			<Value PeriodType="CURR">-0.48180</Value>
		</Ratio>
		<Ratio FieldName="ProjEPSQ" Type="N">
			<Value PeriodType="CURR">-0.19210</Value>
		</Ratio>
		<Ratio FieldName="ProjProfit" Type="N">
			<Value PeriodType="CURR">-49.46440</Value>
		</Ratio>
		<Ratio FieldName="ProjDPS" Type="N">
			<Value PeriodType="CURR">0.00000</Value>
		</Ratio>
	</ForecastData>
</ReportSnapshot>
