<?xml version="1.0" encoding="UTF-8"?>
<ReportSnapshot Major="1" Minor="0" Revision="1">
	<CoIDs>
		<CoID Type="RepNo">A6091</CoID>
		<CoID Type="CompanyName">Benitec Biopharma Inc</CoID>
		<CoID Type="IRSNo">844620206</CoID>
		<CoID Type="CIKNo">0001808898</CoID>
		<CoID Type="OrganizationPermID">5074069753</CoID>
	</CoIDs>
	<Issues>
		<Issue ID="2" Type="C" Desc="Common Stock" Order="1">
			<IssueID Type="Name">Ordinary Shares</IssueID>
			<IssueID Type="Ticker">BNTC</IssueID>
			<IssueID Type="RIC">BNTC.O</IssueID>
			<IssueID Type="DisplayRIC">BNTC.OQ</IssueID>
			<IssueID Type="InstrumentPI">111999400</IssueID>
			<IssueID Type="QuotePI">199700480</IssueID>
			<IssueID Type="InstrumentPermID">21507428277</IssueID>
			<IssueID Type="QuotePermID">21569685882</IssueID>
			<Exchange Code="NASD" Country="USA">NASDAQ</Exchange>
			<GlobalListingType>OSR</GlobalListingType>
		</Issue>
		<Issue ID="3" Type="C" Desc="Common Stock" Order="2">
			<IssueID Type="Name">Fully Paid Ord. Shrs</IssueID>
			<IssueID Type="ISIN">AU000000BLT8</IssueID>
			<IssueID Type="InstrumentPI">334184</IssueID>
			<IssueID Type="QuotePI">7373644</IssueID>
			<IssueID Type="InstrumentPermID">8590941188</IssueID>
			<IssueID Type="QuotePermID">55835572416</IssueID>
			<Exchange Code="ASX" Country="AUS">Australian Stock Exchange Ltd</Exchange>
		</Issue>
	</Issues>
	<CoGeneralInfo>
		<CoStatus Code="1">Active</CoStatus>
		<CoType Code="EQU">Equity Issue</CoType>
		<LastModified>2020-12-09</LastModified>
		<LatestAvailableAnnual>2020-06-30</LatestAvailableAnnual>
		<LatestAvailableInterim>2020-09-30</LatestAvailableInterim>
		<Employees LastUpdated="2014-06-30">13</Employees>
		<SharesOut Date="2020-11-09" TotalFloat="3845946.0">4405469.0</SharesOut>
		<ReportingCurrency Code="USD">U.S. Dollars</ReportingCurrency>
		<MostRecentExchange Date="2021-02-03">1.0</MostRecentExchange>
	</CoGeneralInfo>
	<TextInfo>
		<Text Type="Business Summary" lastModified="2020-04-20T01:52:09">Benitec Biopharma Inc. formerly Benitec Biopharma Limited, incorporated on April 7, 1995, a is a clinical-stage biotechnology company. The Company focused on the development of genetic medicines. The Company is developing a therapeutic technology platform that combines Ribonucleic acid (RNA) interference with gene therapy for providing sustained, long-lasting silencing of disease-causing genes from a single administration. The Company is using this technology, called Deoxyribonucleic acid (DNA)-directed RNA interference, or ddRNAi, to develop product candidates in chronic and life-threatening human disease areas including orphan disease and infectious disease. Benitec endeavors to develop and commercialize BB-301 for the treatment of Oculopharyngeal Muscular Dystrophy, or OPMD. The Companys pipeline includes Oculopharyngeal Muscular Dystrophy (OPMD) Hepatitis B BB-103.</Text>
		<Text Type="Financial Summary" lastModified="2020-12-09T13:41:28">BRIEF: For the three months ended 30 September 2020,Benitec Biopharma Inc revenues totaled $55K. Net losstotaled to $2.7M.</Text>
	</TextInfo>
	<contactInfo lastUpdated="2020-12-09T13:41:30">
		<streetAddress line="1">Level 14, 114 William St</streetAddress>
		<streetAddress line="2"></streetAddress>
		<streetAddress line="3"></streetAddress>
		<city>MELBOURNE</city>
		<state-region>VIC</state-region>
		<postalCode>3000</postalCode>
		<country code="AUS">Australia</country>
		<contactName></contactName>
		<contactTitle></contactTitle>
		<phone>
			<phone type="mainphone">
				<countryPhoneCode>61</countryPhoneCode>
				<city-areacode>3</city-areacode>
				<number>86927222</number>
			</phone>
			<phone type="mainfax">
				<countryPhoneCode>61</countryPhoneCode>
				<city-areacode>3</city-areacode>
				<number>99669923</number>
			</phone>
		</phone>
	</contactInfo>
	<webLinks lastUpdated="2020-04-17T00:00:01"><webSite mainCategory="Home Page">https://benitec.com/</webSite><eMail mainCategory="Company Contact/E-mail">
		</eMail></webLinks>
	<peerInfo lastUpdated="2020-12-09T13:41:30">
		<IndustryInfo>
			<Industry type="TRBC" order="1" reported="0" code="5620201010" mnem="">Biotechnology &amp; Medical Research - NEC</Industry>
			<Industry type="NAICS" order="1" reported="0" code="541712" mnem="">Research and Development in the Physical, Engineering, and Life Sciences (except Biotechnology)</Industry>
			<Industry type="NAICS" order="2" reported="0" code="533110" mnem="">Lessors of Nonfinancial Intangible Assets (except Copyrighted Works)</Industry>
			<Industry type="SIC" order="1" reported="0" code="8731" mnem="">Commercial Physical Research</Industry>
			<Industry type="SIC" order="2" reported="0" code="6794" mnem="">Patent Owners And Lessors</Industry>
		</IndustryInfo>
	</peerInfo>
	<officers></officers>
	<Ratios PriceCurrency="USD" ReportingCurrency="USD" ExchangeRate="1.00000" LatestAvailableDate="2020-09-30">
		<Group ID="Price and Volume">
			<Ratio FieldName="NPRICE" Type="N">4.20000</Ratio>
			<Ratio FieldName="NHIG" Type="N">17.41500</Ratio>
			<Ratio FieldName="NLOW" Type="N">2.52000</Ratio>
			<Ratio FieldName="PDATE" Type="D">2021-02-04T00:00:00</Ratio>
			<Ratio FieldName="VOL10DAVG" Type="N">0.57701</Ratio>
			<Ratio FieldName="EV" Type="N">11.05297</Ratio>
		</Group>
		<Group ID="Income Statement">
			<Ratio FieldName="MKTCAP" Type="N">18.50297</Ratio>
			<Ratio FieldName="TTMREV" Type="N">-99999.99000</Ratio>
			<Ratio FieldName="TTMEBITD" Type="N">-99999.99000</Ratio>
			<Ratio FieldName="TTMNIAC" Type="N">-99999.99000</Ratio>
		</Group>
		<Group ID="Per share data">
			<Ratio FieldName="TTMEPSXCLX" Type="N">-99999.99000</Ratio>
			<Ratio FieldName="TTMREVPS" Type="N">-99999.99000</Ratio>
			<Ratio FieldName="QBVPS" Type="N">6.97962</Ratio>
			<Ratio FieldName="QCSHPS" Type="N">6.72158</Ratio>
			<Ratio FieldName="TTMCFSHR" Type="N">-99999.99000</Ratio>
			<Ratio FieldName="TTMDIVSHR" Type="N">-99999.99000</Ratio>
		</Group>
		<Group ID="Other Ratios">
			<Ratio FieldName="TTMGROSMGN" Type="N">-99999.99000</Ratio>
			<Ratio FieldName="TTMROEPCT" Type="N">-99999.99000</Ratio>
			<Ratio FieldName="TTMPR2REV" Type="N">-99999.99000</Ratio>
			<Ratio FieldName="PEEXCLXOR" Type="N">-99999.99000</Ratio>
			<Ratio FieldName="PRICE2BK" Type="N">0.60175</Ratio>
			<Ratio FieldName="Employees" Type="N">13</Ratio>
		</Group>
	</Ratios>
	<ForecastData ConsensusType="Mean" CurFiscalYear="2021" CurFiscalYearEndMonth="6" CurInterimEndCalYear="2020" CurInterimEndMonth="12" EarningsBasis="PRX">
		<Ratio FieldName="ConsRecom" Type="N">
			<Value PeriodType="CURR">3</Value>
		</Ratio>
		<Ratio FieldName="TargetPrice" Type="N">
			<Value PeriodType="CURR">-99999.99000</Value>
		</Ratio>
		<Ratio FieldName="ProjLTGrowthRate" Type="N">
			<Value PeriodType="CURR">-99999.99000</Value>
		</Ratio>
		<Ratio FieldName="ProjPE" Type="N">
			<Value PeriodType="CURR">-1.15345</Value>
		</Ratio>
		<Ratio FieldName="ProjSales" Type="N">
			<Value PeriodType="CURR">0.11642</Value>
		</Ratio>
		<Ratio FieldName="ProjSalesQ" Type="N">
			<Value PeriodType="CURR">0.03708</Value>
		</Ratio>
		<Ratio FieldName="ProjEPS" Type="N">
			<Value PeriodType="CURR">-3.64125</Value>
		</Ratio>
		<Ratio FieldName="ProjEPSQ" Type="N">
			<Value PeriodType="CURR">-0.79388</Value>
		</Ratio>
		<Ratio FieldName="ProjProfit" Type="N">
			<Value PeriodType="CURR">-99999.99000</Value>
		</Ratio>
		<Ratio FieldName="ProjDPS" Type="N">
			<Value PeriodType="CURR">-99999.99000</Value>
		</Ratio>
	</ForecastData>
</ReportSnapshot>
