<?xml version="1.0" encoding="UTF-8"?>
<ReportSnapshot Major="1" Minor="0" Revision="1">
	<CoIDs>
		<CoID Type="RepNo">A0392</CoID>
		<CoID Type="CompanyName">BOK Financial Corporation</CoID>
		<CoID Type="IRSNo">731373454</CoID>
		<CoID Type="CIKNo">0000875357</CoID>
		<CoID Type="OrganizationPermID">4295905668</CoID>
	</CoIDs>
	<Issues>
		<Issue ID="1" Type="C" Desc="Common Stock" Order="1">
			<IssueID Type="Name">Ordinary Shares</IssueID>
			<IssueID Type="Ticker">BOKF</IssueID>
			<IssueID Type="RIC">BOKF.O</IssueID>
			<IssueID Type="DisplayRIC">BOKF.OQ</IssueID>
			<IssueID Type="InstrumentPI">370038</IssueID>
			<IssueID Type="QuotePI">7695026</IssueID>
			<IssueID Type="InstrumentPermID">8590924038</IssueID>
			<IssueID Type="QuotePermID">55835331000</IssueID>
			<Exchange Code="NASD" Country="USA">NASDAQ</Exchange>
			<GlobalListingType>OSR</GlobalListingType>
			<MostRecentSplit Date="2004-05-06">1.03</MostRecentSplit>
		</Issue>
		<Issue ID="2" Type="P" Desc="Preferred Stock" Order="1">
			<IssueID Type="Name">Preference Shares</IssueID>
			<IssueID Type="InstrumentPI">117109407</IssueID>
			<IssueID Type="InstrumentPermID">21512056769</IssueID>
			<Exchange Code="NASD" Country="USA">NASDAQ</Exchange>
		</Issue>
	</Issues>
	<CoGeneralInfo>
		<CoStatus Code="1">Active</CoStatus>
		<CoType Code="EQU">Equity Issue</CoType>
		<LastModified>2021-01-21</LastModified>
		<LatestAvailableAnnual>2020-12-31</LatestAvailableAnnual>
		<LatestAvailableInterim>2020-12-31</LatestAvailableInterim>
		<Employees LastUpdated="2019-12-31">5107</Employees>
		<SharesOut Date="2020-12-31" TotalFloat="30540386.0">69637600.0</SharesOut>
		<ReportingCurrency Code="USD">U.S. Dollars</ReportingCurrency>
		<MostRecentExchange Date="2021-02-03">1.0</MostRecentExchange>
	</CoGeneralInfo>
	<TextInfo>
		<Text Type="Business Summary" lastModified="2017-03-13T05:07:10">BOK Financial Corporation is a financial holding company. The Company offers full service banking in Oklahoma, Texas, New Mexico, Northwest Arkansas, Colorado, Arizona and Kansas/Missouri. The Company's segments include Commercial Banking, Consumer Banking, Wealth Management, and Funds Management and Other. The Commercial Banking segment includes lending, treasury and cash management services, and customer risk management products for small businesses, middle market and commercial customers. The Commercial Banking segment also includes the TransFund Electronic Funds Network. The Consumer Banking segment includes retail lending and deposit services, lending and deposit services to small business customers served through the retail branch network and all mortgage banking activities. The Wealth Management segment provides fiduciary services, private bank services and investment advisory services in all markets.</Text>
		<Text Type="Financial Summary" lastModified="2021-01-21T07:28:32">BRIEF: For the nine months ended 30 September 2020, BOKFinancial Corporation interest income decreased 18% to$950M. Net interest income after loan loss provisiondecreased 12% to $715.7M.  Net income applicable to commonstockholders decreased 28% to $279.1M. Net interest incomeafter loan loss provision reflects Commercial segmentdecrease of 36% to $393.2M, Funds Management &amp; Othersegment decrease of 87% to $5.5M, Net Interest Margin.</Text>
	</TextInfo>
	<contactInfo lastUpdated="2021-02-03T20:18:02">
		<streetAddress line="1">Bank Of Oklahoma Tower</streetAddress>
		<streetAddress line="2">Boston Avenue At Second Street</streetAddress>
		<streetAddress line="3"></streetAddress>
		<city>TULSA</city>
		<state-region>OK</state-region>
		<postalCode>74172</postalCode>
		<country code="USA">United States</country>
		<contactName>Cody McAlester</contactName>
		<contactTitle>IR Contact Officer</contactTitle>
		<phone>
			<phone type="mainphone">
				<countryPhoneCode>1</countryPhoneCode>
				<city-areacode>918</city-areacode>
				<number>5886000</number>
			</phone>
			<phone type="contactphone">
				<countryPhoneCode>1</countryPhoneCode>
				<city-areacode>918</city-areacode>
				<number>5953030</number>
			</phone>
		</phone>
	</contactInfo>
	<webLinks lastUpdated="2018-07-11T09:30:47"><webSite mainCategory="Home Page">https://www.bokfinancial.com/</webSite><eMail mainCategory="Company Contact/E-mail">
		</eMail></webLinks>
	<peerInfo lastUpdated="2021-02-03T20:18:02">
		<IndustryInfo>
			<Industry type="TRBC" order="1" reported="0" code="5510101011" mnem="">Corporate Banks</Industry>
			<Industry type="NAICS" order="1" reported="0" code="522110" mnem="">Commercial Banking</Industry>
			<Industry type="NAICS" order="2" reported="0" code="523920" mnem="">Portfolio Management</Industry>
			<Industry type="NAICS" order="3" reported="0" code="525920" mnem="">Trusts, Estates, and Agency Accounts</Industry>
			<Industry type="NAICS" order="4" reported="0" code="522292" mnem="">Real Estate Credit</Industry>
			<Industry type="NAICS" order="5" reported="0" code="522298" mnem="">All Oth Nondepository Credit Intermediation</Industry>
			<Industry type="NAICS" order="6" reported="0" code="551111" mnem="">Offices of Bank Holding Companies</Industry>
			<Industry type="SIC" order="0" reported="1" code="6021" mnem="">National Commercial Banks</Industry>
			<Industry type="SIC" order="1" reported="0" code="6029" mnem="">Commercial Banks, Nec</Industry>
			<Industry type="SIC" order="2" reported="0" code="6282" mnem="">Investment Advice</Industry>
			<Industry type="SIC" order="3" reported="0" code="6733" mnem="">Trusts, Nec</Industry>
			<Industry type="SIC" order="4" reported="0" code="6162" mnem="">Mortgage Bankers/correspondents</Industry>
			<Industry type="SIC" order="5" reported="0" code="6159" mnem="">Misc Business Credit Institutions</Industry>
			<Industry type="SIC" order="6" reported="0" code="6712" mnem="">Bank Holding Companies</Industry>
		</IndustryInfo>
	</peerInfo>
	<officers>
		<officer rank="1" since="NA">
			<firstName>George</firstName>
			<mI>B.</mI>
			<lastName>Kaiser</lastName>
			<age>77 </age>
			<title startYear="NA" startMonth="" startDay="" iD1="CHM" abbr1="Chmn." iD2="IND" abbr2="Ind. Dir.">Independent Chairman of the Board</title>
		</officer>
		<officer rank="2" since="NA">
			<firstName>Steven</firstName>
			<mI>G.</mI>
			<lastName>Bradshaw</lastName>
			<age>60 </age>
			<title startYear="2014" startMonth="01" startDay="01" iD1="PRE" abbr1="Pres." iD2="CEO" abbr2="CEO">President, Chief Executive Officer, Director</title>
		</officer>
		<officer rank="3" since="NA">
			<firstName>Steven</firstName>
			<mI>E.</mI>
			<lastName>Nell</lastName>
			<age>58 </age>
			<title startYear="NA" startMonth="" startDay="" iD1="CFO" abbr1="CFO" iD2="EVP" abbr2="Exec. VP">Chief Financial Officer, Executive Vice President</title>
		</officer>
		<officer rank="4" since="07/07/2008">
			<firstName>Norman</firstName>
			<mI>P.</mI>
			<lastName>Bagwell</lastName>
			<age>57 </age>
			<title startYear="NA" startMonth="" startDay="" iD1="CEX" abbr1="Corp. Exec." iD2="" abbr2="">Chairman and Chief Executive Officer of Bank of Texas and Executive Vice President - Regional Banks</title>
		</officer>
		<officer rank="5" since="NA">
			<firstName>Kelley</firstName>
			<mI>E.</mI>
			<lastName>Weil</lastName>
			<age>43 </age>
			<title startYear="NA" startMonth="" startDay="" iD1="CHO" abbr1="Chief HR" iD2="EVP" abbr2="Exec. VP">Chief Human Resource Officer, Executive Vice President</title>
		</officer>
		<officer rank="6" since="07/03/2017">
			<firstName>Joseph</firstName>
			<mI>A.</mI>
			<lastName>Grotton</lastName>
			<age>56 </age>
			<title startYear="2017" startMonth="09" startDay="" iD1="EVP" abbr1="Exec. VP" iD2="CIO" abbr2="CIO">Executive Vice President, Chief Information Officer</title>
		</officer>
		<officer rank="7" since="08/01/2016">
			<firstName>Martin</firstName>
			<mI>E.</mI>
			<lastName>Grunst</lastName>
			<age>53 </age>
			<title startYear="2016" startMonth="08" startDay="01" iD1="EVP" abbr1="Exec. VP" iD2="CRO" abbr2="CRO">Executive Vice President, Chief Risk Officer</title>
		</officer>
		<officer rank="8" since="NA">
			<firstName>Scott</firstName>
			<mI>B.</mI>
			<lastName>Grauer</lastName>
			<age>55 </age>
			<title startYear="2017" startMonth="" startDay="" iD1="EVP" abbr1="Exec. VP" iD2="" abbr2="">Executive Vice President - Wealth Management, CEO BOKFS</title>
		</officer>
		<officer rank="9" since="2014">
			<firstName>Rebecca</firstName>
			<mI>D.</mI>
			<lastName>Keesling</lastName>
			<age>47 </age>
			<title startYear="2014" startMonth="" startDay="" iD1="EVP" abbr1="Exec. VP" iD2="" abbr2="">Executive Vice President, Chief Auditor</title>
		</officer>
		<officer rank="10" since="NA">
			<firstName>Stacy</firstName>
			<mI>C.</mI>
			<lastName>Kymes</lastName>
			<age>49 </age>
			<title startYear="2015" startMonth="06" startDay="30" iD1="EVP" abbr1="Exec. VP" iD2="" abbr2="">Executive Vice President - Corporate Banking</title>
		</officer>
	</officers>
	<Ratios PriceCurrency="USD" ReportingCurrency="USD" ExchangeRate="1.00000" LatestAvailableDate="2020-12-31">
		<Group ID="Price and Volume">
			<Ratio FieldName="NPRICE" Type="N">80.90000</Ratio>
			<Ratio FieldName="NHIG" Type="N">82.81000</Ratio>
			<Ratio FieldName="NLOW" Type="N">34.57000</Ratio>
			<Ratio FieldName="PDATE" Type="D">2021-02-04T00:00:00</Ratio>
			<Ratio FieldName="VOL10DAVG" Type="N">0.23810</Ratio>
			<Ratio FieldName="EV" Type="N">8656.28600</Ratio>
		</Group>
		<Group ID="Income Statement">
			<Ratio FieldName="MKTCAP" Type="N">5633.68200</Ratio>
			<Ratio FieldName="TTMREV" Type="N">-99999.99000</Ratio>
			<Ratio FieldName="TTMEBITD" Type="N">-99999.99000</Ratio>
			<Ratio FieldName="TTMNIAC" Type="N">-99999.99000</Ratio>
		</Group>
		<Group ID="Per share data">
			<Ratio FieldName="TTMEPSXCLX" Type="N">-99999.99000</Ratio>
			<Ratio FieldName="TTMREVPS" Type="N">-99999.99000</Ratio>
			<Ratio FieldName="QBVPS" Type="N">75.62389</Ratio>
			<Ratio FieldName="QCSHPS" Type="N">11.47020</Ratio>
			<Ratio FieldName="TTMCFSHR" Type="N">-99999.99000</Ratio>
			<Ratio FieldName="TTMDIVSHR" Type="N">-99999.99000</Ratio>
		</Group>
		<Group ID="Other Ratios">
			<Ratio FieldName="TTMGROSMGN" Type="N">-99999.99000</Ratio>
			<Ratio FieldName="TTMROEPCT" Type="N">-99999.99000</Ratio>
			<Ratio FieldName="TTMPR2REV" Type="N">-99999.99000</Ratio>
			<Ratio FieldName="PEEXCLXOR" Type="N">-99999.99000</Ratio>
			<Ratio FieldName="PRICE2BK" Type="N">1.06977</Ratio>
			<Ratio FieldName="Employees" Type="N">5107</Ratio>
		</Group>
	</Ratios>
	<ForecastData ConsensusType="Mean" CurFiscalYear="2021" CurFiscalYearEndMonth="12" CurInterimEndCalYear="2021" CurInterimEndMonth="3" EarningsBasis="PRX">
		<Ratio FieldName="ConsRecom" Type="N">
			<Value PeriodType="CURR">2.8889</Value>
		</Ratio>
		<Ratio FieldName="TargetPrice" Type="N">
			<Value PeriodType="CURR">60.83330</Value>
		</Ratio>
		<Ratio FieldName="ProjLTGrowthRate" Type="N">
			<Value PeriodType="CURR">-99999.99000</Value>
		</Ratio>
		<Ratio FieldName="ProjPE" Type="N">
			<Value PeriodType="CURR">11.45681</Value>
		</Ratio>
		<Ratio FieldName="ProjSales" Type="N">
			<Value PeriodType="CURR">1851.93940</Value>
		</Ratio>
		<Ratio FieldName="ProjSalesQ" Type="N">
			<Value PeriodType="CURR">469.54680</Value>
		</Ratio>
		<Ratio FieldName="ProjEPS" Type="N">
			<Value PeriodType="CURR">7.06130</Value>
		</Ratio>
		<Ratio FieldName="ProjEPSQ" Type="N">
			<Value PeriodType="CURR">1.92560</Value>
		</Ratio>
		<Ratio FieldName="ProjProfit" Type="N">
			<Value PeriodType="CURR">485.89660</Value>
		</Ratio>
		<Ratio FieldName="ProjDPS" Type="N">
			<Value PeriodType="CURR">2.07880</Value>
		</Ratio>
	</ForecastData>
</ReportSnapshot>
