<?xml version="1.0" encoding="UTF-8"?>
<ReportSnapshot Major="1" Minor="0" Revision="1">
	<CoIDs>
		<CoID Type="RepNo">E1855</CoID>
		<CoID Type="CompanyName">BOSTON OMAHA Corp</CoID>
		<CoID Type="IRSNo">270788438</CoID>
		<CoID Type="CIKNo">0001494582</CoID>
		<CoID Type="OrganizationPermID">5001426792</CoID>
	</CoIDs>
	<Issues>
		<Issue ID="1" Type="C" Desc="Common Stock" Order="1">
			<IssueID Type="Name">Ordinary Shares Class A</IssueID>
			<IssueID Type="Ticker">BOMN</IssueID>
			<IssueID Type="RIC">BOMN.O</IssueID>
			<IssueID Type="DisplayRIC">BOMN.OQ</IssueID>
			<IssueID Type="InstrumentPI">116672985</IssueID>
			<IssueID Type="QuotePI">263143970</IssueID>
			<IssueID Type="InstrumentPermID">21511694478</IssueID>
			<IssueID Type="QuotePermID">25727434828</IssueID>
			<Exchange Code="NASD" Country="USA">NASDAQ</Exchange>
			<GlobalListingType>OSR</GlobalListingType>
		</Issue>
		<Issue ID="2" Type="C" Desc="Common Stock" Order="2">
			<IssueID Type="Name">Ordinary Shares Class A</IssueID>
			<IssueID Type="InstrumentPI">238108529</IssueID>
			<IssueID Type="InstrumentPermID">21596174254</IssueID>
			<Exchange Code="NA" Country="">Not Available</Exchange>
		</Issue>
		<Issue ID="3" Type="C" Desc="Common Stock" Order="3">
			<IssueID Type="Name">Ordinary Shares Class B</IssueID>
			<IssueID Type="InstrumentPI">301025225</IssueID>
			<IssueID Type="InstrumentPermID">21644370460</IssueID>
			<Exchange Code="NA" Country="">Not Available</Exchange>
		</Issue>
	</Issues>
	<CoGeneralInfo>
		<CoStatus Code="1">Active</CoStatus>
		<CoType Code="EQU">Equity Issue</CoType>
		<LastModified>2020-12-01</LastModified>
		<LatestAvailableAnnual>2019-12-31</LatestAvailableAnnual>
		<LatestAvailableInterim>2020-09-30</LatestAvailableInterim>
		<Employees LastUpdated="2019-12-31">138</Employees>
		<SharesOut Date="2020-11-06" TotalFloat="24881153.0">27231115.0</SharesOut>
		<ReportingCurrency Code="USD">U.S. Dollars</ReportingCurrency>
		<MostRecentExchange Date="2021-02-03">1.0</MostRecentExchange>
	</CoGeneralInfo>
	<TextInfo>
		<Text Type="Business Summary" lastModified="2021-01-28T00:11:39">Boston Omaha Corporation is a holding company with businesses engaged in several sectors, including advertising, insurance, telecommunications, and real estate. The Company's operations include outdoor advertising business with multiple billboards across Alabama, Florida, Georgia, Illinois, Iowa, Kansas, Missouri, Nebraska, Nevada, Virginia, West Virginia, and Wisconsin; insurance business that specializes in surety bond underwriting and brokerage; Its broadband business provides high-speed broadband services to its customers located in Arizona, and investments primarily in real estate services, homebuilding, and banking. The Company's billboard operations are conducted through its subsidiary, Link Media Holdings, LLC, its insurance operations are conducted through its subsidiary, General Indemnity Group, LLC, and the broadband operations are conducted through its subsidiary, FIF AireBeam LLC.</Text>
		<Text Type="Financial Summary" lastModified="2020-12-01T05:38:46">BRIEF: For the nine months ended 30 September 2020, BOSTONOMAHA Corp revenues increased 15% to $34.5M. Net lossincreased from $5.6M to $17.9M. Revenues reflect GIGsegment increase of 22% to $10.9M, Unallocated segmentincrease from $0K to $267K. Basic Earnings per Shareexcluding Extraordinary Items decreased from -$0.25 to-$0.79.</Text>
	</TextInfo>
	<contactInfo lastUpdated="2021-01-28T23:06:58">
		<streetAddress line="1">1411 Harney St Ste 200</streetAddress>
		<streetAddress line="2"></streetAddress>
		<streetAddress line="3"></streetAddress>
		<city>OMAHA</city>
		<state-region>NE</state-region>
		<postalCode>68102-2214</postalCode>
		<country code="USA">United States</country>
		<contactName></contactName>
		<contactTitle></contactTitle>
		<phone>
			<phone type="mainphone">
				<countryPhoneCode>1</countryPhoneCode>
				<city-areacode>857</city-areacode>
				<number>2560079</number>
			</phone>
			<phone type="mainfax">
				<countryPhoneCode>1</countryPhoneCode>
				<city-areacode>302</city-areacode>
				<number>4987683</number>
			</phone>
		</phone>
	</contactInfo>
	<webLinks lastUpdated="2019-10-27T21:31:50"><webSite mainCategory="Home Page">http://bostonomaha.com/</webSite><eMail mainCategory="Company Contact/E-mail">
		</eMail></webLinks>
	<peerInfo lastUpdated="2021-01-28T23:06:58">
		<IndustryInfo>
			<Industry type="TRBC" order="1" reported="0" code="5330201010" mnem="">Advertising &amp; Marketing - NEC</Industry>
			<Industry type="NAICS" order="1" reported="0" code="541850" mnem="">Display Advertising</Industry>
			<Industry type="NAICS" order="2" reported="0" code="524210" mnem="">Insurance Agencies and Brokerages</Industry>
			<Industry type="NAICS" order="3" reported="0" code="517110" mnem="">Wired Telecommunications Carriers</Industry>
			<Industry type="NAICS" order="4" reported="0" code="517919" mnem="">All Other Telecommunications</Industry>
			<Industry type="SIC" order="1" reported="0" code="7312" mnem="">Outdoor Advertising Services</Industry>
			<Industry type="SIC" order="2" reported="0" code="6411" mnem="">Insurance Agents/brokers/service</Industry>
			<Industry type="SIC" order="3" reported="0" code="4813" mnem="">Telephon Communications Not Radio</Industry>
			<Industry type="SIC" order="4" reported="0" code="4899" mnem="">Communications Services, Nec</Industry>
		</IndustryInfo>
	</peerInfo>
	<officers>
		<officer rank="1" since="2015">
			<firstName>Adam</firstName>
			<mI>K.</mI>
			<lastName>Peterson</lastName>
			<age>38 </age>
			<title startYear="2017" startMonth="11" startDay="" iD1="CCH" abbr1="Co-Chmn." iD2="PRE" abbr2="Pres.">Co-Chairperson of the Board, Co-President, Co-Chief Executive Officer</title>
		</officer>
		<officer rank="2" since="2015">
			<firstName>Alexander</firstName>
			<mI>Buffett</mI>
			<lastName>Rozek</lastName>
			<age>41 </age>
			<title startYear="2015" startMonth="02" startDay="" iD1="CCH" abbr1="Co-Chmn." iD2="PRE" abbr2="Pres.">Co-Chairperson of the Board, Co-President, Co-Chief Executive Officer</title>
		</officer>
		<officer rank="3" since="06/2016">
			<firstName>Joshua</firstName>
			<mI>P.</mI>
			<lastName>Weisenburger</lastName>
			<age>36 </age>
			<title startYear="2017" startMonth="06" startDay="" iD1="CFO" abbr1="CFO" iD2="CAO" abbr2="CAO">Chief Financial Officer, Chief Accounting Officer, Treasurer, Secretary</title>
		</officer>
		<officer rank="4" since="08/10/2019">
			<firstName>David</firstName>
			<mI></mI>
			<lastName>Herman</lastName>
			<age>35 </age>
			<title startYear="2019" startMonth="08" startDay="10" iD1="CEX" abbr1="Corp. Exec." iD2="" abbr2="">President of GIG</title>
		</officer>
		<officer rank="5" since="04/03/2020">
			<firstName>W. Scott</firstName>
			<mI></mI>
			<lastName>LaFoy</lastName>
			<age>58 </age>
			<title startYear="2020" startMonth="04" startDay="03" iD1="CEX" abbr1="Corp. Exec." iD2="" abbr2="">Chief Executive Officer of Link Media Holdings, LLC</title>
		</officer>
		<officer rank="6" since="08/2019">
			<firstName>Robert</firstName>
			<mI></mI>
			<lastName>Thomas</lastName>
			<age>56 </age>
			<title startYear="2019" startMonth="08" startDay="" iD1="CEX" abbr1="Corp. Exec." iD2="" abbr2="">President of United Casualty and Surety Insurance Company</title>
		</officer>
	</officers>
	<Ratios PriceCurrency="USD" ReportingCurrency="USD" ExchangeRate="1.00000" LatestAvailableDate="2020-09-30">
		<Group ID="Price and Volume">
			<Ratio FieldName="NPRICE" Type="N">37.94000</Ratio>
			<Ratio FieldName="NHIG" Type="N">40.07500</Ratio>
			<Ratio FieldName="NLOW" Type="N">13.04490</Ratio>
			<Ratio FieldName="PDATE" Type="D">2021-02-04T00:00:00</Ratio>
			<Ratio FieldName="VOL10DAVG" Type="N">0.17223</Ratio>
			<Ratio FieldName="EV" Type="N">867.28902</Ratio>
		</Group>
		<Group ID="Income Statement">
			<Ratio FieldName="MKTCAP" Type="N">1033.14900</Ratio>
			<Ratio FieldName="TTMREV" Type="N">45.82562</Ratio>
			<Ratio FieldName="TTMEBITD" Type="N">4.83046</Ratio>
			<Ratio FieldName="TTMNIAC" Type="N">-13.79745</Ratio>
		</Group>
		<Group ID="Per share data">
			<Ratio FieldName="TTMEPSXCLX" Type="N">-0.61314</Ratio>
			<Ratio FieldName="TTMREVPS" Type="N">1.85459</Ratio>
			<Ratio FieldName="QBVPS" Type="N">14.09523</Ratio>
			<Ratio FieldName="QCSHPS" Type="N">6.97832</Ratio>
			<Ratio FieldName="TTMCFSHR" Type="N">-0.23656</Ratio>
			<Ratio FieldName="TTMDIVSHR" Type="N">0.00000</Ratio>
		</Group>
		<Group ID="Other Ratios">
			<Ratio FieldName="TTMGROSMGN" Type="N">66.96158</Ratio>
			<Ratio FieldName="TTMROEPCT" Type="N">-3.82190</Ratio>
			<Ratio FieldName="TTMPR2REV" Type="N">22.54522</Ratio>
			<Ratio FieldName="PEEXCLXOR" Type="N">-99999.99000</Ratio>
			<Ratio FieldName="PRICE2BK" Type="N">2.69169</Ratio>
			<Ratio FieldName="Employees" Type="N">138</Ratio>
		</Group>
	</Ratios>
	<ForecastData ConsensusType="Mean" CurFiscalYear="2020" CurFiscalYearEndMonth="12" CurInterimEndCalYear="2020" CurInterimEndMonth="12" EarningsBasis="PRX">
		<Ratio FieldName="ConsRecom" Type="N">
			<Value PeriodType="CURR">2</Value>
		</Ratio>
		<Ratio FieldName="TargetPrice" Type="N">
			<Value PeriodType="CURR">25.50000</Value>
		</Ratio>
		<Ratio FieldName="ProjLTGrowthRate" Type="N">
			<Value PeriodType="CURR">-99999.99000</Value>
		</Ratio>
		<Ratio FieldName="ProjPE" Type="N">
			<Value PeriodType="CURR">-62.19672</Value>
		</Ratio>
		<Ratio FieldName="ProjSales" Type="N">
			<Value PeriodType="CURR">46.33150</Value>
		</Ratio>
		<Ratio FieldName="ProjSalesQ" Type="N">
			<Value PeriodType="CURR">11.82700</Value>
		</Ratio>
		<Ratio FieldName="ProjEPS" Type="N">
			<Value PeriodType="CURR">-0.61000</Value>
		</Ratio>
		<Ratio FieldName="ProjEPSQ" Type="N">
			<Value PeriodType="CURR">0.05000</Value>
		</Ratio>
		<Ratio FieldName="ProjProfit" Type="N">
			<Value PeriodType="CURR">-99999.99000</Value>
		</Ratio>
		<Ratio FieldName="ProjDPS" Type="N">
			<Value PeriodType="CURR">-99999.99000</Value>
		</Ratio>
	</ForecastData>
</ReportSnapshot>
