<?xml version="1.0" encoding="UTF-8"?>
<ReportSnapshot Major="1" Minor="0" Revision="1">
	<CoIDs>
		<CoID Type="RepNo">31280</CoID>
		<CoID Type="CompanyName">Dmc Global Inc</CoID>
		<CoID Type="IRSNo">840608431</CoID>
		<CoID Type="CIKNo">0000034067</CoID>
		<CoID Type="OrganizationPermID">4295906219</CoID>
	</CoIDs>
	<Issues>
		<Issue ID="1" Type="C" Desc="Common Stock" Order="1">
			<IssueID Type="Name">Ordinary Shares</IssueID>
			<IssueID Type="Ticker">BOOM</IssueID>
			<IssueID Type="RIC">BOOM.O</IssueID>
			<IssueID Type="DisplayRIC">BOOM.OQ</IssueID>
			<IssueID Type="InstrumentPI">256619</IssueID>
			<IssueID Type="QuotePI">7695038</IssueID>
			<IssueID Type="InstrumentPermID">8590925973</IssueID>
			<IssueID Type="QuotePermID">55835341196</IssueID>
			<Exchange Code="NASD" Country="USA">NASDAQ</Exchange>
			<GlobalListingType>OSR</GlobalListingType>
			<MostRecentSplit Date="2005-10-13">2.0</MostRecentSplit>
		</Issue>
	</Issues>
	<CoGeneralInfo>
		<CoStatus Code="1">Active</CoStatus>
		<CoType Code="EQU">Equity Issue</CoType>
		<LastModified>2020-10-23</LastModified>
		<LatestAvailableAnnual>2019-12-31</LatestAvailableAnnual>
		<LatestAvailableInterim>2020-09-30</LatestAvailableInterim>
		<Employees LastUpdated="2019-12-31">741</Employees>
		<SharesOut Date="2020-10-22" TotalFloat="14425440.0">14773721.0</SharesOut>
		<ReportingCurrency Code="USD">U.S. Dollars</ReportingCurrency>
		<MostRecentExchange Date="2021-02-03">1.0</MostRecentExchange>
	</CoGeneralInfo>
	<TextInfo>
		<Text Type="Business Summary" lastModified="2016-11-14T01:48:04">DMC Global Inc., formerly Dynamic Materials Corporation, is a diversified technology company. The Company operates a family of technical product and process businesses serving the energy, industrial and infrastructure markets. The Company's businesses operate through an international network of manufacturing, distribution and sales facilities. The Company's segments are NobelClad and DynaEnergetics. The NobelClad segment is engaged in the production of explosion-welded clad metal plates for use in the construction of corrosion resistant industrial processing equipment and specialized transition joints. The DynaEnergetics segment manufactures, markets and sells oilfield perforating equipment and explosives, including detonating cords, detonators, bi-directional boosters and shaped charges, and seismic related explosives and accessories. It owns explosive metalworking and metallic processes, and registered trademarks, including Detaclad, Detacouple, EFTEK, ETJ 2000 and NOBELCLAD. </Text>
		<Text Type="Financial Summary" lastModified="2020-10-23T06:14:04">BRIEF: For the nine months ended 30 September 2020, DmcGlobal Inc revenues decreased 45% to $172M. Net lossapplicable to common stockholders totaled $485K vs. incomeof $39M. Revenues reflect DynaEnergetics segment decreaseof 68% to $52.4M, NobelClad segment decrease of 10% to$40.6M, United States segment decrease of 67% to $55.7M,Rest of the world segment decrease of 41% to $7.1M, Canadasegment decrease of 31% to $5.5M.</Text>
	</TextInfo>
	<contactInfo lastUpdated="2020-10-23T06:14:47">
		<streetAddress line="1">11800 Ridge Parkwaysuite 300</streetAddress>
		<streetAddress line="2"></streetAddress>
		<streetAddress line="3"></streetAddress>
		<city>BOULDER</city>
		<state-region>CO</state-region>
		<postalCode>80021</postalCode>
		<country code="USA">United States</country>
		<contactName>Geoff High</contactName>
		<contactTitle>Vice President - Investor Relations &amp; Corporate Communications</contactTitle>
		<phone>
			<phone type="mainphone">
				<countryPhoneCode>1</countryPhoneCode>
				<city-areacode>303</city-areacode>
				<number>6655700</number>
			</phone>
			<phone type="mainfax">
				<countryPhoneCode>1</countryPhoneCode>
				<city-areacode>302</city-areacode>
				<number>6745266</number>
			</phone>
			<phone type="contactphone">
				<countryPhoneCode>1</countryPhoneCode>
				<city-areacode>303</city-areacode>
				<number>6053924</number>
			</phone>
		</phone>
	</contactInfo>
	<webLinks lastUpdated="2020-04-23T17:15:45"><webSite mainCategory="Home Page">https://www.dmcglobal.com/</webSite><eMail mainCategory="Company Contact/E-mail">
		</eMail></webLinks>
	<peerInfo lastUpdated="2020-10-23T06:14:47">
		<IndustryInfo>
			<Industry type="TRBC" order="1" reported="0" code="5120102010" mnem="">Steel - NEC</Industry>
			<Industry type="NAICS" order="1" reported="0" code="325920" mnem="">Explosives Manufacturing</Industry>
			<Industry type="NAICS" order="2" reported="0" code="331111" mnem="">Iron &amp; Steel Mills</Industry>
			<Industry type="NAICS" order="3" reported="0" code="811310" mnem="">Commercial and Industrial Machinery and Equipment (except Automotive and Electronic) Repair and Maintenance</Industry>
			<Industry type="NAICS" order="4" reported="0" code="332313" mnem="">Plate Work Mfg</Industry>
			<Industry type="NAICS" order="5" reported="0" code="551112" mnem="">Offices of Other Holding Companies</Industry>
			<Industry type="SIC" order="1" reported="0" code="2892" mnem="">Explosives</Industry>
			<Industry type="SIC" order="2" reported="0" code="3312" mnem="">Blast Furnaces And Steel Mills</Industry>
			<Industry type="SIC" order="3" reported="0" code="7699" mnem="">Repair Services, Nec</Industry>
			<Industry type="SIC" order="4" reported="0" code="3443" mnem="">Fabricated Plate Work/boiler Shop</Industry>
			<Industry type="SIC" order="5" reported="0" code="6719" mnem="">Holding Companies, Nec</Industry>
		</IndustryInfo>
		<Indexconstituet>S&amp;P 600 Small Cap</Indexconstituet>
	</peerInfo>
	<officers>
		<officer rank="1" since="07/17/2012">
			<firstName>Kevin</firstName>
			<mI>T.</mI>
			<lastName>Longe</lastName>
			<age>61 </age>
			<title startYear="2013" startMonth="03" startDay="01" iD1="PRE" abbr1="Pres." iD2="CEO" abbr2="CEO">President, Chief Executive Officer, Director</title>
		</officer>
		<officer rank="2" since="03/31/2014">
			<firstName>Michael</firstName>
			<mI>L.</mI>
			<lastName>Kuta</lastName>
			<age>45 </age>
			<title startYear="2014" startMonth="03" startDay="31" iD1="CFO" abbr1="CFO" iD2="" abbr2="">Chief Financial Officer</title>
		</officer>
		<officer rank="3" since="01/08/2013">
			<firstName>Ian</firstName>
			<mI></mI>
			<lastName>Grieves</lastName>
			<age>51 </age>
			<title startYear="2013" startMonth="12" startDay="" iD1="CEX" abbr1="Corp. Exec." iD2="" abbr2="">President and General Manager - DynaEnergetics</title>
		</officer>
		<officer rank="4" since="07/30/2020">
			<firstName>Antoine</firstName>
			<mI></mI>
			<lastName>Nobili</lastName>
			<age>49 </age>
			<title startYear="2020" startMonth="07" startDay="30" iD1="CEX" abbr1="Corp. Exec." iD2="" abbr2="">President of NobelClad</title>
		</officer>
		<officer rank="5" since="08/31/2016">
			<firstName>Michelle</firstName>
			<mI>Harris</mI>
			<lastName>Shepston</lastName>
			<age>45 </age>
			<title startYear="2018" startMonth="" startDay="" iD1="VPR" abbr1="VP" iD2="SEC" abbr2="Secy.">Vice President, Secretary, Chief Legal Officer</title>
		</officer>
	</officers>
	<Ratios PriceCurrency="USD" ReportingCurrency="USD" ExchangeRate="1.00000" LatestAvailableDate="2020-09-30">
		<Group ID="Price and Volume">
			<Ratio FieldName="NPRICE" Type="N">57.24000</Ratio>
			<Ratio FieldName="NHIG" Type="N">59.50000</Ratio>
			<Ratio FieldName="NLOW" Type="N">20.15000</Ratio>
			<Ratio FieldName="PDATE" Type="D">2021-02-04T00:00:00</Ratio>
			<Ratio FieldName="VOL10DAVG" Type="N">0.13578</Ratio>
			<Ratio FieldName="EV" Type="N">833.03580</Ratio>
		</Group>
		<Group ID="Income Statement">
			<Ratio FieldName="MKTCAP" Type="N">845.64780</Ratio>
			<Ratio FieldName="TTMREV" Type="N">258.41500</Ratio>
			<Ratio FieldName="TTMEBITD" Type="N">27.56500</Ratio>
			<Ratio FieldName="TTMNIAC" Type="N">-6.13400</Ratio>
		</Group>
		<Group ID="Per share data">
			<Ratio FieldName="TTMEPSXCLX" Type="N">-0.42119</Ratio>
			<Ratio FieldName="TTMREVPS" Type="N">17.53474</Ratio>
			<Ratio FieldName="QBVPS" Type="N">11.50479</Ratio>
			<Ratio FieldName="QCSHPS" Type="N">1.66556</Ratio>
			<Ratio FieldName="TTMCFSHR" Type="N">0.33676</Ratio>
			<Ratio FieldName="TTMDIVSHR" Type="N">0.37500</Ratio>
		</Group>
		<Group ID="Other Ratios">
			<Ratio FieldName="TTMGROSMGN" Type="N">28.97974</Ratio>
			<Ratio FieldName="TTMROEPCT" Type="N">-3.64006</Ratio>
			<Ratio FieldName="TTMPR2REV" Type="N">3.27244</Ratio>
			<Ratio FieldName="PEEXCLXOR" Type="N">-99999.99000</Ratio>
			<Ratio FieldName="PRICE2BK" Type="N">4.97532</Ratio>
			<Ratio FieldName="Employees" Type="N">741</Ratio>
		</Group>
	</Ratios>
	<ForecastData ConsensusType="Mean" CurFiscalYear="2020" CurFiscalYearEndMonth="12" CurInterimEndCalYear="2020" CurInterimEndMonth="12" EarningsBasis="PRX">
		<Ratio FieldName="ConsRecom" Type="N">
			<Value PeriodType="CURR">1.8</Value>
		</Ratio>
		<Ratio FieldName="TargetPrice" Type="N">
			<Value PeriodType="CURR">41.00000</Value>
		</Ratio>
		<Ratio FieldName="ProjLTGrowthRate" Type="N">
			<Value PeriodType="CURR">20.0000</Value>
		</Ratio>
		<Ratio FieldName="ProjPE" Type="N">
			<Value PeriodType="CURR">602.52632</Value>
		</Ratio>
		<Ratio FieldName="ProjSales" Type="N">
			<Value PeriodType="CURR">224.81950</Value>
		</Ratio>
		<Ratio FieldName="ProjSalesQ" Type="N">
			<Value PeriodType="CURR">52.79500</Value>
		</Ratio>
		<Ratio FieldName="ProjEPS" Type="N">
			<Value PeriodType="CURR">0.09500</Value>
		</Ratio>
		<Ratio FieldName="ProjEPSQ" Type="N">
			<Value PeriodType="CURR">-0.05000</Value>
		</Ratio>
		<Ratio FieldName="ProjProfit" Type="N">
			<Value PeriodType="CURR">1.25300</Value>
		</Ratio>
		<Ratio FieldName="ProjDPS" Type="N">
			<Value PeriodType="CURR">0.25000</Value>
		</Ratio>
	</ForecastData>
</ReportSnapshot>
