<?xml version="1.0" encoding="UTF-8"?>
<ReportSnapshot Major="1" Minor="0" Revision="1">
	<CoIDs>
		<CoID Type="RepNo">0A109</CoID>
		<CoID Type="CompanyName">Bowx Acquisition Corp</CoID>
		<CoID Type="IRSNo">851144904</CoID>
		<CoID Type="CIKNo">0001813756</CoID>
		<CoID Type="OrganizationPermID">5076114142</CoID>
	</CoIDs>
	<Issues>
		<Issue ID="3" Type="C" Desc="Common Stock" Order="1">
			<IssueID Type="Name">Ordinary Shares Class A</IssueID>
			<IssueID Type="Ticker">BOWX</IssueID>
			<IssueID Type="RIC">BOWX.O</IssueID>
			<IssueID Type="DisplayRIC">BOWX.OQ</IssueID>
			<IssueID Type="InstrumentPI">468657209</IssueID>
			<IssueID Type="QuotePI">468657702</IssueID>
			<Exchange Code="NASD" Country="USA">NASDAQ</Exchange>
			<GlobalListingType>OSR</GlobalListingType>
		</Issue>
		<Issue ID="2" Type="C" Desc="Common Stock" Order="2">
			<IssueID Type="Name">Ordinary Shares Class B</IssueID>
			<IssueID Type="InstrumentPI">451574838</IssueID>
			<IssueID Type="InstrumentPermID">21763028928</IssueID>
			<Exchange Code="NA" Country="">Not Available</Exchange>
		</Issue>
	</Issues>
	<CoGeneralInfo>
		<CoStatus Code="1">Active</CoStatus>
		<CoType Code="EQU">Equity Issue</CoType>
		<LastModified>2020-11-24</LastModified>
		<LatestAvailableAnnual>2019-12-31</LatestAvailableAnnual>
		<LatestAvailableInterim>2020-09-30</LatestAvailableInterim>
		<SharesOut Date="2020-11-12" TotalFloat="48300000.0">60375000.0</SharesOut>
		<ReportingCurrency Code="USD">U.S. Dollars</ReportingCurrency>
		<MostRecentExchange Date="2021-02-03">1.0</MostRecentExchange>
	</CoGeneralInfo>
	<TextInfo>
		<Text Type="Business Summary" lastModified="2020-07-20T12:34:12">Bowx Acquisition Corp is a blank check company. The Company is formed for the purpose of effecting a merger, capital stock exchange, asset acquisition, stock purchase, reorganization or similar business combination. It initially intends to focus on the companies in the technology, media and telecommunications (TMT) industries. It has generated no operating revenues.</Text>
		<Text Type="Financial Summary" lastModified="2020-11-24T21:34:56">BRIEF: For the nine months ended 30 September 2020, BowxAcquisition Corp revenues was not reported. Net losstotaled to $84K.</Text>
	</TextInfo>
	<contactInfo lastUpdated="2020-11-24T21:34:56">
		<streetAddress line="1">2400 Sand Hill Rd., Suite 200</streetAddress>
		<streetAddress line="2"></streetAddress>
		<streetAddress line="3"></streetAddress>
		<city>MENLO PARK</city>
		<state-region>CA</state-region>
		<postalCode>94025</postalCode>
		<country code="USA">United States</country>
		<contactName></contactName>
		<contactTitle></contactTitle>
		<phone>
			<phone type="mainphone">
				<countryPhoneCode>1</countryPhoneCode>
				<city-areacode>212</city-areacode>
				<number>8188800</number>
			</phone>
			<phone type="mainfax">
				<countryPhoneCode>1</countryPhoneCode>
				<city-areacode>845</city-areacode>
				<number>8183588</number>
			</phone>
		</phone>
	</contactInfo>
	<webLinks lastUpdated=""><webSite mainCategory=""></webSite><eMail mainCategory=""></eMail></webLinks>
	<peerInfo lastUpdated="2020-11-24T21:34:56">
		<IndustryInfo>
			<Industry type="TRBC" order="1" reported="0" code="5560101011" mnem="">Shell Companies</Industry>
			<Industry type="NAICS" order="1" reported="0" code="525990" mnem="">Other Financial Vehicles</Industry>
			<Industry type="SIC" order="1" reported="0" code="6726" mnem="">Investment Offices, Nec</Industry>
		</IndustryInfo>
	</peerInfo>
	<officers></officers>
	<Ratios PriceCurrency="USD" ReportingCurrency="USD" ExchangeRate="1.00000" LatestAvailableDate="2020-09-30">
		<Group ID="Price and Volume">
			<Ratio FieldName="NPRICE" Type="N">10.79000</Ratio>
			<Ratio FieldName="NHIG" Type="N">12.08000</Ratio>
			<Ratio FieldName="NLOW" Type="N">9.65420</Ratio>
			<Ratio FieldName="PDATE" Type="D">2021-02-04T00:00:00</Ratio>
			<Ratio FieldName="VOL10DAVG" Type="N">0.91434</Ratio>
			<Ratio FieldName="EV" Type="N">650.47377</Ratio>
		</Group>
		<Group ID="Income Statement">
			<Ratio FieldName="MKTCAP" Type="N">651.44620</Ratio>
			<Ratio FieldName="TTMREV" Type="N">-99999.99000</Ratio>
			<Ratio FieldName="TTMEBITD" Type="N">-99999.99000</Ratio>
			<Ratio FieldName="TTMNIAC" Type="N">-99999.99000</Ratio>
		</Group>
		<Group ID="Per share data">
			<Ratio FieldName="TTMEPSXCLX" Type="N">-99999.99000</Ratio>
			<Ratio FieldName="TTMREVPS" Type="N">-99999.99000</Ratio>
			<Ratio FieldName="QBVPS" Type="N">7.74255</Ratio>
			<Ratio FieldName="QCSHPS" Type="N">0.01611</Ratio>
			<Ratio FieldName="TTMCFSHR" Type="N">-99999.99000</Ratio>
			<Ratio FieldName="TTMDIVSHR" Type="N">-99999.99000</Ratio>
		</Group>
		<Group ID="Other Ratios">
			<Ratio FieldName="TTMGROSMGN" Type="N">-99999.99000</Ratio>
			<Ratio FieldName="TTMROEPCT" Type="N">-99999.99000</Ratio>
			<Ratio FieldName="TTMPR2REV" Type="N">-99999.99000</Ratio>
			<Ratio FieldName="PEEXCLXOR" Type="N">-99999.99000</Ratio>
			<Ratio FieldName="PRICE2BK" Type="N">1.39360</Ratio>
			<Ratio FieldName="Employees" Type="N">-99999.99000</Ratio>
		</Group>
	</Ratios>
	<ForecastData ConsensusType="" CurFiscalYear="" CurFiscalYearEndMonth="" CurInterimEndCalYear="" CurInterimEndMonth="" EarningsBasis="">
		<Ratio FieldName="ConsRecom" Type="N">
			<Value PeriodType="CURR">-99999.99000</Value>
		</Ratio>
		<Ratio FieldName="TargetPrice" Type="N">
			<Value PeriodType="CURR">-99999.99000</Value>
		</Ratio>
		<Ratio FieldName="ProjLTGrowthRate" Type="N">
			<Value PeriodType="CURR">-99999.99000</Value>
		</Ratio>
		<Ratio FieldName="ProjPE" Type="N">
			<Value PeriodType="CURR">-99999.99000</Value>
		</Ratio>
		<Ratio FieldName="ProjSales" Type="N">
			<Value PeriodType="CURR">-99999.99000</Value>
		</Ratio>
		<Ratio FieldName="ProjSalesQ" Type="N">
			<Value PeriodType="CURR">-99999.99000</Value>
		</Ratio>
		<Ratio FieldName="ProjEPS" Type="N">
			<Value PeriodType="CURR">-99999.99000</Value>
		</Ratio>
		<Ratio FieldName="ProjEPSQ" Type="N">
			<Value PeriodType="CURR">-99999.99000</Value>
		</Ratio>
		<Ratio FieldName="ProjProfit" Type="N">
			<Value PeriodType="CURR">-99999.99000</Value>
		</Ratio>
		<Ratio FieldName="ProjDPS" Type="N">
			<Value PeriodType="CURR">-99999.99000</Value>
		</Ratio>
	</ForecastData>
</ReportSnapshot>
