<?xml version="1.0" encoding="UTF-8"?>
<ReportSnapshot Major="1" Minor="0" Revision="1">
	<CoIDs>
		<CoID Type="RepNo">F5701</CoID>
		<CoID Type="CompanyName">Blueprint Medicines Corp</CoID>
		<CoID Type="IRSNo">263632015</CoID>
		<CoID Type="CIKNo">0001597264</CoID>
		<CoID Type="OrganizationPermID">5035084232</CoID>
	</CoIDs>
	<Issues>
		<Issue ID="1" Type="C" Desc="Common Stock" Order="1">
			<IssueID Type="Name">Ordinary Shares</IssueID>
			<IssueID Type="Ticker">BPMC</IssueID>
			<IssueID Type="RIC">BPMC.O</IssueID>
			<IssueID Type="DisplayRIC">BPMC.OQ</IssueID>
			<IssueID Type="InstrumentPI">185787014</IssueID>
			<IssueID Type="QuotePI">185927679</IssueID>
			<IssueID Type="InstrumentPermID">21560432130</IssueID>
			<IssueID Type="QuotePermID">21560507531</IssueID>
			<Exchange Code="NASD" Country="USA">NASDAQ</Exchange>
			<GlobalListingType>OSR</GlobalListingType>
		</Issue>
	</Issues>
	<CoGeneralInfo>
		<CoStatus Code="1">Active</CoStatus>
		<CoType Code="EQU">Equity Issue</CoType>
		<LastModified>2020-11-18</LastModified>
		<LatestAvailableAnnual>2019-12-31</LatestAvailableAnnual>
		<LatestAvailableInterim>2020-09-30</LatestAvailableInterim>
		<Employees LastUpdated="2020-10-15">420</Employees>
		<SharesOut Date="2020-10-26" TotalFloat="54611099.0">55730804.0</SharesOut>
		<ReportingCurrency Code="USD">U.S. Dollars</ReportingCurrency>
		<MostRecentExchange Date="2021-02-03">1.0</MostRecentExchange>
	</CoGeneralInfo>
	<TextInfo>
		<Text Type="Business Summary" lastModified="2017-04-04T00:39:00">Blueprint Medicines Corporation is a biopharmaceutical company. The Company focuses on patients with genomically defined diseases driven by abnormal kinase activation. It focuses on crafting drug candidates that provide clinical responses to patients without adequate treatment options. It has developed a small molecule drug pipeline in cancer and a genetic disease. Its drug candidate, BLU-285, targets KIT, including Exon 17 mutations, and targets PDGFRa, including the D842V mutation. These mutations activate receptor tyrosine kinases that are drivers of cancer and proliferative disorders, including gastrointestinal stromal tumors (GIST), and systemic mastocytosis (SM). Its drug candidate BLU-554 targets FGFR4, a kinase that is activated in a defined subset of patients with hepatocellular carcinoma (HCC), the common type of liver cancer. It is engaged in developing BLU-667, a drug candidate that targets RET, a receptor tyrosine kinase that is activated by mutations or translocations.</Text>
		<Text Type="Financial Summary" lastModified="2020-11-18T15:03:55">BRIEF: For the nine months ended 30 September 2020,Blueprint Medicines Corp revenues increased from $15M to$759.6M. Net income totaled $399.6M vs. loss of $281.4M.Revenues reflect Collaboration revenue increase from $15Mto $744.2M. Basic Earnings per Share excludingExtraordinary Items increased from -$5.95 to $7.40.</Text>
	</TextInfo>
	<contactInfo lastUpdated="2021-01-12T01:01:03">
		<streetAddress line="1">45 Sidney St</streetAddress>
		<streetAddress line="2"></streetAddress>
		<streetAddress line="3"></streetAddress>
		<city>CAMBRIDGE</city>
		<state-region>MA</state-region>
		<postalCode>02139-4133</postalCode>
		<country code="USA">United States</country>
		<contactName>Kristin Hodous</contactName>
		<contactTitle>IR Contact Officer</contactTitle>
		<phone>
			<phone type="mainphone">
				<countryPhoneCode>1</countryPhoneCode>
				<city-areacode>617</city-areacode>
				<number>3747580</number>
			</phone>
			<phone type="mainfax">
				<countryPhoneCode>1</countryPhoneCode>
				<city-areacode>302</city-areacode>
				<number>6555049</number>
			</phone>
			<phone type="contactphone">
				<countryPhoneCode>1</countryPhoneCode>
				<city-areacode>617</city-areacode>
				<number>7146674</number>
			</phone>
		</phone>
	</contactInfo>
	<webLinks lastUpdated="2017-08-01T07:00:05"><webSite mainCategory="Home Page">http://www.blueprintmedicines.com/</webSite><eMail mainCategory="Company Contact/E-mail">ir@blueprintmedicines.com</eMail></webLinks>
	<peerInfo lastUpdated="2021-01-12T01:01:03">
		<IndustryInfo>
			<Industry type="TRBC" order="1" reported="0" code="5620201010" mnem="">Biotechnology &amp; Medical Research - NEC</Industry>
			<Industry type="NAICS" order="1" reported="0" code="541711" mnem="">Research and Development in Biotechnology</Industry>
			<Industry type="SIC" order="1" reported="0" code="8731" mnem="">Commercial Physical Research</Industry>
		</IndustryInfo>
	</peerInfo>
	<officers>
		<officer rank="1" since="09/2012">
			<firstName>Daniel</firstName>
			<mI>S.</mI>
			<lastName>Lynch</lastName>
			<age>62 </age>
			<title startYear="2012" startMonth="09" startDay="" iD1="CHM" abbr1="Chmn." iD2="IND" abbr2="Ind. Dir.">Independent Chairman of the Board</title>
		</officer>
		<officer rank="2" since="09/01/2020">
			<firstName>Fouad</firstName>
			<mI></mI>
			<lastName>Namouni</lastName>
			<age>52 </age>
			<title startYear="2020" startMonth="09" startDay="01" iD1="PRE" abbr1="Pres." iD2="" abbr2="">President, Research &amp; Development</title>
		</officer>
		<officer rank="3" since="07/2014">
			<firstName>Jeffrey</firstName>
			<mI>W.</mI>
			<lastName>Albers</lastName>
			<age>48 </age>
			<title startYear="2020" startMonth="09" startDay="01" iD1="CEO" abbr1="CEO" iD2="DRC" abbr2="Dir.">Chief Executive Officer, Director</title>
		</officer>
		<officer rank="4" since="09/18/2015">
			<firstName>Michael</firstName>
			<mI></mI>
			<lastName>Landsittel</lastName>
			<age>48 </age>
			<title startYear="2019" startMonth="01" startDay="30" iD1="CFO" abbr1="CFO" iD2="" abbr2="">Chief Financial Officer</title>
		</officer>
		<officer rank="5" since="01/05/2016">
			<firstName>Kathryn</firstName>
			<mI></mI>
			<lastName>Haviland</lastName>
			<age>43 </age>
			<title startYear="2019" startMonth="01" startDay="30" iD1="COO" abbr1="COO" iD2="" abbr2="">Chief Operating Officer</title>
		</officer>
		<officer rank="6" since="02/2020">
			<firstName>Debra</firstName>
			<mI></mI>
			<lastName>Durso-Bumpus</lastName>
			<age></age>
			<title startYear="2020" startMonth="02" startDay="" iD1="CHO" abbr1="Chief HR" iD2="" abbr2="">Chief Human Resource Officer</title>
		</officer>
		<officer rank="7" since="02/2015">
			<firstName>Anthony</firstName>
			<mI>L.</mI>
			<lastName>Boral</lastName>
			<age>57 </age>
			<title startYear="2021" startMonth="01" startDay="11" iD1="EVP" abbr1="Exec. VP" iD2="" abbr2="">Executive Vice President - Clinical Development</title>
		</officer>
		<officer rank="8" since="10/2017">
			<firstName>Christopher</firstName>
			<mI>K.</mI>
			<lastName>Murray</lastName>
			<age>57 </age>
			<title startYear="2017" startMonth="10" startDay="" iD1="SVP" abbr1="Sr. VP" iD2="" abbr2="">Senior Vice President, Technical Operations</title>
		</officer>
		<officer rank="9" since="11/21/2016">
			<firstName>Marion</firstName>
			<mI></mI>
			<lastName>Dorsch</lastName>
			<age>54 </age>
			<title startYear="2016" startMonth="11" startDay="21" iD1="CSO" abbr1="CSO" iD2="" abbr2="">Chief Scientific Officer</title>
		</officer>
		<officer rank="10" since="09/06/2016">
			<firstName>Tracey</firstName>
			<mI>L.</mI>
			<lastName>McCain</lastName>
			<age>52 </age>
			<title startYear="2017" startMonth="06" startDay="" iD1="CCO" abbr1="Chief Comp." iD2="" abbr2="">Chief Legal Officer, Chief Compliance Officer</title>
		</officer>
	</officers>
	<Ratios PriceCurrency="USD" ReportingCurrency="USD" ExchangeRate="1.00000" LatestAvailableDate="2020-09-30">
		<Group ID="Price and Volume">
			<Ratio FieldName="NPRICE" Type="N">98.97000</Ratio>
			<Ratio FieldName="NHIG" Type="N">125.61000</Ratio>
			<Ratio FieldName="NLOW" Type="N">43.29000</Ratio>
			<Ratio FieldName="PDATE" Type="D">2021-02-04T00:00:00</Ratio>
			<Ratio FieldName="VOL10DAVG" Type="N">0.42512</Ratio>
			<Ratio FieldName="EV" Type="N">4758.24800</Ratio>
		</Group>
		<Group ID="Income Statement">
			<Ratio FieldName="MKTCAP" Type="N">5515.67800</Ratio>
			<Ratio FieldName="TTMREV" Type="N">811.16100</Ratio>
			<Ratio FieldName="TTMEBITD" Type="N">331.84200</Ratio>
			<Ratio FieldName="TTMNIAC" Type="N">333.21800</Ratio>
		</Group>
		<Group ID="Per share data">
			<Ratio FieldName="TTMEPSXCLX" Type="N">5.43244</Ratio>
			<Ratio FieldName="TTMREVPS" Type="N">15.24087</Ratio>
			<Ratio FieldName="QBVPS" Type="N">23.77761</Ratio>
			<Ratio FieldName="QCSHPS" Type="N">13.64385</Ratio>
			<Ratio FieldName="TTMCFSHR" Type="N">6.38385</Ratio>
			<Ratio FieldName="TTMDIVSHR" Type="N">0.00000</Ratio>
		</Group>
		<Group ID="Other Ratios">
			<Ratio FieldName="TTMGROSMGN" Type="N">93.61039</Ratio>
			<Ratio FieldName="TTMROEPCT" Type="N">36.29146</Ratio>
			<Ratio FieldName="TTMPR2REV" Type="N">6.79973</Ratio>
			<Ratio FieldName="PEEXCLXOR" Type="N">18.21833</Ratio>
			<Ratio FieldName="PRICE2BK" Type="N">4.16232</Ratio>
			<Ratio FieldName="Employees" Type="N">420</Ratio>
		</Group>
	</Ratios>
	<ForecastData ConsensusType="Mean" CurFiscalYear="2020" CurFiscalYearEndMonth="12" CurInterimEndCalYear="2020" CurInterimEndMonth="12" EarningsBasis="PRX">
		<Ratio FieldName="ConsRecom" Type="N">
			<Value PeriodType="CURR">1.9333</Value>
		</Ratio>
		<Ratio FieldName="TargetPrice" Type="N">
			<Value PeriodType="CURR">97.92860</Value>
		</Ratio>
		<Ratio FieldName="ProjLTGrowthRate" Type="N">
			<Value PeriodType="CURR">-99999.99000</Value>
		</Ratio>
		<Ratio FieldName="ProjPE" Type="N">
			<Value PeriodType="CURR">18.06286</Value>
		</Ratio>
		<Ratio FieldName="ProjSales" Type="N">
			<Value PeriodType="CURR">787.53030</Value>
		</Ratio>
		<Ratio FieldName="ProjSalesQ" Type="N">
			<Value PeriodType="CURR">29.23980</Value>
		</Ratio>
		<Ratio FieldName="ProjEPS" Type="N">
			<Value PeriodType="CURR">5.47920</Value>
		</Ratio>
		<Ratio FieldName="ProjEPSQ" Type="N">
			<Value PeriodType="CURR">-1.62410</Value>
		</Ratio>
		<Ratio FieldName="ProjProfit" Type="N">
			<Value PeriodType="CURR">310.82920</Value>
		</Ratio>
		<Ratio FieldName="ProjDPS" Type="N">
			<Value PeriodType="CURR">0.00000</Value>
		</Ratio>
	</ForecastData>
</ReportSnapshot>
