<?xml version="1.0" encoding="UTF-8"?>
<ReportSnapshot Major="1" Minor="0" Revision="1">
	<CoIDs>
		<CoID Type="RepNo">09095</CoID>
		<CoID Type="CompanyName">Popular Inc</CoID>
		<CoID Type="IRSNo">660667416</CoID>
		<CoID Type="CIKNo">0000763901</CoID>
		<CoID Type="OrganizationPermID">4295907638</CoID>
	</CoIDs>
	<Issues>
		<Issue ID="1" Type="C" Desc="Common Stock" Order="1">
			<IssueID Type="Name">Ordinary Shares</IssueID>
			<IssueID Type="Ticker">BPOP</IssueID>
			<IssueID Type="RIC">BPOP.O</IssueID>
			<IssueID Type="DisplayRIC">BPOP.OQ</IssueID>
			<IssueID Type="InstrumentPI">261585</IssueID>
			<IssueID Type="QuotePI">7695079</IssueID>
			<IssueID Type="InstrumentPermID">8590923968</IssueID>
			<IssueID Type="QuotePermID">55835340566</IssueID>
			<Exchange Code="NASD" Country="USA">NASDAQ</Exchange>
			<GlobalListingType>OSR</GlobalListingType>
			<MostRecentSplit Date="2012-05-30">0.1</MostRecentSplit>
		</Issue>
		<Issue ID="2" Type="P" Desc="Preferred Stock" Order="1">
			<IssueID Type="Name">Preferred Shares Series A</IssueID>
			<IssueID Type="Ticker">BPOPO</IssueID>
			<IssueID Type="RIC">BPOPO.PK</IssueID>
			<IssueID Type="DisplayRIC">BPOPO.PK</IssueID>
			<IssueID Type="InstrumentPI">15691450</IssueID>
			<IssueID Type="QuotePI">11836694</IssueID>
			<IssueID Type="InstrumentPermID">8590000806</IssueID>
			<IssueID Type="QuotePermID">55835324646</IssueID>
			<Exchange Code="OTC" Country="USA">Over The Counter</Exchange>
		</Issue>
		<Issue ID="3" Type="P" Desc="Preferred Stock" Order="2">
			<IssueID Type="Name">Preference Shares</IssueID>
			<IssueID Type="InstrumentPI">68996735</IssueID>
			<IssueID Type="InstrumentPermID">21474968583</IssueID>
			<Exchange Code="OTC" Country="USA">Over The Counter</Exchange>
		</Issue>
		<Issue ID="4" Type="P" Desc="Preferred Stock" Order="3">
			<IssueID Type="Name">Preferred Shares Series B</IssueID>
			<IssueID Type="RIC">BPOPP.PK^B20</IssueID>
			<IssueID Type="DisplayRIC">BPOPP.PK</IssueID>
			<IssueID Type="InstrumentPI">47032794</IssueID>
			<IssueID Type="QuotePI">47034303</IssueID>
			<IssueID Type="InstrumentPermID">8590967494</IssueID>
			<IssueID Type="QuotePermID">55840899060</IssueID>
			<Exchange Code="OTC" Country="USA">Over The Counter</Exchange>
		</Issue>
	</Issues>
	<CoGeneralInfo>
		<CoStatus Code="1">Active</CoStatus>
		<CoType Code="EQU">Equity Issue</CoType>
		<LastModified>2021-01-29</LastModified>
		<LatestAvailableAnnual>2020-12-31</LatestAvailableAnnual>
		<LatestAvailableInterim>2020-12-31</LatestAvailableInterim>
		<Employees LastUpdated="2019-12-31">8560</Employees>
		<SharesOut Date="2020-12-31" TotalFloat="83152232.0">84244235.0</SharesOut>
		<ReportingCurrency Code="USD">U.S. Dollars</ReportingCurrency>
		<MostRecentExchange Date="2021-02-03">1.0</MostRecentExchange>
	</CoGeneralInfo>
	<TextInfo>
		<Text Type="Business Summary" lastModified="2017-03-30T23:03:21">Popular, Inc. (Popular) is a financial holding company. The Company operates in two segments: Banco Popular de Puerto Rico (BPPR), which includes its Puerto Rico business, and Banco Popular North America (BPNA), which includes its the United States mainland business. The Company has operations in Puerto Rico, the United States and the Caribbean. The Company's BPPR segment provides retail, mortgage and commercial banking services through its banking subsidiary, Banco Popular de Puerto Rico, as well as auto and equipment leasing and financing, investment banking, broker-dealer and insurance services through specialized subsidiaries. The Company's BPNA segment consists of Popular North America, Inc. (PNA) functioning as the holding company for its operations in the United States. It also operates PNA's subsidiary, E-LOAN, Inc. The banking operations of BPNA in the United States mainland are based in New York, Florida and New Jersey, conducted under the name of Popular Community Bank.</Text>
		<Text Type="Financial Summary" lastModified="2021-01-29T05:35:43">BRIEF: For the fiscal year ended 31 December 2020, PopularInc interest income decreased 7% to $2.09B. Net interestincome after loan loss provision decreased 9% to $1.56B.Net income applicable to common stockholders decreased 24%to $504.9M. Net interest income after loan loss provisionreflects Banco Popular de Puerto Rico segment decrease from$1.5B to $0K, Net Interest Margin, Total -% decrease of 26%to 3.29%, Net Interest Spread.</Text>
	</TextInfo>
	<contactInfo lastUpdated="2021-01-29T05:37:07">
		<streetAddress line="1">209 Ave. Ponce de Leon</streetAddress>
		<streetAddress line="2"></streetAddress>
		<streetAddress line="3"></streetAddress>
		<city>SAN JUAN</city>
		<state-region></state-region>
		<postalCode>00918</postalCode>
		<country code="PRI">Puerto Rico</country>
		<contactName></contactName>
		<contactTitle></contactTitle>
		<phone>
			<phone type="mainphone">
				<countryPhoneCode>1</countryPhoneCode>
				<city-areacode>787</city-areacode>
				<number>7243650</number>
			</phone>
		</phone>
	</contactInfo>
	<webLinks lastUpdated="2018-07-11T10:46:33"><webSite mainCategory="Home Page">https://www.popular.com/</webSite><eMail mainCategory="Company Contact/E-mail">investor-relations@bppr.com</eMail></webLinks>
	<peerInfo lastUpdated="2021-01-29T05:37:07">
		<IndustryInfo>
			<Industry type="TRBC" order="1" reported="0" code="5510101010" mnem="">Banks - NEC</Industry>
			<Industry type="NAICS" order="1" reported="0" code="522110" mnem="">Commercial Banking</Industry>
			<Industry type="NAICS" order="2" reported="0" code="522190" mnem="">Other Depository Credit Intermediation</Industry>
			<Industry type="NAICS" order="3" reported="0" code="522220" mnem="">Sales Financing</Industry>
			<Industry type="NAICS" order="4" reported="0" code="522210" mnem="">Credit Card Issuing</Industry>
			<Industry type="NAICS" order="5" reported="0" code="522298" mnem="">All Oth Nondepository Credit Intermediation</Industry>
			<Industry type="NAICS" order="6" reported="0" code="523110" mnem="">Investment Banking and Securities Dealing</Industry>
			<Industry type="NAICS" order="7" reported="0" code="524113" mnem="">Direct Life Insurance Carriers</Industry>
			<Industry type="NAICS" order="8" reported="0" code="524114" mnem="">Direct Health &amp; Medical Insurance Carriers</Industry>
			<Industry type="NAICS" order="9" reported="0" code="524126" mnem="">Direct Property &amp; Casualty Insurance Carriers</Industry>
			<Industry type="NAICS" order="10" reported="0" code="522320" mnem="">Financial Transactions Processing, Reserve, and Clearinghouse Activities</Industry>
			<Industry type="SIC" order="0" reported="1" code="6022" mnem="">State Commercial Banks</Industry>
			<Industry type="SIC" order="1" reported="0" code="6029" mnem="">Commercial Banks, Nec</Industry>
			<Industry type="SIC" order="2" reported="0" code="6022" mnem="">State Commercial Banks</Industry>
			<Industry type="SIC" order="3" reported="0" code="6159" mnem="">Misc Business Credit Institutions</Industry>
			<Industry type="SIC" order="4" reported="0" code="6153" mnem="">Short-Term Business Credit</Industry>
			<Industry type="SIC" order="5" reported="0" code="6211" mnem="">Security Brokers And Dealers</Industry>
			<Industry type="SIC" order="6" reported="0" code="6311" mnem="">Life Insurance</Industry>
			<Industry type="SIC" order="7" reported="0" code="6324" mnem="">Hospital/medical Service Plans</Industry>
			<Industry type="SIC" order="8" reported="0" code="6331" mnem="">Fire/marine/casualty Insurance</Industry>
			<Industry type="SIC" order="9" reported="0" code="6099" mnem="">Funcions Related To Deposit Banks</Industry>
		</IndustryInfo>
	</peerInfo>
	<officers>
		<officer rank="1" since="06/21/2010">
			<firstName>Ignacio</firstName>
			<mI></mI>
			<lastName>Alvarez</lastName>
			<age>61 </age>
			<title startYear="2017" startMonth="07" startDay="01" iD1="PRE" abbr1="Pres." iD2="CEO" abbr2="CEO">President, Chief Executive Officer, Director</title>
		</officer>
		<officer rank="2" since="03/1997">
			<firstName>Carlos</firstName>
			<mI>J.</mI>
			<lastName>Vazquez</lastName>
			<age>61 </age>
			<title startYear="2014" startMonth="09" startDay="" iD1="CFO" abbr1="CFO" iD2="EVP" abbr2="Exec. VP">Chief Financial Officer, Executive Vice President</title>
		</officer>
		<officer rank="3" since="07/2015">
			<firstName>Camille</firstName>
			<mI></mI>
			<lastName>Burckhart</lastName>
			<age>40 </age>
			<title startYear="2015" startMonth="07" startDay="" iD1="EVP" abbr1="Exec. VP" iD2="CIO" abbr2="CIO">Executive Vice President, Chief Information Officer, Digital Strategy Officer, Technology &amp; Operations Group</title>
		</officer>
		<officer rank="4" since="08/01/2011">
			<firstName>Lidio</firstName>
			<mI>V.</mI>
			<lastName>Soriano</lastName>
			<age>51 </age>
			<title startYear="2011" startMonth="08" startDay="01" iD1="EVP" abbr1="Exec. VP" iD2="CRO" abbr2="CRO">Executive Vice President, Chief Risk Officer</title>
		</officer>
		<officer rank="5" since="10/01/2014">
			<firstName>Javier</firstName>
			<mI>D.</mI>
			<lastName>Ferrer</lastName>
			<age>58 </age>
			<title startYear="2014" startMonth="10" startDay="01" iD1="EVP" abbr1="Exec. VP" iD2="SEC" abbr2="Secy.">Executive Vice President, Secretary, Chief Legal Officer</title>
		</officer>
		<officer rank="6" since="04/19/2018">
			<firstName>Betina</firstName>
			<mI></mI>
			<lastName>Castellvi</lastName>
			<age>52 </age>
			<title startYear="2019" startMonth="" startDay="" iD1="EVP" abbr1="Exec. VP" iD2="" abbr2="">Executive Vice President and Chief Security Officer Corporate Security Group</title>
		</officer>
		<officer rank="7" since="07/2017">
			<firstName>Luis</firstName>
			<mI>E.</mI>
			<lastName>Cestero</lastName>
			<age>46 </age>
			<title startYear="2017" startMonth="07" startDay="" iD1="EVP" abbr1="Exec. VP" iD2="" abbr2="">Executive Vice President Retail Banking Group of the Bank</title>
		</officer>
		<officer rank="8" since="03/15/2013">
			<firstName>Manuel</firstName>
			<mI></mI>
			<lastName>Chinea</lastName>
			<age>54 </age>
			<title startYear="2016" startMonth="01" startDay="" iD1="EVP" abbr1="Exec. VP" iD2="" abbr2="">Executive Vice President, Chief Operating Officer of Popular Community Bank</title>
		</officer>
		<officer rank="9" since="04/01/2008">
			<firstName>Eduardo</firstName>
			<mI>J.</mI>
			<lastName>Negron</lastName>
			<age>55 </age>
			<title startYear="2019" startMonth="" startDay="" iD1="EVP" abbr1="Exec. VP" iD2="" abbr2="">Executive Vice President - Administration Group</title>
		</officer>
		<officer rank="10" since="02/2010">
			<firstName>Eli</firstName>
			<mI>S.</mI>
			<lastName>Sepulveda</lastName>
			<age>57 </age>
			<title startYear="2019" startMonth="" startDay="" iD1="EVP" abbr1="Exec. VP" iD2="" abbr2="">Executive Vice President - Commercial Credit Group</title>
		</officer>
	</officers>
	<Ratios PriceCurrency="USD" ReportingCurrency="USD" ExchangeRate="1.00000" LatestAvailableDate="2020-12-31">
		<Group ID="Price and Volume">
			<Ratio FieldName="NPRICE" Type="N">62.11000</Ratio>
			<Ratio FieldName="NHIG" Type="N">62.67000</Ratio>
			<Ratio FieldName="NLOW" Type="N">23.69000</Ratio>
			<Ratio FieldName="PDATE" Type="D">2021-02-04T00:00:00</Ratio>
			<Ratio FieldName="VOL10DAVG" Type="N">0.73336</Ratio>
			<Ratio FieldName="EV" Type="N">6109.77200</Ratio>
		</Group>
		<Group ID="Income Statement">
			<Ratio FieldName="MKTCAP" Type="N">5232.41000</Ratio>
			<Ratio FieldName="TTMREV" Type="N">2091.55100</Ratio>
			<Ratio FieldName="TTMEBITD" Type="N">861.45900</Ratio>
			<Ratio FieldName="TTMNIAC" Type="N">504.86400</Ratio>
		</Group>
		<Group ID="Per share data">
			<Ratio FieldName="TTMEPSXCLX" Type="N">5.98300</Ratio>
			<Ratio FieldName="TTMREVPS" Type="N">27.90755</Ratio>
			<Ratio FieldName="QBVPS" Type="N">71.56201</Ratio>
			<Ratio FieldName="QCSHPS" Type="N">5.82906</Ratio>
			<Ratio FieldName="TTMCFSHR" Type="N">4.44962</Ratio>
			<Ratio FieldName="TTMDIVSHR" Type="N">1.60000</Ratio>
		</Group>
		<Group ID="Other Ratios">
			<Ratio FieldName="TTMGROSMGN" Type="N">-99999.99000</Ratio>
			<Ratio FieldName="TTMROEPCT" Type="N">8.43326</Ratio>
			<Ratio FieldName="TTMPR2REV" Type="N">2.20877</Ratio>
			<Ratio FieldName="PEEXCLXOR" Type="N">10.38108</Ratio>
			<Ratio FieldName="PRICE2BK" Type="N">0.87112</Ratio>
			<Ratio FieldName="Employees" Type="N">8560</Ratio>
		</Group>
	</Ratios>
	<ForecastData ConsensusType="Mean" CurFiscalYear="2021" CurFiscalYearEndMonth="12" CurInterimEndCalYear="2021" CurInterimEndMonth="3" EarningsBasis="PRX">
		<Ratio FieldName="ConsRecom" Type="N">
			<Value PeriodType="CURR">1.8</Value>
		</Ratio>
		<Ratio FieldName="TargetPrice" Type="N">
			<Value PeriodType="CURR">52.75000</Value>
		</Ratio>
		<Ratio FieldName="ProjLTGrowthRate" Type="N">
			<Value PeriodType="CURR">-99999.99000</Value>
		</Ratio>
		<Ratio FieldName="ProjPE" Type="N">
			<Value PeriodType="CURR">9.42574</Value>
		</Ratio>
		<Ratio FieldName="ProjSales" Type="N">
			<Value PeriodType="CURR">1800.53000</Value>
		</Ratio>
		<Ratio FieldName="ProjSalesQ" Type="N">
			<Value PeriodType="CURR">461.00000</Value>
		</Ratio>
		<Ratio FieldName="ProjEPS" Type="N">
			<Value PeriodType="CURR">6.58940</Value>
		</Ratio>
		<Ratio FieldName="ProjEPSQ" Type="N">
			<Value PeriodType="CURR">1.79040</Value>
		</Ratio>
		<Ratio FieldName="ProjProfit" Type="N">
			<Value PeriodType="CURR">548.39380</Value>
		</Ratio>
		<Ratio FieldName="ProjDPS" Type="N">
			<Value PeriodType="CURR">1.68000</Value>
		</Ratio>
	</ForecastData>
</ReportSnapshot>
