<?xml version="1.0" encoding="UTF-8"?>
<ReportSnapshot Major="1" Minor="0" Revision="1">
	<CoIDs>
		<CoID Type="RepNo">02406</CoID>
		<CoID Type="CompanyName">Bank Of Princeton</CoID>
		<CoID Type="OrganizationPermID">5000649337</CoID>
	</CoIDs>
	<Issues>
		<Issue ID="1" Type="C" Desc="Common Stock" Order="1">
			<IssueID Type="Name">Ordinary Shares</IssueID>
			<IssueID Type="Ticker">BPRN</IssueID>
			<IssueID Type="RIC">BPRN.O</IssueID>
			<IssueID Type="DisplayRIC">BPRN.OQ</IssueID>
			<IssueID Type="InstrumentPI">226912674</IssueID>
			<IssueID Type="QuotePI">267811950</IssueID>
			<IssueID Type="InstrumentPermID">21588228293</IssueID>
			<IssueID Type="QuotePermID">25727427833</IssueID>
			<Exchange Code="NASD" Country="USA">NASDAQ</Exchange>
			<GlobalListingType>OSR</GlobalListingType>
		</Issue>
	</Issues>
	<CoGeneralInfo>
		<CoStatus Code="1">Active</CoStatus>
		<CoType Code="EQU">Equity Issue</CoType>
		<LastModified>2021-01-31</LastModified>
		<LatestAvailableAnnual>2020-12-31</LatestAvailableAnnual>
		<LatestAvailableInterim>2020-12-31</LatestAvailableInterim>
		<Employees LastUpdated="2020-09-30">173</Employees>
		<SharesOut Date="2020-12-31" TotalFloat="5734117.0">6779074.0</SharesOut>
		<ReportingCurrency Code="USD">U.S. Dollars</ReportingCurrency>
		<MostRecentExchange Date="2021-02-03">1.0</MostRecentExchange>
	</CoGeneralInfo>
	<TextInfo>
		<Text Type="Business Summary" lastModified="2019-05-20T11:31:12">Bank of Princeton (the Bank) is a state-chartered bank. The Bank provides personal and business lending and deposit services. It operates through 19 branches across New Jersey, Princeton, Bordentown, Browns Mills, Chesterfield, Cream Ridge, Deptford, Hamilton, Lambertville, Lawrenceville, Monroe, Montgomery, New Brunswick, Pennington, and Sicklerville. The Banks loan portfolio consists of variable-rate and fixed-rate loans with a focus on commercial real estate lending. Its loan portfolio consists of commercial real estate and multi-family, commercial and industrial loans, construction loans, residential first-lien mortgage loans, home equity loans and lines of credit and consumer loans. Its deposit services are comprised of a range of deposit products, including checking accounts, savings accounts, attorney trust accounts, money market accounts, and certificates of deposit.</Text>
		<Text Type="Financial Summary" lastModified="2021-01-31T21:18:18">BRIEF: For the fiscal year ended 31 December 2020, Bank OfPrinceton interest income increased 3% to $61.7M. Netinterest income after loan loss provision increased 19% to$43.6M.  Net income increased 36% to $13.8M. Net interestincome after loan loss provision reflects Net InterestMargin - Total - % increase of 7% to 3.49%, Net InterestSpread - Total - % increase of 7% to 3.13%, Loans and feesincrease of 5% to $59.3M.</Text>
	</TextInfo>
	<contactInfo lastUpdated="2021-01-31T21:18:21">
		<streetAddress line="1">183 Bayard Ln</streetAddress>
		<streetAddress line="2"></streetAddress>
		<streetAddress line="3"></streetAddress>
		<city>PRINCETON</city>
		<state-region>NJ</state-region>
		<postalCode>08540-3044</postalCode>
		<country code="USA">United States</country>
		<contactName></contactName>
		<contactTitle></contactTitle>
		<phone>
			<phone type="mainphone">
				<countryPhoneCode>1</countryPhoneCode>
				<city-areacode>609</city-areacode>
				<number>9211700</number>
			</phone>
		</phone>
	</contactInfo>
	<webLinks lastUpdated="2019-07-03T02:30:02"><webSite mainCategory="Home Page">https://www.thebankofprinceton.com/</webSite><eMail mainCategory="Company Contact/E-mail">
		</eMail></webLinks>
	<peerInfo lastUpdated="2021-01-31T21:18:21">
		<IndustryInfo>
			<Industry type="TRBC" order="1" reported="0" code="5510101011" mnem="">Corporate Banks</Industry>
			<Industry type="NAICS" order="1" reported="0" code="522110" mnem="">Commercial Banking</Industry>
			<Industry type="SIC" order="1" reported="0" code="6029" mnem="">Commercial Banks, Nec</Industry>
		</IndustryInfo>
	</peerInfo>
	<officers>
		<officer rank="1" since="NA">
			<firstName>Richard</firstName>
			<mI>J.</mI>
			<lastName>Gillespie</lastName>
			<age>75 </age>
			<title startYear="NA" startMonth="" startDay="" iD1="CHM" abbr1="Chmn." iD2="IND" abbr2="Ind. Dir.">Independent Chairman of the Board</title>
		</officer>
		<officer rank="2" since="02/2009">
			<firstName>Edward</firstName>
			<mI>J.</mI>
			<lastName>Dietzler</lastName>
			<age>55 </age>
			<title startYear="2009" startMonth="09" startDay="" iD1="PRE" abbr1="Pres." iD2="CEO" abbr2="CEO">President, Chief Executive Officer, Director</title>
		</officer>
		<officer rank="3" since="NA">
			<firstName>Stephen</firstName>
			<mI>A.</mI>
			<lastName>Distler</lastName>
			<age>66 </age>
			<title startYear="NA" startMonth="" startDay="" iD1="VCH" abbr1="Vice Chmn." iD2="DRC" abbr2="Dir.">Vice Chairman of the Board</title>
		</officer>
		<officer rank="4" since="NA">
			<firstName>Ross</firstName>
			<mI>E.</mI>
			<lastName>Wishnick</lastName>
			<age>68 </age>
			<title startYear="NA" startMonth="" startDay="" iD1="VCH" abbr1="Vice Chmn." iD2="IND" abbr2="Ind. Dir.">Independent Vice Chairman of the Board</title>
		</officer>
		<officer rank="5" since="NA">
			<firstName>George</firstName>
			<mI>S.</mI>
			<lastName>Rapp</lastName>
			<age>67 </age>
			<title startYear="NA" startMonth="" startDay="" iD1="CFO" abbr1="CFO" iD2="EVP" abbr2="Exec. VP">Chief Financial Officer, Executive Vice President</title>
		</officer>
		<officer rank="6" since="02/2014">
			<firstName>Daniel</firstName>
			<mI>J.</mI>
			<lastName>O Donnell</lastName>
			<age>57 </age>
			<title startYear="2014" startMonth="02" startDay="" iD1="COO" abbr1="COO" iD2="EVP" abbr2="Exec. VP">Chief Operating Officer, Executive Vice President, General Counsel</title>
		</officer>
		<officer rank="7" since="02/2009">
			<firstName>Stephanie</firstName>
			<mI>M.</mI>
			<lastName>Adkins</lastName>
			<age>63 </age>
			<title startYear="2009" startMonth="02" startDay="" iD1="EVP" abbr1="Exec. VP" iD2="" abbr2="">Executive Vice President and Chief Lending Officer</title>
		</officer>
		<officer rank="8" since="2012">
			<firstName>Christopher</firstName>
			<mI>M.</mI>
			<lastName>Tonkovich</lastName>
			<age>58 </age>
			<title startYear="2012" startMonth="" startDay="" iD1="EVP" abbr1="Exec. VP" iD2="" abbr2="">Executive Vice President and Chief Credit Officer</title>
		</officer>
	</officers>
	<Ratios PriceCurrency="USD" ReportingCurrency="USD" ExchangeRate="1.00000" LatestAvailableDate="2020-12-31">
		<Group ID="Price and Volume">
			<Ratio FieldName="NPRICE" Type="N">24.88000</Ratio>
			<Ratio FieldName="NHIG" Type="N">32.00000</Ratio>
			<Ratio FieldName="NLOW" Type="N">17.40000</Ratio>
			<Ratio FieldName="PDATE" Type="D">2021-02-04T00:00:00</Ratio>
			<Ratio FieldName="VOL10DAVG" Type="N">0.01115</Ratio>
			<Ratio FieldName="EV" Type="N">-99999.99000</Ratio>
		</Group>
		<Group ID="Income Statement">
			<Ratio FieldName="MKTCAP" Type="N">167.78720</Ratio>
			<Ratio FieldName="TTMREV" Type="N">61.67600</Ratio>
			<Ratio FieldName="TTMEBITD" Type="N">22.42000</Ratio>
			<Ratio FieldName="TTMNIAC" Type="N">13.80600</Ratio>
		</Group>
		<Group ID="Per share data">
			<Ratio FieldName="TTMEPSXCLX" Type="N">2.00523</Ratio>
			<Ratio FieldName="TTMREVPS" Type="N">7.79261</Ratio>
			<Ratio FieldName="QBVPS" Type="N">30.80334</Ratio>
			<Ratio FieldName="QCSHPS" Type="N">11.42177</Ratio>
			<Ratio FieldName="TTMCFSHR" Type="N">1.60845</Ratio>
			<Ratio FieldName="TTMDIVSHR" Type="N">0.40000</Ratio>
		</Group>
		<Group ID="Other Ratios">
			<Ratio FieldName="TTMGROSMGN" Type="N">-99999.99000</Ratio>
			<Ratio FieldName="TTMROEPCT" Type="N">6.82211</Ratio>
			<Ratio FieldName="TTMPR2REV" Type="N">3.12709</Ratio>
			<Ratio FieldName="PEEXCLXOR" Type="N">12.40755</Ratio>
			<Ratio FieldName="PRICE2BK" Type="N">0.80770</Ratio>
			<Ratio FieldName="Employees" Type="N">173</Ratio>
		</Group>
	</Ratios>
	<ForecastData ConsensusType="Mean" CurFiscalYear="2021" CurFiscalYearEndMonth="12" CurInterimEndCalYear="2021" CurInterimEndMonth="3" EarningsBasis="PRX">
		<Ratio FieldName="ConsRecom" Type="N">
			<Value PeriodType="CURR">3</Value>
		</Ratio>
		<Ratio FieldName="TargetPrice" Type="N">
			<Value PeriodType="CURR">20.25000</Value>
		</Ratio>
		<Ratio FieldName="ProjLTGrowthRate" Type="N">
			<Value PeriodType="CURR">-99999.99000</Value>
		</Ratio>
		<Ratio FieldName="ProjPE" Type="N">
			<Value PeriodType="CURR">10.36667</Value>
		</Ratio>
		<Ratio FieldName="ProjSales" Type="N">
			<Value PeriodType="CURR">55.60000</Value>
		</Ratio>
		<Ratio FieldName="ProjSalesQ" Type="N">
			<Value PeriodType="CURR">14.35000</Value>
		</Ratio>
		<Ratio FieldName="ProjEPS" Type="N">
			<Value PeriodType="CURR">2.40000</Value>
		</Ratio>
		<Ratio FieldName="ProjEPSQ" Type="N">
			<Value PeriodType="CURR">0.67000</Value>
		</Ratio>
		<Ratio FieldName="ProjProfit" Type="N">
			<Value PeriodType="CURR">20.90000</Value>
		</Ratio>
		<Ratio FieldName="ProjDPS" Type="N">
			<Value PeriodType="CURR">0.46000</Value>
		</Ratio>
	</ForecastData>
</ReportSnapshot>
