<?xml version="1.0" encoding="UTF-8"?>
<ReportSnapshot Major="1" Minor="0" Revision="1">
	<CoIDs>
		<CoID Type="RepNo">E6869</CoID>
		<CoID Type="CompanyName">Brookfield Property Partners LP</CoID>
		<CoID Type="CIKNo">0001545772</CoID>
		<CoID Type="OrganizationPermID">5038909421</CoID>
	</CoIDs>
	<Issues>
		<Issue ID="1" Type="C" Desc="Common Stock" Order="1">
			<IssueID Type="Name">Unit</IssueID>
			<IssueID Type="Ticker">BPY</IssueID>
			<IssueID Type="RIC">BPY.O</IssueID>
			<IssueID Type="DisplayRIC">BPY.OQ</IssueID>
			<IssueID Type="InstrumentPI">129178230</IssueID>
			<IssueID Type="QuotePI">129260482</IssueID>
			<IssueID Type="InstrumentPermID">21521181685</IssueID>
			<IssueID Type="QuotePermID">21521239238</IssueID>
			<Exchange Code="NASD" Country="USA">NASDAQ</Exchange>
			<GlobalListingType>OSR</GlobalListingType>
		</Issue>
		<Issue ID="2" Type="C" Desc="Common Stock" Order="2">
			<IssueID Type="Name">Unit Class A</IssueID>
			<IssueID Type="Ticker">BPYPP</IssueID>
			<IssueID Type="RIC">BPYPP.O</IssueID>
			<IssueID Type="DisplayRIC">BPYPP.OQ</IssueID>
			<IssueID Type="InstrumentPI">355165042</IssueID>
			<IssueID Type="QuotePI">356785673</IssueID>
			<IssueID Type="InstrumentPermID">25727376871</IssueID>
			<IssueID Type="QuotePermID">25727376299</IssueID>
			<Exchange Code="NASD" Country="USA">NASDAQ</Exchange>
		</Issue>
		<Issue ID="3" Type="C" Desc="Common Stock" Order="3">
			<IssueID Type="Name">Unit Class A</IssueID>
			<IssueID Type="Ticker">BPYPO</IssueID>
			<IssueID Type="RIC">BPYPO.O</IssueID>
			<IssueID Type="DisplayRIC">BPYPO.OQ</IssueID>
			<IssueID Type="InstrumentPI">381578122</IssueID>
			<IssueID Type="QuotePI">382901016</IssueID>
			<IssueID Type="InstrumentPermID">25727366205</IssueID>
			<IssueID Type="QuotePermID">25727365802</IssueID>
			<Exchange Code="NASD" Country="USA">NASDAQ</Exchange>
		</Issue>
		<Issue ID="4" Type="P" Desc="Preferred Stock" Order="1">
			<IssueID Type="Name">Preferred Shares Series 3</IssueID>
			<IssueID Type="Ticker">BPYPN</IssueID>
			<IssueID Type="RIC">BPYPN.O</IssueID>
			<IssueID Type="DisplayRIC">BPYPN.OQ</IssueID>
			<IssueID Type="InstrumentPI">414619677</IssueID>
			<IssueID Type="QuotePI">416062894</IssueID>
			<IssueID Type="InstrumentPermID">25727354548</IssueID>
			<IssueID Type="QuotePermID">25727354095</IssueID>
			<Exchange Code="NASD" Country="USA">NASDAQ</Exchange>
		</Issue>
	</Issues>
	<CoGeneralInfo>
		<CoStatus Code="1">Active</CoStatus>
		<CoType Code="EQU">Equity Issue</CoType>
		<LastModified>2021-02-03</LastModified>
		<LatestAvailableAnnual>2020-12-31</LatestAvailableAnnual>
		<LatestAvailableInterim>2020-12-31</LatestAvailableInterim>
		<SharesOut Date="2021-01-26" TotalFloat="467731686.0">970929446.0</SharesOut>
		<ReportingCurrency Code="USD">U.S. Dollars</ReportingCurrency>
		<MostRecentExchange Date="2021-02-03">1.0</MostRecentExchange>
	</CoGeneralInfo>
	<TextInfo>
		<Text Type="Business Summary" lastModified="2020-02-27T11:10:13">Brookfield Property Partners L.P. owns and operates real estate. The Companys partnership is Brookfield Asset Managements primary vehicle to make investments across strategies in real estate. Its segments include Core Office, Core Retail and LP Investments. Core Office portfolio consists of interests in approximately 142 office properties totaling approximately 96 million square feet, which are located primarily in the commercial markets, such as New York, London, Los Angeles, Sydney, Toronto, and Berlin, as well as approximately 10 million square feet of active office and multifamily developments. Its Core Retail segment consists of approximately 124 retail properties located throughout the United States comprising approximately 121 million square feet of gross leasable area. LP Investments segment includes its investments in Brookfield-sponsored real estate funds. It has interests in various real estate sectors around the globe.</Text>
		<Text Type="Financial Summary" lastModified="2021-02-03T15:13:18">BRIEF: For the fiscal year ended 31 December 2020,Brookfield Property Partners LP revenues decreased 20% to$6.59B. Net loss applicable to common stockholders totaled$540M vs. income of $949M. Revenues reflect a decrease indemand for the Company's products and services due tounfavorable market conditions. Net loss reflects Share ofnet earnings from equity accoun decrease from $1.97B(income) to $749M (expense).</Text>
	</TextInfo>
	<contactInfo lastUpdated="2021-02-03T15:13:25">
		<streetAddress line="1">73 Front Street</streetAddress>
		<streetAddress line="2"></streetAddress>
		<streetAddress line="3"></streetAddress>
		<city>HAMILTON</city>
		<state-region></state-region>
		<postalCode>HM 12</postalCode>
		<country code="BMU">Bermuda</country>
		<contactName>Matthew Cherry</contactName>
		<contactTitle>Vice President, Investor Relations &amp; Communications</contactTitle>
		<phone>
			<phone type="mainphone">
				<countryPhoneCode>1</countryPhoneCode>
				<city-areacode>441</city-areacode>
				<number>2943309</number>
			</phone>
			<phone type="contactphone">
				<countryPhoneCode>1</countryPhoneCode>
				<city-areacode>855</city-areacode>
				<number>2128243</number>
			</phone>
		</phone>
	</contactInfo>
	<webLinks lastUpdated="2018-03-26T14:45:03"><webSite mainCategory="Home Page">https://bpy.brookfield.com/en</webSite><eMail mainCategory="Company Contact/E-mail">bpy.enquiries@brookfield.com</eMail></webLinks>
	<peerInfo lastUpdated="2021-02-03T15:13:25">
		<IndustryInfo>
			<Industry type="TRBC" order="1" reported="0" code="6010101010" mnem="">Real Estate Rental, Development &amp; Operations (NEC)</Industry>
			<Industry type="NAICS" order="1" reported="0" code="531120" mnem="">Lessors of Nonresidential Buildings (except Miniwarehouses)</Industry>
			<Industry type="NAICS" order="2" reported="0" code="531110" mnem="">Lessors of Residential Buildings and Dwellings</Industry>
			<Industry type="NAICS" order="3" reported="0" code="531130" mnem="">Lessors of Miniwarehouses and Self-Storage Units</Industry>
			<Industry type="NAICS" order="4" reported="0" code="531320" mnem="">Offices of Real Estate Appraisers</Industry>
			<Industry type="NAICS" order="5" reported="0" code="523920" mnem="">Portfolio Management</Industry>
			<Industry type="SIC" order="1" reported="0" code="6512" mnem="">Nonresidential Building Operators</Industry>
			<Industry type="SIC" order="2" reported="0" code="6513" mnem="">Apartment Building Operators</Industry>
			<Industry type="SIC" order="3" reported="0" code="4225" mnem="">General Warehousing And Storage</Industry>
			<Industry type="SIC" order="4" reported="0" code="6531" mnem="">Real Estate Agents And Managers</Industry>
			<Industry type="SIC" order="5" reported="0" code="6282" mnem="">Investment Advice</Industry>
		</IndustryInfo>
	</peerInfo>
	<officers>
		<officer rank="1" since="09/30/2015">
			<firstName>Richard</firstName>
			<mI>B.</mI>
			<lastName>Clark</lastName>
			<age>61 </age>
			<title startYear="2015" startMonth="09" startDay="30" iD1="CHM" abbr1="Chmn." iD2="DRC" abbr2="Dir.">Chairman of the Board of General Partner</title>
		</officer>
		<officer rank="2" since="10/30/2015">
			<firstName>Brian</firstName>
			<mI>W.</mI>
			<lastName>Kingston</lastName>
			<age>46 </age>
			<title startYear="2015" startMonth="10" startDay="30" iD1="CEO" abbr1="CEO" iD2="" abbr2="">Chief Executive Officer of General Partner</title>
		</officer>
		<officer rank="3" since="2015">
			<firstName>Bryan</firstName>
			<mI>K.</mI>
			<lastName>Davis</lastName>
			<age>46 </age>
			<title startYear="2015" startMonth="" startDay="" iD1="CFO" abbr1="CFO" iD2="" abbr2="">Chief Financial Officer of General Partner</title>
		</officer>
	</officers>
	<Ratios PriceCurrency="USD" ReportingCurrency="USD" ExchangeRate="1.00000" LatestAvailableDate="2020-12-31">
		<Group ID="Price and Volume">
			<Ratio FieldName="NPRICE" Type="N">17.20000</Ratio>
			<Ratio FieldName="NHIG" Type="N">18.88000</Ratio>
			<Ratio FieldName="NLOW" Type="N">7.10000</Ratio>
			<Ratio FieldName="PDATE" Type="D">2021-02-04T00:00:00</Ratio>
			<Ratio FieldName="VOL10DAVG" Type="N">3.40319</Ratio>
			<Ratio FieldName="EV" Type="N">69266.99000</Ratio>
		</Group>
		<Group ID="Income Statement">
			<Ratio FieldName="MKTCAP" Type="N">16699.99000</Ratio>
			<Ratio FieldName="TTMREV" Type="N">-99999.99000</Ratio>
			<Ratio FieldName="TTMEBITD" Type="N">-99999.99000</Ratio>
			<Ratio FieldName="TTMNIAC" Type="N">-99999.99000</Ratio>
		</Group>
		<Group ID="Per share data">
			<Ratio FieldName="TTMEPSXCLX" Type="N">-99999.99000</Ratio>
			<Ratio FieldName="TTMREVPS" Type="N">-99999.99000</Ratio>
			<Ratio FieldName="QBVPS" Type="N">28.65652</Ratio>
			<Ratio FieldName="QCSHPS" Type="N">5.70960</Ratio>
			<Ratio FieldName="TTMCFSHR" Type="N">-99999.99000</Ratio>
			<Ratio FieldName="TTMDIVSHR" Type="N">-99999.99000</Ratio>
		</Group>
		<Group ID="Other Ratios">
			<Ratio FieldName="TTMGROSMGN" Type="N">-99999.99000</Ratio>
			<Ratio FieldName="TTMROEPCT" Type="N">-99999.99000</Ratio>
			<Ratio FieldName="TTMPR2REV" Type="N">-99999.99000</Ratio>
			<Ratio FieldName="PEEXCLXOR" Type="N">-99999.99000</Ratio>
			<Ratio FieldName="PRICE2BK" Type="N">0.63625</Ratio>
			<Ratio FieldName="Employees" Type="N">-99999.99000</Ratio>
		</Group>
	</Ratios>
	<ForecastData ConsensusType="Mean" CurFiscalYear="2021" CurFiscalYearEndMonth="12" CurInterimEndCalYear="2021" CurInterimEndMonth="3" EarningsBasis="PRX">
		<Ratio FieldName="ConsRecom" Type="N">
			<Value PeriodType="CURR">3.3333</Value>
		</Ratio>
		<Ratio FieldName="TargetPrice" Type="N">
			<Value PeriodType="CURR">14.85000</Value>
		</Ratio>
		<Ratio FieldName="ProjLTGrowthRate" Type="N">
			<Value PeriodType="CURR">-99999.99000</Value>
		</Ratio>
		<Ratio FieldName="ProjPE" Type="N">
			<Value PeriodType="CURR">-34.40000</Value>
		</Ratio>
		<Ratio FieldName="ProjSales" Type="N">
			<Value PeriodType="CURR">5746.00000</Value>
		</Ratio>
		<Ratio FieldName="ProjSalesQ" Type="N">
			<Value PeriodType="CURR">-99999.99000</Value>
		</Ratio>
		<Ratio FieldName="ProjEPS" Type="N">
			<Value PeriodType="CURR">-0.50000</Value>
		</Ratio>
		<Ratio FieldName="ProjEPSQ" Type="N">
			<Value PeriodType="CURR">-99999.99000</Value>
		</Ratio>
		<Ratio FieldName="ProjProfit" Type="N">
			<Value PeriodType="CURR">-575.00000</Value>
		</Ratio>
		<Ratio FieldName="ProjDPS" Type="N">
			<Value PeriodType="CURR">1.33000</Value>
		</Ratio>
	</ForecastData>
</ReportSnapshot>
