<?xml version="1.0" encoding="UTF-8"?>
<ReportSnapshot Major="1" Minor="0" Revision="1">
	<CoIDs>
		<CoID Type="RepNo">A0634</CoID>
		<CoID Type="CompanyName">Brookfield Property Reit Inc</CoID>
		<CoID Type="IRSNo">272963337</CoID>
		<CoID Type="CIKNo">0001496048</CoID>
		<CoID Type="OrganizationPermID">4295904059</CoID>
	</CoIDs>
	<Issues>
		<Issue ID="4" Type="C" Desc="Common Stock" Order="1">
			<IssueID Type="Name">Ordinary Shares Class A</IssueID>
			<IssueID Type="Ticker">BPYU</IssueID>
			<IssueID Type="RIC">BPYU.O</IssueID>
			<IssueID Type="DisplayRIC">BPYU.OQ</IssueID>
			<IssueID Type="InstrumentPI">322581769</IssueID>
			<IssueID Type="QuotePI">322581772</IssueID>
			<IssueID Type="InstrumentPermID">25727397425</IssueID>
			<IssueID Type="QuotePermID">25727397424</IssueID>
			<Exchange Code="NASD" Country="USA">NASDAQ</Exchange>
			<GlobalListingType>OSR</GlobalListingType>
		</Issue>
		<Issue ID="6" Type="C" Desc="Common Stock" Order="2">
			<IssueID Type="Name">Ordinary Shares Class C</IssueID>
			<IssueID Type="InstrumentPI">335722275</IssueID>
			<IssueID Type="InstrumentPermID">21670696811</IssueID>
			<Exchange Code="NA" Country="">Not Available</Exchange>
		</Issue>
		<Issue ID="1" Type="C" Desc="Common Stock" Order="3">
			<IssueID Type="Name">Ordinary Shares</IssueID>
			<IssueID Type="RIC">GGP.N^H18</IssueID>
			<IssueID Type="DisplayRIC">GGP.N</IssueID>
			<IssueID Type="InstrumentPI">328051</IssueID>
			<IssueID Type="QuotePI">69136665</IssueID>
			<IssueID Type="InstrumentPermID">8590925526</IssueID>
			<IssueID Type="QuotePermID">55871514904</IssueID>
			<Exchange Code="NYSE" Country="USA">New York Stock Exchange</Exchange>
		</Issue>
		<Issue ID="5" Type="C" Desc="Common Stock" Order="4">
			<IssueID Type="Name">Ordinary Shares Class B</IssueID>
			<IssueID Type="InstrumentPI">335373888</IssueID>
			<IssueID Type="InstrumentPermID">21670400861</IssueID>
			<Exchange Code="NA" Country="">Not Available</Exchange>
		</Issue>
		<Issue ID="3" Type="P" Desc="Preferred Stock" Order="1">
			<IssueID Type="Name">6.375% Preferred Shares Series A</IssueID>
			<IssueID Type="RIC">GGP_pa.N^H18</IssueID>
			<IssueID Type="DisplayRIC">GGP_pa.N</IssueID>
			<IssueID Type="InstrumentPI">126297714</IssueID>
			<IssueID Type="QuotePI">126986694</IssueID>
			<IssueID Type="InstrumentPermID">21519023883</IssueID>
			<IssueID Type="QuotePermID">21519529004</IssueID>
			<Exchange Code="NYSE" Country="USA">New York Stock Exchange</Exchange>
		</Issue>
		<Issue ID="7" Type="P" Desc="Preferred Stock" Order="2">
			<IssueID Type="Name">Preferred Shares Series A</IssueID>
			<IssueID Type="Ticker">BPYUP</IssueID>
			<IssueID Type="RIC">BPYUP.O</IssueID>
			<IssueID Type="DisplayRIC">BPYUP.OQ</IssueID>
			<IssueID Type="InstrumentPI">322581890</IssueID>
			<IssueID Type="QuotePI">322581895</IssueID>
			<IssueID Type="InstrumentPermID">25727397404</IssueID>
			<IssueID Type="QuotePermID">25727397403</IssueID>
			<Exchange Code="NASD" Country="USA">NASDAQ</Exchange>
		</Issue>
	</Issues>
	<CoGeneralInfo>
		<CoStatus Code="1">Active</CoStatus>
		<CoType Code="EQU">Equity Issue</CoType>
		<LastModified>2021-02-03</LastModified>
		<LatestAvailableAnnual>2020-12-31</LatestAvailableAnnual>
		<LatestAvailableInterim>2020-12-31</LatestAvailableInterim>
		<Employees LastUpdated="2019-12-31">0</Employees>
		<SharesOut Date="2020-12-31" TotalFloat="37594057.0">1199708852.0</SharesOut>
		<ReportingCurrency Code="USD">U.S. Dollars</ReportingCurrency>
		<MostRecentExchange Date="2021-02-03">1.0</MostRecentExchange>
	</CoGeneralInfo>
	<TextInfo>
		<Text Type="Business Summary" lastModified="2020-03-04T02:21:23">Brookfield Property REIT Inc. (BPR) is a commercial real estate company. The Company is formed as a public security that focusses to offer economic equivalence to an investment in Brookfield Property Partners in the form of a United States REIT stock. BPR operates in a single reportable segment, which includes the operation, development and management of retail and other rental properties. The Company owns a property portfolio comprised primarily of Class A retail properties. The Company owns, either entirely or with joint venture partners, around 122 retail properties located throughout the United States comprising approximately 120 million square feet of gross leasable area (GLA). The Companys properties include 200 Lafayette, 218 W 57th Street, 605 North Michigan Avenue, 530 Fifth Avenue, 685 Fifth Avenue, 730 Fifth Avenue, 830 N. Michigan Ave, Beachwood Place, Bellis Fair, Brass Mill Center, Columbia Mall and Coral Ridge Mall. </Text>
		<Text Type="Financial Summary" lastModified="2021-02-03T00:03:50">BRIEF: For the nine months ended 30 September 2020,Brookfield Property Reit Inc revenues increased 3% to$1.15B. Net loss applicable to common stockholdersincreased 97% to $473.5M. Revenues reflect Lease Incomeincrease of 7% to $1.02B, Other increase of 1% to $34.6M.Higher net loss reflects Depreciation and amortizationincrease of 36% to $485.4M (expense), Equity in income ofUnconsolidated decrease of 92% to $10.9M (earnings).</Text>
	</TextInfo>
	<contactInfo lastUpdated="2021-02-03T00:04:49">
		<streetAddress line="1">350 N Orleans St Ste 300</streetAddress>
		<streetAddress line="2"></streetAddress>
		<streetAddress line="3"></streetAddress>
		<city>CHICAGO</city>
		<state-region>IL</state-region>
		<postalCode>60654-1607</postalCode>
		<country code="USA">United States</country>
		<contactName></contactName>
		<contactTitle></contactTitle>
		<phone>
			<phone type="mainphone">
				<countryPhoneCode>1</countryPhoneCode>
				<city-areacode>312</city-areacode>
				<number>9605000</number>
			</phone>
			<phone type="mainfax">
				<countryPhoneCode>1</countryPhoneCode>
				<city-areacode>302</city-areacode>
				<number>6365454</number>
			</phone>
		</phone>
	</contactInfo>
	<webLinks lastUpdated="2020-03-02T09:00:01"><webSite mainCategory="Home Page">https://www.brookfieldpropertiesretail.com/</webSite><eMail mainCategory="Company Contact/E-mail">
		</eMail></webLinks>
	<peerInfo lastUpdated="2021-02-03T00:04:49">
		<IndustryInfo>
			<Industry type="TRBC" order="1" reported="0" code="6010202030" mnem="">Retail REITs</Industry>
			<Industry type="NAICS" order="1" reported="0" code="531120" mnem="">Lessors of Nonresidential Buildings (except Miniwarehouses)</Industry>
			<Industry type="NAICS" order="2" reported="0" code="531312" mnem="">Nonresidential Property Managers</Industry>
			<Industry type="SIC" order="0" reported="1" code="6798" mnem="">Real Estate Investment Trusts</Industry>
			<Industry type="SIC" order="1" reported="0" code="6512" mnem="">Nonresidential Building Operators</Industry>
			<Industry type="SIC" order="2" reported="0" code="6531" mnem="">Real Estate Agents And Managers</Industry>
		</IndustryInfo>
	</peerInfo>
	<officers>
		<officer rank="1" since="08/28/2018">
			<firstName>Brian</firstName>
			<mI>W.</mI>
			<lastName>Kingston</lastName>
			<age>46 </age>
			<title startYear="2018" startMonth="08" startDay="28" iD1="CEO" abbr1="CEO" iD2="" abbr2="">Chief Executive Officer</title>
		</officer>
		<officer rank="2" since="NA">
			<firstName>Brian</firstName>
			<mI>K.</mI>
			<lastName>Davis</lastName>
			<age>45 </age>
			<title startYear="NA" startMonth="" startDay="" iD1="CFO" abbr1="CFO" iD2="" abbr2="">Chief Financial Officer</title>
		</officer>
	</officers>
	<Ratios PriceCurrency="USD" ReportingCurrency="USD" ExchangeRate="1.00000" LatestAvailableDate="2020-12-31">
		<Group ID="Price and Volume">
			<Ratio FieldName="NPRICE" Type="N">17.79000</Ratio>
			<Ratio FieldName="NHIG" Type="N">18.88000</Ratio>
			<Ratio FieldName="NLOW" Type="N">7.15000</Ratio>
			<Ratio FieldName="PDATE" Type="D">2021-02-04T00:00:00</Ratio>
			<Ratio FieldName="VOL10DAVG" Type="N">0.74175</Ratio>
			<Ratio FieldName="EV" Type="N">16812.36200</Ratio>
		</Group>
		<Group ID="Income Statement">
			<Ratio FieldName="MKTCAP" Type="N">696.11300</Ratio>
			<Ratio FieldName="TTMREV" Type="N">-99999.99000</Ratio>
			<Ratio FieldName="TTMEBITD" Type="N">-99999.99000</Ratio>
			<Ratio FieldName="TTMNIAC" Type="N">-99999.99000</Ratio>
		</Group>
		<Group ID="Per share data">
			<Ratio FieldName="TTMEPSXCLX" Type="N">-99999.99000</Ratio>
			<Ratio FieldName="TTMREVPS" Type="N">-99999.99000</Ratio>
			<Ratio FieldName="QBVPS" Type="N">1.53472</Ratio>
			<Ratio FieldName="QCSHPS" Type="N">0.17049</Ratio>
			<Ratio FieldName="TTMCFSHR" Type="N">-99999.99000</Ratio>
			<Ratio FieldName="TTMDIVSHR" Type="N">-99999.99000</Ratio>
		</Group>
		<Group ID="Other Ratios">
			<Ratio FieldName="TTMGROSMGN" Type="N">-99999.99000</Ratio>
			<Ratio FieldName="TTMROEPCT" Type="N">-99999.99000</Ratio>
			<Ratio FieldName="TTMPR2REV" Type="N">-99999.99000</Ratio>
			<Ratio FieldName="PEEXCLXOR" Type="N">-99999.99000</Ratio>
			<Ratio FieldName="PRICE2BK" Type="N">11.59169</Ratio>
			<Ratio FieldName="Employees" Type="N">0</Ratio>
		</Group>
	</Ratios>
	<ForecastData ConsensusType="Mean" CurFiscalYear="2018" CurFiscalYearEndMonth="12" CurInterimEndCalYear="2018" CurInterimEndMonth="9" EarningsBasis="REP">
		<Ratio FieldName="ConsRecom" Type="N">
			<Value PeriodType="CURR">-99999.99000</Value>
		</Ratio>
		<Ratio FieldName="TargetPrice" Type="N">
			<Value PeriodType="CURR">-99999.99000</Value>
		</Ratio>
		<Ratio FieldName="ProjLTGrowthRate" Type="N">
			<Value PeriodType="CURR">-99999.99000</Value>
		</Ratio>
		<Ratio FieldName="ProjPE" Type="N">
			<Value PeriodType="CURR">-99999.99000</Value>
		</Ratio>
		<Ratio FieldName="ProjSales" Type="N">
			<Value PeriodType="CURR">-99999.99000</Value>
		</Ratio>
		<Ratio FieldName="ProjSalesQ" Type="N">
			<Value PeriodType="CURR">-99999.99000</Value>
		</Ratio>
		<Ratio FieldName="ProjEPS" Type="N">
			<Value PeriodType="CURR">-99999.99000</Value>
		</Ratio>
		<Ratio FieldName="ProjEPSQ" Type="N">
			<Value PeriodType="CURR">-99999.99000</Value>
		</Ratio>
		<Ratio FieldName="ProjProfit" Type="N">
			<Value PeriodType="CURR">-99999.99000</Value>
		</Ratio>
		<Ratio FieldName="ProjDPS" Type="N">
			<Value PeriodType="CURR">-99999.99000</Value>
		</Ratio>
	</ForecastData>
</ReportSnapshot>
