<?xml version="1.0" encoding="UTF-8"?>
<ReportSnapshot Major="1" Minor="0" Revision="1">
	<CoIDs>
		<CoID Type="RepNo">A7567</CoID>
		<CoID Type="CompanyName">Bruker Corporation</CoID>
		<CoID Type="IRSNo">043110160</CoID>
		<CoID Type="CIKNo">0001109354</CoID>
		<CoID Type="OrganizationPermID">4295900424</CoID>
	</CoIDs>
	<Issues>
		<Issue ID="1" Type="C" Desc="Common Stock" Order="1">
			<IssueID Type="Name">Ordinary Shares</IssueID>
			<IssueID Type="Ticker">BRKR</IssueID>
			<IssueID Type="RIC">BRKR.O</IssueID>
			<IssueID Type="DisplayRIC">BRKR.OQ</IssueID>
			<IssueID Type="InstrumentPI">440180</IssueID>
			<IssueID Type="QuotePI">7695765</IssueID>
			<IssueID Type="InstrumentPermID">8590929402</IssueID>
			<IssueID Type="QuotePermID">55835317092</IssueID>
			<Exchange Code="NASD" Country="USA">NASDAQ</Exchange>
			<GlobalListingType>OSR</GlobalListingType>
		</Issue>
	</Issues>
	<CoGeneralInfo>
		<CoStatus Code="1">Active</CoStatus>
		<CoType Code="EQU">Equity Issue</CoType>
		<LastModified>2020-11-09</LastModified>
		<LatestAvailableAnnual>2019-12-31</LatestAvailableAnnual>
		<LatestAvailableInterim>2020-09-30</LatestAvailableInterim>
		<Employees LastUpdated="2019-12-31">7230</Employees>
		<SharesOut Date="2020-10-30" TotalFloat="103688244.0">153108102.0</SharesOut>
		<ReportingCurrency Code="USD">U.S. Dollars</ReportingCurrency>
		<MostRecentExchange Date="2021-02-03">1.0</MostRecentExchange>
	</CoGeneralInfo>
	<TextInfo>
		<Text Type="Business Summary" lastModified="2017-07-11T05:49:51">Bruker Corporation designs and manufactures scientific instruments, and analytical and diagnostic solutions. Its segments include the Bruker BioSpin Group; the Bruker Chemicals, Applied Markets, Life Science, In-Vitro Diagnostics, Detection (CALID) Group; the Bruker Nano Group, and the Bruker Energy &amp; Supercon Technologies (BEST) Segment. The Bruker BioSpin Group segment designs, manufactures and distributes enabling life science tools. The Bruker CALID segment designs, manufactures and distributes life science mass spectrometry instruments that can be integrated and used along with other sample preparation or chromatography instruments, as well as chemical, biological, radiological, nuclear and explosive detection products. The Bruker Nano segment designs, manufactures and distributes spectroscopy and microscopy instruments. The BEST segment develops and manufactures superconducting and non-superconducting materials and devices. It also focuses on nanomechanical testing instruments. </Text>
		<Text Type="Financial Summary" lastModified="2020-11-09T11:46:53">BRIEF: For the nine months ended 30 September 2020, BrukerCorporation revenues decreased 8% to $1.36B. Net incomedecreased 31% to $88.9M. Revenues reflect Bruker Energy &amp;Supercon Technologies segment decrease of 11% to $134.8M.Net income also reflects Eliminations segment loss totaling$37.6M vs. income of $0K, Bruker Energy &amp; SuperconTechnologies segment income decrease of 47% to $5.2M.Dividend per share remained flat at $0.12.</Text>
	</TextInfo>
	<contactInfo lastUpdated="2021-01-28T06:13:25">
		<streetAddress line="1">40 MANNING RD</streetAddress>
		<streetAddress line="2"></streetAddress>
		<streetAddress line="3"></streetAddress>
		<city>BILLERICA</city>
		<state-region>MA</state-region>
		<postalCode>01821</postalCode>
		<country code="USA">United States</country>
		<contactName>Miroslava Minkova</contactName>
		<contactTitle>Director, Investor Relations &amp; Corporate Development</contactTitle>
		<phone>
			<phone type="mainphone">
				<countryPhoneCode>1</countryPhoneCode>
				<city-areacode>978</city-areacode>
				<number>6633660</number>
			</phone>
			<phone type="mainfax">
				<countryPhoneCode>1</countryPhoneCode>
				<city-areacode>978</city-areacode>
				<number>6635585</number>
			</phone>
			<phone type="contactphone">
				<countryPhoneCode>1</countryPhoneCode>
				<city-areacode>978</city-areacode>
				<number>6633660</number>
			</phone>
		</phone>
	</contactInfo>
	<webLinks lastUpdated="2018-07-11T09:30:43"><webSite mainCategory="Home Page">https://www.bruker.com/</webSite><eMail mainCategory="Company Contact/E-mail">investor.relations@bruker.com</eMail></webLinks>
	<peerInfo lastUpdated="2021-01-28T06:13:25">
		<IndustryInfo>
			<Industry type="TRBC" order="1" reported="0" code="5610101010" mnem="">Advanced Medical Equipment &amp; Technology - NEC</Industry>
			<Industry type="NAICS" order="1" reported="0" code="334516" mnem="">Analytical Laboratory Instrument Mfg</Industry>
			<Industry type="NAICS" order="2" reported="0" code="334510" mnem="">Electromedical Apparatus Mfg</Industry>
			<Industry type="NAICS" order="3" reported="0" code="334511" mnem="">Search, Detection &amp; Navigation Instrument Mfg</Industry>
			<Industry type="SIC" order="0" reported="1" code="3826" mnem="">Analytical Instruments</Industry>
			<Industry type="SIC" order="1" reported="0" code="3826" mnem="">Analytical Instruments</Industry>
			<Industry type="SIC" order="2" reported="0" code="3845" mnem="">Electromedical Equipment</Industry>
			<Industry type="SIC" order="3" reported="0" code="3812" mnem="">Search And Navigation Equipment</Industry>
		</IndustryInfo>
	</peerInfo>
	<officers>
		<officer rank="1" since="02/1991">
			<firstName>Frank</firstName>
			<mI>H.</mI>
			<lastName>Laukien</lastName>
			<age>60 </age>
			<title startYear="1991" startMonth="02" startDay="" iD1="CHM" abbr1="Chmn." iD2="DRC" abbr2="Dir.">Chairman of the Board, President, Chief Executive Officer</title>
		</officer>
		<officer rank="2" since="03/16/2018">
			<firstName>Gerald</firstName>
			<mI>N.</mI>
			<lastName>Herman</lastName>
			<age>62 </age>
			<title startYear="2018" startMonth="06" startDay="06" iD1="CFO" abbr1="CFO" iD2="" abbr2="">Chief Financial Officer</title>
		</officer>
		<officer rank="3" since="05/01/2018">
			<firstName>Falko</firstName>
			<mI></mI>
			<lastName>Busse</lastName>
			<age>53 </age>
			<title startYear="2018" startMonth="05" startDay="01" iD1="CEX" abbr1="Corp. Exec." iD2="" abbr2="">President, Bruker BioSpin Group</title>
		</officer>
		<officer rank="4" since="2011">
			<firstName>Burkhard</firstName>
			<mI></mI>
			<lastName>Prause</lastName>
			<age>53 </age>
			<title startYear="2018" startMonth="04" startDay="" iD1="CEX" abbr1="Corp. Exec." iD2="" abbr2="">President and Chief Executive Officer, Bruker Energy &amp; Supercon Technologies, Inc</title>
		</officer>
		<officer rank="5" since="01/2013">
			<firstName>Juergen</firstName>
			<mI></mI>
			<lastName>Srega</lastName>
			<age>65 </age>
			<title startYear="2013" startMonth="01" startDay="" iD1="CEX" abbr1="Corp. Exec." iD2="" abbr2="">President of Bruker CALID Group and Bruker Daltonics Division</title>
		</officer>
		<officer rank="6" since="2011">
			<firstName>Mark</firstName>
			<mI>Robert</mI>
			<lastName>Munch</lastName>
			<age>58 </age>
			<title startYear="2015" startMonth="07" startDay="" iD1="EVP" abbr1="Exec. VP" iD2="" abbr2="">Executive Vice President, President of Bruker Nano Group and Bruker Nano Surfaces Division</title>
		</officer>
	</officers>
	<Ratios PriceCurrency="USD" ReportingCurrency="USD" ExchangeRate="1.00000" LatestAvailableDate="2020-09-30">
		<Group ID="Price and Volume">
			<Ratio FieldName="NPRICE" Type="N">56.78000</Ratio>
			<Ratio FieldName="NHIG" Type="N">61.40800</Ratio>
			<Ratio FieldName="NLOW" Type="N">30.78000</Ratio>
			<Ratio FieldName="PDATE" Type="D">2021-02-04T00:00:00</Ratio>
			<Ratio FieldName="VOL10DAVG" Type="N">0.50700</Ratio>
			<Ratio FieldName="EV" Type="N">8906.27900</Ratio>
		</Group>
		<Group ID="Income Statement">
			<Ratio FieldName="MKTCAP" Type="N">8693.47900</Ratio>
			<Ratio FieldName="TTMREV" Type="N">1959.90000</Ratio>
			<Ratio FieldName="TTMEBITD" Type="N">341.00000</Ratio>
			<Ratio FieldName="TTMNIAC" Type="N">157.50000</Ratio>
		</Group>
		<Group ID="Per share data">
			<Ratio FieldName="TTMEPSXCLX" Type="N">1.01671</Ratio>
			<Ratio FieldName="TTMREVPS" Type="N">12.64860</Ratio>
			<Ratio FieldName="QBVPS" Type="N">6.21538</Ratio>
			<Ratio FieldName="QCSHPS" Type="N">4.02847</Ratio>
			<Ratio FieldName="TTMCFSHR" Type="N">1.52243</Ratio>
			<Ratio FieldName="TTMDIVSHR" Type="N">0.16000</Ratio>
		</Group>
		<Group ID="Other Ratios">
			<Ratio FieldName="TTMGROSMGN" Type="N">47.09934</Ratio>
			<Ratio FieldName="TTMROEPCT" Type="N">17.52629</Ratio>
			<Ratio FieldName="TTMPR2REV" Type="N">4.43567</Ratio>
			<Ratio FieldName="PEEXCLXOR" Type="N">55.84680</Ratio>
			<Ratio FieldName="PRICE2BK" Type="N">9.13540</Ratio>
			<Ratio FieldName="Employees" Type="N">7230</Ratio>
		</Group>
	</Ratios>
	<ForecastData ConsensusType="Mean" CurFiscalYear="2020" CurFiscalYearEndMonth="12" CurInterimEndCalYear="2020" CurInterimEndMonth="12" EarningsBasis="PRX">
		<Ratio FieldName="ConsRecom" Type="N">
			<Value PeriodType="CURR">2.4667</Value>
		</Ratio>
		<Ratio FieldName="TargetPrice" Type="N">
			<Value PeriodType="CURR">48.33330</Value>
		</Ratio>
		<Ratio FieldName="ProjLTGrowthRate" Type="N">
			<Value PeriodType="CURR">6.8333</Value>
		</Ratio>
		<Ratio FieldName="ProjPE" Type="N">
			<Value PeriodType="CURR">42.85606</Value>
		</Ratio>
		<Ratio FieldName="ProjSales" Type="N">
			<Value PeriodType="CURR">1958.73880</Value>
		</Ratio>
		<Ratio FieldName="ProjSalesQ" Type="N">
			<Value PeriodType="CURR">598.70800</Value>
		</Ratio>
		<Ratio FieldName="ProjEPS" Type="N">
			<Value PeriodType="CURR">1.32490</Value>
		</Ratio>
		<Ratio FieldName="ProjEPSQ" Type="N">
			<Value PeriodType="CURR">0.55040</Value>
		</Ratio>
		<Ratio FieldName="ProjProfit" Type="N">
			<Value PeriodType="CURR">204.84640</Value>
		</Ratio>
		<Ratio FieldName="ProjDPS" Type="N">
			<Value PeriodType="CURR">0.15980</Value>
		</Ratio>
	</ForecastData>
</ReportSnapshot>
