<?xml version="1.0" encoding="UTF-8"?>
<ReportSnapshot Major="1" Minor="0" Revision="1">
	<CoIDs>
		<CoID Type="RepNo">A09A5</CoID>
		<CoID Type="CompanyName">Brooks Automation, Inc</CoID>
		<CoID Type="IRSNo">043040660</CoID>
		<CoID Type="CIKNo">0000933974</CoID>
		<CoID Type="OrganizationPermID">4295905781</CoID>
	</CoIDs>
	<Issues>
		<Issue ID="1" Type="C" Desc="Common Stock" Order="1">
			<IssueID Type="Name">Ordinary Shares</IssueID>
			<IssueID Type="Ticker">BRKS</IssueID>
			<IssueID Type="RIC">BRKS.O</IssueID>
			<IssueID Type="DisplayRIC">BRKS.OQ</IssueID>
			<IssueID Type="InstrumentPI">7458896</IssueID>
			<IssueID Type="QuotePI">7694225</IssueID>
			<IssueID Type="InstrumentPermID">8590923781</IssueID>
			<IssueID Type="QuotePermID">55835317094</IssueID>
			<Exchange Code="NASD" Country="USA">NASDAQ</Exchange>
			<GlobalListingType>OSR</GlobalListingType>
		</Issue>
	</Issues>
	<CoGeneralInfo>
		<CoStatus Code="1">Active</CoStatus>
		<CoType Code="EQU">Equity Issue</CoType>
		<LastModified>2021-02-04</LastModified>
		<LatestAvailableAnnual>2020-09-30</LatestAvailableAnnual>
		<LatestAvailableInterim>2020-12-31</LatestAvailableInterim>
		<Employees LastUpdated="2020-09-30">3200</Employees>
		<SharesOut Date="2021-01-25" TotalFloat="73036056.0">74220121.0</SharesOut>
		<ReportingCurrency Code="USD">U.S. Dollars</ReportingCurrency>
		<MostRecentExchange Date="2021-02-03">1.0</MostRecentExchange>
	</CoGeneralInfo>
	<TextInfo>
		<Text Type="Business Summary" lastModified="2019-07-01T12:27:06">Brooks Automation, Inc. is a provider of automation solutions for various applications and markets. The Company operates through two segments: Brooks Semiconductor Solutions Group and Brooks Life Science Systems. The Brooks Semiconductor Solutions Group segment offers critical automated transport, vacuum and contamination control solutions and services. Its product offerings include robots and integrated automation systems for handling of substrates. It also offers equipment for automated contamination control, conditioning and metrology solutions for wafer and reticle carriers. The Brooks Life Science Systems segment offers sample life cycle management solutions that provide life science and bioscience customers with a range of sample management solutions for scientific research and support drug development.</Text>
		<Text Type="Financial Summary" lastModified="2021-02-04T03:54:51">BRIEF: For the three months ended 31 December 2020, BrooksAutomation, Inc revenues increased 19% to $249.5M. Netincome before extraordinary items increased from $13.2M to$27M. Revenues reflect Brooks Semiconductor Solutions Groupsegment increase of 11% to $131.4M, North America segmentincrease of 22% to $97.7M, Asia/Pacific segment increase of8% to $111.8M.</Text>
	</TextInfo>
	<contactInfo lastUpdated="2021-02-04T03:55:40">
		<streetAddress line="1">15 Elizabeth Dr</streetAddress>
		<streetAddress line="2"></streetAddress>
		<streetAddress line="3"></streetAddress>
		<city>CHELMSFORD</city>
		<state-region>MA</state-region>
		<postalCode>01824-4111</postalCode>
		<country code="USA">United States</country>
		<contactName>Mark Namaroff</contactName>
		<contactTitle>Director of Investor Relations</contactTitle>
		<phone>
			<phone type="mainphone">
				<countryPhoneCode>1</countryPhoneCode>
				<city-areacode>978</city-areacode>
				<number>2622400</number>
			</phone>
			<phone type="mainfax">
				<countryPhoneCode>1</countryPhoneCode>
				<city-areacode>978</city-areacode>
				<number>2622500</number>
			</phone>
			<phone type="contactphone">
				<countryPhoneCode>1</countryPhoneCode>
				<city-areacode>978</city-areacode>
				<number>2622635</number>
			</phone>
		</phone>
	</contactInfo>
	<webLinks lastUpdated="2020-06-17T14:15:02"><webSite mainCategory="Home Page">https://www.brooks.com/</webSite><eMail mainCategory="Company Contact/E-mail">mark.namaroff@brooks.com</eMail></webLinks>
	<peerInfo lastUpdated="2021-02-04T03:55:40">
		<IndustryInfo>
			<Industry type="TRBC" order="1" reported="0" code="5710102010" mnem="">Semiconductor Equipment &amp; Testing - NEC</Industry>
			<Industry type="NAICS" order="1" reported="0" code="333295" mnem="">Semiconductor Machinery Mfg</Industry>
			<Industry type="NAICS" order="2" reported="0" code="334519" mnem="">Other Measuring &amp; Controlling Device Mfg</Industry>
			<Industry type="NAICS" order="3" reported="0" code="333912" mnem="">Air &amp; Gas Compressor Mfg</Industry>
			<Industry type="SIC" order="0" reported="1" code="3559" mnem="">Special Industry MacHinery, Nec</Industry>
			<Industry type="SIC" order="1" reported="0" code="3559" mnem="">Special Industry MacHinery, Nec</Industry>
			<Industry type="SIC" order="2" reported="0" code="3829" mnem="">Measuring/controlling Devices Nec</Industry>
			<Industry type="SIC" order="3" reported="0" code="3563" mnem="">Air And Gas Compressors</Industry>
		</IndustryInfo>
		<Indexconstituet>S&amp;P 400 Mid Cap</Indexconstituet>
	</peerInfo>
	<officers>
		<officer rank="1" since="04/05/2010">
			<firstName>Stephen</firstName>
			<mI>S.</mI>
			<lastName>Schwartz</lastName>
			<age>61 </age>
			<title startYear="2016" startMonth="04" startDay="" iD1="PRE" abbr1="Pres." iD2="CEO" abbr2="CEO">President, Chief Executive Officer, Director</title>
		</officer>
		<officer rank="2" since="10/01/2013">
			<firstName>Lindon</firstName>
			<mI>G.</mI>
			<lastName>Robertson</lastName>
			<age>59 </age>
			<title startYear="2013" startMonth="10" startDay="01" iD1="CFO" abbr1="CFO" iD2="EVP" abbr2="Exec. VP">Chief Financial Officer, Executive Vice President</title>
		</officer>
		<officer rank="3" since="04/2016">
			<firstName>David</firstName>
			<mI>E.</mI>
			<lastName>Jarzynka</lastName>
			<age>52 </age>
			<title startYear="2020" startMonth="09" startDay="" iD1="CEX" abbr1="Corp. Exec." iD2="" abbr2="">President of Brooks Semiconductor Solutions Group</title>
		</officer>
		<officer rank="4" since="11/15/2018">
			<firstName>Guojuan</firstName>
			<mI></mI>
			<lastName>Liao</lastName>
			<age>55 </age>
			<title startYear="2020" startMonth="04" startDay="" iD1="CEX" abbr1="Corp. Exec." iD2="" abbr2="">President of Life Sciences Services</title>
		</officer>
		<officer rank="5" since="03/2011">
			<firstName>Jason</firstName>
			<mI>W.</mI>
			<lastName>Joseph</lastName>
			<age>50 </age>
			<title startYear="2017" startMonth="11" startDay="" iD1="SVP" abbr1="Sr. VP" iD2="GCN" abbr2="Counsel">Senior Vice President, General Counsel, Secretary</title>
		</officer>
		<officer rank="6" since="04/2020">
			<firstName>Robin</firstName>
			<mI></mI>
			<lastName>Vacha</lastName>
			<age>45 </age>
			<title startYear="2020" startMonth="04" startDay="" iD1="SVP" abbr1="Sr. VP" iD2="GMG" abbr2="GM">Senior Vice President, General Manager of the Brooks Life Sciences Products division</title>
		</officer>
		<officer rank="7" since="10/2005">
			<firstName>William</firstName>
			<mI>T.</mI>
			<lastName>Montone</lastName>
			<age>68 </age>
			<title startYear="2005" startMonth="10" startDay="" iD1="SVP" abbr1="Sr. VP" iD2="DHR" abbr2="Dir.-HR">Senior Vice President - Human Resources</title>
		</officer>
		<officer rank="8" since="06/2014">
			<firstName>David</firstName>
			<mI>C.</mI>
			<lastName>Gray</lastName>
			<age>55 </age>
			<title startYear="2014" startMonth="06" startDay="" iD1="SVP" abbr1="Sr. VP" iD2="" abbr2="">Senior Vice President, Chief Strategy and New Business Officer</title>
		</officer>
		<officer rank="9" since="06/21/2013">
			<firstName>David</firstName>
			<mI>F.</mI>
			<lastName>Pietrantoni</lastName>
			<age>47 </age>
			<title startYear="2013" startMonth="06" startDay="21" iD1="CAO" abbr1="CAO" iD2="VFN" abbr2="VP-Fin.">Principal Accounting Officer, Vice President - Finance, Corporate Controller</title>
		</officer>
	</officers>
	<Ratios PriceCurrency="USD" ReportingCurrency="USD" ExchangeRate="1.00000" LatestAvailableDate="2020-12-31">
		<Group ID="Price and Volume">
			<Ratio FieldName="NPRICE" Type="N">80.10000</Ratio>
			<Ratio FieldName="NHIG" Type="N">86.05000</Ratio>
			<Ratio FieldName="NLOW" Type="N">21.19000</Ratio>
			<Ratio FieldName="PDATE" Type="D">2021-02-04T00:00:00</Ratio>
			<Ratio FieldName="VOL10DAVG" Type="N">0.70567</Ratio>
			<Ratio FieldName="EV" Type="N">5686.89300</Ratio>
		</Group>
		<Group ID="Income Statement">
			<Ratio FieldName="MKTCAP" Type="N">5944.24200</Ratio>
			<Ratio FieldName="TTMREV" Type="N">936.27600</Ratio>
			<Ratio FieldName="TTMEBITD" Type="N">167.86200</Ratio>
			<Ratio FieldName="TTMNIAC" Type="N">78.86800</Ratio>
		</Group>
		<Group ID="Per share data">
			<Ratio FieldName="TTMEPSXCLX" Type="N">1.06456</Ratio>
			<Ratio FieldName="TTMREVPS" Type="N">12.65093</Ratio>
			<Ratio FieldName="QBVPS" Type="N">16.87306</Ratio>
			<Ratio FieldName="QCSHPS" Type="N">4.15808</Ratio>
			<Ratio FieldName="TTMCFSHR" Type="N">1.94076</Ratio>
			<Ratio FieldName="TTMDIVSHR" Type="N">0.40000</Ratio>
		</Group>
		<Group ID="Other Ratios">
			<Ratio FieldName="TTMGROSMGN" Type="N">43.59462</Ratio>
			<Ratio FieldName="TTMROEPCT" Type="N">6.54276</Ratio>
			<Ratio FieldName="TTMPR2REV" Type="N">6.34881</Ratio>
			<Ratio FieldName="PEEXCLXOR" Type="N">75.24235</Ratio>
			<Ratio FieldName="PRICE2BK" Type="N">4.74721</Ratio>
			<Ratio FieldName="Employees" Type="N">3200</Ratio>
		</Group>
	</Ratios>
	<ForecastData ConsensusType="Mean" CurFiscalYear="2021" CurFiscalYearEndMonth="9" CurInterimEndCalYear="2021" CurInterimEndMonth="3" EarningsBasis="PRX">
		<Ratio FieldName="ConsRecom" Type="N">
			<Value PeriodType="CURR">2</Value>
		</Ratio>
		<Ratio FieldName="TargetPrice" Type="N">
			<Value PeriodType="CURR">56.00000</Value>
		</Ratio>
		<Ratio FieldName="ProjLTGrowthRate" Type="N">
			<Value PeriodType="CURR">-99999.99000</Value>
		</Ratio>
		<Ratio FieldName="ProjPE" Type="N">
			<Value PeriodType="CURR">41.03484</Value>
		</Ratio>
		<Ratio FieldName="ProjSales" Type="N">
			<Value PeriodType="CURR">1059.31720</Value>
		</Ratio>
		<Ratio FieldName="ProjSalesQ" Type="N">
			<Value PeriodType="CURR">267.23330</Value>
		</Ratio>
		<Ratio FieldName="ProjEPS" Type="N">
			<Value PeriodType="CURR">1.95200</Value>
		</Ratio>
		<Ratio FieldName="ProjEPSQ" Type="N">
			<Value PeriodType="CURR">0.47920</Value>
		</Ratio>
		<Ratio FieldName="ProjProfit" Type="N">
			<Value PeriodType="CURR">146.66350</Value>
		</Ratio>
		<Ratio FieldName="ProjDPS" Type="N">
			<Value PeriodType="CURR">0.40000</Value>
		</Ratio>
	</ForecastData>
</ReportSnapshot>
