<?xml version="1.0" encoding="UTF-8"?>
<ReportSnapshot Major="1" Minor="0" Revision="1">
	<CoIDs>
		<CoID Type="RepNo">02C30</CoID>
		<CoID Type="CompanyName">Brooge Holdings Ltd</CoID>
		<CoID Type="CIKNo">0001726146</CoID>
		<CoID Type="OrganizationPermID">5064572742</CoID>
	</CoIDs>
	<Issues>
		<Issue ID="2" Type="C" Desc="Common Stock" Order="1">
			<IssueID Type="Name">Ordinary Shares</IssueID>
			<IssueID Type="Ticker">BROG</IssueID>
			<IssueID Type="RIC">BROG.O</IssueID>
			<IssueID Type="DisplayRIC">BROG.OQ</IssueID>
			<IssueID Type="InstrumentPI">315292223</IssueID>
			<IssueID Type="QuotePI">315292228</IssueID>
			<IssueID Type="InstrumentPermID">25727399844</IssueID>
			<IssueID Type="QuotePermID">25727399843</IssueID>
			<Exchange Code="NASD" Country="USA">NASDAQ</Exchange>
			<GlobalListingType>OSR</GlobalListingType>
		</Issue>
	</Issues>
	<CoGeneralInfo>
		<CoStatus Code="1">Active</CoStatus>
		<CoType Code="EQU">Equity Issue</CoType>
		<LastModified>2021-01-24</LastModified>
		<LatestAvailableAnnual>2019-12-31</LatestAvailableAnnual>
		<LatestAvailableInterim>2020-06-30</LatestAvailableInterim>
		<Employees LastUpdated="2019-12-31">63</Employees>
		<SharesOut Date="2020-06-30" TotalFloat="103883754.0">109587754.0</SharesOut>
		<ReportingCurrency Code="USD">U.S. Dollars</ReportingCurrency>
		<MostRecentExchange Date="2021-02-03">1.0</MostRecentExchange>
	</CoGeneralInfo>
	<TextInfo>
		<Text Type="Business Summary" lastModified="2020-01-22T02:27:50">Brooge Holdings Limited, formerly Twelve Seas Investment Company, is engaged in the oil storage and services business. The Company, through its subsidiary is engaged in the operation of independent oil refinery and storage. It also offers services, including blending, heating, inter-tank transfer and throughput transfer. Brooge Petroleum and Gas Investment Company FZE is the subsidiary of the Company.</Text>
		<Text Type="Financial Summary" lastModified="2021-01-24T21:29:40">BRIEF: For the six months ended 30 June 2020, BroogeHoldings Ltd revenues totaled $22.9M. Net income totaled to$16.2M.</Text>
	</TextInfo>
	<contactInfo lastUpdated="2021-01-24T21:29:40">
		<streetAddress line="1">A M F Building</streetAddress>
		<streetAddress line="2">25-28 Old Burlington Street</streetAddress>
		<streetAddress line="3"></streetAddress>
		<city>LONDON</city>
		<state-region></state-region>
		<postalCode>W1S 3AN</postalCode>
		<country code="GBR">United Kingdom</country>
		<contactName></contactName>
		<contactTitle></contactTitle>
		<phone>
			<phone type="mainphone">
				<countryPhoneCode>44</countryPhoneCode>
				<city-areacode>20</city-areacode>
				<number>30962150</number>
			</phone>
		</phone>
	</contactInfo>
	<webLinks lastUpdated=""><webSite mainCategory=""></webSite><eMail mainCategory=""></eMail></webLinks>
	<peerInfo lastUpdated="2021-01-24T21:29:40">
		<IndustryInfo>
			<Industry type="TRBC" order="1" reported="0" code="5010303015" mnem="">Oil &amp; Gas Storage</Industry>
			<Industry type="NAICS" order="1" reported="0" code="493190" mnem="">Other Warehousing and Storage</Industry>
			<Industry type="NAICS" order="2" reported="0" code="424710" mnem="">Petroleum Bulk Stations and Terminals</Industry>
			<Industry type="SIC" order="1" reported="0" code="4226" mnem="">Special Warehousing/storage, Nec</Industry>
			<Industry type="SIC" order="2" reported="0" code="5171" mnem="">Petroleum Bulk Stations/terminals</Industry>
		</IndustryInfo>
	</peerInfo>
	<officers></officers>
	<Ratios PriceCurrency="USD" ReportingCurrency="USD" ExchangeRate="1.00000" LatestAvailableDate="2020-06-30">
		<Group ID="Price and Volume">
			<Ratio FieldName="NPRICE" Type="N">10.75000</Ratio>
			<Ratio FieldName="NHIG" Type="N">13.98000</Ratio>
			<Ratio FieldName="NLOW" Type="N">7.65000</Ratio>
			<Ratio FieldName="PDATE" Type="D">2021-02-04T00:00:00</Ratio>
			<Ratio FieldName="VOL10DAVG" Type="N">0.01342</Ratio>
			<Ratio FieldName="EV" Type="N">1295.66582</Ratio>
		</Group>
		<Group ID="Income Statement">
			<Ratio FieldName="MKTCAP" Type="N">1178.06800</Ratio>
			<Ratio FieldName="TTMREV" Type="N">66.97925</Ratio>
			<Ratio FieldName="TTMEBITD" Type="N">48.31641</Ratio>
			<Ratio FieldName="TTMNIAC" Type="N">-62.05228</Ratio>
		</Group>
		<Group ID="Per share data">
			<Ratio FieldName="TTMEPSXCLX" Type="N">-0.61321</Ratio>
			<Ratio FieldName="TTMREVPS" Type="N">0.81714</Ratio>
			<Ratio FieldName="QBVPS" Type="N">1.14597</Ratio>
			<Ratio FieldName="QCSHPS" Type="N">0.00998</Ratio>
			<Ratio FieldName="TTMCFSHR" Type="N">0.23373</Ratio>
			<Ratio FieldName="TTMDIVSHR" Type="N">0.25000</Ratio>
		</Group>
		<Group ID="Other Ratios">
			<Ratio FieldName="TTMGROSMGN" Type="N">73.15060</Ratio>
			<Ratio FieldName="TTMROEPCT" Type="N">-36.87867</Ratio>
			<Ratio FieldName="TTMPR2REV" Type="N">17.58856</Ratio>
			<Ratio FieldName="PEEXCLXOR" Type="N">-99999.99000</Ratio>
			<Ratio FieldName="PRICE2BK" Type="N">9.38070</Ratio>
			<Ratio FieldName="Employees" Type="N">63</Ratio>
		</Group>
	</Ratios>
	<ForecastData ConsensusType="" CurFiscalYear="" CurFiscalYearEndMonth="" CurInterimEndCalYear="" CurInterimEndMonth="" EarningsBasis="">
		<Ratio FieldName="ConsRecom" Type="N">
			<Value PeriodType="CURR">-99999.99000</Value>
		</Ratio>
		<Ratio FieldName="TargetPrice" Type="N">
			<Value PeriodType="CURR">-99999.99000</Value>
		</Ratio>
		<Ratio FieldName="ProjLTGrowthRate" Type="N">
			<Value PeriodType="CURR">-99999.99000</Value>
		</Ratio>
		<Ratio FieldName="ProjPE" Type="N">
			<Value PeriodType="CURR">-99999.99000</Value>
		</Ratio>
		<Ratio FieldName="ProjSales" Type="N">
			<Value PeriodType="CURR">-99999.99000</Value>
		</Ratio>
		<Ratio FieldName="ProjSalesQ" Type="N">
			<Value PeriodType="CURR">-99999.99000</Value>
		</Ratio>
		<Ratio FieldName="ProjEPS" Type="N">
			<Value PeriodType="CURR">-99999.99000</Value>
		</Ratio>
		<Ratio FieldName="ProjEPSQ" Type="N">
			<Value PeriodType="CURR">-99999.99000</Value>
		</Ratio>
		<Ratio FieldName="ProjProfit" Type="N">
			<Value PeriodType="CURR">-99999.99000</Value>
		</Ratio>
		<Ratio FieldName="ProjDPS" Type="N">
			<Value PeriodType="CURR">-99999.99000</Value>
		</Ratio>
	</ForecastData>
</ReportSnapshot>
