<?xml version="1.0" encoding="UTF-8"?>
<ReportSnapshot Major="1" Minor="0" Revision="1">
	<CoIDs>
		<CoID Type="RepNo">075C9</CoID>
		<CoID Type="CompanyName">BRP Group Inc</CoID>
		<CoID Type="IRSNo">611937225</CoID>
		<CoID Type="CIKNo">0001781755</CoID>
		<CoID Type="OrganizationPermID">5071401533</CoID>
	</CoIDs>
	<Issues>
		<Issue ID="1" Type="C" Desc="Common Stock" Order="1">
			<IssueID Type="Name">Ordinary Shares Class A</IssueID>
			<IssueID Type="Ticker">BRP</IssueID>
			<IssueID Type="RIC">BRP.O</IssueID>
			<IssueID Type="DisplayRIC">BRP.OQ</IssueID>
			<IssueID Type="InstrumentPI">389402443</IssueID>
			<IssueID Type="QuotePI">395149036</IssueID>
			<IssueID Type="InstrumentPermID">21713858261</IssueID>
			<IssueID Type="QuotePermID">25727361944</IssueID>
			<Exchange Code="NASD" Country="USA">NASDAQ</Exchange>
			<GlobalListingType>OSR</GlobalListingType>
		</Issue>
		<Issue ID="2" Type="C" Desc="Common Stock" Order="2">
			<IssueID Type="Name">Ordinary Shares</IssueID>
			<IssueID Type="InstrumentPI">437957387</IssueID>
			<IssueID Type="InstrumentPermID">21752406694</IssueID>
			<Exchange Code="NA" Country="">Not Available</Exchange>
		</Issue>
	</Issues>
	<CoGeneralInfo>
		<CoStatus Code="1">Active</CoStatus>
		<CoType Code="EQU">Equity Issue</CoType>
		<LastModified>2020-11-17</LastModified>
		<LatestAvailableAnnual>2019-12-31</LatestAvailableAnnual>
		<LatestAvailableInterim>2020-09-30</LatestAvailableInterim>
		<Employees LastUpdated="2019-12-31">600</Employees>
		<SharesOut Date="2020-11-06" TotalFloat="30835904.0">79235875.0</SharesOut>
		<ReportingCurrency Code="USD">U.S. Dollars</ReportingCurrency>
		<MostRecentExchange Date="2021-02-03">1.0</MostRecentExchange>
	</CoGeneralInfo>
	<TextInfo>
		<Text Type="Business Summary" lastModified="2020-12-03T08:44:23">BRP Group Inc is an insurance distribution company for various personal and business insurance lines. It provides diversified products and services to its clients through its four reporting segments: Middle Market, Main Street, Medicare and Specialty. Its Middle Market segment provides private risk management, commercial risk management and employee benefits solutions for mid-to-large-size businesses and high net worth individuals, as well as their families. Its Main Street segment offers personal insurance, commercial insurance and life and health solutions to individuals and businesses in their communities. Its Medicare offers consultation for government assistance programs and solutions to seniors and Medicare-eligible individuals through a network of agents. Its Specialty segment delivers specialty insurers, professionals, individuals and niche industry businesses expanded access to exclusive specialty markets, capabilities and programs requiring underwriting and placement. </Text>
		<Text Type="Financial Summary" lastModified="2020-11-17T07:02:27">BRIEF: For the nine months ended 30 September 2020, BRPGroup Inc revenues increased 69% to $171.3M. Net lossincreased 45% to $5.4M. Revenues reflect Agency billrevenue increase from $31.1M to $64.8M, Direct bill revenueincrease of 46% to $77.5M, Policy fee and installment feerevenue increase from $5.1M to $11.1M. Higher net lossreflects Change in fair value of contingent consi increasefrom $3.2M (income) to $12.7M (expense).</Text>
	</TextInfo>
	<contactInfo lastUpdated="2021-02-02T05:29:35">
		<streetAddress line="1">4010 W Boy Scout Blvd Ste 200</streetAddress>
		<streetAddress line="2"></streetAddress>
		<streetAddress line="3"></streetAddress>
		<city>Tampa</city>
		<state-region>FL</state-region>
		<postalCode>33607-5752</postalCode>
		<country code="USA">United States</country>
		<contactName></contactName>
		<contactTitle></contactTitle>
		<phone></phone>
	</contactInfo>
	<webLinks lastUpdated=""><webSite mainCategory=""></webSite><eMail mainCategory=""></eMail></webLinks>
	<peerInfo lastUpdated="2021-02-02T05:29:35">
		<IndustryInfo>
			<Industry type="TRBC" order="1" reported="0" code="5530101012" mnem="">Insurance Brokers</Industry>
			<Industry type="NAICS" order="1" reported="0" code="524210" mnem="">Insurance Agencies and Brokerages</Industry>
			<Industry type="SIC" order="1" reported="0" code="6411" mnem="">Insurance Agents/brokers/service</Industry>
		</IndustryInfo>
	</peerInfo>
	<officers>
		<officer rank="1" since="2011">
			<firstName>Lowry</firstName>
			<mI></mI>
			<lastName>Baldwin</lastName>
			<age>61 </age>
			<title startYear="2011" startMonth="" startDay="" iD1="CHM" abbr1="Chmn." iD2="DRC" abbr2="Dir.">Chairman of the Board</title>
		</officer>
		<officer rank="2" since="09/2019">
			<firstName>Trevor</firstName>
			<mI></mI>
			<lastName>Baldwin</lastName>
			<age>34 </age>
			<title startYear="2019" startMonth="09" startDay="" iD1="CEO" abbr1="CEO" iD2="DRC" abbr2="Dir.">Chief Executive Officer, Director</title>
		</officer>
		<officer rank="3" since="2015">
			<firstName>Kris</firstName>
			<mI></mI>
			<lastName>Wiebeck</lastName>
			<age>37 </age>
			<title startYear="2015" startMonth="" startDay="" iD1="CFO" abbr1="CFO" iD2="" abbr2="">Chief Financial Officer</title>
		</officer>
		<officer rank="4" since="03/2019">
			<firstName>Daniel</firstName>
			<mI></mI>
			<lastName>Galbraith</lastName>
			<age>38 </age>
			<title startYear="2019" startMonth="03" startDay="" iD1="COO" abbr1="COO" iD2="" abbr2="">Chief Operating Officer</title>
		</officer>
		<officer rank="5" since="05/2019">
			<firstName>Brad</firstName>
			<mI></mI>
			<lastName>Hale</lastName>
			<age>39 </age>
			<title startYear="2019" startMonth="05" startDay="" iD1="CAO" abbr1="CAO" iD2="" abbr2="">Chief Accounting Officer</title>
		</officer>
		<officer rank="6" since="09/2019">
			<firstName>Christopher</firstName>
			<mI></mI>
			<lastName>Stephens</lastName>
			<age>42 </age>
			<title startYear="2019" startMonth="09" startDay="" iD1="GCN" abbr1="Counsel" iD2="" abbr2="">General Counsel</title>
		</officer>
		<officer rank="7" since="08/2018">
			<firstName>John</firstName>
			<mI></mI>
			<lastName>Valentine</lastName>
			<age>40 </age>
			<title startYear="2018" startMonth="08" startDay="" iD1="OTH" abbr1="Other" iD2="" abbr2="">Chief Partnership Officer</title>
		</officer>
	</officers>
	<Ratios PriceCurrency="USD" ReportingCurrency="USD" ExchangeRate="1.00000" LatestAvailableDate="2020-09-30">
		<Group ID="Price and Volume">
			<Ratio FieldName="NPRICE" Type="N">25.71000</Ratio>
			<Ratio FieldName="NHIG" Type="N">33.56000</Ratio>
			<Ratio FieldName="NLOW" Type="N">8.35000</Ratio>
			<Ratio FieldName="PDATE" Type="D">2021-02-04T00:00:00</Ratio>
			<Ratio FieldName="VOL10DAVG" Type="N">0.44317</Ratio>
			<Ratio FieldName="EV" Type="N">2311.47500</Ratio>
		</Group>
		<Group ID="Income Statement">
			<Ratio FieldName="MKTCAP" Type="N">2260.69500</Ratio>
			<Ratio FieldName="TTMREV" Type="N">207.83030</Ratio>
			<Ratio FieldName="TTMEBITD" Type="N">-9.52672</Ratio>
			<Ratio FieldName="TTMNIAC" Type="N">-14.64189</Ratio>
		</Group>
		<Group ID="Per share data">
			<Ratio FieldName="TTMEPSXCLX" Type="N">-0.26892</Ratio>
			<Ratio FieldName="TTMREVPS" Type="N">3.49483</Ratio>
			<Ratio FieldName="QBVPS" Type="N">2.82178</Ratio>
			<Ratio FieldName="QCSHPS" Type="N">0.63425</Ratio>
			<Ratio FieldName="TTMCFSHR" Type="N">-0.34486</Ratio>
			<Ratio FieldName="TTMDIVSHR" Type="N">0.00000</Ratio>
		</Group>
		<Group ID="Other Ratios">
			<Ratio FieldName="TTMGROSMGN" Type="N">26.78275</Ratio>
			<Ratio FieldName="TTMROEPCT" Type="N">-15.46250</Ratio>
			<Ratio FieldName="TTMPR2REV" Type="N">10.87760</Ratio>
			<Ratio FieldName="PEEXCLXOR" Type="N">-99999.99000</Ratio>
			<Ratio FieldName="PRICE2BK" Type="N">9.11128</Ratio>
			<Ratio FieldName="Employees" Type="N">600</Ratio>
		</Group>
	</Ratios>
	<ForecastData ConsensusType="Mean" CurFiscalYear="2020" CurFiscalYearEndMonth="12" CurInterimEndCalYear="2020" CurInterimEndMonth="12" EarningsBasis="PRX">
		<Ratio FieldName="ConsRecom" Type="N">
			<Value PeriodType="CURR">2.25</Value>
		</Ratio>
		<Ratio FieldName="TargetPrice" Type="N">
			<Value PeriodType="CURR">23.20000</Value>
		</Ratio>
		<Ratio FieldName="ProjLTGrowthRate" Type="N">
			<Value PeriodType="CURR">-99999.99000</Value>
		</Ratio>
		<Ratio FieldName="ProjPE" Type="N">
			<Value PeriodType="CURR">56.83024</Value>
		</Ratio>
		<Ratio FieldName="ProjSales" Type="N">
			<Value PeriodType="CURR">236.21250</Value>
		</Ratio>
		<Ratio FieldName="ProjSalesQ" Type="N">
			<Value PeriodType="CURR">65.15700</Value>
		</Ratio>
		<Ratio FieldName="ProjEPS" Type="N">
			<Value PeriodType="CURR">0.45240</Value>
		</Ratio>
		<Ratio FieldName="ProjEPSQ" Type="N">
			<Value PeriodType="CURR">0.06460</Value>
		</Ratio>
		<Ratio FieldName="ProjProfit" Type="N">
			<Value PeriodType="CURR">20.47700</Value>
		</Ratio>
		<Ratio FieldName="ProjDPS" Type="N">
			<Value PeriodType="CURR">0.00000</Value>
		</Ratio>
	</ForecastData>
</ReportSnapshot>
