<?xml version="1.0" encoding="UTF-8"?>
<ReportSnapshot Major="1" Minor="0" Revision="1">
	<CoIDs>
		<CoID Type="RepNo">A209F</CoID>
		<CoID Type="CompanyName">BSQUARE Corporation</CoID>
		<CoID Type="IRSNo">911650880</CoID>
		<CoID Type="CIKNo">0001054721</CoID>
		<CoID Type="OrganizationPermID">4295912718</CoID>
	</CoIDs>
	<Issues>
		<Issue ID="1" Type="C" Desc="Common Stock" Order="1">
			<IssueID Type="Name">Ordinary Shares</IssueID>
			<IssueID Type="Ticker">BSQR</IssueID>
			<IssueID Type="RIC">BSQR.O</IssueID>
			<IssueID Type="DisplayRIC">BSQR.OQ</IssueID>
			<IssueID Type="InstrumentPI">311132</IssueID>
			<IssueID Type="QuotePI">7694262</IssueID>
			<IssueID Type="InstrumentPermID">8590926436</IssueID>
			<IssueID Type="QuotePermID">55835317100</IssueID>
			<Exchange Code="NASD" Country="USA">NASDAQ</Exchange>
			<GlobalListingType>OSR</GlobalListingType>
			<MostRecentSplit Date="2005-10-07">0.25</MostRecentSplit>
		</Issue>
		<Issue ID="2" Type="P" Desc="Preferred Stock" Order="1">
			<IssueID Type="Name">Preference Shares Series A</IssueID>
			<IssueID Type="InstrumentPI">118521244</IssueID>
			<IssueID Type="InstrumentPermID">21513066016</IssueID>
			<Exchange Code="NASD" Country="USA">NASDAQ</Exchange>
		</Issue>
	</Issues>
	<CoGeneralInfo>
		<CoStatus Code="1">Active</CoStatus>
		<CoType Code="EQU">Equity Issue</CoType>
		<LastModified>2020-11-17</LastModified>
		<LatestAvailableAnnual>2019-12-31</LatestAvailableAnnual>
		<LatestAvailableInterim>2020-09-30</LatestAvailableInterim>
		<Employees LastUpdated="2019-12-31">75</Employees>
		<SharesOut Date="2020-10-30" TotalFloat="12324603.0">13235038.0</SharesOut>
		<ReportingCurrency Code="USD">U.S. Dollars</ReportingCurrency>
		<MostRecentExchange Date="2021-02-03">1.0</MostRecentExchange>
	</CoGeneralInfo>
	<TextInfo>
		<Text Type="Business Summary" lastModified="2017-03-06T22:08:37">BSQUARE Corporation is focused on providing software solutions and related engineering services to businesses that develop, market and sell dedicated purpose standalone intelligent systems. The Company's standalone intelligent systems include smart, connected computing devices, such as smart phones, set-top boxes, point-of-sale terminals, kiosks, tablets and handheld data collection devices, as well as smart vending machines, automatic teller machine (ATM) machines, digital signs and in-vehicle telematics and entertainment devices. It focuses on systems that utilize Microsoft Windows Embedded operating systems as well as devices running other operating systems, such as Android, Linux, and QNX Software Systems (QNX), and that are connected to a network or data cloud via a wired or wireless connection. Its customers include original equipment manufacturers (OEMs), original design manufacturers (ODMs), corporate enterprises (Enterprises), silicon vendors (SVs) and peripheral vendors.</Text>
		<Text Type="Financial Summary" lastModified="2020-11-17T16:05:58">BRIEF: For the nine months ended 30 September 2020, BSQUARECorporation revenues decreased 18% to $36.1M. Net lossdecreased 78% to $1.7M. Revenues reflect a decrease indemand for the Company's products and services due tounfavorable market conditions. Lower net loss reflectsResearch and Development decrease of 96% to $207K (expense), Selling, General and Administration decrease of 21% to$6.4M (expense).</Text>
	</TextInfo>
	<contactInfo lastUpdated="2020-11-17T16:06:12">
		<streetAddress line="1">110 110th Ave NE Ste 300</streetAddress>
		<streetAddress line="2"></streetAddress>
		<streetAddress line="3"></streetAddress>
		<city>BELLEVUE</city>
		<state-region>WA</state-region>
		<postalCode>98004-5855</postalCode>
		<country code="USA">United States</country>
		<contactName>Brett Maas</contactName>
		<contactTitle>Investor Relations</contactTitle>
		<phone>
			<phone type="mainphone">
				<countryPhoneCode>1</countryPhoneCode>
				<city-areacode>425</city-areacode>
				<number>5195900</number>
			</phone>
			<phone type="mainfax">
				<countryPhoneCode>1</countryPhoneCode>
				<city-areacode>425</city-areacode>
				<number>5195998</number>
			</phone>
			<phone type="contactphone">
				<countryPhoneCode>1</countryPhoneCode>
				<city-areacode>646</city-areacode>
				<number>5367331</number>
			</phone>
		</phone>
	</contactInfo>
	<webLinks lastUpdated="2018-07-11T09:33:33"><webSite mainCategory="Home Page">https://www.bsquare.com/</webSite><eMail mainCategory="Company Contact/E-mail">Brett@haydenir.com</eMail></webLinks>
	<peerInfo lastUpdated="2020-11-17T16:06:12">
		<IndustryInfo>
			<Industry type="TRBC" order="1" reported="0" code="5720102010" mnem="">Software - NEC</Industry>
			<Industry type="NAICS" order="1" reported="0" code="541511" mnem="">Custom Computer Programming Services</Industry>
			<Industry type="NAICS" order="2" reported="0" code="511210" mnem="">Software Publishers</Industry>
			<Industry type="NAICS" order="3" reported="0" code="423430" mnem="">Computer and Computer Peripheral Equipment and Software Merchant Wholesalers</Industry>
			<Industry type="NAICS" order="4" reported="0" code="541512" mnem="">Computer Systems Design Services</Industry>
			<Industry type="NAICS" order="5" reported="0" code="611420" mnem="">Computer Training</Industry>
			<Industry type="SIC" order="0" reported="1" code="7389" mnem="">Business Services, Nec</Industry>
			<Industry type="SIC" order="1" reported="0" code="7371" mnem="">Computer Programming Services</Industry>
			<Industry type="SIC" order="2" reported="0" code="7372" mnem="">Prepackaged Software</Industry>
			<Industry type="SIC" order="3" reported="0" code="5045" mnem="">Computers, Peripherals &amp; Software</Industry>
			<Industry type="SIC" order="4" reported="0" code="7373" mnem="">Computer Integrated System Design</Industry>
			<Industry type="SIC" order="5" reported="0" code="8243" mnem="">Data Processing Schools</Industry>
		</IndustryInfo>
	</peerInfo>
	<officers>
		<officer rank="1" since="07/01/2013">
			<firstName>Andrew Stanley</firstName>
			<mI>Guy</mI>
			<lastName>Harries</lastName>
			<age>53 </age>
			<title startYear="2019" startMonth="03" startDay="11" iD1="CHM" abbr1="Chmn." iD2="DRC" abbr2="Dir.">Chairman of the Board</title>
		</officer>
		<officer rank="2" since="03/11/2019">
			<firstName>Ralph</firstName>
			<mI>C.</mI>
			<lastName>Derrickson</lastName>
			<age>61 </age>
			<title startYear="2019" startMonth="03" startDay="11" iD1="PRE" abbr1="Pres." iD2="CEO" abbr2="CEO">President, Chief Executive Officer, Director</title>
		</officer>
		<officer rank="3" since="09/09/2019">
			<firstName>Christopher</firstName>
			<mI></mI>
			<lastName>Wheaton</lastName>
			<age>48 </age>
			<title startYear="2019" startMonth="09" startDay="09" iD1="CFO" abbr1="CFO" iD2="" abbr2="">Chief Financial Officer</title>
		</officer>
		<officer rank="4" since="07/13/2015">
			<firstName>Kevin</firstName>
			<mI></mI>
			<lastName>Walsh</lastName>
			<age>59 </age>
			<title startYear="2019" startMonth="03" startDay="11" iD1="VPR" abbr1="VP" iD2="DMK" abbr2="Dir.-Mktg.">Vice President - Marketing</title>
		</officer>
		<officer rank="5" since="05/20/2019">
			<firstName>Mary</firstName>
			<mI></mI>
			<lastName>Haggard</lastName>
			<age></age>
			<title startYear="2019" startMonth="05" startDay="20" iD1="VPR" abbr1="VP" iD2="" abbr2="">Vice President of Strategic Partnerships</title>
		</officer>
		<officer rank="6" since="05/12/2011">
			<firstName>Mark</firstName>
			<mI>D.</mI>
			<lastName>Whiteside</lastName>
			<age>53 </age>
			<title startYear="2014" startMonth="" startDay="" iD1="VPR" abbr1="VP" iD2="" abbr2="">Vice President - Solution</title>
		</officer>
	</officers>
	<Ratios PriceCurrency="USD" ReportingCurrency="USD" ExchangeRate="1.00000" LatestAvailableDate="2020-09-30">
		<Group ID="Price and Volume">
			<Ratio FieldName="NPRICE" Type="N">1.90000</Ratio>
			<Ratio FieldName="NHIG" Type="N">2.14240</Ratio>
			<Ratio FieldName="NLOW" Type="N">0.83000</Ratio>
			<Ratio FieldName="PDATE" Type="D">2021-02-04T00:00:00</Ratio>
			<Ratio FieldName="VOL10DAVG" Type="N">0.10398</Ratio>
			<Ratio FieldName="EV" Type="N">14.51757</Ratio>
		</Group>
		<Group ID="Income Statement">
			<Ratio FieldName="MKTCAP" Type="N">25.14657</Ratio>
			<Ratio FieldName="TTMREV" Type="N">51.43900</Ratio>
			<Ratio FieldName="TTMEBITD" Type="N">-1.62000</Ratio>
			<Ratio FieldName="TTMNIAC" Type="N">-3.04300</Ratio>
		</Group>
		<Group ID="Per share data">
			<Ratio FieldName="TTMEPSXCLX" Type="N">-0.23610</Ratio>
			<Ratio FieldName="TTMREVPS" Type="N">3.95928</Ratio>
			<Ratio FieldName="QBVPS" Type="N">0.65417</Ratio>
			<Ratio FieldName="QCSHPS" Type="N">0.92632</Ratio>
			<Ratio FieldName="TTMCFSHR" Type="N">-0.18073</Ratio>
			<Ratio FieldName="TTMDIVSHR" Type="N">0.00000</Ratio>
		</Group>
		<Group ID="Other Ratios">
			<Ratio FieldName="TTMGROSMGN" Type="N">15.88483</Ratio>
			<Ratio FieldName="TTMROEPCT" Type="N">-31.19426</Ratio>
			<Ratio FieldName="TTMPR2REV" Type="N">0.48886</Ratio>
			<Ratio FieldName="PEEXCLXOR" Type="N">-99999.99000</Ratio>
			<Ratio FieldName="PRICE2BK" Type="N">2.90446</Ratio>
			<Ratio FieldName="Employees" Type="N">75</Ratio>
		</Group>
	</Ratios>
	<ForecastData ConsensusType="" CurFiscalYear="" CurFiscalYearEndMonth="" CurInterimEndCalYear="" CurInterimEndMonth="" EarningsBasis="">
		<Ratio FieldName="ConsRecom" Type="N">
			<Value PeriodType="CURR">-99999.99000</Value>
		</Ratio>
		<Ratio FieldName="TargetPrice" Type="N">
			<Value PeriodType="CURR">-99999.99000</Value>
		</Ratio>
		<Ratio FieldName="ProjLTGrowthRate" Type="N">
			<Value PeriodType="CURR">-99999.99000</Value>
		</Ratio>
		<Ratio FieldName="ProjPE" Type="N">
			<Value PeriodType="CURR">-99999.99000</Value>
		</Ratio>
		<Ratio FieldName="ProjSales" Type="N">
			<Value PeriodType="CURR">-99999.99000</Value>
		</Ratio>
		<Ratio FieldName="ProjSalesQ" Type="N">
			<Value PeriodType="CURR">-99999.99000</Value>
		</Ratio>
		<Ratio FieldName="ProjEPS" Type="N">
			<Value PeriodType="CURR">-99999.99000</Value>
		</Ratio>
		<Ratio FieldName="ProjEPSQ" Type="N">
			<Value PeriodType="CURR">-99999.99000</Value>
		</Ratio>
		<Ratio FieldName="ProjProfit" Type="N">
			<Value PeriodType="CURR">-99999.99000</Value>
		</Ratio>
		<Ratio FieldName="ProjDPS" Type="N">
			<Value PeriodType="CURR">-99999.99000</Value>
		</Ratio>
	</ForecastData>
</ReportSnapshot>
