<?xml version="1.0" encoding="UTF-8"?>
<ReportSnapshot Major="1" Minor="0" Revision="1">
	<CoIDs>
		<CoID Type="RepNo">A453D</CoID>
		<CoID Type="CompanyName">Sierra Bancorp</CoID>
		<CoID Type="IRSNo">330937517</CoID>
		<CoID Type="CIKNo">0001130144</CoID>
		<CoID Type="OrganizationPermID">4295912617</CoID>
	</CoIDs>
	<Issues>
		<Issue ID="1" Type="C" Desc="Common Stock" Order="1">
			<IssueID Type="Name">Ordinary Shares</IssueID>
			<IssueID Type="Ticker">BSRR</IssueID>
			<IssueID Type="RIC">BSRR.O</IssueID>
			<IssueID Type="DisplayRIC">BSRR.OQ</IssueID>
			<IssueID Type="InstrumentPI">282056</IssueID>
			<IssueID Type="QuotePI">7694266</IssueID>
			<IssueID Type="InstrumentPermID">8590934541</IssueID>
			<IssueID Type="QuotePermID">55835322269</IssueID>
			<Exchange Code="NASD" Country="USA">NASDAQ</Exchange>
			<GlobalListingType>OSR</GlobalListingType>
			<MostRecentSplit Date="1997-11-17">2.0</MostRecentSplit>
		</Issue>
	</Issues>
	<CoGeneralInfo>
		<CoStatus Code="1">Active</CoStatus>
		<CoType Code="EQU">Equity Issue</CoType>
		<LastModified>2021-01-27</LastModified>
		<LatestAvailableAnnual>2020-12-31</LatestAvailableAnnual>
		<LatestAvailableInterim>2020-12-31</LatestAvailableInterim>
		<Employees LastUpdated="2019-12-31">446</Employees>
		<SharesOut Date="2020-12-31" TotalFloat="13835103.0">15388423.0</SharesOut>
		<ReportingCurrency Code="USD">U.S. Dollars</ReportingCurrency>
		<MostRecentExchange Date="2021-02-03">1.0</MostRecentExchange>
	</CoGeneralInfo>
	<TextInfo>
		<Text Type="Business Summary" lastModified="2017-04-11T01:42:15">Sierra Bancorp is a bank holding company for Bank of the Sierra (the Bank). The Bank is a state-chartered bank, which offers a range of retail and commercial banking services. The Bank's products and services are related to the business of lending money and accepting deposits. Its customers have access to electronic point-of-sale payment alternatives around the country through the Pulse Electronic Funds Transfer (EFT) network. Its Internet branch provides the ability to open deposit accounts online; an online banking option with bill-pay and mobile banking capabilities, including mobile check deposit; a customer service center that is accessible by toll-free telephone during business hours, and an automated telephone banking system. It offers a range of other banking products and services to complement and support its lending and deposit products, including remote deposit capture and automated payroll services for business customers.</Text>
		<Text Type="Financial Summary" lastModified="2021-01-27T14:47:50">BRIEF: For the fiscal year ended 31 December 2020, SierraBancorp interest income decreased 1% to $110.2M. Netinterest income after loan loss provision increased 11% to$104.8M.  Net income decreased 1% to $35.4M. Net interestincome after loan loss provision reflects increase ininterest earning assets and decrease in interest bearingliabilities. Net income was offset by Salaries and employeebenefits increase of 12% to $40.2M (expense).</Text>
	</TextInfo>
	<contactInfo lastUpdated="2021-01-27T14:48:19">
		<streetAddress line="1">86 N Main St,</streetAddress>
		<streetAddress line="2">PO Box 1930</streetAddress>
		<streetAddress line="3"></streetAddress>
		<city>PORTERVILLE</city>
		<state-region>CA</state-region>
		<postalCode>93257-3712</postalCode>
		<country code="USA">United States</country>
		<contactName>Christopher Treece</contactName>
		<contactTitle>Chief Financial Officer, Executive Vice President</contactTitle>
		<phone>
			<phone type="mainphone">
				<countryPhoneCode>1</countryPhoneCode>
				<city-areacode>559</city-areacode>
				<number>7824900</number>
			</phone>
			<phone type="contactphone">
				<countryPhoneCode>1</countryPhoneCode>
				<city-areacode>559</city-areacode>
				<number>7824900</number>
			</phone>
		</phone>
	</contactInfo>
	<webLinks lastUpdated="2019-12-02T11:02:57"><webSite mainCategory="Home Page">http://www.sierrabancorp.com/</webSite><eMail mainCategory="Company Contact/E-mail">ctreece@bankofthesierra.com</eMail></webLinks>
	<peerInfo lastUpdated="2021-01-27T14:48:19">
		<IndustryInfo>
			<Industry type="TRBC" order="1" reported="0" code="5510101010" mnem="">Banks - NEC</Industry>
			<Industry type="NAICS" order="1" reported="0" code="522110" mnem="">Commercial Banking</Industry>
			<Industry type="NAICS" order="2" reported="0" code="551111" mnem="">Offices of Bank Holding Companies</Industry>
			<Industry type="SIC" order="0" reported="1" code="6022" mnem="">State Commercial Banks</Industry>
			<Industry type="SIC" order="1" reported="0" code="6029" mnem="">Commercial Banks, Nec</Industry>
			<Industry type="SIC" order="2" reported="0" code="6712" mnem="">Bank Holding Companies</Industry>
		</IndustryInfo>
	</peerInfo>
	<officers>
		<officer rank="1" since="NA">
			<firstName>Morris</firstName>
			<mI>A.</mI>
			<lastName>Tharp</lastName>
			<age>80 </age>
			<title startYear="NA" startMonth="" startDay="" iD1="CHM" abbr1="Chmn." iD2="IND" abbr2="Ind. Dir.">Independent Chairman of the Board</title>
		</officer>
		<officer rank="2" since="01/01/2006">
			<firstName>Kevin</firstName>
			<mI>J.</mI>
			<lastName>McPhaill</lastName>
			<age>47 </age>
			<title startYear="2015" startMonth="04" startDay="01" iD1="PRE" abbr1="Pres." iD2="CEO" abbr2="CEO">President, Chief Executive Officer, Director of Company and the Bank</title>
		</officer>
		<officer rank="3" since="2000">
			<firstName>James</firstName>
			<mI>C.</mI>
			<lastName>Holly</lastName>
			<age>79 </age>
			<title startYear="2015" startMonth="03" startDay="31" iD1="VCH" abbr1="Vice Chmn." iD2="DRC" abbr2="Dir.">Vice Chairman of the Board of the Company and Bank</title>
		</officer>
		<officer rank="4" since="01/01/2020">
			<firstName>Christopher</firstName>
			<mI>G.</mI>
			<lastName>Treece</lastName>
			<age>51 </age>
			<title startYear="2020" startMonth="01" startDay="31" iD1="CFO" abbr1="CFO" iD2="EVP" abbr2="Exec. VP">Chief Financial Officer, Executive Vice President</title>
		</officer>
		<officer rank="5" since="02/03/2020">
			<firstName>Jennifer</firstName>
			<mI>A.</mI>
			<lastName>Johnson</lastName>
			<age>56 </age>
			<title startYear="2020" startMonth="02" startDay="03" iD1="EVP" abbr1="Exec. VP" iD2="CAD" abbr2="Chief Admin.">Executive Vice President, Chief Administrative Officer</title>
		</officer>
		<officer rank="6" since="03/25/2019">
			<firstName>Matthew</firstName>
			<mI></mI>
			<lastName>Macia</lastName>
			<age>51 </age>
			<title startYear="2019" startMonth="03" startDay="25" iD1="EVP" abbr1="Exec. VP" iD2="CRO" abbr2="CRO">Executive Vice President, Chief Risk Officer</title>
		</officer>
		<officer rank="7" since="12/14/2020">
			<firstName>Hugh</firstName>
			<mI>F.</mI>
			<lastName>Boyle</lastName>
			<age>61 </age>
			<title startYear="2020" startMonth="12" startDay="14" iD1="EVP" abbr1="Exec. VP" iD2="" abbr2="">Executive Vice President, Chief Credit Officer</title>
		</officer>
		<officer rank="8" since="01/01/2015">
			<firstName>Michael</firstName>
			<mI>W.</mI>
			<lastName>Olague</lastName>
			<age>64 </age>
			<title startYear="2015" startMonth="01" startDay="01" iD1="EVP" abbr1="Exec. VP" iD2="" abbr2="">Executive Vice President, Chief Banking Officer of the Company &amp; Bank</title>
		</officer>
		<officer rank="9" since="01/01/2020">
			<firstName>Cindy</firstName>
			<mI>L.</mI>
			<lastName>Dabney</lastName>
			<age>61 </age>
			<title startYear="2020" startMonth="01" startDay="01" iD1="SVP" abbr1="Sr. VP" iD2="CAO" abbr2="CAO">Senior Vice President, Chief Accounting Officer</title>
		</officer>
	</officers>
	<Ratios PriceCurrency="USD" ReportingCurrency="USD" ExchangeRate="1.00000" LatestAvailableDate="2020-12-31">
		<Group ID="Price and Volume">
			<Ratio FieldName="NPRICE" Type="N">23.47000</Ratio>
			<Ratio FieldName="NHIG" Type="N">27.94000</Ratio>
			<Ratio FieldName="NLOW" Type="N">13.05000</Ratio>
			<Ratio FieldName="PDATE" Type="D">2021-02-04T00:00:00</Ratio>
			<Ratio FieldName="VOL10DAVG" Type="N">0.05424</Ratio>
			<Ratio FieldName="EV" Type="N">324.18330</Ratio>
		</Group>
		<Group ID="Income Statement">
			<Ratio FieldName="MKTCAP" Type="N">360.47630</Ratio>
			<Ratio FieldName="TTMREV" Type="N">110.24100</Ratio>
			<Ratio FieldName="TTMEBITD" Type="N">45.15000</Ratio>
			<Ratio FieldName="TTMNIAC" Type="N">35.44500</Ratio>
		</Group>
		<Group ID="Per share data">
			<Ratio FieldName="TTMEPSXCLX" Type="N">2.30775</Ratio>
			<Ratio FieldName="TTMREVPS" Type="N">8.53017</Ratio>
			<Ratio FieldName="QBVPS" Type="N">22.34771</Ratio>
			<Ratio FieldName="QCSHPS" Type="N">4.64096</Ratio>
			<Ratio FieldName="TTMCFSHR" Type="N">1.92426</Ratio>
			<Ratio FieldName="TTMDIVSHR" Type="N">0.80000</Ratio>
		</Group>
		<Group ID="Other Ratios">
			<Ratio FieldName="TTMGROSMGN" Type="N">-99999.99000</Ratio>
			<Ratio FieldName="TTMROEPCT" Type="N">10.85304</Ratio>
			<Ratio FieldName="TTMPR2REV" Type="N">2.75204</Ratio>
			<Ratio FieldName="PEEXCLXOR" Type="N">10.17008</Ratio>
			<Ratio FieldName="PRICE2BK" Type="N">1.05022</Ratio>
			<Ratio FieldName="Employees" Type="N">446</Ratio>
		</Group>
	</Ratios>
	<ForecastData ConsensusType="Mean" CurFiscalYear="2021" CurFiscalYearEndMonth="12" CurInterimEndCalYear="2021" CurInterimEndMonth="3" EarningsBasis="REP">
		<Ratio FieldName="ConsRecom" Type="N">
			<Value PeriodType="CURR">2.4286</Value>
		</Ratio>
		<Ratio FieldName="TargetPrice" Type="N">
			<Value PeriodType="CURR">20.16670</Value>
		</Ratio>
		<Ratio FieldName="ProjLTGrowthRate" Type="N">
			<Value PeriodType="CURR">-99999.99000</Value>
		</Ratio>
		<Ratio FieldName="ProjPE" Type="N">
			<Value PeriodType="CURR">9.33201</Value>
		</Ratio>
		<Ratio FieldName="ProjSales" Type="N">
			<Value PeriodType="CURR">141.87330</Value>
		</Ratio>
		<Ratio FieldName="ProjSalesQ" Type="N">
			<Value PeriodType="CURR">35.27450</Value>
		</Ratio>
		<Ratio FieldName="ProjEPS" Type="N">
			<Value PeriodType="CURR">2.51500</Value>
		</Ratio>
		<Ratio FieldName="ProjEPSQ" Type="N">
			<Value PeriodType="CURR">0.62670</Value>
		</Ratio>
		<Ratio FieldName="ProjProfit" Type="N">
			<Value PeriodType="CURR">38.88330</Value>
		</Ratio>
		<Ratio FieldName="ProjDPS" Type="N">
			<Value PeriodType="CURR">0.83200</Value>
		</Ratio>
	</ForecastData>
</ReportSnapshot>
