<?xml version="1.0" encoding="UTF-8"?>
<ReportSnapshot Major="1" Minor="0" Revision="1">
	<CoIDs>
		<CoID Type="RepNo">02F1E</CoID>
		<CoID Type="CompanyName">Bank7 Corp</CoID>
		<CoID Type="IRSNo">200764349</CoID>
		<CoID Type="CIKNo">0001746129</CoID>
		<CoID Type="OrganizationPermID">5065324940</CoID>
	</CoIDs>
	<Issues>
		<Issue ID="1" Type="C" Desc="Common Stock" Order="1">
			<IssueID Type="Name">Ordinary Shares</IssueID>
			<IssueID Type="Ticker">BSVN</IssueID>
			<IssueID Type="RIC">BSVN.O</IssueID>
			<IssueID Type="DisplayRIC">BSVN.OQ</IssueID>
			<IssueID Type="InstrumentPI">322559279</IssueID>
			<IssueID Type="QuotePI">325914577</IssueID>
			<IssueID Type="InstrumentPermID">21660626396</IssueID>
			<IssueID Type="QuotePermID">25727396125</IssueID>
			<Exchange Code="NASD" Country="USA">NASDAQ</Exchange>
			<GlobalListingType>OSR</GlobalListingType>
		</Issue>
	</Issues>
	<CoGeneralInfo>
		<CoStatus Code="1">Active</CoStatus>
		<CoType Code="EQU">Equity Issue</CoType>
		<LastModified>2021-02-01</LastModified>
		<LatestAvailableAnnual>2020-12-31</LatestAvailableAnnual>
		<LatestAvailableInterim>2020-12-31</LatestAvailableInterim>
		<Employees LastUpdated="2019-12-31">78</Employees>
		<SharesOut Date="2020-12-31" TotalFloat="2584389.0">9044765.0</SharesOut>
		<ReportingCurrency Code="USD">U.S. Dollars</ReportingCurrency>
		<MostRecentExchange Date="2021-02-03">1.0</MostRecentExchange>
	</CoGeneralInfo>
	<TextInfo>
		<Text Type="Business Summary" lastModified="2018-09-12T08:05:53">Bank7 Corp. is a bank holding company that operates through its subsidiary, Bank7. The Company focuses on serving business owners and entrepreneurs by delivering banking solutions. The Company offers a suite of online banking solutions including access to account balances, online transfers, online bill payment and electronic delivery of customer statements, mobile banking solutions, including remote check deposit with mobile bill pay. It also offers automated teller machines (ATMs) and banking by telephone, mail and personal appointment. It offers debit cards for checking customers direct deposit, cashiers checks, as well as wire transfer services and automated clearing house, or automated clearing house (ACH), services. It also provides an array of commercial treasury management services. Its treasury management services include balance reporting, transfers between accounts, wire transfer initiation, ACH origination and stop payments.</Text>
		<Text Type="Financial Summary" lastModified="2021-02-01T21:25:38">BRIEF: For the fiscal year ended 31 December 2020, Bank7Corp interest income increased 3% to $53.3M. Net interestincome after loan loss provision increased 12% to $47.2M.Net income increased from $8.2M to $19.3M. Net interestincome after loan loss provision reflects Loans, includingfees increase of 9% to $52.5M. Net income benefited fromSalaries and employee benefits decrease of 52% to $10.1M(expense), Deposits decrease of 35% to $6.2M (expense).</Text>
	</TextInfo>
	<contactInfo lastUpdated="2021-02-01T21:25:39">
		<streetAddress line="1">1039 NW 63rd St</streetAddress>
		<streetAddress line="2"></streetAddress>
		<streetAddress line="3"></streetAddress>
		<city>OKLAHOMA CITY</city>
		<state-region>OK</state-region>
		<postalCode>73116-7361</postalCode>
		<country code="USA">United States</country>
		<contactName></contactName>
		<contactTitle></contactTitle>
		<phone>
			<phone type="mainphone">
				<countryPhoneCode>1</countryPhoneCode>
				<city-areacode>405</city-areacode>
				<number>8108600</number>
			</phone>
		</phone>
	</contactInfo>
	<webLinks lastUpdated="2019-09-04T05:00:02"><webSite mainCategory="Home Page">https://www.bank7.com</webSite><eMail mainCategory="Company Contact/E-mail">
		</eMail></webLinks>
	<peerInfo lastUpdated="2021-02-01T21:25:39">
		<IndustryInfo>
			<Industry type="TRBC" order="1" reported="0" code="5510101011" mnem="">Corporate Banks</Industry>
			<Industry type="NAICS" order="1" reported="0" code="522110" mnem="">Commercial Banking</Industry>
			<Industry type="NAICS" order="2" reported="0" code="551111" mnem="">Offices of Bank Holding Companies</Industry>
			<Industry type="SIC" order="1" reported="0" code="6029" mnem="">Commercial Banks, Nec</Industry>
			<Industry type="SIC" order="2" reported="0" code="6712" mnem="">Bank Holding Companies</Industry>
		</IndustryInfo>
	</peerInfo>
	<officers>
		<officer rank="1" since="2004">
			<firstName>William</firstName>
			<mI>B.</mI>
			<lastName>Haines</lastName>
			<age>70 </age>
			<title startYear="2004" startMonth="" startDay="" iD1="CHM" abbr1="Chmn." iD2="FDR" abbr2="Fndr.">Chairman of the Board, Founder</title>
		</officer>
		<officer rank="2" since="2018">
			<firstName>Thomas</firstName>
			<mI>L.</mI>
			<lastName>Travis</lastName>
			<age>62 </age>
			<title startYear="2018" startMonth="" startDay="" iD1="PRE" abbr1="Pres." iD2="CEO" abbr2="CEO">President, Chief Executive Officer, Director of the Company and the Bank</title>
		</officer>
		<officer rank="3" since="2018">
			<firstName>Kelly</firstName>
			<mI>J.</mI>
			<lastName>Harris</lastName>
			<age>40 </age>
			<title startYear="2018" startMonth="" startDay="" iD1="CFO" abbr1="CFO" iD2="SVP" abbr2="Sr. VP">Chief Financial Officer, Senior Vice President</title>
		</officer>
		<officer rank="4" since="2016">
			<firstName>Douglas</firstName>
			<mI>A.</mI>
			<lastName>Haines</lastName>
			<age>63 </age>
			<title startYear="2016" startMonth="" startDay="" iD1="CEX" abbr1="Corp. Exec." iD2="" abbr2="">Regional President  Western Oklahoma and Kansas</title>
		</officer>
		<officer rank="5" since="2018">
			<firstName>John</firstName>
			<mI>T.</mI>
			<lastName>Phillips</lastName>
			<age>50 </age>
			<title startYear="2018" startMonth="" startDay="" iD1="COO" abbr1="COO" iD2="EVP" abbr2="Exec. VP">Chief Operating Officer, Senior Executive Vice President, Director of the Company and the Bank</title>
		</officer>
		<officer rank="6" since="2018">
			<firstName>Jason</firstName>
			<mI>E.</mI>
			<lastName>Estes</lastName>
			<age>41 </age>
			<title startYear="2018" startMonth="" startDay="" iD1="EVP" abbr1="Exec. VP" iD2="" abbr2="">Executive Vice President, Chief Credit Officer of the Company and the Bank</title>
		</officer>
		<officer rank="7" since="2019">
			<firstName>Andrew</firstName>
			<mI>J.</mI>
			<lastName>Levinson</lastName>
			<age>41 </age>
			<title startYear="2019" startMonth="" startDay="" iD1="EVP" abbr1="Exec. VP" iD2="" abbr2="">Executive Vice President and Regional President of the Tulsa market</title>
		</officer>
		<officer rank="8" since="2004">
			<firstName>Lisa</firstName>
			<mI>K.</mI>
			<lastName>Haines</lastName>
			<age>49 </age>
			<title startYear="2018" startMonth="" startDay="" iD1="SVP" abbr1="Sr. VP" iD2="CMO" abbr2="CMO">Senior Vice President, Chief Marketing Officer</title>
		</officer>
	</officers>
	<Ratios PriceCurrency="USD" ReportingCurrency="USD" ExchangeRate="1.00000" LatestAvailableDate="2020-12-31">
		<Group ID="Price and Volume">
			<Ratio FieldName="NPRICE" Type="N">16.49000</Ratio>
			<Ratio FieldName="NHIG" Type="N">18.91880</Ratio>
			<Ratio FieldName="NLOW" Type="N">5.58000</Ratio>
			<Ratio FieldName="PDATE" Type="D">2021-02-04T00:00:00</Ratio>
			<Ratio FieldName="VOL10DAVG" Type="N">0.01294</Ratio>
			<Ratio FieldName="EV" Type="N">-99999.99000</Ratio>
		</Group>
		<Group ID="Income Statement">
			<Ratio FieldName="MKTCAP" Type="N">149.14820</Ratio>
			<Ratio FieldName="TTMREV" Type="N">53.31300</Ratio>
			<Ratio FieldName="TTMEBITD" Type="N">23.68200</Ratio>
			<Ratio FieldName="TTMNIAC" Type="N">19.26600</Ratio>
		</Group>
		<Group ID="Per share data">
			<Ratio FieldName="TTMEPSXCLX" Type="N">2.05567</Ratio>
			<Ratio FieldName="TTMREVPS" Type="N">5.20787</Ratio>
			<Ratio FieldName="QBVPS" Type="N">11.86531</Ratio>
			<Ratio FieldName="QCSHPS" Type="N">17.01547</Ratio>
			<Ratio FieldName="TTMCFSHR" Type="N">1.63641</Ratio>
			<Ratio FieldName="TTMDIVSHR" Type="N">0.40000</Ratio>
		</Group>
		<Group ID="Other Ratios">
			<Ratio FieldName="TTMGROSMGN" Type="N">-99999.99000</Ratio>
			<Ratio FieldName="TTMROEPCT" Type="N">18.57456</Ratio>
			<Ratio FieldName="TTMPR2REV" Type="N">3.05469</Ratio>
			<Ratio FieldName="PEEXCLXOR" Type="N">8.02172</Ratio>
			<Ratio FieldName="PRICE2BK" Type="N">1.38977</Ratio>
			<Ratio FieldName="Employees" Type="N">78</Ratio>
		</Group>
	</Ratios>
	<ForecastData ConsensusType="Mean" CurFiscalYear="2021" CurFiscalYearEndMonth="12" CurInterimEndCalYear="2021" CurInterimEndMonth="3" EarningsBasis="PRX">
		<Ratio FieldName="ConsRecom" Type="N">
			<Value PeriodType="CURR">2.6667</Value>
		</Ratio>
		<Ratio FieldName="TargetPrice" Type="N">
			<Value PeriodType="CURR">12.50000</Value>
		</Ratio>
		<Ratio FieldName="ProjLTGrowthRate" Type="N">
			<Value PeriodType="CURR">-99999.99000</Value>
		</Ratio>
		<Ratio FieldName="ProjPE" Type="N">
			<Value PeriodType="CURR">8.32828</Value>
		</Ratio>
		<Ratio FieldName="ProjSales" Type="N">
			<Value PeriodType="CURR">48.36170</Value>
		</Ratio>
		<Ratio FieldName="ProjSalesQ" Type="N">
			<Value PeriodType="CURR">12.01370</Value>
		</Ratio>
		<Ratio FieldName="ProjEPS" Type="N">
			<Value PeriodType="CURR">1.98000</Value>
		</Ratio>
		<Ratio FieldName="ProjEPSQ" Type="N">
			<Value PeriodType="CURR">0.51670</Value>
		</Ratio>
		<Ratio FieldName="ProjProfit" Type="N">
			<Value PeriodType="CURR">23.63750</Value>
		</Ratio>
		<Ratio FieldName="ProjDPS" Type="N">
			<Value PeriodType="CURR">0.43000</Value>
		</Ratio>
	</ForecastData>
</ReportSnapshot>
