<?xml version="1.0" encoding="UTF-8"?>
<ReportSnapshot Major="1" Minor="0" Revision="1">
	<CoIDs>
		<CoID Type="RepNo">026F4</CoID>
		<CoID Type="CompanyName">BioXcel Therapeutics Inc</CoID>
		<CoID Type="IRSNo">821386754</CoID>
		<CoID Type="CIKNo">0001720893</CoID>
		<CoID Type="OrganizationPermID">5059088690</CoID>
	</CoIDs>
	<Issues>
		<Issue ID="1" Type="C" Desc="Common Stock" Order="1">
			<IssueID Type="Name">Ordinary Shares</IssueID>
			<IssueID Type="Ticker">BTAI</IssueID>
			<IssueID Type="RIC">BTAI.O</IssueID>
			<IssueID Type="DisplayRIC">BTAI.OQ</IssueID>
			<IssueID Type="InstrumentPI">291467686</IssueID>
			<IssueID Type="QuotePI">291710925</IssueID>
			<IssueID Type="InstrumentPermID">21637014586</IssueID>
			<IssueID Type="QuotePermID">25727411659</IssueID>
			<Exchange Code="NASD" Country="USA">NASDAQ</Exchange>
			<GlobalListingType>OSR</GlobalListingType>
		</Issue>
	</Issues>
	<CoGeneralInfo>
		<CoStatus Code="1">Active</CoStatus>
		<CoType Code="EQU">Equity Issue</CoType>
		<LastModified>2021-01-21</LastModified>
		<LatestAvailableAnnual>2019-12-31</LatestAvailableAnnual>
		<LatestAvailableInterim>2020-09-30</LatestAvailableInterim>
		<Employees LastUpdated="2020-09-30">40</Employees>
		<SharesOut Date="2020-11-01" TotalFloat="14670323.0">24368357.0</SharesOut>
		<ReportingCurrency Code="USD">U.S. Dollars</ReportingCurrency>
		<MostRecentExchange Date="2021-02-03">1.0</MostRecentExchange>
	</CoGeneralInfo>
	<TextInfo>
		<Text Type="Business Summary" lastModified="2018-02-16T03:39:06">BioXcel Therapeutics, Inc. is a clinical stage biopharmaceutical company that is focused on the development of drugs for psychiatric disorders and rare cancers. The Company uses novel artificial intelligence (AI) for drug re-innovation processes of approved product candidates to identify new therapeutic indices. Its principal clinical development programs are BXCL501 and BXCL701. BXCL501 is a sublingual thin film formulation of dexmedetomidine (Dex) designed for the acute treatment of agitation resulting from neurological and psychiatric disorders. BXCL701 is an immuno-oncology agent designed for the treatment of prostate and pancreatic cancer.</Text>
		<Text Type="Financial Summary" lastModified="2021-01-21T20:42:43">BRIEF: For the nine months ended 30 September 2020, BioXcelTherapeutics Inc revenues was not reported. Net lossincreased from $24.7M to $61.1M. Higher net loss reflectsResearch and development increase from $19.3M to $46.6M(expense), General and administrative increase from $5.9Mto $14.6M (expense), Dividend and interest income, netdecrease of 76% to $121K (income).</Text>
	</TextInfo>
	<contactInfo lastUpdated="2021-01-21T20:42:43">
		<streetAddress line="1">555 Long Wharf Dr</streetAddress>
		<streetAddress line="2"></streetAddress>
		<streetAddress line="3"></streetAddress>
		<city>NEW HAVEN</city>
		<state-region>CT</state-region>
		<postalCode>06511-6107</postalCode>
		<country code="USA">United States</country>
		<contactName>John Graziano</contactName>
		<contactTitle>IR Contact Officer</contactTitle>
		<phone>
			<phone type="mainphone">
				<countryPhoneCode>1</countryPhoneCode>
				<city-areacode>203</city-areacode>
				<number>6438060</number>
			</phone>
			<phone type="mainfax">
				<countryPhoneCode>1</countryPhoneCode>
				<city-areacode>302</city-areacode>
				<number>6365454</number>
			</phone>
			<phone type="contactphone">
				<countryPhoneCode>1</countryPhoneCode>
				<city-areacode>646</city-areacode>
				<number>3782942</number>
			</phone>
		</phone>
	</contactInfo>
	<webLinks lastUpdated="2018-03-07T01:45:03"><webSite mainCategory="Home Page">http://www.bioxceltherapeutics.com/</webSite><eMail mainCategory="Company Contact/E-mail">jgraziano@troutgroup.com</eMail></webLinks>
	<peerInfo lastUpdated="2021-01-21T20:42:43">
		<IndustryInfo>
			<Industry type="TRBC" order="1" reported="0" code="5620201011" mnem="">Bio Therapeutic Drugs</Industry>
			<Industry type="NAICS" order="1" reported="0" code="541711" mnem="">Research and Development in Biotechnology</Industry>
			<Industry type="NAICS" order="2" reported="0" code="325412" mnem="">Pharmaceutical Preparation Mfg</Industry>
			<Industry type="SIC" order="1" reported="0" code="8731" mnem="">Commercial Physical Research</Industry>
			<Industry type="SIC" order="2" reported="0" code="2834" mnem="">Pharmaceutical Preparations</Industry>
		</IndustryInfo>
	</peerInfo>
	<officers>
		<officer rank="1" since="04/2017">
			<firstName>Peter</firstName>
			<mI></mI>
			<lastName>Mueller</lastName>
			<age>63 </age>
			<title startYear="2017" startMonth="04" startDay="" iD1="CHM" abbr1="Chmn." iD2="IND" abbr2="Ind. Dir.">Independent Chairman of the Board</title>
		</officer>
		<officer rank="2" since="05/2017">
			<firstName>Vimal</firstName>
			<mI></mI>
			<lastName>Mehta</lastName>
			<age>59 </age>
			<title startYear="2017" startMonth="05" startDay="" iD1="PRE" abbr1="Pres." iD2="CEO" abbr2="CEO">President, Chief Executive Officer, Co-Founder, Secretary, Director</title>
		</officer>
		<officer rank="3" since="NA">
			<firstName>Krishnan</firstName>
			<mI></mI>
			<lastName>Nandabalan</lastName>
			<age>57 </age>
			<title startYear="2017" startMonth="05" startDay="" iD1="CFD" abbr1="Co-Fndr." iD2="DRC" abbr2="Dir.">Co-Founder, Director, Chief Digital Officer</title>
		</officer>
		<officer rank="4" since="10/2017">
			<firstName>Richard</firstName>
			<mI>I.</mI>
			<lastName>Steinhart</lastName>
			<age>63 </age>
			<title startYear="2017" startMonth="10" startDay="" iD1="CFO" abbr1="CFO" iD2="" abbr2="">Chief Financial Officer</title>
		</officer>
		<officer rank="5" since="06/16/2020">
			<firstName>Will</firstName>
			<mI></mI>
			<lastName>Kane</lastName>
			<age></age>
			<title startYear="2020" startMonth="06" startDay="16" iD1="EVP" abbr1="Exec. VP" iD2="" abbr2="">Executive Vice President, Chief Commercial Officer</title>
		</officer>
		<officer rank="6" since="06/23/2020">
			<firstName>Reina</firstName>
			<mI></mI>
			<lastName>Benabou</lastName>
			<age></age>
			<title startYear="2020" startMonth="06" startDay="23" iD1="SVP" abbr1="Sr. VP" iD2="" abbr2="">Senior Vice President, Chief Development Officer</title>
		</officer>
		<officer rank="7" since="06/2017">
			<firstName>Frank</firstName>
			<mI>D.</mI>
			<lastName>Yocca</lastName>
			<age>64 </age>
			<title startYear="2017" startMonth="06" startDay="" iD1="CSO" abbr1="CSO" iD2="" abbr2="">Chief Scientific Officer</title>
		</officer>
		<officer rank="8" since="07/2017">
			<firstName>Vincent</firstName>
			<mI>J.</mI>
			<lastName>O'Neill</lastName>
			<age>50 </age>
			<title startYear="2017" startMonth="07" startDay="" iD1="OTH" abbr1="Other" iD2="" abbr2="">Chief Medical Officer</title>
		</officer>
	</officers>
	<Ratios PriceCurrency="USD" ReportingCurrency="USD" ExchangeRate="1.00000" LatestAvailableDate="2020-09-30">
		<Group ID="Price and Volume">
			<Ratio FieldName="NPRICE" Type="N">54.39000</Ratio>
			<Ratio FieldName="NHIG" Type="N">71.50000</Ratio>
			<Ratio FieldName="NLOW" Type="N">13.77000</Ratio>
			<Ratio FieldName="PDATE" Type="D">2021-02-04T00:00:00</Ratio>
			<Ratio FieldName="VOL10DAVG" Type="N">0.60831</Ratio>
			<Ratio FieldName="EV" Type="N">1091.96700</Ratio>
		</Group>
		<Group ID="Income Statement">
			<Ratio FieldName="MKTCAP" Type="N">1325.39500</Ratio>
			<Ratio FieldName="TTMREV" Type="N">0.00000</Ratio>
			<Ratio FieldName="TTMEBITD" Type="N">-69.53100</Ratio>
			<Ratio FieldName="TTMNIAC" Type="N">-69.35800</Ratio>
		</Group>
		<Group ID="Per share data">
			<Ratio FieldName="TTMEPSXCLX" Type="N">-3.37338</Ratio>
			<Ratio FieldName="TTMREVPS" Type="N">0.00000</Ratio>
			<Ratio FieldName="QBVPS" Type="N">9.07161</Ratio>
			<Ratio FieldName="QCSHPS" Type="N">9.58444</Ratio>
			<Ratio FieldName="TTMCFSHR" Type="N">-3.44737</Ratio>
			<Ratio FieldName="TTMDIVSHR" Type="N">0.00000</Ratio>
		</Group>
		<Group ID="Other Ratios">
			<Ratio FieldName="TTMGROSMGN" Type="N">-99999.99000</Ratio>
			<Ratio FieldName="TTMROEPCT" Type="N">-54.32217</Ratio>
			<Ratio FieldName="TTMPR2REV" Type="N">-99999.99000</Ratio>
			<Ratio FieldName="PEEXCLXOR" Type="N">-99999.99000</Ratio>
			<Ratio FieldName="PRICE2BK" Type="N">5.99563</Ratio>
			<Ratio FieldName="Employees" Type="N">40</Ratio>
		</Group>
	</Ratios>
	<ForecastData ConsensusType="Mean" CurFiscalYear="2020" CurFiscalYearEndMonth="12" CurInterimEndCalYear="2020" CurInterimEndMonth="12" EarningsBasis="PRX">
		<Ratio FieldName="ConsRecom" Type="N">
			<Value PeriodType="CURR">1.375</Value>
		</Ratio>
		<Ratio FieldName="TargetPrice" Type="N">
			<Value PeriodType="CURR">109.30000</Value>
		</Ratio>
		<Ratio FieldName="ProjLTGrowthRate" Type="N">
			<Value PeriodType="CURR">-99999.99000</Value>
		</Ratio>
		<Ratio FieldName="ProjPE" Type="N">
			<Value PeriodType="CURR">-13.98632</Value>
		</Ratio>
		<Ratio FieldName="ProjSales" Type="N">
			<Value PeriodType="CURR">0.00000</Value>
		</Ratio>
		<Ratio FieldName="ProjSalesQ" Type="N">
			<Value PeriodType="CURR">0.00000</Value>
		</Ratio>
		<Ratio FieldName="ProjEPS" Type="N">
			<Value PeriodType="CURR">-3.88880</Value>
		</Ratio>
		<Ratio FieldName="ProjEPSQ" Type="N">
			<Value PeriodType="CURR">-0.94880</Value>
		</Ratio>
		<Ratio FieldName="ProjProfit" Type="N">
			<Value PeriodType="CURR">-81.61820</Value>
		</Ratio>
		<Ratio FieldName="ProjDPS" Type="N">
			<Value PeriodType="CURR">0.00000</Value>
		</Ratio>
	</ForecastData>
</ReportSnapshot>
