<?xml version="1.0" encoding="UTF-8"?>
<ReportSnapshot Major="1" Minor="0" Revision="1">
	<CoIDs>
		<CoID Type="RepNo">079B5</CoID>
		<CoID Type="CompanyName">Btrs Holdings Inc</CoID>
		<CoID Type="IRSNo">833780685</CoID>
		<CoID Type="CIKNo">0001774155</CoID>
		<CoID Type="OrganizationPermID">5069468133</CoID>
	</CoIDs>
	<Issues>
		<Issue ID="2" Type="C" Desc="Common Stock" Order="1">
			<IssueID Type="Name">Ordinary Shares Class 1</IssueID>
			<IssueID Type="Ticker">BTRS</IssueID>
			<IssueID Type="RIC">BTRS.O</IssueID>
			<IssueID Type="DisplayRIC">BTRS.OQ</IssueID>
			<IssueID Type="InstrumentPI">378457983</IssueID>
			<IssueID Type="QuotePI">378457984</IssueID>
			<IssueID Type="InstrumentPermID">25727367138</IssueID>
			<IssueID Type="QuotePermID">25727367137</IssueID>
			<Exchange Code="NASD" Country="USA">NASDAQ</Exchange>
			<GlobalListingType>OSR</GlobalListingType>
		</Issue>
		<Issue ID="3" Type="C" Desc="Common Stock" Order="2">
			<IssueID Type="Name">Ordinary Shares Class B</IssueID>
			<IssueID Type="InstrumentPI">396575542</IssueID>
			<IssueID Type="InstrumentPermID">21719274994</IssueID>
			<Exchange Code="NA" Country="">Not Available</Exchange>
		</Issue>
	</Issues>
	<CoGeneralInfo>
		<CoStatus Code="1">Active</CoStatus>
		<CoType Code="EQU">Equity Issue</CoType>
		<LastModified>2021-01-13</LastModified>
		<LatestAvailableAnnual>2019-12-31</LatestAvailableAnnual>
		<LatestAvailableInterim>2020-09-30</LatestAvailableInterim>
		<Employees LastUpdated="2019-12-31">2</Employees>
		<SharesOut Date="2020-11-16" TotalFloat="25000000.0">31250000.0</SharesOut>
		<ReportingCurrency Code="USD">U.S. Dollars</ReportingCurrency>
		<MostRecentExchange Date="2021-02-03">1.0</MostRecentExchange>
	</CoGeneralInfo>
	<TextInfo>
		<Text Type="Business Summary" lastModified="2021-01-13T03:40:12">BTRS Holdings Inc. (Billtrust), formerly South Mountain Merger Corp., is a business to business (B2B) accounts receivable automation and B2B payments company. The Company is engaged in providing cloud-based software and integrated payment processing solutions that automates B2B commerce. Billtrust is focused on the digital transformation of accounts receivables (AR) and provides solutions that help credit decisioning and monitoring, online ordering, invoice delivery, payments and remittance capture, cash application and collections. The Company offers its solutions to various industries, which includes transportation, heavy machinery and equipment, distribution, manufacturing, medical equipment and supplies, technology, and business &amp; professional services. Its products include credit, ecommerce, invoicing, payments, business payments network, cash application, collections and services.</Text>
		<Text Type="Financial Summary" lastModified="2021-01-13T12:42:33">BRIEF: For the nine months ended 30 September 2020, BtrsHoldings Inc revenues was not reported. Net loss applicableto common stockholders increased from $144K to $513K.Higher net loss reflects Interest Income - Non Bankdecrease of 32% to $904K (income), Operating and formationcosts increase from $289K to $697K (expense). BasicEarnings per Share excluding Extraordinary Items totaled to-$0.02.</Text>
	</TextInfo>
	<contactInfo lastUpdated="2021-01-30T05:10:50">
		<streetAddress line="1">767 FIFTH AVENUE, 9TH FLOOR</streetAddress>
		<streetAddress line="2"></streetAddress>
		<streetAddress line="3"></streetAddress>
		<city>NEW YORK</city>
		<state-region>NY</state-region>
		<postalCode>10153</postalCode>
		<country code="USA">United States</country>
		<contactName></contactName>
		<contactTitle></contactTitle>
		<phone>
			<phone type="mainphone">
				<countryPhoneCode>1</countryPhoneCode>
				<city-areacode>610</city-areacode>
				<number>5927228</number>
			</phone>
			<phone type="mainfax">
				<countryPhoneCode>1</countryPhoneCode>
				<city-areacode>302</city-areacode>
				<number>6555049</number>
			</phone>
		</phone>
	</contactInfo>
	<webLinks lastUpdated="2019-06-20T09:30:03"><webSite mainCategory="Home Page">https://smmergercorp.com/</webSite><eMail mainCategory="Company Contact/E-mail">
		</eMail></webLinks>
	<peerInfo lastUpdated="2021-01-30T05:10:50">
		<IndustryInfo>
			<Industry type="TRBC" order="1" reported="0" code="5220304027" mnem="">Transaction &amp; Payment Services</Industry>
			<Industry type="NAICS" order="1" reported="0" code="522320" mnem="">Financial Transactions Processing, Reserve, and Clearinghouse Activities</Industry>
			<Industry type="NAICS" order="2" reported="0" code="511210" mnem="">Software Publishers</Industry>
			<Industry type="NAICS" order="3" reported="0" code="518210" mnem="">Data Processing, Hosting, and Related Services</Industry>
			<Industry type="NAICS" order="4" reported="0" code="541519" mnem="">Other Computer Related Services</Industry>
			<Industry type="SIC" order="1" reported="0" code="6099" mnem="">Funcions Related To Deposit Banks</Industry>
			<Industry type="SIC" order="2" reported="0" code="7372" mnem="">Prepackaged Software</Industry>
			<Industry type="SIC" order="3" reported="0" code="7374" mnem="">Data Processing And Preparation</Industry>
			<Industry type="SIC" order="4" reported="0" code="7379" mnem="">Computer Related Services, Nec</Industry>
		</IndustryInfo>
	</peerInfo>
	<officers></officers>
	<Ratios PriceCurrency="USD" ReportingCurrency="USD" ExchangeRate="1.00000" LatestAvailableDate="2020-09-30">
		<Group ID="Price and Volume">
			<Ratio FieldName="NPRICE" Type="N">16.63000</Ratio>
			<Ratio FieldName="NHIG" Type="N">18.00000</Ratio>
			<Ratio FieldName="NLOW" Type="N">9.25000</Ratio>
			<Ratio FieldName="PDATE" Type="D">2021-02-04T00:00:00</Ratio>
			<Ratio FieldName="VOL10DAVG" Type="N">0.60281</Ratio>
			<Ratio FieldName="EV" Type="N">2414.27500</Ratio>
		</Group>
		<Group ID="Income Statement">
			<Ratio FieldName="MKTCAP" Type="N">2415.71300</Ratio>
			<Ratio FieldName="TTMREV" Type="N">0.00000</Ratio>
			<Ratio FieldName="TTMEBITD" Type="N">-0.96909</Ratio>
			<Ratio FieldName="TTMNIAC" Type="N">-0.68054</Ratio>
		</Group>
		<Group ID="Per share data">
			<Ratio FieldName="TTMEPSXCLX" Type="N">-0.02175</Ratio>
			<Ratio FieldName="TTMREVPS" Type="N">0.00000</Ratio>
			<Ratio FieldName="QBVPS" Type="N">7.85419</Ratio>
			<Ratio FieldName="QCSHPS" Type="N">0.04602</Ratio>
			<Ratio FieldName="TTMCFSHR" Type="N">-99999.99000</Ratio>
			<Ratio FieldName="TTMDIVSHR" Type="N">0.00000</Ratio>
		</Group>
		<Group ID="Other Ratios">
			<Ratio FieldName="TTMGROSMGN" Type="N">-99999.99000</Ratio>
			<Ratio FieldName="TTMROEPCT" Type="N">-0.27769</Ratio>
			<Ratio FieldName="TTMPR2REV" Type="N">-99999.99000</Ratio>
			<Ratio FieldName="PEEXCLXOR" Type="N">-99999.99000</Ratio>
			<Ratio FieldName="PRICE2BK" Type="N">2.11734</Ratio>
			<Ratio FieldName="Employees" Type="N">2</Ratio>
		</Group>
	</Ratios>
	<ForecastData ConsensusType="" CurFiscalYear="" CurFiscalYearEndMonth="" CurInterimEndCalYear="" CurInterimEndMonth="" EarningsBasis="">
		<Ratio FieldName="ConsRecom" Type="N">
			<Value PeriodType="CURR">-99999.99000</Value>
		</Ratio>
		<Ratio FieldName="TargetPrice" Type="N">
			<Value PeriodType="CURR">-99999.99000</Value>
		</Ratio>
		<Ratio FieldName="ProjLTGrowthRate" Type="N">
			<Value PeriodType="CURR">-99999.99000</Value>
		</Ratio>
		<Ratio FieldName="ProjPE" Type="N">
			<Value PeriodType="CURR">-99999.99000</Value>
		</Ratio>
		<Ratio FieldName="ProjSales" Type="N">
			<Value PeriodType="CURR">-99999.99000</Value>
		</Ratio>
		<Ratio FieldName="ProjSalesQ" Type="N">
			<Value PeriodType="CURR">-99999.99000</Value>
		</Ratio>
		<Ratio FieldName="ProjEPS" Type="N">
			<Value PeriodType="CURR">-99999.99000</Value>
		</Ratio>
		<Ratio FieldName="ProjEPSQ" Type="N">
			<Value PeriodType="CURR">-99999.99000</Value>
		</Ratio>
		<Ratio FieldName="ProjProfit" Type="N">
			<Value PeriodType="CURR">-99999.99000</Value>
		</Ratio>
		<Ratio FieldName="ProjDPS" Type="N">
			<Value PeriodType="CURR">-99999.99000</Value>
		</Ratio>
	</ForecastData>
</ReportSnapshot>
