<?xml version="1.0" encoding="UTF-8"?>
<ReportSnapshot Major="1" Minor="0" Revision="1">
	<CoIDs>
		<CoID Type="RepNo">AF824</CoID>
		<CoID Type="CompanyName">Broadwind Inc</CoID>
		<CoID Type="IRSNo">880409160</CoID>
		<CoID Type="CIKNo">0001120370</CoID>
		<CoID Type="OrganizationPermID">4295910031</CoID>
	</CoIDs>
	<Issues>
		<Issue ID="1" Type="C" Desc="Common Stock" Order="1">
			<IssueID Type="Name">Ordinary Shares</IssueID>
			<IssueID Type="Ticker">BWEN</IssueID>
			<IssueID Type="RIC">BWEN.O</IssueID>
			<IssueID Type="DisplayRIC">BWEN.OQ</IssueID>
			<IssueID Type="InstrumentPI">16065776</IssueID>
			<IssueID Type="QuotePI">58860563</IssueID>
			<IssueID Type="InstrumentPermID">8590919749</IssueID>
			<IssueID Type="QuotePermID">55848712974</IssueID>
			<Exchange Code="NASD" Country="USA">NASDAQ</Exchange>
			<GlobalListingType>OSR</GlobalListingType>
			<MostRecentSplit Date="2012-08-23">0.1</MostRecentSplit>
		</Issue>
	</Issues>
	<CoGeneralInfo>
		<CoStatus Code="1">Active</CoStatus>
		<CoType Code="EQU">Equity Issue</CoType>
		<LastModified>2021-01-25</LastModified>
		<LatestAvailableAnnual>2019-12-31</LatestAvailableAnnual>
		<LatestAvailableInterim>2020-09-30</LatestAvailableInterim>
		<Employees LastUpdated="2019-12-31">521</Employees>
		<SharesOut Date="2020-10-30" TotalFloat="14440968.0">16937561.0</SharesOut>
		<ReportingCurrency Code="USD">U.S. Dollars</ReportingCurrency>
		<MostRecentExchange Date="2021-02-03">1.0</MostRecentExchange>
	</CoGeneralInfo>
	<TextInfo>
		<Text Type="Business Summary" lastModified="2020-05-08T01:27:02">Broadwind Inc., formerly Broadwind Energy, Inc., is a precision manufacturer of structures, equipment and components for clean tech and other specialized applications. The Company provides products to customers that operate in energy, mining and infrastructure sectors, primarily in the United States of America (U.S). Its capabilities include heavy fabrications, welding, metal rolling, coatings, gear cutting and shaping, heat treat, assembly, engineering and packaging solutions. Its segments include Heavy Fabrications, Gearing and Industrial Solutions. Heavy Fabrications segment provides steel towers and repowering adapters primarily to wind turbine manufacturers. Gearing segment provides gearing and gearboxes. Industrial Solutions segment provides supply chain solutions, inventory management, kitting and assembly services.</Text>
		<Text Type="Financial Summary" lastModified="2021-01-25T03:00:31">BRIEF: For the nine months ended 30 September 2020,Broadwind Inc revenues increased 23% to $158.2M. Net incomebefore extraordinary items totaled $480K vs. loss of $3M.Revenues reflect Heavy Fabrications segment increase of 38%to $125.4M, Industrial Solutions segment increase of 18% to$12.5M. Net Income reflects Heavy Fabrications segmentincome increase from $789K to $8.8M, Industrial Solutionssegment income totaling $496K vs. loss of $116K.</Text>
	</TextInfo>
	<contactInfo lastUpdated="2021-01-25T03:00:45">
		<streetAddress line="1">3240 S Central Ave</streetAddress>
		<streetAddress line="2"></streetAddress>
		<streetAddress line="3"></streetAddress>
		<city>CICERO</city>
		<state-region>IL</state-region>
		<postalCode>60804-3939</postalCode>
		<country code="USA">United States</country>
		<contactName></contactName>
		<contactTitle></contactTitle>
		<phone>
			<phone type="mainphone">
				<countryPhoneCode>1</countryPhoneCode>
				<city-areacode>708</city-areacode>
				<number>7804800</number>
			</phone>
			<phone type="mainfax">
				<countryPhoneCode>1</countryPhoneCode>
				<city-areacode>708</city-areacode>
				<number>7804801</number>
			</phone>
		</phone>
	</contactInfo>
	<webLinks lastUpdated="2019-12-02T11:03:06"><webSite mainCategory="Home Page">http://www.bwen.com/</webSite><eMail mainCategory="Company Contact/E-mail">investor@bwen.com</eMail></webLinks>
	<peerInfo lastUpdated="2021-01-25T03:00:45">
		<IndustryInfo>
			<Industry type="TRBC" order="1" reported="0" code="5020101011" mnem="">Wind Systems &amp; Equipment</Industry>
			<Industry type="NAICS" order="1" reported="0" code="332312" mnem="">Fabricated Structural Metal Mfg</Industry>
			<Industry type="NAICS" order="2" reported="0" code="333611" mnem="">Turbine &amp; Turbine Generator Set Unit Mfg</Industry>
			<Industry type="NAICS" order="3" reported="0" code="333612" mnem="">Spd Changer, Ind High-Speed Drive &amp; Gear Mfg</Industry>
			<Industry type="SIC" order="1" reported="0" code="3441" mnem="">Fabricated Structural Metal</Industry>
			<Industry type="SIC" order="2" reported="0" code="3511" mnem="">Turbines/turbine Generator Sets</Industry>
			<Industry type="SIC" order="3" reported="0" code="3566" mnem="">Speed Changers, Drives, And Gears</Industry>
		</IndustryInfo>
	</peerInfo>
	<officers>
		<officer rank="1" since="08/15/2009">
			<firstName>Stephanie</firstName>
			<mI>K.</mI>
			<lastName>Kushner</lastName>
			<age>64 </age>
			<title startYear="2020" startMonth="03" startDay="01" iD1="CHM" abbr1="Chmn." iD2="DRC" abbr2="Dir.">Chairman of the Board</title>
		</officer>
		<officer rank="2" since="10/2014">
			<firstName>Eric</firstName>
			<mI>B.</mI>
			<lastName>Blashford</lastName>
			<age>55 </age>
			<title startYear="2020" startMonth="03" startDay="01" iD1="PRE" abbr1="Pres." iD2="CEO" abbr2="CEO">President, Chief Executive Officer, Director</title>
		</officer>
		<officer rank="3" since="08/01/2016">
			<firstName>Jason</firstName>
			<mI>Lee</mI>
			<lastName>Bonfigt</lastName>
			<age>42 </age>
			<title startYear="2017" startMonth="08" startDay="07" iD1="CFO" abbr1="CFO" iD2="CAO" abbr2="CAO">Chief Financial Officer, Principal Accounting Officer, Vice President, Treasurer</title>
		</officer>
		<officer rank="4" since="05/2019">
			<firstName>Wayne</firstName>
			<mI>W.</mI>
			<lastName>Hanna</lastName>
			<age>66 </age>
			<title startYear="2019" startMonth="05" startDay="" iD1="CEX" abbr1="Corp. Exec." iD2="" abbr2="">President - Brad Foote Gear Works, Inc</title>
		</officer>
		<officer rank="5" since="09/2018">
			<firstName>Gilbert</firstName>
			<mI>M.</mI>
			<lastName>Mayo</lastName>
			<age>58 </age>
			<title startYear="2018" startMonth="09" startDay="" iD1="CEX" abbr1="Corp. Exec." iD2="" abbr2="">President - Broadwind Industrial Solutions, LLC</title>
		</officer>
		<officer rank="6" since="05/2016">
			<firstName>Daniel</firstName>
			<mI>E.</mI>
			<lastName>Schueller</lastName>
			<age>57 </age>
			<title startYear="2019" startMonth="05" startDay="01" iD1="CEX" abbr1="Corp. Exec." iD2="" abbr2="">President - Broadwind Heavy Fabrications, Inc</title>
		</officer>
	</officers>
	<Ratios PriceCurrency="USD" ReportingCurrency="USD" ExchangeRate="1.00000" LatestAvailableDate="2020-09-30">
		<Group ID="Price and Volume">
			<Ratio FieldName="NPRICE" Type="N">9.81000</Ratio>
			<Ratio FieldName="NHIG" Type="N">12.89000</Ratio>
			<Ratio FieldName="NLOW" Type="N">1.12000</Ratio>
			<Ratio FieldName="PDATE" Type="D">2021-02-04T00:00:00</Ratio>
			<Ratio FieldName="VOL10DAVG" Type="N">1.17587</Ratio>
			<Ratio FieldName="EV" Type="N">184.31950</Ratio>
		</Group>
		<Group ID="Income Statement">
			<Ratio FieldName="MKTCAP" Type="N">166.15750</Ratio>
			<Ratio FieldName="TTMREV" Type="N">207.42700</Ratio>
			<Ratio FieldName="TTMEBITD" Type="N">8.09300</Ratio>
			<Ratio FieldName="TTMNIAC" Type="N">-1.14700</Ratio>
		</Group>
		<Group ID="Per share data">
			<Ratio FieldName="TTMEPSXCLX" Type="N">-0.07056</Ratio>
			<Ratio FieldName="TTMREVPS" Type="N">12.35418</Ratio>
			<Ratio FieldName="QBVPS" Type="N">2.49357</Ratio>
			<Ratio FieldName="QCSHPS" Type="N">0.15002</Ratio>
			<Ratio FieldName="TTMCFSHR" Type="N">0.36361</Ratio>
			<Ratio FieldName="TTMDIVSHR" Type="N">0.00000</Ratio>
		</Group>
		<Group ID="Other Ratios">
			<Ratio FieldName="TTMGROSMGN" Type="N">9.31219</Ratio>
			<Ratio FieldName="TTMROEPCT" Type="N">-2.72858</Ratio>
			<Ratio FieldName="TTMPR2REV" Type="N">0.80104</Ratio>
			<Ratio FieldName="PEEXCLXOR" Type="N">-99999.99000</Ratio>
			<Ratio FieldName="PRICE2BK" Type="N">3.93412</Ratio>
			<Ratio FieldName="Employees" Type="N">521</Ratio>
		</Group>
	</Ratios>
	<ForecastData ConsensusType="Mean" CurFiscalYear="2020" CurFiscalYearEndMonth="12" CurInterimEndCalYear="2020" CurInterimEndMonth="12" EarningsBasis="PRX">
		<Ratio FieldName="ConsRecom" Type="N">
			<Value PeriodType="CURR">2.25</Value>
		</Ratio>
		<Ratio FieldName="TargetPrice" Type="N">
			<Value PeriodType="CURR">6.12500</Value>
		</Ratio>
		<Ratio FieldName="ProjLTGrowthRate" Type="N">
			<Value PeriodType="CURR">-99999.99000</Value>
		</Ratio>
		<Ratio FieldName="ProjPE" Type="N">
			<Value PeriodType="CURR">-102.72251</Value>
		</Ratio>
		<Ratio FieldName="ProjSales" Type="N">
			<Value PeriodType="CURR">199.00680</Value>
		</Ratio>
		<Ratio FieldName="ProjSalesQ" Type="N">
			<Value PeriodType="CURR">40.81330</Value>
		</Ratio>
		<Ratio FieldName="ProjEPS" Type="N">
			<Value PeriodType="CURR">-0.09550</Value>
		</Ratio>
		<Ratio FieldName="ProjEPSQ" Type="N">
			<Value PeriodType="CURR">-0.12280</Value>
		</Ratio>
		<Ratio FieldName="ProjProfit" Type="N">
			<Value PeriodType="CURR">-1.42480</Value>
		</Ratio>
		<Ratio FieldName="ProjDPS" Type="N">
			<Value PeriodType="CURR">0.00000</Value>
		</Ratio>
	</ForecastData>
</ReportSnapshot>
