<?xml version="1.0" encoding="UTF-8"?>
<ReportSnapshot Major="1" Minor="0" Revision="1">
	<CoIDs>
		<CoID Type="RepNo">DC3F6</CoID>
		<CoID Type="CompanyName">Bankwell Financial Group Inc</CoID>
		<CoID Type="IRSNo">208251355</CoID>
		<CoID Type="CIKNo">0001505732</CoID>
		<CoID Type="OrganizationPermID">5000047157</CoID>
	</CoIDs>
	<Issues>
		<Issue ID="1" Type="C" Desc="Common Stock" Order="1">
			<IssueID Type="Name">Ordinary Shares</IssueID>
			<IssueID Type="Ticker">BWFG</IssueID>
			<IssueID Type="RIC">BWFG.O</IssueID>
			<IssueID Type="DisplayRIC">BWFG.OQ</IssueID>
			<IssueID Type="InstrumentPI">17456661</IssueID>
			<IssueID Type="QuotePI">158646463</IssueID>
			<IssueID Type="InstrumentPermID">8589981480</IssueID>
			<IssueID Type="QuotePermID">21541479591</IssueID>
			<Exchange Code="NASD" Country="USA">NASDAQ</Exchange>
			<GlobalListingType>OSR</GlobalListingType>
		</Issue>
		<Issue ID="2" Type="P" Desc="Preferred Stock" Order="1">
			<IssueID Type="Name">NonCum. Pref. Shrs</IssueID>
			<IssueID Type="InstrumentPI">158675989</IssueID>
			<IssueID Type="InstrumentPermID">21541503351</IssueID>
			<Exchange Code="NA" Country="">Not Available</Exchange>
		</Issue>
	</Issues>
	<CoGeneralInfo>
		<CoStatus Code="1">Active</CoStatus>
		<CoType Code="EQU">Equity Issue</CoType>
		<LastModified>2021-01-28</LastModified>
		<LatestAvailableAnnual>2020-12-31</LatestAvailableAnnual>
		<LatestAvailableInterim>2020-12-31</LatestAvailableInterim>
		<Employees LastUpdated="2020-06-30">154</Employees>
		<SharesOut Date="2020-12-31" TotalFloat="6040958.0">7919278.0</SharesOut>
		<ReportingCurrency Code="USD">U.S. Dollars</ReportingCurrency>
		<MostRecentExchange Date="2021-02-03">1.0</MostRecentExchange>
	</CoGeneralInfo>
	<TextInfo>
		<Text Type="Business Summary" lastModified="2016-05-16T00:32:55">Bankwell Financial Group, Inc. is a bank holding company. The Company offers a range of financial services through its banking subsidiary, Bankwell Bank (the Bank). The Bank is a Connecticut state non-member bank. The Bank provides a range of banking services to commercial and consumer customers, concentrated in the Fairfield and New Haven Counties region of Connecticut. The Bank's commercial lending products include owner-occupied commercial real estate loans, commercial real estate investment loans, commercial loans (such as business term loans, equipment financing and lines of credit) to small and mid-sized businesses, and real estate construction and development loans. The Bank's retail lending products include residential mortgage loans, home equity lines of credit and consumer installment loans. Its depository products include checking, savings, money market, certificates of deposit, noninterest-bearing demand, negotiable order of withdrawal (NOW) and time deposits.</Text>
		<Text Type="Financial Summary" lastModified="2021-01-28T08:09:47">BRIEF: For the nine months ended 30 September 2020,Bankwell Financial Group Inc interest income decreased 7%to $58.3M. Net interest income after loan loss provisiondecreased 1% to $40.5M.  Net income applicable to commonstockholders decreased 62% to $5.5M. Net interest incomeafter loan loss provision reflects Net Interest Margin -Total - % decrease of 8% to 2.82%, Net Interest Spread -Total - % decrease of 6% to 2.53%.</Text>
	</TextInfo>
	<contactInfo lastUpdated="2021-01-28T08:09:58">
		<streetAddress line="1">208 Elm St</streetAddress>
		<streetAddress line="2"></streetAddress>
		<streetAddress line="3"></streetAddress>
		<city>NEW CANAAN</city>
		<state-region>CT</state-region>
		<postalCode>06840-5309</postalCode>
		<country code="USA">United States</country>
		<contactName></contactName>
		<contactTitle></contactTitle>
		<phone>
			<phone type="mainphone">
				<countryPhoneCode>1</countryPhoneCode>
				<city-areacode>203</city-areacode>
				<number>9723838</number>
			</phone>
		</phone>
	</contactInfo>
	<webLinks lastUpdated="2019-10-27T21:30:32"><webSite mainCategory="Home Page">https://www.mybankwell.com/</webSite><eMail mainCategory="Company Contact/E-mail">
		</eMail></webLinks>
	<peerInfo lastUpdated="2021-01-28T08:09:58">
		<IndustryInfo>
			<Industry type="TRBC" order="1" reported="0" code="5510101010" mnem="">Banks - NEC</Industry>
			<Industry type="NAICS" order="1" reported="0" code="522110" mnem="">Commercial Banking</Industry>
			<Industry type="NAICS" order="2" reported="0" code="551111" mnem="">Offices of Bank Holding Companies</Industry>
			<Industry type="SIC" order="1" reported="0" code="6029" mnem="">Commercial Banks, Nec</Industry>
			<Industry type="SIC" order="2" reported="0" code="6712" mnem="">Bank Holding Companies</Industry>
		</IndustryInfo>
	</peerInfo>
	<officers>
		<officer rank="1" since="NA">
			<firstName>Blake</firstName>
			<mI>S.</mI>
			<lastName>Drexler</lastName>
			<age>62 </age>
			<title startYear="2015" startMonth="02" startDay="26" iD1="CHM" abbr1="Chmn." iD2="IND" abbr2="Ind. Dir.">Independent Chairman of the Board</title>
		</officer>
		<officer rank="2" since="01/20/2015">
			<firstName>Christopher</firstName>
			<mI>R.</mI>
			<lastName>Gruseke</lastName>
			<age>59 </age>
			<title startYear="2015" startMonth="02" startDay="27" iD1="PRE" abbr1="Pres." iD2="CEO" abbr2="CEO">Director, President and Chief Executive Officer of the Company and the Bank</title>
		</officer>
		<officer rank="3" since="2019">
			<firstName>Eric</firstName>
			<mI>J.</mI>
			<lastName>Dale</lastName>
			<age>55 </age>
			<title startYear="2019" startMonth="" startDay="" iD1="VCH" abbr1="Vice Chmn." iD2="IND" abbr2="Ind. Dir.">Independent Vice Chairman of the Board</title>
		</officer>
		<officer rank="4" since="11/10/2016">
			<firstName>Penko</firstName>
			<mI>Krassimir</mI>
			<lastName>Ivanov</lastName>
			<age>51 </age>
			<title startYear="2016" startMonth="11" startDay="10" iD1="CFO" abbr1="CFO" iD2="EVP" abbr2="Exec. VP">Executive Vice President and Chief Financial Officer of the Company and the Bank.</title>
		</officer>
		<officer rank="5" since="04/2013">
			<firstName>Christine</firstName>
			<mI></mI>
			<lastName>Chivily</lastName>
			<age>61 </age>
			<title startYear="2013" startMonth="04" startDay="" iD1="EVP" abbr1="Exec. VP" iD2="CRO" abbr2="CRO">Executive Vice President and Chief Risk &amp; Credit Officer of the Company and the Bank</title>
		</officer>
		<officer rank="6" since="03/11/2020">
			<firstName>Matthew</firstName>
			<mI></mI>
			<lastName>McNeill</lastName>
			<age>45 </age>
			<title startYear="2020" startMonth="03" startDay="11" iD1="EVP" abbr1="Exec. VP" iD2="" abbr2="">Executive Vice President and Chief Banking Officer of the Company and the Bank</title>
		</officer>
		<officer rank="7" since="05/2017">
			<firstName>Laura</firstName>
			<mI>J.</mI>
			<lastName>Waitz</lastName>
			<age>57 </age>
			<title startYear="2017" startMonth="05" startDay="" iD1="EVP" abbr1="Exec. VP" iD2="" abbr2="">Executive Vice President, Chief of Staff of the Company and the Bank</title>
		</officer>
		<officer rank="8" since="2013">
			<firstName>Todd</firstName>
			<mI></mI>
			<lastName>Lampert</lastName>
			<age>56 </age>
			<title startYear="2013" startMonth="" startDay="" iD1="SEC" abbr1="Secy." iD2="IND" abbr2="Ind. Dir.">Corporate Secretary, Independent Director</title>
		</officer>
	</officers>
	<Ratios PriceCurrency="USD" ReportingCurrency="USD" ExchangeRate="1.00000" LatestAvailableDate="2020-12-31">
		<Group ID="Price and Volume">
			<Ratio FieldName="NPRICE" Type="N">20.40000</Ratio>
			<Ratio FieldName="NHIG" Type="N">29.26190</Ratio>
			<Ratio FieldName="NLOW" Type="N">12.07000</Ratio>
			<Ratio FieldName="PDATE" Type="D">2021-02-04T00:00:00</Ratio>
			<Ratio FieldName="VOL10DAVG" Type="N">0.02614</Ratio>
			<Ratio FieldName="EV" Type="N">-218.99330</Ratio>
		</Group>
		<Group ID="Income Statement">
			<Ratio FieldName="MKTCAP" Type="N">161.08870</Ratio>
			<Ratio FieldName="TTMREV" Type="N">-99999.99000</Ratio>
			<Ratio FieldName="TTMEBITD" Type="N">-99999.99000</Ratio>
			<Ratio FieldName="TTMNIAC" Type="N">-99999.99000</Ratio>
		</Group>
		<Group ID="Per share data">
			<Ratio FieldName="TTMEPSXCLX" Type="N">-99999.99000</Ratio>
			<Ratio FieldName="TTMREVPS" Type="N">-99999.99000</Ratio>
			<Ratio FieldName="QBVPS" Type="N">22.30026</Ratio>
			<Ratio FieldName="QCSHPS" Type="N">51.18395</Ratio>
			<Ratio FieldName="TTMCFSHR" Type="N">-99999.99000</Ratio>
			<Ratio FieldName="TTMDIVSHR" Type="N">-99999.99000</Ratio>
		</Group>
		<Group ID="Other Ratios">
			<Ratio FieldName="TTMGROSMGN" Type="N">-99999.99000</Ratio>
			<Ratio FieldName="TTMROEPCT" Type="N">-99999.99000</Ratio>
			<Ratio FieldName="TTMPR2REV" Type="N">-99999.99000</Ratio>
			<Ratio FieldName="PEEXCLXOR" Type="N">-99999.99000</Ratio>
			<Ratio FieldName="PRICE2BK" Type="N">0.91479</Ratio>
			<Ratio FieldName="Employees" Type="N">154</Ratio>
		</Group>
	</Ratios>
	<ForecastData ConsensusType="Mean" CurFiscalYear="2021" CurFiscalYearEndMonth="12" CurInterimEndCalYear="2021" CurInterimEndMonth="3" EarningsBasis="REP">
		<Ratio FieldName="ConsRecom" Type="N">
			<Value PeriodType="CURR">3</Value>
		</Ratio>
		<Ratio FieldName="TargetPrice" Type="N">
			<Value PeriodType="CURR">17.50000</Value>
		</Ratio>
		<Ratio FieldName="ProjLTGrowthRate" Type="N">
			<Value PeriodType="CURR">-99999.99000</Value>
		</Ratio>
		<Ratio FieldName="ProjPE" Type="N">
			<Value PeriodType="CURR">8.58947</Value>
		</Ratio>
		<Ratio FieldName="ProjSales" Type="N">
			<Value PeriodType="CURR">66.13850</Value>
		</Ratio>
		<Ratio FieldName="ProjSalesQ" Type="N">
			<Value PeriodType="CURR">16.39100</Value>
		</Ratio>
		<Ratio FieldName="ProjEPS" Type="N">
			<Value PeriodType="CURR">2.37500</Value>
		</Ratio>
		<Ratio FieldName="ProjEPSQ" Type="N">
			<Value PeriodType="CURR">0.59000</Value>
		</Ratio>
		<Ratio FieldName="ProjProfit" Type="N">
			<Value PeriodType="CURR">23.00450</Value>
		</Ratio>
		<Ratio FieldName="ProjDPS" Type="N">
			<Value PeriodType="CURR">0.56000</Value>
		</Ratio>
	</ForecastData>
</ReportSnapshot>
