<?xml version="1.0" encoding="UTF-8"?>
<ReportSnapshot Major="1" Minor="0" Revision="1">
	<CoIDs>
		<CoID Type="RepNo">0096D</CoID>
		<CoID Type="CompanyName">Betterware de Mexico SAB de CV</CoID>
		<CoID Type="CIKNo">0001788257</CoID>
		<CoID Type="OrganizationPermID">5036884725</CoID>
	</CoIDs>
	<Issues>
		<Issue ID="2" Type="C" Desc="Common Stock" Order="1">
			<IssueID Type="Name">Ordinary Shares</IssueID>
			<IssueID Type="Ticker">BWMX</IssueID>
			<IssueID Type="ISIN">MX00BW020002</IssueID>
			<IssueID Type="RIC">BWMX.O</IssueID>
			<IssueID Type="DisplayRIC">BWMX.OQ</IssueID>
			<IssueID Type="InstrumentPI">331660301</IssueID>
			<IssueID Type="QuotePI">331660302</IssueID>
			<IssueID Type="InstrumentPermID">25727393677</IssueID>
			<IssueID Type="QuotePermID">25727393676</IssueID>
			<Exchange Code="NASD" Country="USA">NASDAQ</Exchange>
			<GlobalListingType>OSR</GlobalListingType>
		</Issue>
	</Issues>
	<CoGeneralInfo>
		<CoStatus Code="1">Active</CoStatus>
		<CoType Code="EQU">Equity Issue</CoType>
		<LastModified>2020-09-29</LastModified>
		<LatestAvailableAnnual>2019-06-30</LatestAvailableAnnual>
		<LatestAvailableInterim>2019-12-31</LatestAvailableInterim>
		<SharesOut Date="2020-04-01" TotalFloat="3545801.0">34451020.0</SharesOut>
		<ReportingCurrency Code="USD">U.S. Dollars</ReportingCurrency>
		<MostRecentExchange Date="2021-02-03">1.0</MostRecentExchange>
	</CoGeneralInfo>
	<TextInfo>
		<Text Type="Business Summary" lastModified="2020-04-14T02:38:15">BETTERWARE DE MEXICO S.A. DE C.V. is a Mexico-based company that sells household appliances through an online portal. The Company operates through a Catalogue that shows the different retail household products that it comprises,including kitchen appliances, garden tools, and everyday accesories among other categories. The Company operates accross all of the Mexican states as Betterware's products reach every city in Mexico due to the strategic position of their production plant. </Text>
		<Text Type="Financial Summary" lastModified="2020-09-29T13:45:52">BRIEF: For the six months ended 31 December 2019,Betterware de Mexico SAB de CV revenues was not reported.Net loss totaled $245K vs. income of $68K. Basic Earningsper Share excluding Extraordinary Items decreased from$0.01 to -$0.03.</Text>
	</TextInfo>
	<contactInfo lastUpdated="2021-01-19T11:48:43">
		<streetAddress line="1">Calle Luis Enrique Williams 549</streetAddress>
		<streetAddress line="2">Colonia Parque Industrial Belenes</streetAddress>
		<streetAddress line="3"></streetAddress>
		<city>ZAPOPAN</city>
		<state-region></state-region>
		<postalCode>45150</postalCode>
		<country code="MEX">Mexico</country>
		<contactName></contactName>
		<contactTitle></contactTitle>
		<phone></phone>
	</contactInfo>
	<webLinks lastUpdated="2015-03-24T05:52:15"><webSite mainCategory="Home Page">http://www.betterware.com.mx</webSite><eMail mainCategory="Company Contact/E-mail">
		</eMail></webLinks>
	<peerInfo lastUpdated="2021-01-19T11:48:43">
		<IndustryInfo>
			<Industry type="TRBC" order="1" reported="0" code="5340201013" mnem="">Internet &amp; Mail Order Department Stores</Industry>
			<Industry type="NAICS" order="1" reported="0" code="454111" mnem="">Electronic Shopping</Industry>
			<Industry type="NAICS" order="2" reported="0" code="454113" mnem="">Mail-Order Houses</Industry>
			<Industry type="SIC" order="1" reported="0" code="5961" mnem="">Catalog And Mail-Order Houses</Industry>
		</IndustryInfo>
	</peerInfo>
	<officers>
		<officer rank="1" since="NA">
			<firstName>Luis</firstName>
			<mI></mI>
			<lastName>Campos</lastName>
			<age></age>
			<title startYear="NA" startMonth="" startDay="" iD1="PRE" abbr1="Pres." iD2="CEO" abbr2="CEO">President, Chief Executive Officer</title>
		</officer>
	</officers>
	<Ratios PriceCurrency="USD" ReportingCurrency="USD" ExchangeRate="1.00000" LatestAvailableDate="2019-12-31">
		<Group ID="Price and Volume">
			<Ratio FieldName="NPRICE" Type="N">39.98000</Ratio>
			<Ratio FieldName="NHIG" Type="N">42.95000</Ratio>
			<Ratio FieldName="NLOW" Type="N">5.67000</Ratio>
			<Ratio FieldName="PDATE" Type="D">2021-02-04T00:00:00</Ratio>
			<Ratio FieldName="VOL10DAVG" Type="N">0.03818</Ratio>
			<Ratio FieldName="EV" Type="N">1377.35172</Ratio>
		</Group>
		<Group ID="Income Statement">
			<Ratio FieldName="MKTCAP" Type="N">1377.35200</Ratio>
			<Ratio FieldName="TTMREV" Type="N">0.00000</Ratio>
			<Ratio FieldName="TTMEBITD" Type="N">-1.30393</Ratio>
			<Ratio FieldName="TTMNIAC" Type="N">-0.08530</Ratio>
		</Group>
		<Group ID="Per share data">
			<Ratio FieldName="TTMEPSXCLX" Type="N">-0.01181</Ratio>
			<Ratio FieldName="TTMREVPS" Type="N">0.00000</Ratio>
			<Ratio FieldName="QBVPS" Type="N">7.83030</Ratio>
			<Ratio FieldName="QCSHPS" Type="N">0.00004</Ratio>
			<Ratio FieldName="TTMCFSHR" Type="N">-99999.99000</Ratio>
			<Ratio FieldName="TTMDIVSHR" Type="N">0.00000</Ratio>
		</Group>
		<Group ID="Other Ratios">
			<Ratio FieldName="TTMGROSMGN" Type="N">-99999.99000</Ratio>
			<Ratio FieldName="TTMROEPCT" Type="N">-0.15130</Ratio>
			<Ratio FieldName="TTMPR2REV" Type="N">-99999.99000</Ratio>
			<Ratio FieldName="PEEXCLXOR" Type="N">-99999.99000</Ratio>
			<Ratio FieldName="PRICE2BK" Type="N">5.10581</Ratio>
			<Ratio FieldName="Employees" Type="N">-99999.99000</Ratio>
		</Group>
	</Ratios>
	<ForecastData ConsensusType="" CurFiscalYear="" CurFiscalYearEndMonth="" CurInterimEndCalYear="" CurInterimEndMonth="" EarningsBasis="">
		<Ratio FieldName="ConsRecom" Type="N">
			<Value PeriodType="CURR">-99999.99000</Value>
		</Ratio>
		<Ratio FieldName="TargetPrice" Type="N">
			<Value PeriodType="CURR">-99999.99000</Value>
		</Ratio>
		<Ratio FieldName="ProjLTGrowthRate" Type="N">
			<Value PeriodType="CURR">-99999.99000</Value>
		</Ratio>
		<Ratio FieldName="ProjPE" Type="N">
			<Value PeriodType="CURR">-99999.99000</Value>
		</Ratio>
		<Ratio FieldName="ProjSales" Type="N">
			<Value PeriodType="CURR">-99999.99000</Value>
		</Ratio>
		<Ratio FieldName="ProjSalesQ" Type="N">
			<Value PeriodType="CURR">-99999.99000</Value>
		</Ratio>
		<Ratio FieldName="ProjEPS" Type="N">
			<Value PeriodType="CURR">-99999.99000</Value>
		</Ratio>
		<Ratio FieldName="ProjEPSQ" Type="N">
			<Value PeriodType="CURR">-99999.99000</Value>
		</Ratio>
		<Ratio FieldName="ProjProfit" Type="N">
			<Value PeriodType="CURR">-99999.99000</Value>
		</Ratio>
		<Ratio FieldName="ProjDPS" Type="N">
			<Value PeriodType="CURR">-99999.99000</Value>
		</Ratio>
	</ForecastData>
</ReportSnapshot>
