<?xml version="1.0" encoding="UTF-8"?>
<ReportSnapshot Major="1" Minor="0" Revision="1">
	<CoIDs>
		<CoID Type="RepNo">A170F</CoID>
		<CoID Type="CompanyName">Broadway Financial Corp</CoID>
		<CoID Type="IRSNo">954547287</CoID>
		<CoID Type="CIKNo">0001001171</CoID>
		<CoID Type="OrganizationPermID">4295912712</CoID>
	</CoIDs>
	<Issues>
		<Issue ID="1" Type="C" Desc="Common Stock" Order="1">
			<IssueID Type="Name">Ordinary Shares</IssueID>
			<IssueID Type="Ticker">BYFC</IssueID>
			<IssueID Type="RIC">BYFC.O</IssueID>
			<IssueID Type="DisplayRIC">BYFC.OQ</IssueID>
			<IssueID Type="InstrumentPI">291155</IssueID>
			<IssueID Type="QuotePI">7694378</IssueID>
			<IssueID Type="InstrumentPermID">8589939362</IssueID>
			<IssueID Type="QuotePermID">55835317081</IssueID>
			<Exchange Code="NASD" Country="USA">NASDAQ</Exchange>
			<GlobalListingType>OSR</GlobalListingType>
			<MostRecentSplit Date="2002-12-02">2.0</MostRecentSplit>
		</Issue>
		<Issue ID="9" Type="C" Desc="Common Stock" Order="2">
			<IssueID Type="Name">Ordinary Shares</IssueID>
			<IssueID Type="InstrumentPI">162211535</IssueID>
			<IssueID Type="InstrumentPermID">21544051859</IssueID>
			<Exchange Code="NA" Country="">Not Available</Exchange>
		</Issue>
		<Issue ID="3" Type="P" Desc="Preferred Stock" Order="1">
			<IssueID Type="Name">Preference Shares</IssueID>
			<IssueID Type="InstrumentPI">118031459</IssueID>
			<IssueID Type="InstrumentPermID">21512727773</IssueID>
			<Exchange Code="NASD" Country="USA">NASDAQ</Exchange>
		</Issue>
		<Issue ID="2" Type="P" Desc="Preferred Stock" Order="2">
			<IssueID Type="Name">Preference Shares</IssueID>
			<IssueID Type="InstrumentPI">118031346</IssueID>
			<IssueID Type="InstrumentPermID">21512727681</IssueID>
			<Exchange Code="NASD" Country="USA">NASDAQ</Exchange>
		</Issue>
		<Issue ID="5" Type="P" Desc="Preferred Stock" Order="3">
			<IssueID Type="Name">Preference Shares</IssueID>
			<IssueID Type="InstrumentPI">118031654</IssueID>
			<IssueID Type="InstrumentPermID">21512727978</IssueID>
			<Exchange Code="NASD" Country="USA">NASDAQ</Exchange>
		</Issue>
		<Issue ID="6" Type="P" Desc="Preferred Stock" Order="4">
			<IssueID Type="Name">Preference Shares</IssueID>
			<IssueID Type="InstrumentPI">118031766</IssueID>
			<IssueID Type="InstrumentPermID">21512728121</IssueID>
			<Exchange Code="NASD" Country="USA">NASDAQ</Exchange>
		</Issue>
		<Issue ID="4" Type="P" Desc="Preferred Stock" Order="5">
			<IssueID Type="Name">Preference Shares</IssueID>
			<IssueID Type="InstrumentPI">118031555</IssueID>
			<IssueID Type="InstrumentPermID">21512727883</IssueID>
			<Exchange Code="NASD" Country="USA">NASDAQ</Exchange>
		</Issue>
		<Issue ID="7" Type="P" Desc="Preferred Stock" Order="6">
			<IssueID Type="Name">Preference Shares</IssueID>
			<IssueID Type="InstrumentPI">151192214</IssueID>
			<IssueID Type="InstrumentPermID">21536021958</IssueID>
			<Exchange Code="NA" Country="">Not Available</Exchange>
		</Issue>
		<Issue ID="8" Type="P" Desc="Preferred Stock" Order="7">
			<IssueID Type="Name">Preference Shares</IssueID>
			<IssueID Type="InstrumentPI">151192215</IssueID>
			<IssueID Type="InstrumentPermID">21536021959</IssueID>
			<Exchange Code="NA" Country="">Not Available</Exchange>
		</Issue>
	</Issues>
	<CoGeneralInfo>
		<CoStatus Code="1">Active</CoStatus>
		<CoType Code="EQU">Equity Issue</CoType>
		<LastModified>2020-11-19</LastModified>
		<LatestAvailableAnnual>2019-12-31</LatestAvailableAnnual>
		<LatestAvailableInterim>2020-09-30</LatestAvailableInterim>
		<Employees LastUpdated="2019-12-31">62</Employees>
		<SharesOut Date="2020-11-12" TotalFloat="14656275.0">28038154.0</SharesOut>
		<ReportingCurrency Code="USD">U.S. Dollars</ReportingCurrency>
		<MostRecentExchange Date="2021-02-03">1.0</MostRecentExchange>
	</CoGeneralInfo>
	<TextInfo>
		<Text Type="Business Summary" lastModified="2016-05-23T00:40:50">Broadway Financial Corporation is a savings and loan holding company. The Company is engaged in the savings and loan business through its subsidiary, Broadway Federal Bank, f.s.b. (the Bank). The Bank is a community-oriented savings institution. The Bank's business consists of deposits from the general public and using such deposits, together with borrowings and other funds, to make mortgage loans secured by residential properties with over five or more units (multi-family); commercial real estate, and residential properties with one-to four-units (single family). Its loan portfolio consists of mortgage loans, which are secured by single family residential properties; multi-family properties, and commercial real estate, including churches. Its deposits consist of passbook savings accounts, checking accounts, negotiable order of withdrawal (NOW) accounts, money market accounts and fixed-term certificates of deposit.</Text>
		<Text Type="Financial Summary" lastModified="2020-11-19T07:43:19">BRIEF: For the nine months ended 30 September 2020,Broadway Financial Corp interest income increased 10% to$13.7M. Net interest income after loan loss provisionincreased 16% to $9.3M.  Net loss applicable to commonstockholders decreased 55% to $61K. Net interest incomeafter loan loss provision reflects Interest and fees onloans receivable increase of 13% to $13.2M.</Text>
	</TextInfo>
	<contactInfo lastUpdated="2021-01-04T21:18:23">
		<streetAddress line="1">5055 Wilshire Blvd Ste 500</streetAddress>
		<streetAddress line="2"></streetAddress>
		<streetAddress line="3"></streetAddress>
		<city>LOS ANGELES</city>
		<state-region>CA</state-region>
		<postalCode>90036-6103</postalCode>
		<country code="USA">United States</country>
		<contactName></contactName>
		<contactTitle></contactTitle>
		<phone>
			<phone type="mainphone">
				<countryPhoneCode>1</countryPhoneCode>
				<city-areacode>323</city-areacode>
				<number>6341700</number>
			</phone>
			<phone type="mainfax">
				<countryPhoneCode>1</countryPhoneCode>
				<city-areacode>323</city-areacode>
				<number>6341717</number>
			</phone>
		</phone>
	</contactInfo>
	<webLinks lastUpdated="2019-12-02T11:03:21"><webSite mainCategory=""></webSite><eMail mainCategory="Company Contact/E-mail">investor.relations@broadwayfederalbank.com</eMail></webLinks>
	<peerInfo lastUpdated="2021-01-04T21:18:23">
		<IndustryInfo>
			<Industry type="TRBC" order="1" reported="0" code="5510101010" mnem="">Banks - NEC</Industry>
			<Industry type="NAICS" order="1" reported="0" code="522120" mnem="">Savings Institutions</Industry>
			<Industry type="NAICS" order="2" reported="0" code="551111" mnem="">Offices of Bank Holding Companies</Industry>
			<Industry type="SIC" order="0" reported="1" code="6035" mnem="">Federal Savings Institutions</Industry>
			<Industry type="SIC" order="1" reported="0" code="6035" mnem="">Federal Savings Institutions</Industry>
			<Industry type="SIC" order="2" reported="0" code="6712" mnem="">Bank Holding Companies</Industry>
		</IndustryInfo>
	</peerInfo>
	<officers>
		<officer rank="1" since="09/26/2012">
			<firstName>Virgil</firstName>
			<mI>P.</mI>
			<lastName>Roberts</lastName>
			<age>73 </age>
			<title startYear="2012" startMonth="09" startDay="26" iD1="CHM" abbr1="Chmn." iD2="IND" abbr2="Ind. Dir.">Independent Chairman of the Board</title>
		</officer>
		<officer rank="2" since="02/2009">
			<firstName>Wayne-Kent</firstName>
			<mI>A.</mI>
			<lastName>Bradshaw</lastName>
			<age>73 </age>
			<title startYear="2013" startMonth="12" startDay="31" iD1="PRE" abbr1="Pres." iD2="CEO" abbr2="CEO">President, Chief Executive Officer, Director of the Company and the Bank</title>
		</officer>
		<officer rank="3" since="01/31/2013">
			<firstName>Brenda</firstName>
			<mI></mI>
			<lastName>Battey</lastName>
			<age>62 </age>
			<title startYear="2013" startMonth="06" startDay="" iD1="CFO" abbr1="CFO" iD2="EVP" abbr2="Exec. VP">Chief Financial Officer, Executive Vice President of the Company and the Bank</title>
		</officer>
		<officer rank="4" since="07/2012">
			<firstName>Norman</firstName>
			<mI></mI>
			<lastName>Bellefeuille</lastName>
			<age>67 </age>
			<title startYear="2012" startMonth="07" startDay="" iD1="OTH" abbr1="Other" iD2="" abbr2="">Executive Vice President and Chief Loan Officer of the Bank</title>
		</officer>
		<officer rank="5" since="07/2014">
			<firstName>Ruth</firstName>
			<mI></mI>
			<lastName>McCloud</lastName>
			<age>71 </age>
			<title startYear="2014" startMonth="07" startDay="" iD1="OTH" abbr1="Other" iD2="" abbr2="">Executive Vice President / Chief Retail Banking Officer of the Bank</title>
		</officer>
	</officers>
	<Ratios PriceCurrency="USD" ReportingCurrency="USD" ExchangeRate="1.00000" LatestAvailableDate="2020-09-30">
		<Group ID="Price and Volume">
			<Ratio FieldName="NPRICE" Type="N">2.13000</Ratio>
			<Ratio FieldName="NHIG" Type="N">7.23000</Ratio>
			<Ratio FieldName="NLOW" Type="N">1.04000</Ratio>
			<Ratio FieldName="PDATE" Type="D">2021-02-04T00:00:00</Ratio>
			<Ratio FieldName="VOL10DAVG" Type="N">2.48369</Ratio>
			<Ratio FieldName="EV" Type="N">-0.09986</Ratio>
		</Group>
		<Group ID="Income Statement">
			<Ratio FieldName="MKTCAP" Type="N">41.07014</Ratio>
			<Ratio FieldName="TTMREV" Type="N">18.08700</Ratio>
			<Ratio FieldName="TTMEBITD" Type="N">2.00000</Ratio>
			<Ratio FieldName="TTMNIAC" Type="N">-0.13200</Ratio>
		</Group>
		<Group ID="Per share data">
			<Ratio FieldName="TTMEPSXCLX" Type="N">-0.00494</Ratio>
			<Ratio FieldName="TTMREVPS" Type="N">0.47643</Ratio>
			<Ratio FieldName="QBVPS" Type="N">1.76067</Ratio>
			<Ratio FieldName="QCSHPS" Type="N">1.59568</Ratio>
			<Ratio FieldName="TTMCFSHR" Type="N">0.00354</Ratio>
			<Ratio FieldName="TTMDIVSHR" Type="N">0.00000</Ratio>
		</Group>
		<Group ID="Other Ratios">
			<Ratio FieldName="TTMGROSMGN" Type="N">-99999.99000</Ratio>
			<Ratio FieldName="TTMROEPCT" Type="N">-0.26877</Ratio>
			<Ratio FieldName="TTMPR2REV" Type="N">3.17438</Ratio>
			<Ratio FieldName="PEEXCLXOR" Type="N">-99999.99000</Ratio>
			<Ratio FieldName="PRICE2BK" Type="N">1.20977</Ratio>
			<Ratio FieldName="Employees" Type="N">62</Ratio>
		</Group>
	</Ratios>
	<ForecastData ConsensusType="" CurFiscalYear="" CurFiscalYearEndMonth="" CurInterimEndCalYear="" CurInterimEndMonth="" EarningsBasis="">
		<Ratio FieldName="ConsRecom" Type="N">
			<Value PeriodType="CURR">-99999.99000</Value>
		</Ratio>
		<Ratio FieldName="TargetPrice" Type="N">
			<Value PeriodType="CURR">-99999.99000</Value>
		</Ratio>
		<Ratio FieldName="ProjLTGrowthRate" Type="N">
			<Value PeriodType="CURR">-99999.99000</Value>
		</Ratio>
		<Ratio FieldName="ProjPE" Type="N">
			<Value PeriodType="CURR">-99999.99000</Value>
		</Ratio>
		<Ratio FieldName="ProjSales" Type="N">
			<Value PeriodType="CURR">-99999.99000</Value>
		</Ratio>
		<Ratio FieldName="ProjSalesQ" Type="N">
			<Value PeriodType="CURR">-99999.99000</Value>
		</Ratio>
		<Ratio FieldName="ProjEPS" Type="N">
			<Value PeriodType="CURR">-99999.99000</Value>
		</Ratio>
		<Ratio FieldName="ProjEPSQ" Type="N">
			<Value PeriodType="CURR">-99999.99000</Value>
		</Ratio>
		<Ratio FieldName="ProjProfit" Type="N">
			<Value PeriodType="CURR">-99999.99000</Value>
		</Ratio>
		<Ratio FieldName="ProjDPS" Type="N">
			<Value PeriodType="CURR">-99999.99000</Value>
		</Ratio>
	</ForecastData>
</ReportSnapshot>
