<?xml version="1.0" encoding="UTF-8"?>
<ReportSnapshot Major="1" Minor="0" Revision="1">
	<CoIDs>
		<CoID Type="RepNo">A748E</CoID>
		<CoID Type="CompanyName">China Automotive Systems, Inc.</CoID>
		<CoID Type="IRSNo">330885775</CoID>
		<CoID Type="CIKNo">0001157762</CoID>
		<CoID Type="OrganizationPermID">4295865651</CoID>
	</CoIDs>
	<Issues>
		<Issue ID="1" Type="C" Desc="Common Stock" Order="1">
			<IssueID Type="Name">Ordinary Shares</IssueID>
			<IssueID Type="Ticker">CAAS</IssueID>
			<IssueID Type="RIC">CAAS.O</IssueID>
			<IssueID Type="DisplayRIC">CAAS.OQ</IssueID>
			<IssueID Type="InstrumentPI">8174590</IssueID>
			<IssueID Type="QuotePI">17897505</IssueID>
			<IssueID Type="InstrumentPermID">8590928439</IssueID>
			<IssueID Type="QuotePermID">55835317136</IssueID>
			<Exchange Code="NASD" Country="USA">NASDAQ</Exchange>
			<GlobalListingType>OSR</GlobalListingType>
		</Issue>
	</Issues>
	<CoGeneralInfo>
		<CoStatus Code="1">Active</CoStatus>
		<CoType Code="EQU">Equity Issue</CoType>
		<LastModified>2020-11-18</LastModified>
		<LatestAvailableAnnual>2019-12-31</LatestAvailableAnnual>
		<LatestAvailableInterim>2020-09-30</LatestAvailableInterim>
		<Employees LastUpdated="2019-12-31">4039</Employees>
		<SharesOut Date="2020-11-12" TotalFloat="11602629.0">30851776.0</SharesOut>
		<ReportingCurrency Code="USD">U.S. Dollars</ReportingCurrency>
		<MostRecentExchange Date="2021-02-03">1.0</MostRecentExchange>
	</CoGeneralInfo>
	<TextInfo>
		<Text Type="Business Summary" lastModified="2016-05-31T02:32:49">China Automotive Systems, Inc., (China Automotive) is a holding company. The Company, through its subsidiary, Great Genesis Holdings Limited (Genesis), owns interests in over eight Sino-joint ventures and over five subsidiaries in the People's Republic of China (PRC), which manufacture power steering systems and/or related products for various segments of the automobile industry. Genesis also owns interests in a Brazil-based trading company, which engages mainly in the import and sales of automotive parts in Brazil. Henglong USA Corporation (HLUSA), which is a subsidiary of the Company, engages in marketing of automotive parts in North America, and provides after sales service and research and development support. The Company's geographical segments include the United States, China and other foreign countries. One of its subsidiaries, Shenyang Jinbei Henglong Automotive Steering System Co., Ltd., focuses on power steering parts for light duty vehicles.</Text>
		<Text Type="Financial Summary" lastModified="2020-11-18T10:27:24">BRIEF: For the nine months ended 30 September 2020, ChinaAutomotive Systems, Inc. revenues decreased 14% to $271.2M.Net loss totaled $1.8M vs. income of $8.2M. Revenuesreflect Henglong KYB segment decrease of 40% to $33M,Henglong segment decrease of 14% to $100.7M. Net lossreflects Foreign exchange gain, net decrease from $708K(income) to $3.8M (expense), Gain on other sales decreaseof 40% to $2.9M (income).</Text>
	</TextInfo>
	<contactInfo lastUpdated="2020-12-03T07:00:24">
		<streetAddress line="1">No. 1 Henglong Road</streetAddress>
		<streetAddress line="2">Yu Qiao Development Zone, Shashi Dist</streetAddress>
		<streetAddress line="3"></streetAddress>
		<city>JINGZHOU</city>
		<state-region>HUB</state-region>
		<postalCode>434000</postalCode>
		<country code="CHN">China</country>
		<contactName></contactName>
		<contactTitle></contactTitle>
		<phone>
			<phone type="mainphone">
				<countryPhoneCode>86</countryPhoneCode>
				<city-areacode>716</city-areacode>
				<number>4127901</number>
			</phone>
			<phone type="mainfax">
				<countryPhoneCode>86</countryPhoneCode>
				<city-areacode>27</city-areacode>
				<number>87570088</number>
			</phone>
		</phone>
	</contactInfo>
	<webLinks lastUpdated="2014-06-23T06:43:37"><webSite mainCategory="Home Page">http://www.caasauto.com</webSite><eMail mainCategory="Company Contact/E-mail">Kevin@awakenlab.com</eMail></webLinks>
	<peerInfo lastUpdated="2020-12-03T07:00:24">
		<IndustryInfo>
			<Industry type="TRBC" order="1" reported="0" code="5310102014" mnem="">Automotive Systems</Industry>
			<Industry type="NAICS" order="1" reported="0" code="336330" mnem="">Motor Vehicle Steering and Suspension Components (except Spring) Manufacturing</Industry>
			<Industry type="NAICS" order="2" reported="0" code="551112" mnem="">Offices of Other Holding Companies</Industry>
			<Industry type="SIC" order="0" reported="1" code="3714" mnem="">Motor Vehicle Parts/accessories</Industry>
			<Industry type="SIC" order="1" reported="0" code="3714" mnem="">Motor Vehicle Parts/accessories</Industry>
			<Industry type="SIC" order="2" reported="0" code="6719" mnem="">Holding Companies, Nec</Industry>
		</IndustryInfo>
	</peerInfo>
	<officers>
		<officer rank="1" since="03/10/2003">
			<firstName>Hanlin</firstName>
			<mI></mI>
			<lastName>Chen</lastName>
			<age>62 </age>
			<title startYear="2007" startMonth="09" startDay="25" iD1="CHM" abbr1="Chmn." iD2="DRC" abbr2="Dir.">Chairman of the Board</title>
		</officer>
		<officer rank="2" since="03/2003">
			<firstName>Qizhou</firstName>
			<mI></mI>
			<lastName>Wu</lastName>
			<age>55 </age>
			<title startYear="2007" startMonth="09" startDay="25" iD1="CEO" abbr1="CEO" iD2="DRC" abbr2="Dir.">Chief Executive Officer, Director</title>
		</officer>
		<officer rank="3" since="09/25/2007">
			<firstName>Jie</firstName>
			<mI></mI>
			<lastName>Li</lastName>
			<age>50 </age>
			<title startYear="2007" startMonth="09" startDay="25" iD1="CFO" abbr1="CFO" iD2="" abbr2="">Chief Financial Officer</title>
		</officer>
		<officer rank="4" since="03/10/2003">
			<firstName>Yiu</firstName>
			<mI>Wong</mI>
			<lastName>Tse</lastName>
			<age>49 </age>
			<title startYear="2007" startMonth="05" startDay="22" iD1="SVP" abbr1="Sr. VP" iD2="" abbr2="">Senior Vice President</title>
		</officer>
		<officer rank="5" since="12/2009">
			<firstName>Haimian</firstName>
			<mI></mI>
			<lastName>Cai</lastName>
			<age>56 </age>
			<title startYear="2009" startMonth="12" startDay="" iD1="VPR" abbr1="VP" iD2="" abbr2="">Vice President</title>
		</officer>
		<officer rank="6" since="12/2009">
			<firstName>Yijun</firstName>
			<mI></mI>
			<lastName>Xia</lastName>
			<age>57 </age>
			<title startYear="2009" startMonth="12" startDay="" iD1="VPR" abbr1="VP" iD2="" abbr2="">Vice President</title>
		</officer>
	</officers>
	<Ratios PriceCurrency="USD" ReportingCurrency="USD" ExchangeRate="1.00000" LatestAvailableDate="2020-09-30">
		<Group ID="Price and Volume">
			<Ratio FieldName="NPRICE" Type="N">6.52000</Ratio>
			<Ratio FieldName="NHIG" Type="N">13.69380</Ratio>
			<Ratio FieldName="NLOW" Type="N">1.42500</Ratio>
			<Ratio FieldName="PDATE" Type="D">2021-02-04T00:00:00</Ratio>
			<Ratio FieldName="VOL10DAVG" Type="N">0.23890</Ratio>
			<Ratio FieldName="EV" Type="N">167.86060</Ratio>
		</Group>
		<Group ID="Income Statement">
			<Ratio FieldName="MKTCAP" Type="N">201.15360</Ratio>
			<Ratio FieldName="TTMREV" Type="N">387.10000</Ratio>
			<Ratio FieldName="TTMEBITD" Type="N">11.74600</Ratio>
			<Ratio FieldName="TTMNIAC" Type="N">-0.03500</Ratio>
		</Group>
		<Group ID="Per share data">
			<Ratio FieldName="TTMEPSXCLX" Type="N">-0.00126</Ratio>
			<Ratio FieldName="TTMREVPS" Type="N">12.40766</Ratio>
			<Ratio FieldName="QBVPS" Type="N">9.50357</Ratio>
			<Ratio FieldName="QCSHPS" Type="N">2.65032</Ratio>
			<Ratio FieldName="TTMCFSHR" Type="N">0.42739</Ratio>
			<Ratio FieldName="TTMDIVSHR" Type="N">0.00000</Ratio>
		</Group>
		<Group ID="Other Ratios">
			<Ratio FieldName="TTMGROSMGN" Type="N">12.75174</Ratio>
			<Ratio FieldName="TTMROEPCT" Type="N">-0.01212</Ratio>
			<Ratio FieldName="TTMPR2REV" Type="N">0.51964</Ratio>
			<Ratio FieldName="PEEXCLXOR" Type="N">-99999.99000</Ratio>
			<Ratio FieldName="PRICE2BK" Type="N">0.68606</Ratio>
			<Ratio FieldName="Employees" Type="N">4039</Ratio>
		</Group>
	</Ratios>
	<ForecastData ConsensusType="Mean" CurFiscalYear="2020" CurFiscalYearEndMonth="12" CurInterimEndCalYear="2020" CurInterimEndMonth="12" EarningsBasis="REP">
		<Ratio FieldName="ConsRecom" Type="N">
			<Value PeriodType="CURR">4</Value>
		</Ratio>
		<Ratio FieldName="TargetPrice" Type="N">
			<Value PeriodType="CURR">5.00000</Value>
		</Ratio>
		<Ratio FieldName="ProjLTGrowthRate" Type="N">
			<Value PeriodType="CURR">-99999.99000</Value>
		</Ratio>
		<Ratio FieldName="ProjPE" Type="N">
			<Value PeriodType="CURR">-130.40000</Value>
		</Ratio>
		<Ratio FieldName="ProjSales" Type="N">
			<Value PeriodType="CURR">387.06600</Value>
		</Ratio>
		<Ratio FieldName="ProjSalesQ" Type="N">
			<Value PeriodType="CURR">115.91000</Value>
		</Ratio>
		<Ratio FieldName="ProjEPS" Type="N">
			<Value PeriodType="CURR">-0.05000</Value>
		</Ratio>
		<Ratio FieldName="ProjEPSQ" Type="N">
			<Value PeriodType="CURR">0.01000</Value>
		</Ratio>
		<Ratio FieldName="ProjProfit" Type="N">
			<Value PeriodType="CURR">-1.44700</Value>
		</Ratio>
		<Ratio FieldName="ProjDPS" Type="N">
			<Value PeriodType="CURR">-99999.99000</Value>
		</Ratio>
	</ForecastData>
</ReportSnapshot>
