<?xml version="1.0" encoding="UTF-8"?>
<ReportSnapshot Major="1" Minor="0" Revision="1">
	<CoIDs>
		<CoID Type="RepNo">059A1</CoID>
		<CoID Type="CompanyName">Cabaletta Bio Inc</CoID>
		<CoID Type="IRSNo">333234017</CoID>
		<CoID Type="CIKNo">0117406829</CoID>
		<CoID Type="OrganizationPermID">5066607195</CoID>
	</CoIDs>
	<Issues>
		<Issue ID="1" Type="C" Desc="Common Stock" Order="1">
			<IssueID Type="Name">Ordinary Shares</IssueID>
			<IssueID Type="Ticker">CABA</IssueID>
			<IssueID Type="RIC">CABA.O</IssueID>
			<IssueID Type="DisplayRIC">CABA.OQ</IssueID>
			<IssueID Type="InstrumentPI">390832479</IssueID>
			<IssueID Type="QuotePI">391233263</IssueID>
			<IssueID Type="InstrumentPermID">21714779175</IssueID>
			<IssueID Type="QuotePermID">25727363123</IssueID>
			<Exchange Code="NASD" Country="USA">NASDAQ</Exchange>
			<GlobalListingType>OSR</GlobalListingType>
		</Issue>
	</Issues>
	<CoGeneralInfo>
		<CoStatus Code="1">Active</CoStatus>
		<CoType Code="EQU">Equity Issue</CoType>
		<LastModified>2020-11-16</LastModified>
		<LatestAvailableAnnual>2019-12-31</LatestAvailableAnnual>
		<LatestAvailableInterim>2020-09-30</LatestAvailableInterim>
		<Employees LastUpdated="2020-09-30">31</Employees>
		<SharesOut Date="2020-11-02" TotalFloat="22798426.0">24055467.0</SharesOut>
		<ReportingCurrency Code="USD">U.S. Dollars</ReportingCurrency>
		<MostRecentExchange Date="2021-02-03">1.0</MostRecentExchange>
	</CoGeneralInfo>
	<TextInfo>
		<Text Type="Business Summary" lastModified="2019-10-27T23:55:35">Cabaletta Bio Inc. is a clinical stage biotechnology company. The Company is focused on discovery and development of engineered T-cell therapies for B cell-mediated autoimmune diseases. The T cells are designed to selectively bind and eliminate B cells that produce disease-causing autoantibodies, or pathogenic B cells, while sparing normal B cells. The Companys lead CAAR T cell product candidate are designed based on chimeric antigen receptor, and its T cell technology has been developed and is marketed for the treatment of B cell cancers. The Company has discovered and developed four product candidates, including its lead product candidate, to potentially treat patients with mucosal pemphigus vulgaris (mPV), and three additional product candidates that have demonstrated specific and selective target engagement in vitro. Its product pipelines include DSG3-CAART, DSG3/1-CAART, Musk-CAART and FVIII-CAART. </Text>
		<Text Type="Financial Summary" lastModified="2020-11-16T10:40:51">BRIEF: For the nine months ended 30 September 2020,Cabaletta Bio Inc revenues was not reported. Net lossapplicable to common stockholders increased 42% to $24M.Higher net loss reflects Research and development increaseof 84% to $14.2M (expense), General and administrativeincrease of 99% to $7.3M (expense), Stock-basedCompensation in SGA increase from $519K to $1.6M (expense).</Text>
	</TextInfo>
	<contactInfo lastUpdated="2020-12-11T17:52:57">
		<streetAddress line="1">2929 Arch St Ste 600</streetAddress>
		<streetAddress line="2"></streetAddress>
		<streetAddress line="3"></streetAddress>
		<city>PHILADELPHIA</city>
		<state-region>PA</state-region>
		<postalCode>19104-2857</postalCode>
		<country code="USA">United States</country>
		<contactName></contactName>
		<contactTitle></contactTitle>
		<phone>
			<phone type="mainphone">
				<countryPhoneCode>1</countryPhoneCode>
				<city-areacode>267</city-areacode>
				<number>7593100</number>
			</phone>
			<phone type="mainfax">
				<countryPhoneCode>1</countryPhoneCode>
				<city-areacode>302</city-areacode>
				<number>6555049</number>
			</phone>
		</phone>
	</contactInfo>
	<webLinks lastUpdated="2019-10-25T00:00:05"><webSite mainCategory="Home Page">https://www.cabalettabio.com/</webSite><eMail mainCategory="Company Contact/E-mail">investors@cabalettabio.com</eMail></webLinks>
	<peerInfo lastUpdated="2020-12-11T17:52:57">
		<IndustryInfo>
			<Industry type="TRBC" order="1" reported="0" code="5620201011" mnem="">Bio Therapeutic Drugs</Industry>
			<Industry type="NAICS" order="1" reported="0" code="541711" mnem="">Research and Development in Biotechnology</Industry>
			<Industry type="SIC" order="1" reported="0" code="8731" mnem="">Commercial Physical Research</Industry>
		</IndustryInfo>
	</peerInfo>
	<officers>
		<officer rank="1" since="2017">
			<firstName>Steven</firstName>
			<mI></mI>
			<lastName>Nichtberger</lastName>
			<age></age>
			<title startYear="2017" startMonth="" startDay="" iD1="CHM" abbr1="Chmn." iD2="PRE" abbr2="Pres.">Chairman of the Board, President, Chief Executive Officer, Co-Founder</title>
		</officer>
		<officer rank="2" since="01/2019">
			<firstName>Anup</firstName>
			<mI></mI>
			<lastName>Marda</lastName>
			<age>42 </age>
			<title startYear="2019" startMonth="01" startDay="" iD1="CFO" abbr1="CFO" iD2="" abbr2="">Chief Financial Officer</title>
		</officer>
		<officer rank="3" since="02/01/2019">
			<firstName>Gwendolyn</firstName>
			<mI>Knowlton</mI>
			<lastName>Binder-Scholl</lastName>
			<age>45 </age>
			<title startYear="2019" startMonth="02" startDay="01" iD1="EVP" abbr1="Exec. VP" iD2="" abbr2="">Executive Vice President, Science &amp; Technology</title>
		</officer>
		<officer rank="4" since="09/2019">
			<firstName>J. Brian</firstName>
			<mI></mI>
			<lastName>Stalter</lastName>
			<age>48 </age>
			<title startYear="2019" startMonth="09" startDay="" iD1="GCN" abbr1="Counsel" iD2="" abbr2="">General Counsel</title>
		</officer>
		<officer rank="5" since="06/2019">
			<firstName>David</firstName>
			<mI>J.</mI>
			<lastName>Chang</lastName>
			<age>57 </age>
			<title startYear="2019" startMonth="06" startDay="" iD1="OTH" abbr1="Other" iD2="" abbr2="">Chief Medical Officer</title>
		</officer>
	</officers>
	<Ratios PriceCurrency="USD" ReportingCurrency="USD" ExchangeRate="1.00000" LatestAvailableDate="2020-09-30">
		<Group ID="Price and Volume">
			<Ratio FieldName="NPRICE" Type="N">12.93000</Ratio>
			<Ratio FieldName="NHIG" Type="N">18.65000</Ratio>
			<Ratio FieldName="NLOW" Type="N">5.51000</Ratio>
			<Ratio FieldName="PDATE" Type="D">2021-02-04T00:00:00</Ratio>
			<Ratio FieldName="VOL10DAVG" Type="N">0.10682</Ratio>
			<Ratio FieldName="EV" Type="N">194.29620</Ratio>
		</Group>
		<Group ID="Income Statement">
			<Ratio FieldName="MKTCAP" Type="N">311.03720</Ratio>
			<Ratio FieldName="TTMREV" Type="N">0.00000</Ratio>
			<Ratio FieldName="TTMEBITD" Type="N">-30.06800</Ratio>
			<Ratio FieldName="TTMNIAC" Type="N">-29.43300</Ratio>
		</Group>
		<Group ID="Per share data">
			<Ratio FieldName="TTMEPSXCLX" Type="N">-1.23469</Ratio>
			<Ratio FieldName="TTMREVPS" Type="N">0.00000</Ratio>
			<Ratio FieldName="QBVPS" Type="N">4.88475</Ratio>
			<Ratio FieldName="QCSHPS" Type="N">4.85299</Ratio>
			<Ratio FieldName="TTMCFSHR" Type="N">-1.19615</Ratio>
			<Ratio FieldName="TTMDIVSHR" Type="N">0.00000</Ratio>
		</Group>
		<Group ID="Other Ratios">
			<Ratio FieldName="TTMGROSMGN" Type="N">-99999.99000</Ratio>
			<Ratio FieldName="TTMROEPCT" Type="N">-64.38368</Ratio>
			<Ratio FieldName="TTMPR2REV" Type="N">-99999.99000</Ratio>
			<Ratio FieldName="PEEXCLXOR" Type="N">-99999.99000</Ratio>
			<Ratio FieldName="PRICE2BK" Type="N">2.64701</Ratio>
			<Ratio FieldName="Employees" Type="N">31</Ratio>
		</Group>
	</Ratios>
	<ForecastData ConsensusType="Mean" CurFiscalYear="2020" CurFiscalYearEndMonth="12" CurInterimEndCalYear="2020" CurInterimEndMonth="12" EarningsBasis="PRX">
		<Ratio FieldName="ConsRecom" Type="N">
			<Value PeriodType="CURR">2</Value>
		</Ratio>
		<Ratio FieldName="TargetPrice" Type="N">
			<Value PeriodType="CURR">22.50000</Value>
		</Ratio>
		<Ratio FieldName="ProjLTGrowthRate" Type="N">
			<Value PeriodType="CURR">-99999.99000</Value>
		</Ratio>
		<Ratio FieldName="ProjPE" Type="N">
			<Value PeriodType="CURR">-9.26882</Value>
		</Ratio>
		<Ratio FieldName="ProjSales" Type="N">
			<Value PeriodType="CURR">0.00000</Value>
		</Ratio>
		<Ratio FieldName="ProjSalesQ" Type="N">
			<Value PeriodType="CURR">0.00000</Value>
		</Ratio>
		<Ratio FieldName="ProjEPS" Type="N">
			<Value PeriodType="CURR">-1.39500</Value>
		</Ratio>
		<Ratio FieldName="ProjEPSQ" Type="N">
			<Value PeriodType="CURR">-0.36250</Value>
		</Ratio>
		<Ratio FieldName="ProjProfit" Type="N">
			<Value PeriodType="CURR">-32.72230</Value>
		</Ratio>
		<Ratio FieldName="ProjDPS" Type="N">
			<Value PeriodType="CURR">-99999.99000</Value>
		</Ratio>
	</ForecastData>
</ReportSnapshot>
