<?xml version="1.0" encoding="UTF-8"?>
<ReportSnapshot Major="1" Minor="0" Revision="1">
	<CoIDs>
		<CoID Type="RepNo">A0174</CoID>
		<CoID Type="CompanyName">Credit Acceptance Corp.</CoID>
		<CoID Type="IRSNo">381999511</CoID>
		<CoID Type="CIKNo">0000885550</CoID>
		<CoID Type="OrganizationPermID">4295906081</CoID>
	</CoIDs>
	<Issues>
		<Issue ID="1" Type="C" Desc="Common Stock" Order="1">
			<IssueID Type="Name">Ordinary Shares</IssueID>
			<IssueID Type="Ticker">CACC</IssueID>
			<IssueID Type="RIC">CACC.O</IssueID>
			<IssueID Type="DisplayRIC">CACC.OQ</IssueID>
			<IssueID Type="InstrumentPI">321394</IssueID>
			<IssueID Type="QuotePI">25858663</IssueID>
			<IssueID Type="InstrumentPermID">8590939995</IssueID>
			<IssueID Type="QuotePermID">55835317774</IssueID>
			<Exchange Code="NASD" Country="USA">NASDAQ</Exchange>
			<GlobalListingType>OSR</GlobalListingType>
			<MostRecentSplit Date="1994-12-21">2.0</MostRecentSplit>
		</Issue>
	</Issues>
	<CoGeneralInfo>
		<CoStatus Code="1">Active</CoStatus>
		<CoType Code="EQU">Equity Issue</CoType>
		<LastModified>2021-02-01</LastModified>
		<LatestAvailableAnnual>2020-12-31</LatestAvailableAnnual>
		<LatestAvailableInterim>2020-12-31</LatestAvailableInterim>
		<Employees LastUpdated="2019-12-31">2016</Employees>
		<SharesOut Date="2020-12-31" TotalFloat="11783705.0">17092432.0</SharesOut>
		<ReportingCurrency Code="USD">U.S. Dollars</ReportingCurrency>
		<MostRecentExchange Date="2021-02-03">1.0</MostRecentExchange>
	</CoGeneralInfo>
	<TextInfo>
		<Text Type="Business Summary" lastModified="2017-02-27T02:02:16">Credit Acceptance Corporation offers financing programs that enable automobile dealers to sell vehicles to consumers. The Company's financing programs are offered through a network of automobile dealers. The Company has two Dealers financing programs: the Portfolio Program and the Purchase Program. Under the Portfolio Program, the Company advances money to dealers (Dealer Loan) in exchange for the right to service the underlying consumer loans. Under the Purchase Program, the Company buys the consumer loans from the dealers (Purchased Loan) and keeps the amounts collected from the consumer. Dealer Loans and Purchased Loans are collectively referred to as Loans. As of December 31, 2016, the Company's target market included approximately 60,000 independent and franchised automobile dealers in the United States. The Company has market area managers located throughout the United States that market its programs to dealers, enroll new dealers and support active dealers.</Text>
		<Text Type="Financial Summary" lastModified="2021-02-01T21:55:08">BRIEF: For the fiscal year ended 31 December 2020, CreditAcceptance Corp. revenues increased 12% to $1.67B. Netincome decreased 36% to $421M. Revenues reflect Financecharges increase of 14% to $1.56B, Premiums Earned increaseof 12% to $57.3M. Net income was offset by Provision forcredit losses increase from $76.4M to $556.9M (expense),Provision for Claims increase of 26% to $37.9M (expense).</Text>
	</TextInfo>
	<contactInfo lastUpdated="2021-02-03T16:57:42">
		<streetAddress line="1">25505 W 12 Mile Rd</streetAddress>
		<streetAddress line="2"></streetAddress>
		<streetAddress line="3"></streetAddress>
		<city>SOUTHFIELD</city>
		<state-region>MI</state-region>
		<postalCode>48034-1846</postalCode>
		<country code="USA">United States</country>
		<contactName>Douglas Busk</contactName>
		<contactTitle>Senior Vice President, Treasurer</contactTitle>
		<phone>
			<phone type="mainphone">
				<countryPhoneCode>1</countryPhoneCode>
				<city-areacode>248</city-areacode>
				<number>3532700</number>
			</phone>
			<phone type="mainfax">
				<countryPhoneCode>1</countryPhoneCode>
				<city-areacode>248</city-areacode>
				<number>3539776</number>
			</phone>
			<phone type="contactphone">
				<countryPhoneCode>1</countryPhoneCode>
				<city-areacode>248</city-areacode>
				<number>3532700</number>
			</phone>
		</phone>
	</contactInfo>
	<webLinks lastUpdated="2012-03-08T03:06:53"><webSite mainCategory="Home Page">http://www.creditacceptance.com/</webSite><eMail mainCategory="Company Contact/E-mail">IR@creditacceptance.com</eMail></webLinks>
	<peerInfo lastUpdated="2021-02-03T16:57:42">
		<IndustryInfo>
			<Industry type="TRBC" order="1" reported="0" code="5510103013" mnem="">Consumer Leasing</Industry>
			<Industry type="NAICS" order="1" reported="0" code="522220" mnem="">Sales Financing</Industry>
			<Industry type="NAICS" order="2" reported="0" code="524130" mnem="">Reinsurance Carriers</Industry>
			<Industry type="SIC" order="0" reported="1" code="6141" mnem="">Personal Credit Institutions</Industry>
			<Industry type="SIC" order="1" reported="0" code="6159" mnem="">Misc Business Credit Institutions</Industry>
			<Industry type="SIC" order="2" reported="0" code="6311" mnem="">Life Insurance</Industry>
		</IndustryInfo>
	</peerInfo>
	<officers>
		<officer rank="1" since="1991">
			<firstName>Brett</firstName>
			<mI>A.</mI>
			<lastName>Roberts</lastName>
			<age>53 </age>
			<title startYear="2007" startMonth="04" startDay="02" iD1="CEO" abbr1="CEO" iD2="DRC" abbr2="Dir.">Chief Executive Officer, Director</title>
		</officer>
		<officer rank="2" since="05/19/2004">
			<firstName>Kenneth</firstName>
			<mI>S.</mI>
			<lastName>Booth</lastName>
			<age>52 </age>
			<title startYear="2004" startMonth="12" startDay="07" iD1="CFO" abbr1="CFO" iD2="" abbr2="">Chief Financial Officer</title>
		</officer>
		<officer rank="3" since="05/20/2019">
			<firstName>Jonathan</firstName>
			<mI></mI>
			<lastName>Lum</lastName>
			<age>43 </age>
			<title startYear="2019" startMonth="05" startDay="20" iD1="COO" abbr1="COO" iD2="" abbr2="">Chief Operating Officer</title>
		</officer>
		<officer rank="4" since="11/1996">
			<firstName>Douglas</firstName>
			<mI>W.</mI>
			<lastName>Busk</lastName>
			<age>59 </age>
			<title startYear="2016" startMonth="" startDay="" iD1="SVP" abbr1="Sr. VP" iD2="TRS" abbr2="Treas.">Senior Vice President, Treasurer</title>
		</officer>
		<officer rank="5" since="05/2019">
			<firstName>Noah</firstName>
			<mI></mI>
			<lastName>Kotch</lastName>
			<age></age>
			<title startYear="2019" startMonth="05" startDay="" iD1="CIO" abbr1="CIO" iD2="" abbr2="">Chief Information Officer</title>
		</officer>
		<officer rank="6" since="NA">
			<firstName>Arthur</firstName>
			<mI>L.</mI>
			<lastName>Smith</lastName>
			<age>47 </age>
			<title startYear="2013" startMonth="08" startDay="" iD1="OTH" abbr1="Other" iD2="" abbr2="">Chief Analytics Officer</title>
		</officer>
		<officer rank="7" since="NA">
			<firstName>Daniel</firstName>
			<mI>A.</mI>
			<lastName>Ulatowski</lastName>
			<age>48 </age>
			<title startYear="2014" startMonth="01" startDay="" iD1="OTH" abbr1="Other" iD2="" abbr2="">Chief Sales Officer</title>
		</officer>
		<officer rank="8" since="01/1996">
			<firstName>Charles</firstName>
			<mI>A.</mI>
			<lastName>Pearce</lastName>
			<age>55 </age>
			<title startYear="2004" startMonth="12" startDay="" iD1="SEC" abbr1="Secy." iD2="" abbr2="">Corporate Secretary, Chief Legal Officer</title>
		</officer>
	</officers>
	<Ratios PriceCurrency="USD" ReportingCurrency="USD" ExchangeRate="1.00000" LatestAvailableDate="2020-12-31">
		<Group ID="Price and Volume">
			<Ratio FieldName="NPRICE" Type="N">339.21000</Ratio>
			<Ratio FieldName="NHIG" Type="N">539.00000</Ratio>
			<Ratio FieldName="NLOW" Type="N">199.00010</Ratio>
			<Ratio FieldName="PDATE" Type="D">2021-02-04T00:00:00</Ratio>
			<Ratio FieldName="VOL10DAVG" Type="N">0.36993</Ratio>
			<Ratio FieldName="EV" Type="N">10390.52400</Ratio>
		</Group>
		<Group ID="Income Statement">
			<Ratio FieldName="MKTCAP" Type="N">5797.92400</Ratio>
			<Ratio FieldName="TTMREV" Type="N">1669.30000</Ratio>
			<Ratio FieldName="TTMEBITD" Type="N">963.20000</Ratio>
			<Ratio FieldName="TTMNIAC" Type="N">421.00000</Ratio>
		</Group>
		<Group ID="Per share data">
			<Ratio FieldName="TTMEPSXCLX" Type="N">23.78745</Ratio>
			<Ratio FieldName="TTMREVPS" Type="N">93.36673</Ratio>
			<Ratio FieldName="QBVPS" Type="N">134.70880</Ratio>
			<Ratio FieldName="QCSHPS" Type="N">0.93609</Ratio>
			<Ratio FieldName="TTMCFSHR" Type="N">15.22460</Ratio>
			<Ratio FieldName="TTMDIVSHR" Type="N">0.00000</Ratio>
		</Group>
		<Group ID="Other Ratios">
			<Ratio FieldName="TTMGROSMGN" Type="N">-99999.99000</Ratio>
			<Ratio FieldName="TTMROEPCT" Type="N">18.07720</Ratio>
			<Ratio FieldName="TTMPR2REV" Type="N">3.47327</Ratio>
			<Ratio FieldName="PEEXCLXOR" Type="N">14.26004</Ratio>
			<Ratio FieldName="PRICE2BK" Type="N">2.51810</Ratio>
			<Ratio FieldName="Employees" Type="N">2016</Ratio>
		</Group>
	</Ratios>
	<ForecastData ConsensusType="Mean" CurFiscalYear="2021" CurFiscalYearEndMonth="12" CurInterimEndCalYear="2021" CurInterimEndMonth="3" EarningsBasis="PRX">
		<Ratio FieldName="ConsRecom" Type="N">
			<Value PeriodType="CURR">3.3333</Value>
		</Ratio>
		<Ratio FieldName="TargetPrice" Type="N">
			<Value PeriodType="CURR">321.33330</Value>
		</Ratio>
		<Ratio FieldName="ProjLTGrowthRate" Type="N">
			<Value PeriodType="CURR">-99999.99000</Value>
		</Ratio>
		<Ratio FieldName="ProjPE" Type="N">
			<Value PeriodType="CURR">12.85934</Value>
		</Ratio>
		<Ratio FieldName="ProjSales" Type="N">
			<Value PeriodType="CURR">1724.11170</Value>
		</Ratio>
		<Ratio FieldName="ProjSalesQ" Type="N">
			<Value PeriodType="CURR">419.58720</Value>
		</Ratio>
		<Ratio FieldName="ProjEPS" Type="N">
			<Value PeriodType="CURR">26.37850</Value>
		</Ratio>
		<Ratio FieldName="ProjEPSQ" Type="N">
			<Value PeriodType="CURR">7.15070</Value>
		</Ratio>
		<Ratio FieldName="ProjProfit" Type="N">
			<Value PeriodType="CURR">471.23000</Value>
		</Ratio>
		<Ratio FieldName="ProjDPS" Type="N">
			<Value PeriodType="CURR">0.00000</Value>
		</Ratio>
	</ForecastData>
</ReportSnapshot>
