<?xml version="1.0" encoding="UTF-8"?>
<ReportSnapshot Major="1" Minor="0" Revision="1">
	<CoIDs>
		<CoID Type="RepNo">A01EB</CoID>
		<CoID Type="CompanyName">Cheesecake Factory Inc</CoID>
		<CoID Type="IRSNo">510340466</CoID>
		<CoID Type="CIKNo">0000887596</CoID>
		<CoID Type="OrganizationPermID">4295905930</CoID>
	</CoIDs>
	<Issues>
		<Issue ID="1" Type="C" Desc="Common Stock" Order="1">
			<IssueID Type="Name">Ordinary Shares</IssueID>
			<IssueID Type="Ticker">CAKE</IssueID>
			<IssueID Type="RIC">CAKE.O</IssueID>
			<IssueID Type="DisplayRIC">CAKE.OQ</IssueID>
			<IssueID Type="InstrumentPI">310220</IssueID>
			<IssueID Type="QuotePI">7694428</IssueID>
			<IssueID Type="InstrumentPermID">8590932920</IssueID>
			<IssueID Type="QuotePermID">55835317780</IssueID>
			<Exchange Code="NASD" Country="USA">NASDAQ</Exchange>
			<GlobalListingType>OSR</GlobalListingType>
			<MostRecentSplit Date="2004-12-09">1.5</MostRecentSplit>
		</Issue>
		<Issue ID="2" Type="P" Desc="Preferred Stock" Order="1">
			<IssueID Type="Name">Conv. Pref. Shrs</IssueID>
			<IssueID Type="InstrumentPI">451151496</IssueID>
			<IssueID Type="InstrumentPermID">21762696441</IssueID>
			<Exchange Code="NA" Country="">Not Available</Exchange>
		</Issue>
	</Issues>
	<CoGeneralInfo>
		<CoStatus Code="1">Active</CoStatus>
		<CoType Code="EQU">Equity Issue</CoType>
		<LastModified>2020-11-09</LastModified>
		<LatestAvailableAnnual>2019-12-31</LatestAvailableAnnual>
		<LatestAvailableInterim>2020-09-29</LatestAvailableInterim>
		<Employees LastUpdated="2019-12-31">46250</Employees>
		<SharesOut Date="2020-10-30" TotalFloat="42350370.0">45584074.0</SharesOut>
		<ReportingCurrency Code="USD">U.S. Dollars</ReportingCurrency>
		<MostRecentExchange Date="2021-02-03">1.0</MostRecentExchange>
	</CoGeneralInfo>
	<TextInfo>
		<Text Type="Business Summary" lastModified="2020-07-03T13:55:36">The Cheesecake Factory Inc. is an experiential dining company. The Company owns and operates approximately 294 restaurants throughout the United States and Canada under brands, including The Cheesecake Factory, North Italia and a collection within the Fox Restaurant Concepts (FRC) subsidiary. Its segments include The Cheesecake Factory, North Italia, other FRC brands and Other. The Companys Cheesecake Factory menu features approximately 250 items and menu offerings include appetizers, pizza, seafood, steaks, chicken, burgers, small plates, pastas, salads and sandwiches. It also operates two bakery production facilities, one in Calabasas Hills, California, and one in Rocky Mount, North Carolina. Its cheesecakes include the Original Cheesecake, Ultimate Red Velvet Cake Cheesecake, Godiva Chocolate Cheesecake and Oreo Dream Extreme Cheesecake. The Company also operates Grand Lux Cafe, RockSugar Southeast Asian Kitchen and Social Monk Asian Kitchen.</Text>
		<Text Type="Financial Summary" lastModified="2020-11-09T11:04:57">BRIEF: For the 39 weeks ended 29 September 2020, CheesecakeFactory Inc revenues decreased 20% to $1.43B. Net lossapplicable to common stockholders totaled $239.8M vs.income of $78.6M. Revenues reflect The Cheesecake FactoryRestaurants segment decrease of 30% to $1.15B, Othersegment decrease of 7% to $141.8M, Comp. Store Sale Growth-Cheesecake fact decrease from 0.9 to -31%, Growth in GuestCounts - % decrease from -3 to -43.4%.</Text>
	</TextInfo>
	<contactInfo lastUpdated="2020-11-09T11:05:45">
		<streetAddress line="1">26901 MALIBU HILLS RD</streetAddress>
		<streetAddress line="2"></streetAddress>
		<streetAddress line="3"></streetAddress>
		<city>CALABASAS HILLS</city>
		<state-region>CA</state-region>
		<postalCode>91301-5354</postalCode>
		<country code="USA">United States</country>
		<contactName>Stacy Feit</contactName>
		<contactTitle>IR Contact Officer</contactTitle>
		<phone>
			<phone type="mainphone">
				<countryPhoneCode>1</countryPhoneCode>
				<city-areacode>818</city-areacode>
				<number>8713000</number>
			</phone>
			<phone type="mainfax">
				<countryPhoneCode>1</countryPhoneCode>
				<city-areacode>818</city-areacode>
				<number>8713001</number>
			</phone>
			<phone type="contactphone">
				<countryPhoneCode>1</countryPhoneCode>
				<city-areacode>818</city-areacode>
				<number>8713000</number>
			</phone>
		</phone>
	</contactInfo>
	<webLinks lastUpdated="2017-10-04T09:00:02"><webSite mainCategory="Home Page">https://www.thecheesecakefactory.com/</webSite><eMail mainCategory="Company Contact/E-mail">investorrelations@thecheesecakefactory.com</eMail></webLinks>
	<peerInfo lastUpdated="2020-11-09T11:05:45">
		<IndustryInfo>
			<Industry type="TRBC" order="1" reported="0" code="5330102012" mnem="">Commercial Food Services</Industry>
			<Industry type="NAICS" order="1" reported="0" code="722110" mnem="">Full-Service Restaurants</Industry>
			<Industry type="NAICS" order="2" reported="0" code="311812" mnem="">Commercial Bakeries</Industry>
			<Industry type="SIC" order="0" reported="1" code="5812" mnem="">Eating Places</Industry>
			<Industry type="SIC" order="1" reported="0" code="5812" mnem="">Eating Places</Industry>
			<Industry type="SIC" order="2" reported="0" code="2051" mnem="">Bread, Cake And Related Products</Industry>
		</IndustryInfo>
		<Indexconstituet>S&amp;P 600 Small Cap</Indexconstituet>
	</peerInfo>
	<officers>
		<officer rank="1" since="02/1992">
			<firstName>David</firstName>
			<mI>M.</mI>
			<lastName>Overton</lastName>
			<age>74 </age>
			<title startYear="2002" startMonth="10" startDay="17" iD1="CHM" abbr1="Chmn." iD2="DRC" abbr2="Dir.">Chairman of the Board, Chief Executive Officer</title>
		</officer>
		<officer rank="2" since="02/18/2013">
			<firstName>David</firstName>
			<mI>M.</mI>
			<lastName>Gordon</lastName>
			<age>55 </age>
			<title startYear="2013" startMonth="02" startDay="18" iD1="PRE" abbr1="Pres." iD2="" abbr2="">President</title>
		</officer>
		<officer rank="3" since="07/07/2017">
			<firstName>Matthew</firstName>
			<mI>Eliot</mI>
			<lastName>Clark</lastName>
			<age>50 </age>
			<title startYear="2017" startMonth="07" startDay="07" iD1="CFO" abbr1="CFO" iD2="EVP" abbr2="Exec. VP">Chief Financial Officer, Executive Vice President</title>
		</officer>
		<officer rank="4" since="05/14/2018">
			<firstName>Keith</firstName>
			<mI>T.</mI>
			<lastName>Carango</lastName>
			<age>58 </age>
			<title startYear="2018" startMonth="05" startDay="14" iD1="CEX" abbr1="Corp. Exec." iD2="" abbr2="">President of The Cheesecake Factory Bakery Incorporated</title>
		</officer>
		<officer rank="5" since="05/14/2018">
			<firstName>Scarlett</firstName>
			<mI>A.</mI>
			<lastName>May</lastName>
			<age>53 </age>
			<title startYear="2018" startMonth="05" startDay="14" iD1="EVP" abbr1="Exec. VP" iD2="GCN" abbr2="Counsel">Executive Vice President, General Counsel, Secretary</title>
		</officer>
	</officers>
	<Ratios PriceCurrency="USD" ReportingCurrency="USD" ExchangeRate="1.00000" LatestAvailableDate="2020-09-29">
		<Group ID="Price and Volume">
			<Ratio FieldName="NPRICE" Type="N">46.12000</Ratio>
			<Ratio FieldName="NHIG" Type="N">57.20000</Ratio>
			<Ratio FieldName="NLOW" Type="N">14.52000</Ratio>
			<Ratio FieldName="PDATE" Type="D">2021-02-04T00:00:00</Ratio>
			<Ratio FieldName="VOL10DAVG" Type="N">1.83880</Ratio>
			<Ratio FieldName="EV" Type="N">2444.49500</Ratio>
		</Group>
		<Group ID="Income Statement">
			<Ratio FieldName="MKTCAP" Type="N">2102.33700</Ratio>
			<Ratio FieldName="TTMREV" Type="N">2122.70300</Ratio>
			<Ratio FieldName="TTMEBITD" Type="N">34.51100</Ratio>
			<Ratio FieldName="TTMNIAC" Type="N">-191.12800</Ratio>
		</Group>
		<Group ID="Per share data">
			<Ratio FieldName="TTMEPSXCLX" Type="N">-4.35843</Ratio>
			<Ratio FieldName="TTMREVPS" Type="N">48.45220</Ratio>
			<Ratio FieldName="QBVPS" Type="N">11.71676</Ratio>
			<Ratio FieldName="QCSHPS" Type="N">5.36671</Ratio>
			<Ratio FieldName="TTMCFSHR" Type="N">-2.01546</Ratio>
			<Ratio FieldName="TTMDIVSHR" Type="N">0.72000</Ratio>
		</Group>
		<Group ID="Other Ratios">
			<Ratio FieldName="TTMGROSMGN" Type="N">76.94666</Ratio>
			<Ratio FieldName="TTMROEPCT" Type="N">-44.65128</Ratio>
			<Ratio FieldName="TTMPR2REV" Type="N">0.99041</Ratio>
			<Ratio FieldName="PEEXCLXOR" Type="N">-99999.99000</Ratio>
			<Ratio FieldName="PRICE2BK" Type="N">6.50025</Ratio>
			<Ratio FieldName="Employees" Type="N">46250</Ratio>
		</Group>
	</Ratios>
	<ForecastData ConsensusType="Mean" CurFiscalYear="2020" CurFiscalYearEndMonth="12" CurInterimEndCalYear="2020" CurInterimEndMonth="12" EarningsBasis="PRX">
		<Ratio FieldName="ConsRecom" Type="N">
			<Value PeriodType="CURR">2.6667</Value>
		</Ratio>
		<Ratio FieldName="TargetPrice" Type="N">
			<Value PeriodType="CURR">25.70590</Value>
		</Ratio>
		<Ratio FieldName="ProjLTGrowthRate" Type="N">
			<Value PeriodType="CURR">-10.0730</Value>
		</Ratio>
		<Ratio FieldName="ProjPE" Type="N">
			<Value PeriodType="CURR">-38.73352</Value>
		</Ratio>
		<Ratio FieldName="ProjSales" Type="N">
			<Value PeriodType="CURR">2030.38160</Value>
		</Ratio>
		<Ratio FieldName="ProjSalesQ" Type="N">
			<Value PeriodType="CURR">599.29980</Value>
		</Ratio>
		<Ratio FieldName="ProjEPS" Type="N">
			<Value PeriodType="CURR">-1.19070</Value>
		</Ratio>
		<Ratio FieldName="ProjEPSQ" Type="N">
			<Value PeriodType="CURR">-0.03330</Value>
		</Ratio>
		<Ratio FieldName="ProjProfit" Type="N">
			<Value PeriodType="CURR">-59.10060</Value>
		</Ratio>
		<Ratio FieldName="ProjDPS" Type="N">
			<Value PeriodType="CURR">0.35500</Value>
		</Ratio>
	</ForecastData>
</ReportSnapshot>
