<?xml version="1.0" encoding="UTF-8"?>
<ReportSnapshot Major="1" Minor="0" Revision="1">
	<CoIDs>
		<CoID Type="RepNo">F16AB</CoID>
		<CoID Type="CompanyName">Calithera Biosciences Inc</CoID>
		<CoID Type="IRSNo">272366329</CoID>
		<CoID Type="CIKNo">0001496671</CoID>
		<CoID Type="OrganizationPermID">5000784443</CoID>
	</CoIDs>
	<Issues>
		<Issue ID="1" Type="C" Desc="Common Stock" Order="1">
			<IssueID Type="Name">Ordinary Shares</IssueID>
			<IssueID Type="Ticker">CALA</IssueID>
			<IssueID Type="RIC">CALA.O</IssueID>
			<IssueID Type="DisplayRIC">CALA.OQ</IssueID>
			<IssueID Type="InstrumentPI">165742323</IssueID>
			<IssueID Type="QuotePI">166995437</IssueID>
			<IssueID Type="InstrumentPermID">21546480270</IssueID>
			<IssueID Type="QuotePermID">21547359701</IssueID>
			<Exchange Code="NASD" Country="USA">NASDAQ</Exchange>
			<GlobalListingType>OSR</GlobalListingType>
		</Issue>
		<Issue ID="2" Type="P" Desc="Preferred Stock" Order="1">
			<IssueID Type="Name">Conv. Pref. Shrs</IssueID>
			<IssueID Type="InstrumentPI">183025237</IssueID>
			<IssueID Type="InstrumentPermID">21558443322</IssueID>
			<Exchange Code="NA" Country="">Not Available</Exchange>
		</Issue>
	</Issues>
	<CoGeneralInfo>
		<CoStatus Code="1">Active</CoStatus>
		<CoType Code="EQU">Equity Issue</CoType>
		<LastModified>2021-01-25</LastModified>
		<LatestAvailableAnnual>2019-12-31</LatestAvailableAnnual>
		<LatestAvailableInterim>2020-09-30</LatestAvailableInterim>
		<Employees LastUpdated="2019-12-31">93</Employees>
		<SharesOut Date="2020-11-02" TotalFloat="69837892.0">70558711.0</SharesOut>
		<ReportingCurrency Code="USD">U.S. Dollars</ReportingCurrency>
		<MostRecentExchange Date="2021-02-03">1.0</MostRecentExchange>
	</CoGeneralInfo>
	<TextInfo>
		<Text Type="Business Summary" lastModified="2017-04-11T01:52:26">Calithera Biosciences, Inc. is a clinical-stage pharmaceutical company. The Company focuses on discovering and developing small molecule drugs directed against tumor and immune cell targets that control key metabolic pathways in the tumor microenvironment. It is engaged in developing agents that take advantage of the metabolic requirements of tumor cells and cancer-fighting immune cells, such as cytotoxic T-cells. The Company's lead product candidate, CB-839, is a critical enzyme in tumor cells. Its other product candidate, CB-1158, is being developed for hematology and oncology indications. CB-1158 is a potent and selective orally bioavailable inhibitor of the enzyme arginase. CB-839 is a selective, reversible and orally bioavailable inhibitor of human glutaminase. CB-1158 has single agent anti-tumor activity in syngeneic mouse tumor models that has been demonstrated to act through an immune mechanism. CB-1158 is being tested in a Phase I clinical trial in patients with solid tumors.</Text>
		<Text Type="Financial Summary" lastModified="2021-01-25T14:59:24">BRIEF: For the nine months ended 30 September 2020,Calithera Biosciences Inc revenues was not reported. Netloss decreased 1% to $67.6M. Lower net loss reflects OtherResearch and Development decrease of 9% to $50.7M(expense). Basic Earnings per Share excluding ExtraordinaryItems increased from -$1.57 to -$0.99.</Text>
	</TextInfo>
	<contactInfo lastUpdated="2021-01-27T14:37:30">
		<streetAddress line="1">343 Oyster Point Blvd # 200</streetAddress>
		<streetAddress line="2"></streetAddress>
		<streetAddress line="3"></streetAddress>
		<city>SOUTH SAN FRANCISCO</city>
		<state-region>CA</state-region>
		<postalCode>94080-1913</postalCode>
		<country code="USA">United States</country>
		<contactName>Jennifer McNealey</contactName>
		<contactTitle>Vice President, Investor Relationsand Strategy</contactTitle>
		<phone>
			<phone type="mainphone">
				<countryPhoneCode>1</countryPhoneCode>
				<city-areacode>650</city-areacode>
				<number>8701000</number>
			</phone>
			<phone type="mainfax">
				<countryPhoneCode>1</countryPhoneCode>
				<city-areacode>302</city-areacode>
				<number>6555049</number>
			</phone>
			<phone type="contactphone">
				<countryPhoneCode>1</countryPhoneCode>
				<city-areacode>650</city-areacode>
				<number>8701071</number>
			</phone>
		</phone>
	</contactInfo>
	<webLinks lastUpdated="2014-09-25T10:29:31"><webSite mainCategory="Home Page">http://www.calithera.com/</webSite><eMail mainCategory="Company Contact/E-mail">ir@Calithera.com</eMail></webLinks>
	<peerInfo lastUpdated="2021-01-27T14:37:30">
		<IndustryInfo>
			<Industry type="TRBC" order="1" reported="0" code="5620201011" mnem="">Bio Therapeutic Drugs</Industry>
			<Industry type="NAICS" order="1" reported="0" code="325412" mnem="">Pharmaceutical Preparation Mfg</Industry>
			<Industry type="NAICS" order="2" reported="0" code="541711" mnem="">Research and Development in Biotechnology</Industry>
			<Industry type="SIC" order="1" reported="0" code="2834" mnem="">Pharmaceutical Preparations</Industry>
			<Industry type="SIC" order="2" reported="0" code="8731" mnem="">Commercial Physical Research</Industry>
		</IndustryInfo>
	</peerInfo>
	<officers>
		<officer rank="1" since="03/2010">
			<firstName>Susan</firstName>
			<mI>M.</mI>
			<lastName>Molineaux</lastName>
			<age>66 </age>
			<title startYear="2010" startMonth="03" startDay="" iD1="PRE" abbr1="Pres." iD2="CEO" abbr2="CEO">President, Chief Executive Officer, Co-Founder, Director</title>
		</officer>
		<officer rank="2" since="04/2014">
			<firstName>Stephanie</firstName>
			<mI></mI>
			<lastName>Wong</lastName>
			<age>46 </age>
			<title startYear="2021" startMonth="01" startDay="20" iD1="CFO" abbr1="CFO" iD2="CAO" abbr2="CAO">Chief and Principal Financial and Accounting Officer, Secretary</title>
		</officer>
		<officer rank="3" since="NA">
			<firstName>Sumita</firstName>
			<mI></mI>
			<lastName>Ray</lastName>
			<age>46 </age>
			<title startYear="NA" startMonth="" startDay="" iD1="SVP" abbr1="Sr. VP" iD2="CCO" abbr2="Chief Comp.">Senior Vice President, Chief Compliance Officer, General Counsel</title>
		</officer>
		<officer rank="4" since="04/2013">
			<firstName>Christopher</firstName>
			<mI>J.</mI>
			<lastName>Molineaux</lastName>
			<age>66 </age>
			<title startYear="2013" startMonth="04" startDay="" iD1="SVP" abbr1="Sr. VP" iD2="" abbr2="">Senior Vice President - Development</title>
		</officer>
		<officer rank="5" since="06/2010">
			<firstName>Eric</firstName>
			<mI>B.</mI>
			<lastName>Sjogren</lastName>
			<age>63 </age>
			<title startYear="2010" startMonth="06" startDay="" iD1="SVP" abbr1="Sr. VP" iD2="" abbr2="">Senior Vice President - Drug Discovery</title>
		</officer>
		<officer rank="6" since="10/2012">
			<firstName>Francesco</firstName>
			<mI></mI>
			<lastName>Parlati</lastName>
			<age>51 </age>
			<title startYear="2012" startMonth="10" startDay="" iD1="VPR" abbr1="VP" iD2="" abbr2="">Vice President - Research</title>
		</officer>
		<officer rank="7" since="04/2014">
			<firstName>Curtis</firstName>
			<mI>C.</mI>
			<lastName>Hecht</lastName>
			<age>49 </age>
			<title startYear="2018" startMonth="" startDay="" iD1="OTH" abbr1="Other" iD2="" abbr2="">Chief Business Officer</title>
		</officer>
		<officer rank="8" since="01/2015">
			<firstName>Keith</firstName>
			<mI></mI>
			<lastName>Orford</lastName>
			<age>48 </age>
			<title startYear="2018" startMonth="" startDay="" iD1="OTH" abbr1="Other" iD2="" abbr2="">Chief Medical Officer</title>
		</officer>
	</officers>
	<Ratios PriceCurrency="USD" ReportingCurrency="USD" ExchangeRate="1.00000" LatestAvailableDate="2020-09-30">
		<Group ID="Price and Volume">
			<Ratio FieldName="NPRICE" Type="N">3.14000</Ratio>
			<Ratio FieldName="NHIG" Type="N">8.18000</Ratio>
			<Ratio FieldName="NLOW" Type="N">2.46000</Ratio>
			<Ratio FieldName="PDATE" Type="D">2021-02-04T00:00:00</Ratio>
			<Ratio FieldName="VOL10DAVG" Type="N">1.51842</Ratio>
			<Ratio FieldName="EV" Type="N">83.80540</Ratio>
		</Group>
		<Group ID="Income Statement">
			<Ratio FieldName="MKTCAP" Type="N">221.55440</Ratio>
			<Ratio FieldName="TTMREV" Type="N">0.00000</Ratio>
			<Ratio FieldName="TTMEBITD" Type="N">-90.78200</Ratio>
			<Ratio FieldName="TTMNIAC" Type="N">-89.29900</Ratio>
		</Group>
		<Group ID="Per share data">
			<Ratio FieldName="TTMEPSXCLX" Type="N">-1.38827</Ratio>
			<Ratio FieldName="TTMREVPS" Type="N">0.00000</Ratio>
			<Ratio FieldName="QBVPS" Type="N">1.73750</Ratio>
			<Ratio FieldName="QCSHPS" Type="N">1.95225</Ratio>
			<Ratio FieldName="TTMCFSHR" Type="N">-1.36896</Ratio>
			<Ratio FieldName="TTMDIVSHR" Type="N">0.00000</Ratio>
		</Group>
		<Group ID="Other Ratios">
			<Ratio FieldName="TTMGROSMGN" Type="N">-99999.99000</Ratio>
			<Ratio FieldName="TTMROEPCT" Type="N">-73.42007</Ratio>
			<Ratio FieldName="TTMPR2REV" Type="N">-99999.99000</Ratio>
			<Ratio FieldName="PEEXCLXOR" Type="N">-99999.99000</Ratio>
			<Ratio FieldName="PRICE2BK" Type="N">1.80720</Ratio>
			<Ratio FieldName="Employees" Type="N">93</Ratio>
		</Group>
	</Ratios>
	<ForecastData ConsensusType="Mean" CurFiscalYear="2020" CurFiscalYearEndMonth="12" CurInterimEndCalYear="2020" CurInterimEndMonth="12" EarningsBasis="PRX">
		<Ratio FieldName="ConsRecom" Type="N">
			<Value PeriodType="CURR">1.6667</Value>
		</Ratio>
		<Ratio FieldName="TargetPrice" Type="N">
			<Value PeriodType="CURR">11.10000</Value>
		</Ratio>
		<Ratio FieldName="ProjLTGrowthRate" Type="N">
			<Value PeriodType="CURR">-99999.99000</Value>
		</Ratio>
		<Ratio FieldName="ProjPE" Type="N">
			<Value PeriodType="CURR">-2.40466</Value>
		</Ratio>
		<Ratio FieldName="ProjSales" Type="N">
			<Value PeriodType="CURR">0.48000</Value>
		</Ratio>
		<Ratio FieldName="ProjSalesQ" Type="N">
			<Value PeriodType="CURR">0.60000</Value>
		</Ratio>
		<Ratio FieldName="ProjEPS" Type="N">
			<Value PeriodType="CURR">-1.30580</Value>
		</Ratio>
		<Ratio FieldName="ProjEPSQ" Type="N">
			<Value PeriodType="CURR">-0.32400</Value>
		</Ratio>
		<Ratio FieldName="ProjProfit" Type="N">
			<Value PeriodType="CURR">-90.50930</Value>
		</Ratio>
		<Ratio FieldName="ProjDPS" Type="N">
			<Value PeriodType="CURR">0.00000</Value>
		</Ratio>
	</ForecastData>
</ReportSnapshot>
