<?xml version="1.0" encoding="UTF-8"?>
<ReportSnapshot Major="1" Minor="0" Revision="1">
	<CoIDs>
		<CoID Type="RepNo">09CC5</CoID>
		<CoID Type="CompanyName">California BanCorp</CoID>
		<CoID Type="IRSNo">821751097</CoID>
		<CoID Type="CIKNo">0001752036</CoID>
		<CoID Type="OrganizationPermID">4296431589</CoID>
	</CoIDs>
	<Issues>
		<Issue ID="1" Type="C" Desc="Common Stock" Order="1">
			<IssueID Type="Name">Ordinary Shares</IssueID>
			<IssueID Type="Ticker">CALB</IssueID>
			<IssueID Type="RIC">CALB.O</IssueID>
			<IssueID Type="DisplayRIC">CALB.OQ</IssueID>
			<IssueID Type="InstrumentPI">264723132</IssueID>
			<IssueID Type="QuotePI">424886929</IssueID>
			<IssueID Type="InstrumentPermID">21616635650</IssueID>
			<IssueID Type="QuotePermID">25727351786</IssueID>
			<Exchange Code="NASD" Country="USA">NASDAQ</Exchange>
			<GlobalListingType>OSR</GlobalListingType>
		</Issue>
	</Issues>
	<CoGeneralInfo>
		<CoStatus Code="1">Active</CoStatus>
		<CoType Code="EQU">Equity Issue</CoType>
		<LastModified>2021-01-29</LastModified>
		<LatestAvailableAnnual>2020-12-31</LatestAvailableAnnual>
		<LatestAvailableInterim>2020-12-31</LatestAvailableInterim>
		<Employees LastUpdated="2019-12-31">133</Employees>
		<SharesOut Date="2020-12-31" TotalFloat="7456798.0">8171734.0</SharesOut>
		<ReportingCurrency Code="USD">U.S. Dollars</ReportingCurrency>
		<MostRecentExchange Date="2021-02-03">1.0</MostRecentExchange>
	</CoGeneralInfo>
	<TextInfo>
		<Text Type="Business Summary" lastModified="2019-07-26T06:26:09">California BanCorp is a holding company. The Company, through its wholly-owned subsidiary, California Bank of Commerce (the Bank), offers a range of commercial banking services to businesses and professionals located throughout Northern California. The Bank is focused on business banking. Its services include financing, treasury management, international banking and client remote assistance. The Bank offers a range of commercial financing solutions, which includes business financing and commercial real estate and construction. Business financing solutions include lines of credit, capital equipment and mergers and acquisitions: ownership transition. Commercial real estate and construction solutions include owner occupied real estate, investor real estate, equity lines and loans, and construction financing. Its treasury management solutions include receivables, payables, information reporting and liquidity management and online and mobile banking.</Text>
		<Text Type="Financial Summary" lastModified="2021-01-29T07:37:31">BRIEF: For the fiscal year ended 31 December 2020,California BanCorp interest income increased 8% to $53M.Net interest income after loan loss provision increased 4%to $40M.  Net income decreased 39% to $4.3M. Net interestincome after loan loss provision reflects Interest and feeson loans increase of 10% to $51.4M. Net income was offsetby Provision for loan loss increase from $2.3M to $4.9M(expense), Other increase of 21% to $10.9M (expense).</Text>
	</TextInfo>
	<contactInfo lastUpdated="2021-01-29T07:37:35">
		<streetAddress line="1">1300 Clay St Ste 500</streetAddress>
		<streetAddress line="2"></streetAddress>
		<streetAddress line="3"></streetAddress>
		<city>OAKLAND</city>
		<state-region>CA</state-region>
		<postalCode>94612-1427</postalCode>
		<country code="USA">United States</country>
		<contactName></contactName>
		<contactTitle></contactTitle>
		<phone>
			<phone type="mainphone">
				<countryPhoneCode>1</countryPhoneCode>
				<city-areacode>510</city-areacode>
				<number>4573769</number>
			</phone>
		</phone>
	</contactInfo>
	<webLinks lastUpdated=""><webSite mainCategory=""></webSite><eMail mainCategory=""></eMail></webLinks>
	<peerInfo lastUpdated="2021-01-29T07:37:35">
		<IndustryInfo>
			<Industry type="TRBC" order="1" reported="0" code="5510101011" mnem="">Corporate Banks</Industry>
			<Industry type="NAICS" order="1" reported="0" code="522110" mnem="">Commercial Banking</Industry>
			<Industry type="NAICS" order="2" reported="0" code="551111" mnem="">Offices of Bank Holding Companies</Industry>
			<Industry type="SIC" order="1" reported="0" code="6029" mnem="">Commercial Banks, Nec</Industry>
			<Industry type="SIC" order="2" reported="0" code="6712" mnem="">Bank Holding Companies</Industry>
		</IndustryInfo>
	</peerInfo>
	<officers>
		<officer rank="1" since="NA">
			<firstName>Stephen</firstName>
			<mI>A.</mI>
			<lastName>Cortese</lastName>
			<age>59 </age>
			<title startYear="NA" startMonth="" startDay="" iD1="CHM" abbr1="Chmn." iD2="DRC" abbr2="Dir.">Chairman of the Board</title>
		</officer>
		<officer rank="2" since="05/2018">
			<firstName>Steven</firstName>
			<mI>E.</mI>
			<lastName>Shelton</lastName>
			<age>59 </age>
			<title startYear="2018" startMonth="05" startDay="" iD1="PRE" abbr1="Pres." iD2="CEO" abbr2="CEO">President, Chief Executive Officer, Director of the Company and the Bank</title>
		</officer>
		<officer rank="3" since="05/2019">
			<firstName>Thomas</firstName>
			<mI>A.</mI>
			<lastName>Sa</lastName>
			<age>58 </age>
			<title startYear="2019" startMonth="05" startDay="" iD1="CFO" abbr1="CFO" iD2="COO" abbr2="COO">Senior Executive Vice President and Chief Financial Officer and Chief Operating Officer of the Company and the Bank</title>
		</officer>
		<officer rank="4" since="2015">
			<firstName>Tom</firstName>
			<mI>M.</mI>
			<lastName>Dorrance</lastName>
			<age>58 </age>
			<title startYear="2015" startMonth="" startDay="" iD1="EVP" abbr1="Exec. VP" iD2="" abbr2="">Senior Executive Vice President, Technology and Operations of the Bank</title>
		</officer>
		<officer rank="5" since="05/2019">
			<firstName>Vivian</firstName>
			<mI></mI>
			<lastName>Mui</lastName>
			<age>40 </age>
			<title startYear="2019" startMonth="05" startDay="" iD1="EVP" abbr1="Exec. VP" iD2="" abbr2="">Senior Executive Vice President, Chief Credit Officer of the Bank</title>
		</officer>
		<officer rank="6" since="04/2019">
			<firstName>Scott</firstName>
			<mI></mI>
			<lastName>Myers</lastName>
			<age>50 </age>
			<title startYear="2019" startMonth="04" startDay="" iD1="EVP" abbr1="Exec. VP" iD2="" abbr2="">Senior Executive Vice President, Chief Lending Officer of the Bank</title>
		</officer>
		<officer rank="7" since="2018">
			<firstName>Michelle</firstName>
			<mI></mI>
			<lastName>Wirfel</lastName>
			<age>52 </age>
			<title startYear="2018" startMonth="05" startDay="" iD1="EVP" abbr1="Exec. VP" iD2="" abbr2="">Senior Executive Vice President and Chief Banking Officer of the Bank</title>
		</officer>
	</officers>
	<Ratios PriceCurrency="USD" ReportingCurrency="USD" ExchangeRate="1.00000" LatestAvailableDate="2020-12-31">
		<Group ID="Price and Volume">
			<Ratio FieldName="NPRICE" Type="N">15.16000</Ratio>
			<Ratio FieldName="NHIG" Type="N">21.00000</Ratio>
			<Ratio FieldName="NLOW" Type="N">9.11010</Ratio>
			<Ratio FieldName="PDATE" Type="D">2021-02-04T00:00:00</Ratio>
			<Ratio FieldName="VOL10DAVG" Type="N">0.02018</Ratio>
			<Ratio FieldName="EV" Type="N">126.39250</Ratio>
		</Group>
		<Group ID="Income Statement">
			<Ratio FieldName="MKTCAP" Type="N">123.88350</Ratio>
			<Ratio FieldName="TTMREV" Type="N">53.02000</Ratio>
			<Ratio FieldName="TTMEBITD" Type="N">5.80900</Ratio>
			<Ratio FieldName="TTMNIAC" Type="N">4.30300</Ratio>
		</Group>
		<Group ID="Per share data">
			<Ratio FieldName="TTMEPSXCLX" Type="N">0.52588</Ratio>
			<Ratio FieldName="TTMREVPS" Type="N">5.98353</Ratio>
			<Ratio FieldName="QBVPS" Type="N">16.69292</Ratio>
			<Ratio FieldName="QCSHPS" Type="N">2.75156</Ratio>
			<Ratio FieldName="TTMCFSHR" Type="N">0.42973</Ratio>
			<Ratio FieldName="TTMDIVSHR" Type="N">0.00000</Ratio>
		</Group>
		<Group ID="Other Ratios">
			<Ratio FieldName="TTMGROSMGN" Type="N">-99999.99000</Ratio>
			<Ratio FieldName="TTMROEPCT" Type="N">3.22726</Ratio>
			<Ratio FieldName="TTMPR2REV" Type="N">2.53190</Ratio>
			<Ratio FieldName="PEEXCLXOR" Type="N">28.82787</Ratio>
			<Ratio FieldName="PRICE2BK" Type="N">0.90817</Ratio>
			<Ratio FieldName="Employees" Type="N">133</Ratio>
		</Group>
	</Ratios>
	<ForecastData ConsensusType="Mean" CurFiscalYear="2021" CurFiscalYearEndMonth="12" CurInterimEndCalYear="2021" CurInterimEndMonth="3" EarningsBasis="PRX">
		<Ratio FieldName="ConsRecom" Type="N">
			<Value PeriodType="CURR">2</Value>
		</Ratio>
		<Ratio FieldName="TargetPrice" Type="N">
			<Value PeriodType="CURR">20.00000</Value>
		</Ratio>
		<Ratio FieldName="ProjLTGrowthRate" Type="N">
			<Value PeriodType="CURR">-99999.99000</Value>
		</Ratio>
		<Ratio FieldName="ProjPE" Type="N">
			<Value PeriodType="CURR">15.62887</Value>
		</Ratio>
		<Ratio FieldName="ProjSales" Type="N">
			<Value PeriodType="CURR">55.80000</Value>
		</Ratio>
		<Ratio FieldName="ProjSalesQ" Type="N">
			<Value PeriodType="CURR">14.20000</Value>
		</Ratio>
		<Ratio FieldName="ProjEPS" Type="N">
			<Value PeriodType="CURR">0.97000</Value>
		</Ratio>
		<Ratio FieldName="ProjEPSQ" Type="N">
			<Value PeriodType="CURR">0.27000</Value>
		</Ratio>
		<Ratio FieldName="ProjProfit" Type="N">
			<Value PeriodType="CURR">11.10000</Value>
		</Ratio>
		<Ratio FieldName="ProjDPS" Type="N">
			<Value PeriodType="CURR">-99999.99000</Value>
		</Ratio>
	</ForecastData>
</ReportSnapshot>
