<?xml version="1.0" encoding="UTF-8"?>
<ReportSnapshot Major="1" Minor="0" Revision="1">
	<CoIDs>
		<CoID Type="RepNo">14100</CoID>
		<CoID Type="CompanyName">CalAmp Corp.</CoID>
		<CoID Type="IRSNo">953647070</CoID>
		<CoID Type="CIKNo">0000730255</CoID>
		<CoID Type="OrganizationPermID">4295905832</CoID>
	</CoIDs>
	<Issues>
		<Issue ID="1" Type="C" Desc="Common Stock" Order="1">
			<IssueID Type="Name">Ordinary Shares</IssueID>
			<IssueID Type="Ticker">CAMP</IssueID>
			<IssueID Type="RIC">CAMP.O</IssueID>
			<IssueID Type="DisplayRIC">CAMP.OQ</IssueID>
			<IssueID Type="InstrumentPI">264363</IssueID>
			<IssueID Type="QuotePI">7705321</IssueID>
			<IssueID Type="InstrumentPermID">8590933277</IssueID>
			<IssueID Type="QuotePermID">55835322299</IssueID>
			<Exchange Code="NASD" Country="USA">NASDAQ</Exchange>
			<GlobalListingType>OSR</GlobalListingType>
			<MostRecentSplit Date="1996-03-25">2.0</MostRecentSplit>
		</Issue>
	</Issues>
	<CoGeneralInfo>
		<CoStatus Code="1">Active</CoStatus>
		<CoType Code="EQU">Equity Issue</CoType>
		<LastModified>2020-12-18</LastModified>
		<LatestAvailableAnnual>2020-02-29</LatestAvailableAnnual>
		<LatestAvailableInterim>2020-11-30</LatestAvailableInterim>
		<Employees LastUpdated="2020-02-29">1080</Employees>
		<SharesOut Date="2020-12-10" TotalFloat="34055530.0">35034722.0</SharesOut>
		<ReportingCurrency Code="USD">U.S. Dollars</ReportingCurrency>
		<MostRecentExchange Date="2021-02-03">1.0</MostRecentExchange>
	</CoGeneralInfo>
	<TextInfo>
		<Text Type="Business Summary" lastModified="2019-02-06T09:22:56">CalAmp Corp. (CalAmp) is a provider of wireless communications solutions for a range of applications to customers globally. The Company operates through two business segments: Telematics Systems and Software &amp; Subscription Services. Telematics Systems segment offers a series of Mobile Resource Management (MRM) telematics products and applications. The Software &amp; Subscription Services segment offers cloud-based application enablement and telematics service platforms. The Company has facilities in various locations, including Carlsbad, California; Torrance, California; Herndon, Virginia; Waseca, Minnesota; Eden Prairie, Minnesota, and Auckland, New Zealand.</Text>
		<Text Type="Financial Summary" lastModified="2020-12-18T05:27:42">BRIEF: For the 39 weeks ended 30 November 2020, CalAmpCorp. revenues decreased 10% to $251.8M. Net loss increasedfrom $23.5M to $47.6M. Revenues reflect Telematics Systemssegment decrease of 26% to $130.3M, United States segmentdecrease of 15% to $171.3M, All Other segment decrease of32% to $8.1M. Higher net loss reflects Amortization ofdeferred financing cost increase from $2.5M to $7M(expense).</Text>
	</TextInfo>
	<contactInfo lastUpdated="2020-12-18T05:28:06">
		<streetAddress line="1">15635 Alton Pkwy Ste 250</streetAddress>
		<streetAddress line="2"></streetAddress>
		<streetAddress line="3"></streetAddress>
		<city>IRVINE</city>
		<state-region>CA</state-region>
		<postalCode>92618-7328</postalCode>
		<country code="USA">United States</country>
		<contactName>Kurtis Binder</contactName>
		<contactTitle>Chief Financial Officer, Executive Vice President</contactTitle>
		<phone>
			<phone type="mainphone">
				<countryPhoneCode>1</countryPhoneCode>
				<city-areacode>949</city-areacode>
				<number>6005600</number>
			</phone>
			<phone type="mainfax">
				<countryPhoneCode>1</countryPhoneCode>
				<city-areacode>302</city-areacode>
				<number>6365454</number>
			</phone>
		</phone>
	</contactInfo>
	<webLinks lastUpdated="2018-07-11T09:33:38"><webSite mainCategory="Home Page">https://www.calamp.com/</webSite><eMail mainCategory="Company Contact/E-mail">ir@calamp.com</eMail></webLinks>
	<peerInfo lastUpdated="2020-12-18T05:28:06">
		<IndustryInfo>
			<Industry type="TRBC" order="1" reported="0" code="5740102010" mnem="">Wireless Telecommunications Services (NEC)</Industry>
			<Industry type="NAICS" order="1" reported="0" code="334220" mnem="">Radio and Television Broadcasting and Wireless Communications Equipment Manufacturing</Industry>
			<Industry type="NAICS" order="2" reported="0" code="334290" mnem="">Other Communications Equipment Manufacturing</Industry>
			<Industry type="NAICS" order="3" reported="0" code="423690" mnem="">Other Electronic Parts and Equipment Merchant Wholesalers</Industry>
			<Industry type="SIC" order="0" reported="1" code="3663" mnem="">Radio/tv Communications Equip</Industry>
			<Industry type="SIC" order="1" reported="0" code="3663" mnem="">Radio/tv Communications Equip</Industry>
			<Industry type="SIC" order="2" reported="0" code="3669" mnem="">Communications Equipment, Nec</Industry>
			<Industry type="SIC" order="3" reported="0" code="5065" mnem="">Electronic Parts And Equipment</Industry>
		</IndustryInfo>
		<Indexconstituet>S&amp;P 600 Small Cap</Indexconstituet>
	</peerInfo>
	<officers>
		<officer rank="1" since="08/03/2020">
			<firstName>Amal</firstName>
			<mI>M.</mI>
			<lastName>Johnson</lastName>
			<age>67 </age>
			<title startYear="2020" startMonth="08" startDay="03" iD1="CHM" abbr1="Chmn." iD2="IND" abbr2="Ind. Dir.">Independent Chairman of the Board</title>
		</officer>
		<officer rank="2" since="03/25/2020">
			<firstName>Jeffery</firstName>
			<mI>R.</mI>
			<lastName>Gardner</lastName>
			<age>60 </age>
			<title startYear="2020" startMonth="07" startDay="02" iD1="PRE" abbr1="Pres." iD2="CEO" abbr2="CEO">President, Chief Executive Officer, Director</title>
		</officer>
		<officer rank="3" since="12/21/2016">
			<firstName>Kurtis</firstName>
			<mI>Joseph</mI>
			<lastName>Binder</lastName>
			<age>49 </age>
			<title startYear="2019" startMonth="" startDay="" iD1="CFO" abbr1="CFO" iD2="EVP" abbr2="Exec. VP">Chief Financial Officer, Executive Vice President</title>
		</officer>
		<officer rank="4" since="04/02/2020">
			<firstName>Jeff</firstName>
			<mI></mI>
			<lastName>Clark</lastName>
			<age></age>
			<title startYear="2020" startMonth="04" startDay="02" iD1="SVP" abbr1="Sr. VP" iD2="" abbr2="">Senior Vice President - Product Management</title>
		</officer>
		<officer rank="5" since="03/10/2020">
			<firstName>Arym</firstName>
			<mI></mI>
			<lastName>Diamond</lastName>
			<age>41 </age>
			<title startYear="2020" startMonth="03" startDay="10" iD1="SVP" abbr1="Sr. VP" iD2="" abbr2="">Senior Vice President, Chief Revenue Officer</title>
		</officer>
		<officer rank="6" since="06/17/2020">
			<firstName>Nathan</firstName>
			<mI></mI>
			<lastName>Lowstuter</lastName>
			<age></age>
			<title startYear="2020" startMonth="06" startDay="17" iD1="SVP" abbr1="Sr. VP" iD2="" abbr2="">Senior Vice President - Global Supply Chain and Operations</title>
		</officer>
		<officer rank="7" since="2015">
			<firstName>Anand</firstName>
			<mI></mI>
			<lastName>Rau</lastName>
			<age>57 </age>
			<title startYear="NA" startMonth="" startDay="" iD1="SVP" abbr1="Sr. VP" iD2="" abbr2="">Senior Vice President - Engineering</title>
		</officer>
	</officers>
	<Ratios PriceCurrency="USD" ReportingCurrency="USD" ExchangeRate="1.00000" LatestAvailableDate="2020-11-30">
		<Group ID="Price and Volume">
			<Ratio FieldName="NPRICE" Type="N">11.20000</Ratio>
			<Ratio FieldName="NHIG" Type="N">11.98000</Ratio>
			<Ratio FieldName="NLOW" Type="N">3.70000</Ratio>
			<Ratio FieldName="PDATE" Type="D">2021-02-04T00:00:00</Ratio>
			<Ratio FieldName="VOL10DAVG" Type="N">0.22300</Ratio>
			<Ratio FieldName="EV" Type="N">486.13290</Ratio>
		</Group>
		<Group ID="Income Statement">
			<Ratio FieldName="MKTCAP" Type="N">392.38890</Ratio>
			<Ratio FieldName="TTMREV" Type="N">338.96800</Ratio>
			<Ratio FieldName="TTMEBITD" Type="N">14.86800</Ratio>
			<Ratio FieldName="TTMNIAC" Type="N">-103.40700</Ratio>
		</Group>
		<Group ID="Per share data">
			<Ratio FieldName="TTMEPSXCLX" Type="N">-3.03115</Ratio>
			<Ratio FieldName="TTMREVPS" Type="N">9.91192</Ratio>
			<Ratio FieldName="QBVPS" Type="N">2.83482</Ratio>
			<Ratio FieldName="QCSHPS" Type="N">2.61715</Ratio>
			<Ratio FieldName="TTMCFSHR" Type="N">-2.18019</Ratio>
			<Ratio FieldName="TTMDIVSHR" Type="N">0.00000</Ratio>
		</Group>
		<Group ID="Other Ratios">
			<Ratio FieldName="TTMGROSMGN" Type="N">38.41248</Ratio>
			<Ratio FieldName="TTMROEPCT" Type="N">-71.32230</Ratio>
			<Ratio FieldName="TTMPR2REV" Type="N">1.15760</Ratio>
			<Ratio FieldName="PEEXCLXOR" Type="N">-99999.99000</Ratio>
			<Ratio FieldName="PRICE2BK" Type="N">3.95086</Ratio>
			<Ratio FieldName="Employees" Type="N">1080</Ratio>
		</Group>
	</Ratios>
	<ForecastData ConsensusType="Mean" CurFiscalYear="2021" CurFiscalYearEndMonth="2" CurInterimEndCalYear="2021" CurInterimEndMonth="2" EarningsBasis="PRX">
		<Ratio FieldName="ConsRecom" Type="N">
			<Value PeriodType="CURR">2.1429</Value>
		</Ratio>
		<Ratio FieldName="TargetPrice" Type="N">
			<Value PeriodType="CURR">9.94170</Value>
		</Ratio>
		<Ratio FieldName="ProjLTGrowthRate" Type="N">
			<Value PeriodType="CURR">12.0000</Value>
		</Ratio>
		<Ratio FieldName="ProjPE" Type="N">
			<Value PeriodType="CURR">94.67456</Value>
		</Ratio>
		<Ratio FieldName="ProjSales" Type="N">
			<Value PeriodType="CURR">335.32860</Value>
		</Ratio>
		<Ratio FieldName="ProjSalesQ" Type="N">
			<Value PeriodType="CURR">83.67830</Value>
		</Ratio>
		<Ratio FieldName="ProjEPS" Type="N">
			<Value PeriodType="CURR">0.11830</Value>
		</Ratio>
		<Ratio FieldName="ProjEPSQ" Type="N">
			<Value PeriodType="CURR">0.05140</Value>
		</Ratio>
		<Ratio FieldName="ProjProfit" Type="N">
			<Value PeriodType="CURR">4.15030</Value>
		</Ratio>
		<Ratio FieldName="ProjDPS" Type="N">
			<Value PeriodType="CURR">0.00000</Value>
		</Ratio>
	</ForecastData>
</ReportSnapshot>
