<?xml version="1.0" encoding="UTF-8"?>
<ReportSnapshot Major="1" Minor="0" Revision="1">
	<CoIDs>
		<CoID Type="RepNo">A25F8</CoID>
		<CoID Type="CompanyName">Camtek LTD.</CoID>
		<CoID Type="OrganizationPermID">4295875122</CoID>
	</CoIDs>
	<Issues>
		<Issue ID="1" Type="C" Desc="Common Stock" Order="1">
			<IssueID Type="Name">Ordinary Shares</IssueID>
			<IssueID Type="Ticker">CAMT</IssueID>
			<IssueID Type="ISIN">IL0010952641</IssueID>
			<IssueID Type="RIC">CAMT.O</IssueID>
			<IssueID Type="DisplayRIC">CAMT.OQ</IssueID>
			<IssueID Type="InstrumentPI">513865</IssueID>
			<IssueID Type="QuotePI">7705325</IssueID>
			<IssueID Type="InstrumentPermID">8590941636</IssueID>
			<IssueID Type="QuotePermID">55835338419</IssueID>
			<Exchange Code="NASD" Country="USA">NASDAQ</Exchange>
			<GlobalListingType>OSR</GlobalListingType>
		</Issue>
	</Issues>
	<CoGeneralInfo>
		<CoStatus Code="1">Active</CoStatus>
		<CoType Code="EQU">Equity Issue</CoType>
		<LastModified>2020-10-27</LastModified>
		<LatestAvailableAnnual>2019-12-31</LatestAvailableAnnual>
		<LatestAvailableInterim>2020-09-30</LatestAvailableInterim>
		<Employees LastUpdated="2019-12-31">322</Employees>
		<SharesOut Date="2020-12-06" TotalFloat="25207872.0">43266821.0</SharesOut>
		<ReportingCurrency Code="USD">U.S. Dollars</ReportingCurrency>
		<MostRecentExchange Date="2021-02-03">1.0</MostRecentExchange>
	</CoGeneralInfo>
	<TextInfo>
		<Text Type="Business Summary" lastModified="2017-11-14T10:39:29">Camtek Ltd is an Israel-based manufacturer of metrology and inspection equipment and a provider of software solutions. The Company mainly serves the Advanced Packaging, Memory, Complementary Metal Oxide Semiconductor (CMOS) Image Sensors, Micro Electro Mechanical Sensor (MEMS), Radio Frequency (RF) and other segments in the mid end of the semiconductors industry. The Company has more than seven offices around the world and provides tailor-made solutions in line with customers' requirements. Camtek Ltds subsidiaries are: Camtek Europe SA, Camtek Korea Ltd, Camtek South East Asia Pte Ltd, Camtek USA Inc, Sela - Semiconductor Engineering Laboratories USA Inc, Camtek Japan Ltd and Sela Semiconductor Engineering Laboratories Ltd, among others.</Text>
		<Text Type="Financial Summary" lastModified="2020-10-27T12:55:03">BRIEF: For the nine months ended 30 September 2020, CamtekLTD. revenues increased 6% to $107.2M. Net income beforeextraordinary items decreased 13% to $14.1M. Revenuesreflect an increase in demand for the Company's productsand services due to favorable market conditions. Net incomewas offset by Research and development costs increase of17% to $14M (expense), Selling, general and administrativeexpe increase of 9% to $21.4M (expense).</Text>
	</TextInfo>
	<contactInfo lastUpdated="2020-11-18T04:31:08">
		<streetAddress line="1">Ramat Gavriel Ind. Zone,</streetAddress>
		<streetAddress line="2">P.O.Box 544</streetAddress>
		<streetAddress line="3"></streetAddress>
		<city>MIGDAL HAEMEQ</city>
		<state-region></state-region>
		<postalCode>23150</postalCode>
		<country code="ISR">Israel</country>
		<contactName>Ehud Helft</contactName>
		<contactTitle>IR Contact Officer</contactTitle>
		<phone>
			<phone type="mainphone">
				<countryPhoneCode>972</countryPhoneCode>
				<city-areacode>4</city-areacode>
				<number>6048100</number>
			</phone>
			<phone type="mainfax">
				<countryPhoneCode>972</countryPhoneCode>
				<city-areacode>4</city-areacode>
				<number>6440523</number>
			</phone>
			<phone type="contactphone">
				<countryPhoneCode>1</countryPhoneCode>
				<city-areacode>646</city-areacode>
				<number>2019246</number>
			</phone>
		</phone>
	</contactInfo>
	<webLinks lastUpdated="2017-11-19T18:30:00"><webSite mainCategory="Home Page">http://www.camtek.com/</webSite><eMail mainCategory="Company Contact/E-mail">camtek@ccgisrael.com</eMail></webLinks>
	<peerInfo lastUpdated="2020-11-18T04:31:08">
		<IndustryInfo>
			<Industry type="TRBC" order="1" reported="0" code="5710102010" mnem="">Semiconductor Equipment &amp; Testing - NEC</Industry>
			<Industry type="NAICS" order="1" reported="0" code="334515" mnem="">Electricity Measuring/Testing Instrument Mfg</Industry>
			<Industry type="NAICS" order="2" reported="0" code="334519" mnem="">Other Measuring &amp; Controlling Device Mfg</Industry>
			<Industry type="NAICS" order="3" reported="0" code="333314" mnem="">Optical Instrument &amp; Lens Mfg</Industry>
			<Industry type="NAICS" order="4" reported="0" code="333295" mnem="">Semiconductor Machinery Mfg</Industry>
			<Industry type="SIC" order="0" reported="1" code="3827" mnem="">Optical Instruments And Lenses</Industry>
			<Industry type="SIC" order="1" reported="0" code="3825" mnem="">Instruments To Measure Electric</Industry>
			<Industry type="SIC" order="2" reported="0" code="3829" mnem="">Measuring/controlling Devices Nec</Industry>
			<Industry type="SIC" order="3" reported="0" code="3827" mnem="">Optical Instruments And Lenses</Industry>
			<Industry type="SIC" order="4" reported="0" code="3559" mnem="">Special Industry MacHinery, Nec</Industry>
		</IndustryInfo>
	</peerInfo>
	<officers>
		<officer rank="1" since="1987">
			<firstName>Rafi</firstName>
			<mI></mI>
			<lastName>Amit</lastName>
			<age>64 </age>
			<title startYear="2010" startMonth="08" startDay="24" iD1="CHM" abbr1="Chmn." iD2="DRC" abbr2="Dir.">Chairman of the Board</title>
		</officer>
		<officer rank="2" since="2001">
			<firstName>Roy</firstName>
			<mI></mI>
			<lastName>Porat</lastName>
			<age>47 </age>
			<title startYear="2010" startMonth="08" startDay="24" iD1="CEO" abbr1="CEO" iD2="" abbr2="">Chief Executive Officer</title>
		</officer>
		<officer rank="3" since="11/2011">
			<firstName>Moshe</firstName>
			<mI></mI>
			<lastName>Eisenberg</lastName>
			<age>46 </age>
			<title startYear="2011" startMonth="11" startDay="" iD1="CFO" abbr1="CFO" iD2="" abbr2="">Chief Financial Officer</title>
		</officer>
		<officer rank="4" since="01/1998">
			<firstName>Yotam</firstName>
			<mI></mI>
			<lastName>Stern</lastName>
			<age>65 </age>
			<title startYear="2010" startMonth="08" startDay="24" iD1="EVP" abbr1="Exec. VP" iD2="DRC" abbr2="Dir.">Executive Vice President - Business &amp; Strategy and Director</title>
		</officer>
		<officer rank="5" since="01/2007">
			<firstName>Moshe</firstName>
			<mI></mI>
			<lastName>Grencel</lastName>
			<age>60 </age>
			<title startYear="2007" startMonth="01" startDay="" iD1="VOP" abbr1="VP-Op." iD2="" abbr2="">Vice President - Operations</title>
		</officer>
		<officer rank="6" since="NA">
			<firstName>Aharon</firstName>
			<mI></mI>
			<lastName>Sela</lastName>
			<age>60 </age>
			<title startYear="2008" startMonth="03" startDay="" iD1="VPR" abbr1="VP" iD2="DSL" abbr2="Dir.-Sales">Vice President - Sales and President of Camtek Ltd and Camtek Hong Kong</title>
		</officer>
		<officer rank="7" since="10/2010">
			<firstName>Ayelet</firstName>
			<mI></mI>
			<lastName>Peled</lastName>
			<age>48 </age>
			<title startYear="2010" startMonth="10" startDay="" iD1="VPR" abbr1="VP" iD2="DHR" abbr2="Dir.-HR">Vice President - Human Resources</title>
		</officer>
		<officer rank="8" since="09/24/2012">
			<firstName>Moshe</firstName>
			<mI></mI>
			<lastName>Baruch</lastName>
			<age>58 </age>
			<title startYear="2012" startMonth="09" startDay="24" iD1="VPR" abbr1="VP" iD2="" abbr2="">Vice President - Research and Development</title>
		</officer>
		<officer rank="9" since="1994">
			<firstName>Michael</firstName>
			<mI></mI>
			<lastName>Lev</lastName>
			<age>59 </age>
			<title startYear="2007" startMonth="04" startDay="" iD1="VPR" abbr1="VP" iD2="" abbr2="">Vice President - Intellectual Property</title>
		</officer>
		<officer rank="10" since="09/24/2012">
			<firstName>Boaz</firstName>
			<mI></mI>
			<lastName>Nitzan</lastName>
			<age>48 </age>
			<title startYear="2012" startMonth="09" startDay="24" iD1="VPR" abbr1="VP" iD2="" abbr2="">Vice President - Digital Material Deposition</title>
		</officer>
	</officers>
	<Ratios PriceCurrency="USD" ReportingCurrency="USD" ExchangeRate="1.00000" LatestAvailableDate="2020-09-30">
		<Group ID="Price and Volume">
			<Ratio FieldName="NPRICE" Type="N">26.60000</Ratio>
			<Ratio FieldName="NHIG" Type="N">26.61000</Ratio>
			<Ratio FieldName="NLOW" Type="N">6.26500</Ratio>
			<Ratio FieldName="PDATE" Type="D">2021-02-04T00:00:00</Ratio>
			<Ratio FieldName="VOL10DAVG" Type="N">0.20344</Ratio>
			<Ratio FieldName="EV" Type="N">1044.85500</Ratio>
		</Group>
		<Group ID="Income Statement">
			<Ratio FieldName="MKTCAP" Type="N">1150.89700</Ratio>
			<Ratio FieldName="TTMREV" Type="N">140.44100</Ratio>
			<Ratio FieldName="TTMEBITD" Type="N">19.18700</Ratio>
			<Ratio FieldName="TTMNIAC" Type="N">18.71900</Ratio>
		</Group>
		<Group ID="Per share data">
			<Ratio FieldName="TTMEPSXCLX" Type="N">0.46993</Ratio>
			<Ratio FieldName="TTMREVPS" Type="N">3.52933</Ratio>
			<Ratio FieldName="QBVPS" Type="N">3.92738</Ratio>
			<Ratio FieldName="QCSHPS" Type="N">2.70437</Ratio>
			<Ratio FieldName="TTMCFSHR" Type="N">-99999.99000</Ratio>
			<Ratio FieldName="TTMDIVSHR" Type="N">0.00000</Ratio>
		</Group>
		<Group ID="Other Ratios">
			<Ratio FieldName="TTMGROSMGN" Type="N">46.82821</Ratio>
			<Ratio FieldName="TTMROEPCT" Type="N">13.14915</Ratio>
			<Ratio FieldName="TTMPR2REV" Type="N">8.19488</Ratio>
			<Ratio FieldName="PEEXCLXOR" Type="N">56.60418</Ratio>
			<Ratio FieldName="PRICE2BK" Type="N">6.77296</Ratio>
			<Ratio FieldName="Employees" Type="N">322</Ratio>
		</Group>
	</Ratios>
	<ForecastData ConsensusType="Mean" CurFiscalYear="2020" CurFiscalYearEndMonth="12" CurInterimEndCalYear="2020" CurInterimEndMonth="12" EarningsBasis="PRX">
		<Ratio FieldName="ConsRecom" Type="N">
			<Value PeriodType="CURR">2</Value>
		</Ratio>
		<Ratio FieldName="TargetPrice" Type="N">
			<Value PeriodType="CURR">18.66670</Value>
		</Ratio>
		<Ratio FieldName="ProjLTGrowthRate" Type="N">
			<Value PeriodType="CURR">-99999.99000</Value>
		</Ratio>
		<Ratio FieldName="ProjPE" Type="N">
			<Value PeriodType="CURR">42.44455</Value>
		</Ratio>
		<Ratio FieldName="ProjSales" Type="N">
			<Value PeriodType="CURR">150.33330</Value>
		</Ratio>
		<Ratio FieldName="ProjSalesQ" Type="N">
			<Value PeriodType="CURR">43.06670</Value>
		</Ratio>
		<Ratio FieldName="ProjEPS" Type="N">
			<Value PeriodType="CURR">0.62670</Value>
		</Ratio>
		<Ratio FieldName="ProjEPSQ" Type="N">
			<Value PeriodType="CURR">0.19330</Value>
		</Ratio>
		<Ratio FieldName="ProjProfit" Type="N">
			<Value PeriodType="CURR">25.15000</Value>
		</Ratio>
		<Ratio FieldName="ProjDPS" Type="N">
			<Value PeriodType="CURR">-99999.99000</Value>
		</Ratio>
	</ForecastData>
</ReportSnapshot>
