<?xml version="1.0" encoding="UTF-8"?>
<ReportSnapshot Major="1" Minor="0" Revision="1">
	<CoIDs>
		<CoID Type="RepNo">B05F2</CoID>
		<CoID Type="CompanyName">Capricor Therapeutics Inc</CoID>
		<CoID Type="IRSNo">880363465</CoID>
		<CoID Type="CIKNo">0001133869</CoID>
		<CoID Type="OrganizationPermID">4295899231</CoID>
	</CoIDs>
	<Issues>
		<Issue ID="1" Type="C" Desc="Common Stock" Order="1">
			<IssueID Type="Name">Ordinary Shares</IssueID>
			<IssueID Type="Ticker">CAPR</IssueID>
			<IssueID Type="RIC">CAPR.O</IssueID>
			<IssueID Type="DisplayRIC">CAPR.OQ</IssueID>
			<IssueID Type="InstrumentPI">7380960</IssueID>
			<IssueID Type="QuotePI">183873502</IssueID>
			<IssueID Type="InstrumentPermID">8589956788</IssueID>
			<IssueID Type="QuotePermID">21559014435</IssueID>
			<Exchange Code="NASD" Country="USA">NASDAQ</Exchange>
			<GlobalListingType>OSR</GlobalListingType>
			<MostRecentSplit Date="2019-06-05">0.1</MostRecentSplit>
		</Issue>
	</Issues>
	<CoGeneralInfo>
		<CoStatus Code="1">Active</CoStatus>
		<CoType Code="EQU">Equity Issue</CoType>
		<LastModified>2020-11-20</LastModified>
		<LatestAvailableAnnual>2019-12-31</LatestAvailableAnnual>
		<LatestAvailableInterim>2020-09-30</LatestAvailableInterim>
		<Employees LastUpdated="2019-12-31">16</Employees>
		<SharesOut Date="2020-11-12" TotalFloat="19930760.0">20447504.0</SharesOut>
		<ReportingCurrency Code="USD">U.S. Dollars</ReportingCurrency>
		<MostRecentExchange Date="2021-02-03">1.0</MostRecentExchange>
	</CoGeneralInfo>
	<TextInfo>
		<Text Type="Business Summary" lastModified="2016-05-31T02:32:24">Capricor Therapeutics, Inc. is a clinical-stage biotechnology company focused on the discovery, development and commercialization of therapeutics. The Company focuses on discovering, developing and commercializing regenerative medicine and large molecule products for the treatment of disease, with a primary focus on the treatment of cardiovascular diseases, including orphan indications. Its product candidate, CAP-1002, a cardiosphere-derived cell product, is being tested in the ALLSTAR Phase II clinical study on patients having suffered a myocardial infarction (MI), while the DYNAMIC clinical study is testing CAP-1002 in patients in the advanced-stage of heart failure. CAP-1002 is also being tested in the HOPE-Duchenne Phase I/II clinical study for use in connection with Duchenne muscular dystrophy-related cardiomyopathy. Cenderitide, a dual receptor natriuretic peptide agonist, is being tested in a Phase II clinical study. Exosomes are nano-sized, membrane-enclosed vesicles.</Text>
		<Text Type="Financial Summary" lastModified="2020-11-20T04:02:01">BRIEF: For the nine months ended 30 September 2020,Capricor Therapeutics Inc revenues decreased 68% to $252K.Net loss increased 54% to $9.5M. Revenues reflect adecrease in demand for the Company's products and servicesdue to unfavorable market conditions. Higher net lossreflects Stock-based Compensation in SGA increase from$308K to $1.3M (expense), Research and development -Balancing val increase of 9% to $4.4M (expense).</Text>
	</TextInfo>
	<contactInfo lastUpdated="2020-11-20T04:02:06">
		<streetAddress line="1">8840 Wilshire Blvd Fl 2</streetAddress>
		<streetAddress line="2"></streetAddress>
		<streetAddress line="3"></streetAddress>
		<city>BEVERLY HILLS</city>
		<state-region>CA</state-region>
		<postalCode>90211-2606</postalCode>
		<country code="USA">United States</country>
		<contactName></contactName>
		<contactTitle></contactTitle>
		<phone>
			<phone type="mainphone">
				<countryPhoneCode>1</countryPhoneCode>
				<city-areacode>310</city-areacode>
				<number>3583200</number>
			</phone>
			<phone type="mainfax">
				<countryPhoneCode>1</countryPhoneCode>
				<city-areacode>302</city-areacode>
				<number>6555049</number>
			</phone>
		</phone>
	</contactInfo>
	<webLinks lastUpdated="2020-08-28T14:30:04"><webSite mainCategory="Home Page">https://capricor.com/</webSite><eMail mainCategory="Company Contact/E-mail">info@capricor.com</eMail></webLinks>
	<peerInfo lastUpdated="2020-11-20T04:02:06">
		<IndustryInfo>
			<Industry type="TRBC" order="1" reported="0" code="5620201011" mnem="">Bio Therapeutic Drugs</Industry>
			<Industry type="NAICS" order="1" reported="0" code="325414" mnem="">Biological Product (exc Diagnostic) Mfg</Industry>
			<Industry type="NAICS" order="2" reported="0" code="325412" mnem="">Pharmaceutical Preparation Mfg</Industry>
			<Industry type="SIC" order="0" reported="1" code="2834" mnem="">Pharmaceutical Preparations</Industry>
			<Industry type="SIC" order="1" reported="0" code="2836" mnem="">Biological Prod's Not Diagnostic</Industry>
			<Industry type="SIC" order="2" reported="0" code="2834" mnem="">Pharmaceutical Preparations</Industry>
		</IndustryInfo>
	</peerInfo>
	<officers>
		<officer rank="1" since="12/2013">
			<firstName>Frank</firstName>
			<mI>I.</mI>
			<lastName>Litvack</lastName>
			<age>59 </age>
			<title startYear="2013" startMonth="12" startDay="" iD1="CHM" abbr1="Chmn." iD2="DRC" abbr2="Dir.">Independent Executive Chairman of the Board</title>
		</officer>
		<officer rank="2" since="11/22/2013">
			<firstName>Linda</firstName>
			<mI></mI>
			<lastName>Marban</lastName>
			<age>51 </age>
			<title startYear="2014" startMonth="" startDay="" iD1="PRE" abbr1="Pres." iD2="CEO" abbr2="CEO">President, Chief Executive Officer, Director</title>
		</officer>
		<officer rank="3" since="11/22/2013">
			<firstName>Anthony</firstName>
			<mI></mI>
			<lastName>Bergmann</lastName>
			<age>32 </age>
			<title startYear="2018" startMonth="01" startDay="01" iD1="CFO" abbr1="CFO" iD2="CAO" abbr2="CAO">Chief Financial Officer, Principal Accounting Officer</title>
		</officer>
		<officer rank="4" since="11/22/2013">
			<firstName>Karen</firstName>
			<mI>G.</mI>
			<lastName>Krasney</lastName>
			<age>62 </age>
			<title startYear="2013" startMonth="11" startDay="22" iD1="EVP" abbr1="Exec. VP" iD2="GCN" abbr2="Counsel">Executive Vice President, General Counsel</title>
		</officer>
		<officer rank="5" since="02/27/2015">
			<firstName>Thomas</firstName>
			<mI>Lyle</mI>
			<lastName>Copmann</lastName>
			<age>61 </age>
			<title startYear="2015" startMonth="02" startDay="27" iD1="VPR" abbr1="VP" iD2="" abbr2="">Vice President - Regulatory Affairs and Drug Development</title>
		</officer>
		<officer rank="6" since="08/13/2015">
			<firstName>Houman</firstName>
			<mI></mI>
			<lastName>Hemmati</lastName>
			<age></age>
			<title startYear="2015" startMonth="08" startDay="13" iD1="VPR" abbr1="VP" iD2="" abbr2="">Vice President - Medical &amp; Clinical Development, New Therapies</title>
		</officer>
		<officer rank="7" since="08/13/2015">
			<firstName>Luis</firstName>
			<mI></mI>
			<lastName>Rodriguez-Borlado</lastName>
			<age></age>
			<title startYear="2015" startMonth="08" startDay="13" iD1="VPR" abbr1="VP" iD2="" abbr2="">Vice President - Regenerative Therapies</title>
		</officer>
		<officer rank="8" since="11/22/2013">
			<firstName>Rachel</firstName>
			<mI></mI>
			<lastName>Smith</lastName>
			<age>36 </age>
			<title startYear="2013" startMonth="11" startDay="22" iD1="VRD" abbr1="VP-R.D." iD2="" abbr2="">Vice President - Research &amp; Development</title>
		</officer>
		<officer rank="9" since="08/13/2015">
			<firstName>Deborah</firstName>
			<mI></mI>
			<lastName>Ascheim</lastName>
			<age></age>
			<title startYear="2015" startMonth="08" startDay="13" iD1="OTH" abbr1="Other" iD2="" abbr2="">Chief Medical Officer</title>
		</officer>
	</officers>
	<Ratios PriceCurrency="USD" ReportingCurrency="USD" ExchangeRate="1.00000" LatestAvailableDate="2020-09-30">
		<Group ID="Price and Volume">
			<Ratio FieldName="NPRICE" Type="N">6.85000</Ratio>
			<Ratio FieldName="NHIG" Type="N">12.32000</Ratio>
			<Ratio FieldName="NLOW" Type="N">0.88000</Ratio>
			<Ratio FieldName="PDATE" Type="D">2021-02-04T00:00:00</Ratio>
			<Ratio FieldName="VOL10DAVG" Type="N">1.74790</Ratio>
			<Ratio FieldName="EV" Type="N">108.45948</Ratio>
		</Group>
		<Group ID="Income Statement">
			<Ratio FieldName="MKTCAP" Type="N">140.06540</Ratio>
			<Ratio FieldName="TTMREV" Type="N">0.47451</Ratio>
			<Ratio FieldName="TTMEBITD" Type="N">-9.74829</Ratio>
			<Ratio FieldName="TTMNIAC" Type="N">-10.94851</Ratio>
		</Group>
		<Group ID="Per share data">
			<Ratio FieldName="TTMEPSXCLX" Type="N">-1.06897</Ratio>
			<Ratio FieldName="TTMREVPS" Type="N">0.04112</Ratio>
			<Ratio FieldName="QBVPS" Type="N">1.50448</Ratio>
			<Ratio FieldName="QCSHPS" Type="N">1.74654</Ratio>
			<Ratio FieldName="TTMCFSHR" Type="N">-0.93629</Ratio>
			<Ratio FieldName="TTMDIVSHR" Type="N">0.00000</Ratio>
		</Group>
		<Group ID="Other Ratios">
			<Ratio FieldName="TTMGROSMGN" Type="N">-99999.99000</Ratio>
			<Ratio FieldName="TTMROEPCT" Type="N">-64.44404</Ratio>
			<Ratio FieldName="TTMPR2REV" Type="N">295.17900</Ratio>
			<Ratio FieldName="PEEXCLXOR" Type="N">-99999.99000</Ratio>
			<Ratio FieldName="PRICE2BK" Type="N">4.55307</Ratio>
			<Ratio FieldName="Employees" Type="N">16</Ratio>
		</Group>
	</Ratios>
	<ForecastData ConsensusType="Mean" CurFiscalYear="2020" CurFiscalYearEndMonth="12" CurInterimEndCalYear="2020" CurInterimEndMonth="12" EarningsBasis="REP">
		<Ratio FieldName="ConsRecom" Type="N">
			<Value PeriodType="CURR">2</Value>
		</Ratio>
		<Ratio FieldName="TargetPrice" Type="N">
			<Value PeriodType="CURR">10.50000</Value>
		</Ratio>
		<Ratio FieldName="ProjLTGrowthRate" Type="N">
			<Value PeriodType="CURR">-99999.99000</Value>
		</Ratio>
		<Ratio FieldName="ProjPE" Type="N">
			<Value PeriodType="CURR">-7.78409</Value>
		</Ratio>
		<Ratio FieldName="ProjSales" Type="N">
			<Value PeriodType="CURR">0.25200</Value>
		</Ratio>
		<Ratio FieldName="ProjSalesQ" Type="N">
			<Value PeriodType="CURR">-99999.99000</Value>
		</Ratio>
		<Ratio FieldName="ProjEPS" Type="N">
			<Value PeriodType="CURR">-0.88000</Value>
		</Ratio>
		<Ratio FieldName="ProjEPSQ" Type="N">
			<Value PeriodType="CURR">-0.20000</Value>
		</Ratio>
		<Ratio FieldName="ProjProfit" Type="N">
			<Value PeriodType="CURR">-13.48900</Value>
		</Ratio>
		<Ratio FieldName="ProjDPS" Type="N">
			<Value PeriodType="CURR">-99999.99000</Value>
		</Ratio>
	</ForecastData>
</ReportSnapshot>
