<?xml version="1.0" encoding="UTF-8"?>
<ReportSnapshot Major="1" Minor="0" Revision="1">
	<CoIDs>
		<CoID Type="RepNo">EBEE7</CoID>
		<CoID Type="CompanyName">Cara Therapeutics Inc</CoID>
		<CoID Type="IRSNo">753175693</CoID>
		<CoID Type="CIKNo">0001346830</CoID>
		<CoID Type="OrganizationPermID">4297277386</CoID>
	</CoIDs>
	<Issues>
		<Issue ID="1" Type="C" Desc="Common Stock" Order="1">
			<IssueID Type="Name">Ordinary Shares</IssueID>
			<IssueID Type="Ticker">CARA</IssueID>
			<IssueID Type="RIC">CARA.O</IssueID>
			<IssueID Type="DisplayRIC">CARA.OQ</IssueID>
			<IssueID Type="InstrumentPI">145649742</IssueID>
			<IssueID Type="QuotePI">145836602</IssueID>
			<IssueID Type="InstrumentPermID">21532248717</IssueID>
			<IssueID Type="QuotePermID">21532324466</IssueID>
			<Exchange Code="NASD" Country="USA">NASDAQ</Exchange>
			<GlobalListingType>OSR</GlobalListingType>
		</Issue>
		<Issue ID="2" Type="P" Desc="Preferred Stock" Order="1">
			<IssueID Type="Name">Conv. Pref. Shrs</IssueID>
			<IssueID Type="InstrumentPI">186388642</IssueID>
			<IssueID Type="InstrumentPermID">21560858151</IssueID>
			<Exchange Code="NA" Country="">Not Available</Exchange>
		</Issue>
	</Issues>
	<CoGeneralInfo>
		<CoStatus Code="1">Active</CoStatus>
		<CoType Code="EQU">Equity Issue</CoType>
		<LastModified>2020-11-11</LastModified>
		<LatestAvailableAnnual>2019-12-31</LatestAvailableAnnual>
		<LatestAvailableInterim>2020-09-30</LatestAvailableInterim>
		<Employees LastUpdated="2020-09-30">76</Employees>
		<SharesOut Date="2020-11-05" TotalFloat="41815942.0">49832104.0</SharesOut>
		<ReportingCurrency Code="USD">U.S. Dollars</ReportingCurrency>
		<MostRecentExchange Date="2021-02-03">1.0</MostRecentExchange>
	</CoGeneralInfo>
	<TextInfo>
		<Text Type="Business Summary" lastModified="2017-04-11T01:52:04">Cara Therapeutics, Inc. is a clinical-stage biopharmaceutical company. The Company is focused on developing and commercializing chemical entities designed to alleviate pain and pruritus by focusing on kappa opioid receptors. It is developing a class of product candidates that target the body's peripheral nervous system. The Company operates through the activities related to the discovery and development of therapeutics to treat serious medical conditions, including pain and pruritus. Its product candidate pipeline includes I.V. CR845 for acute pain; I.V. CR845 for uremic pruritus; Oral CR845 for acute and chronic pain, and CR701 for neuropathic and inflammatory pain. I.V. CR845 is an injectable version of peripheral kappa opioid receptor agonist, which is intended for the treatment of acute pain in an acute care setting. CR845 has exhibited anti-pruritic, or anti-itch, potency in standard preclinical models.</Text>
		<Text Type="Financial Summary" lastModified="2020-11-11T12:47:18">BRIEF: For the nine months ended 30 September 2020, CaraTherapeutics Inc revenues increased 50% to $23M. Net lossdecreased 9% to $70.5M. Revenues reflect License andmilestone fees increase of 47% to $22.4M, Clinical compoundrevenue increase from $140K to $616K. Lower net lossreflects Research and development - Balancing v decrease of7% to $74M (expense), Depreciation and Amortizationdecrease of 67% to $27K (expense).</Text>
	</TextInfo>
	<contactInfo lastUpdated="2020-12-28T07:09:08">
		<streetAddress line="1">4 Stamford Plz</streetAddress>
		<streetAddress line="2"></streetAddress>
		<streetAddress line="3"></streetAddress>
		<city>STAMFORD</city>
		<state-region>CT</state-region>
		<postalCode>06902-3834</postalCode>
		<country code="USA">United States</country>
		<contactName></contactName>
		<contactTitle></contactTitle>
		<phone>
			<phone type="mainphone">
				<countryPhoneCode>1</countryPhoneCode>
				<city-areacode>203</city-areacode>
				<number>4063700</number>
			</phone>
			<phone type="mainfax">
				<countryPhoneCode>1</countryPhoneCode>
				<city-areacode>203</city-areacode>
				<number>5671510</number>
			</phone>
		</phone>
	</contactInfo>
	<webLinks lastUpdated="2016-05-18T11:30:45"><webSite mainCategory="Home Page">http://www.caratherapeutics.com/</webSite><eMail mainCategory="Company Contact/E-mail">info@caratherapeutics.com</eMail></webLinks>
	<peerInfo lastUpdated="2020-12-28T07:09:08">
		<IndustryInfo>
			<Industry type="TRBC" order="1" reported="0" code="5620201010" mnem="">Biotechnology &amp; Medical Research - NEC</Industry>
			<Industry type="NAICS" order="1" reported="0" code="325412" mnem="">Pharmaceutical Preparation Mfg</Industry>
			<Industry type="SIC" order="1" reported="0" code="2834" mnem="">Pharmaceutical Preparations</Industry>
		</IndustryInfo>
	</peerInfo>
	<officers>
		<officer rank="1" since="NA">
			<firstName>Derek</firstName>
			<mI>T.</mI>
			<lastName>Chalmers</lastName>
			<age>56 </age>
			<title startYear="NA" startMonth="" startDay="" iD1="PRE" abbr1="Pres." iD2="CEO" abbr2="CEO">President, Chief Executive Officer, Director</title>
		</officer>
		<officer rank="2" since="10/01/2020">
			<firstName>Thomas</firstName>
			<mI>Charles</mI>
			<lastName>Reilly</lastName>
			<age>48 </age>
			<title startYear="2020" startMonth="10" startDay="01" iD1="CFO" abbr1="CFO" iD2="" abbr2="">Chief Financial Officer</title>
		</officer>
		<officer rank="3" since="NA">
			<firstName>Frederique</firstName>
			<mI></mI>
			<lastName>Menzaghi</lastName>
			<age>53 </age>
			<title startYear="2019" startMonth="03" startDay="06" iD1="SVP" abbr1="Sr. VP" iD2="CSO" abbr2="CSO">Senior Vice President, Research and Development, Chief Scientific Officer</title>
		</officer>
		<officer rank="4" since="2016">
			<firstName>Scott</firstName>
			<mI>M.</mI>
			<lastName>Terrillion</lastName>
			<age>57 </age>
			<title startYear="2016" startMonth="" startDay="" iD1="CCO" abbr1="Chief Comp." iD2="GCN" abbr2="Counsel">Chief Compliance Officer, General Counsel, Secretary</title>
		</officer>
		<officer rank="5" since="11/2018">
			<firstName>Richard</firstName>
			<mI></mI>
			<lastName>Makara</lastName>
			<age>49 </age>
			<title startYear="2018" startMonth="11" startDay="" iD1="VPR" abbr1="VP" iD2="CTR" abbr2="Contr.">Vice President, Head of Accounting &amp; Controller</title>
		</officer>
		<officer rank="6" since="10/23/2018">
			<firstName>Joana</firstName>
			<mI></mI>
			<lastName>Goncalves</lastName>
			<age>46 </age>
			<title startYear="2018" startMonth="10" startDay="23" iD1="OTH" abbr1="Other" iD2="" abbr2="">Chief Medical Officer</title>
		</officer>
	</officers>
	<Ratios PriceCurrency="USD" ReportingCurrency="USD" ExchangeRate="1.00000" LatestAvailableDate="2020-09-30">
		<Group ID="Price and Volume">
			<Ratio FieldName="NPRICE" Type="N">19.33000</Ratio>
			<Ratio FieldName="NHIG" Type="N">21.64000</Ratio>
			<Ratio FieldName="NLOW" Type="N">8.88000</Ratio>
			<Ratio FieldName="PDATE" Type="D">2021-02-04T00:00:00</Ratio>
			<Ratio FieldName="VOL10DAVG" Type="N">0.46127</Ratio>
			<Ratio FieldName="EV" Type="N">842.38560</Ratio>
		</Group>
		<Group ID="Income Statement">
			<Ratio FieldName="MKTCAP" Type="N">963.25460</Ratio>
			<Ratio FieldName="TTMREV" Type="N">27.50400</Ratio>
			<Ratio FieldName="TTMEBITD" Type="N">-102.68000</Ratio>
			<Ratio FieldName="TTMNIAC" Type="N">-99.11000</Ratio>
		</Group>
		<Group ID="Per share data">
			<Ratio FieldName="TTMEPSXCLX" Type="N">-2.11892</Ratio>
			<Ratio FieldName="TTMREVPS" Type="N">0.58786</Ratio>
			<Ratio FieldName="QBVPS" Type="N">2.72638</Ratio>
			<Ratio FieldName="QCSHPS" Type="N">2.57757</Ratio>
			<Ratio FieldName="TTMCFSHR" Type="N">-2.11419</Ratio>
			<Ratio FieldName="TTMDIVSHR" Type="N">0.00000</Ratio>
		</Group>
		<Group ID="Other Ratios">
			<Ratio FieldName="TTMGROSMGN" Type="N">-99999.99000</Ratio>
			<Ratio FieldName="TTMROEPCT" Type="N">-58.34444</Ratio>
			<Ratio FieldName="TTMPR2REV" Type="N">35.02234</Ratio>
			<Ratio FieldName="PEEXCLXOR" Type="N">-99999.99000</Ratio>
			<Ratio FieldName="PRICE2BK" Type="N">7.08998</Ratio>
			<Ratio FieldName="Employees" Type="N">76</Ratio>
		</Group>
	</Ratios>
	<ForecastData ConsensusType="Mean" CurFiscalYear="2020" CurFiscalYearEndMonth="12" CurInterimEndCalYear="2020" CurInterimEndMonth="12" EarningsBasis="REP">
		<Ratio FieldName="ConsRecom" Type="N">
			<Value PeriodType="CURR">1.75</Value>
		</Ratio>
		<Ratio FieldName="TargetPrice" Type="N">
			<Value PeriodType="CURR">33.71430</Value>
		</Ratio>
		<Ratio FieldName="ProjLTGrowthRate" Type="N">
			<Value PeriodType="CURR">-1006.9000</Value>
		</Ratio>
		<Ratio FieldName="ProjPE" Type="N">
			<Value PeriodType="CURR">-15.89246</Value>
		</Ratio>
		<Ratio FieldName="ProjSales" Type="N">
			<Value PeriodType="CURR">65.73110</Value>
		</Ratio>
		<Ratio FieldName="ProjSalesQ" Type="N">
			<Value PeriodType="CURR">48.62860</Value>
		</Ratio>
		<Ratio FieldName="ProjEPS" Type="N">
			<Value PeriodType="CURR">-1.21630</Value>
		</Ratio>
		<Ratio FieldName="ProjEPSQ" Type="N">
			<Value PeriodType="CURR">0.36430</Value>
		</Ratio>
		<Ratio FieldName="ProjProfit" Type="N">
			<Value PeriodType="CURR">-52.89340</Value>
		</Ratio>
		<Ratio FieldName="ProjDPS" Type="N">
			<Value PeriodType="CURR">0.00000</Value>
		</Ratio>
	</ForecastData>
</ReportSnapshot>
