<?xml version="1.0" encoding="UTF-8"?>
<ReportSnapshot Major="1" Minor="0" Revision="1">
	<CoIDs>
		<CoID Type="RepNo">A11D9</CoID>
		<CoID Type="CompanyName">Carver Bancorp Inc</CoID>
		<CoID Type="IRSNo">133904174</CoID>
		<CoID Type="CIKNo">0001016178</CoID>
		<CoID Type="OrganizationPermID">4295903658</CoID>
	</CoIDs>
	<Issues>
		<Issue ID="1" Type="C" Desc="Common Stock" Order="1">
			<IssueID Type="Name">Ordinary Shares</IssueID>
			<IssueID Type="Ticker">CARV</IssueID>
			<IssueID Type="RIC">CARV.O</IssueID>
			<IssueID Type="DisplayRIC">CARV.OQ</IssueID>
			<IssueID Type="InstrumentPI">300900</IssueID>
			<IssueID Type="QuotePI">730226</IssueID>
			<IssueID Type="InstrumentPermID">8590928393</IssueID>
			<IssueID Type="QuotePermID">55835317431</IssueID>
			<Exchange Code="NASD" Country="USA">NASDAQ</Exchange>
			<GlobalListingType>OSR</GlobalListingType>
			<MostRecentSplit Date="2011-11-01">0.06666</MostRecentSplit>
		</Issue>
		<Issue ID="2" Type="P" Desc="Preferred Stock" Order="1">
			<IssueID Type="Name">Preference Shares</IssueID>
			<IssueID Type="InstrumentPI">107894583</IssueID>
			<IssueID Type="InstrumentPermID">21503431192</IssueID>
			<Exchange Code="NASD" Country="USA">NASDAQ</Exchange>
		</Issue>
		<Issue ID="3" Type="P" Desc="Preferred Stock" Order="2">
			<IssueID Type="Name">Preference Shares</IssueID>
			<IssueID Type="InstrumentPI">107894584</IssueID>
			<IssueID Type="InstrumentPermID">21503431400</IssueID>
			<Exchange Code="NA" Country="">Not Available</Exchange>
		</Issue>
		<Issue ID="4" Type="P" Desc="Preferred Stock" Order="3">
			<IssueID Type="Name">Preference Shares</IssueID>
			<IssueID Type="InstrumentPI">107894585</IssueID>
			<IssueID Type="InstrumentPermID">21503431401</IssueID>
			<Exchange Code="NA" Country="">Not Available</Exchange>
		</Issue>
	</Issues>
	<CoGeneralInfo>
		<CoStatus Code="1">Active</CoStatus>
		<CoType Code="EQU">Equity Issue</CoType>
		<LastModified>2021-01-21</LastModified>
		<LatestAvailableAnnual>2020-03-31</LatestAvailableAnnual>
		<LatestAvailableInterim>2020-09-30</LatestAvailableInterim>
		<Employees LastUpdated="2020-09-30">109</Employees>
		<SharesOut Date="2020-11-13" TotalFloat="623923.0">3004637.0</SharesOut>
		<ReportingCurrency Code="USD">U.S. Dollars</ReportingCurrency>
		<MostRecentExchange Date="2021-02-03">1.0</MostRecentExchange>
	</CoGeneralInfo>
	<TextInfo>
		<Text Type="Business Summary" lastModified="2016-09-08T01:31:30">Carver Bancorp, Inc. is the holding company for Carver Federal Savings Bank (Carver Federal or the Bank), a federally chartered savings bank. The Company conducts business as a unitary savings and loan holding company, and the business of the Company consists of the operation of its subsidiary, Carver Federal. Carver Federal serves African-American communities whose residents, businesses and institutions had limited access to mainstream financial services. It engages in a range of consumer and commercial banking services. It provides deposit products, such as demand, savings and time deposits for consumers, businesses, and governmental and quasi-governmental agencies in its market area within New York City. It offers other consumer and commercial banking products and services, such as debit cards, online banking, online bill pay and telephone banking. It also offers a suite of products and services for unbanked and underbanked consumers, branded as Carver Community Cash.</Text>
		<Text Type="Financial Summary" lastModified="2021-01-21T04:22:10">BRIEF: For the six months ended 30 September 2020, CarverBancorp Inc interest income decreased 9% to $9.9M. Netinterest income after loan loss provision decreased 6% to$7.5M.  Net loss decreased 26% to $1.6M. Net interestincome after loan loss provision reflects Loans decrease of4% to $9.1M, Mortgage-backed securities decrease of 48% to$317K, Money market investments decrease of 86% to $49K.</Text>
	</TextInfo>
	<contactInfo lastUpdated="2021-01-21T04:22:41">
		<streetAddress line="1">75 W 125Th St</streetAddress>
		<streetAddress line="2"></streetAddress>
		<streetAddress line="3"></streetAddress>
		<city>NEW YORK</city>
		<state-region>NY</state-region>
		<postalCode>10027-4512</postalCode>
		<country code="USA">United States</country>
		<contactName></contactName>
		<contactTitle></contactTitle>
		<phone>
			<phone type="mainphone">
				<countryPhoneCode>1</countryPhoneCode>
				<city-areacode>212</city-areacode>
				<number>8764747</number>
			</phone>
			<phone type="mainfax">
				<countryPhoneCode>1</countryPhoneCode>
				<city-areacode>302</city-areacode>
				<number>6365454</number>
			</phone>
		</phone>
	</contactInfo>
	<webLinks lastUpdated="2020-09-11T15:15:00"><webSite mainCategory="Home Page">http://www.snl.com/IRW/CorporateProfile/112079</webSite><eMail mainCategory="Company Contact/E-mail">ir@carverbank.com</eMail></webLinks>
	<peerInfo lastUpdated="2021-01-21T04:22:41">
		<IndustryInfo>
			<Industry type="TRBC" order="1" reported="0" code="5510101010" mnem="">Banks - NEC</Industry>
			<Industry type="NAICS" order="1" reported="0" code="522120" mnem="">Savings Institutions</Industry>
			<Industry type="NAICS" order="2" reported="0" code="551111" mnem="">Offices of Bank Holding Companies</Industry>
			<Industry type="SIC" order="0" reported="1" code="6035" mnem="">Federal Savings Institutions</Industry>
			<Industry type="SIC" order="1" reported="0" code="6035" mnem="">Federal Savings Institutions</Industry>
			<Industry type="SIC" order="2" reported="0" code="6712" mnem="">Bank Holding Companies</Industry>
		</IndustryInfo>
	</peerInfo>
	<officers>
		<officer rank="1" since="04/01/2020">
			<firstName>Lewis</firstName>
			<mI>P.</mI>
			<lastName>Jones</lastName>
			<age>68 </age>
			<title startYear="2020" startMonth="04" startDay="01" iD1="CHM" abbr1="Chmn." iD2="IND" abbr2="Ind. Dir.">Independent Chairman of the Board</title>
		</officer>
		<officer rank="2" since="01/22/2013">
			<firstName>Michael</firstName>
			<mI>T.</mI>
			<lastName>Pugh</lastName>
			<age>48 </age>
			<title startYear="2015" startMonth="10" startDay="23" iD1="PRE" abbr1="Pres." iD2="CEO" abbr2="CEO">President, Chief Executive Officer, Director of the Company and Bank</title>
		</officer>
		<officer rank="3" since="03/07/2016">
			<firstName>Christina</firstName>
			<mI>L.</mI>
			<lastName>Maier</lastName>
			<age>66 </age>
			<title startYear="2016" startMonth="03" startDay="07" iD1="CFO" abbr1="CFO" iD2="SVP" abbr2="Sr. VP">Chief Financial Officer, Senior Vice President of the Company and Bank</title>
		</officer>
		<officer rank="4" since="10/02/2017">
			<firstName>Sophia</firstName>
			<mI></mI>
			<lastName>Haliotis</lastName>
			<age>59 </age>
			<title startYear="2017" startMonth="10" startDay="02" iD1="SVP" abbr1="Sr. VP" iD2="" abbr2="">Senior Vice President, Chief Credit Officer of the Company and the Bank</title>
		</officer>
		<officer rank="5" since="NA">
			<firstName>Richard</firstName>
			<mI>A.</mI>
			<lastName>Muskus</lastName>
			<age>52 </age>
			<title startYear="NA" startMonth="" startDay="" iD1="SVP" abbr1="Sr. VP" iD2="" abbr2="">Senior Vice President, Chief Revenue Officer of the Company and the Bank</title>
		</officer>
	</officers>
	<Ratios PriceCurrency="USD" ReportingCurrency="USD" ExchangeRate="1.00000" LatestAvailableDate="2020-09-30">
		<Group ID="Price and Volume">
			<Ratio FieldName="NPRICE" Type="N">9.08000</Ratio>
			<Ratio FieldName="NHIG" Type="N">22.97000</Ratio>
			<Ratio FieldName="NLOW" Type="N">1.25000</Ratio>
			<Ratio FieldName="PDATE" Type="D">2021-02-04T00:00:00</Ratio>
			<Ratio FieldName="VOL10DAVG" Type="N">0.84299</Ratio>
			<Ratio FieldName="EV" Type="N">-25.31490</Ratio>
		</Group>
		<Group ID="Income Statement">
			<Ratio FieldName="MKTCAP" Type="N">27.28210</Ratio>
			<Ratio FieldName="TTMREV" Type="N">20.61400</Ratio>
			<Ratio FieldName="TTMEBITD" Type="N">-2.96400</Ratio>
			<Ratio FieldName="TTMNIAC" Type="N">-4.85500</Ratio>
		</Group>
		<Group ID="Per share data">
			<Ratio FieldName="TTMEPSXCLX" Type="N">-1.30789</Ratio>
			<Ratio FieldName="TTMREVPS" Type="N">5.54955</Ratio>
			<Ratio FieldName="QBVPS" Type="N">16.23708</Ratio>
			<Ratio FieldName="QCSHPS" Type="N">24.73324</Ratio>
			<Ratio FieldName="TTMCFSHR" Type="N">-1.02644</Ratio>
			<Ratio FieldName="TTMDIVSHR" Type="N">0.00000</Ratio>
		</Group>
		<Group ID="Other Ratios">
			<Ratio FieldName="TTMGROSMGN" Type="N">-99999.99000</Ratio>
			<Ratio FieldName="TTMROEPCT" Type="N">-28.13596</Ratio>
			<Ratio FieldName="TTMPR2REV" Type="N">1.32200</Ratio>
			<Ratio FieldName="PEEXCLXOR" Type="N">-99999.99000</Ratio>
			<Ratio FieldName="PRICE2BK" Type="N">0.91615</Ratio>
			<Ratio FieldName="Employees" Type="N">109</Ratio>
		</Group>
	</Ratios>
	<ForecastData ConsensusType="" CurFiscalYear="" CurFiscalYearEndMonth="" CurInterimEndCalYear="" CurInterimEndMonth="" EarningsBasis="">
		<Ratio FieldName="ConsRecom" Type="N">
			<Value PeriodType="CURR">-99999.99000</Value>
		</Ratio>
		<Ratio FieldName="TargetPrice" Type="N">
			<Value PeriodType="CURR">-99999.99000</Value>
		</Ratio>
		<Ratio FieldName="ProjLTGrowthRate" Type="N">
			<Value PeriodType="CURR">-99999.99000</Value>
		</Ratio>
		<Ratio FieldName="ProjPE" Type="N">
			<Value PeriodType="CURR">-99999.99000</Value>
		</Ratio>
		<Ratio FieldName="ProjSales" Type="N">
			<Value PeriodType="CURR">-99999.99000</Value>
		</Ratio>
		<Ratio FieldName="ProjSalesQ" Type="N">
			<Value PeriodType="CURR">-99999.99000</Value>
		</Ratio>
		<Ratio FieldName="ProjEPS" Type="N">
			<Value PeriodType="CURR">-99999.99000</Value>
		</Ratio>
		<Ratio FieldName="ProjEPSQ" Type="N">
			<Value PeriodType="CURR">-99999.99000</Value>
		</Ratio>
		<Ratio FieldName="ProjProfit" Type="N">
			<Value PeriodType="CURR">-99999.99000</Value>
		</Ratio>
		<Ratio FieldName="ProjDPS" Type="N">
			<Value PeriodType="CURR">-99999.99000</Value>
		</Ratio>
	</ForecastData>
</ReportSnapshot>
