<?xml version="1.0" encoding="UTF-8"?>
<ReportSnapshot Major="1" Minor="0" Revision="1">
	<CoIDs>
		<CoID Type="RepNo">A0CCE</CoID>
		<CoID Type="CompanyName">Meta Financial Group Inc.</CoID>
		<CoID Type="IRSNo">421406262</CoID>
		<CoID Type="CIKNo">0000907471</CoID>
		<CoID Type="OrganizationPermID">4295906483</CoID>
	</CoIDs>
	<Issues>
		<Issue ID="1" Type="C" Desc="Common Stock" Order="1">
			<IssueID Type="Name">Ordinary Shares</IssueID>
			<IssueID Type="Ticker">CASH</IssueID>
			<IssueID Type="RIC">CASH.O</IssueID>
			<IssueID Type="DisplayRIC">CASH.OQ</IssueID>
			<IssueID Type="InstrumentPI">323438</IssueID>
			<IssueID Type="QuotePI">7705375</IssueID>
			<IssueID Type="InstrumentPermID">8590936857</IssueID>
			<IssueID Type="QuotePermID">55835322298</IssueID>
			<Exchange Code="NASD" Country="USA">NASDAQ</Exchange>
			<GlobalListingType>OSR</GlobalListingType>
			<MostRecentSplit Date="2018-10-05">3.00003</MostRecentSplit>
		</Issue>
	</Issues>
	<CoGeneralInfo>
		<CoStatus Code="1">Active</CoStatus>
		<CoType Code="EQU">Equity Issue</CoType>
		<LastModified>2021-01-29</LastModified>
		<LatestAvailableAnnual>2020-09-30</LatestAvailableAnnual>
		<LatestAvailableInterim>2020-12-31</LatestAvailableInterim>
		<Employees LastUpdated="2020-09-30">1015</Employees>
		<SharesOut Date="2020-12-31" TotalFloat="29817770.0">32620251.0</SharesOut>
		<ReportingCurrency Code="USD">U.S. Dollars</ReportingCurrency>
		<MostRecentExchange Date="2021-02-03">1.0</MostRecentExchange>
	</CoGeneralInfo>
	<TextInfo>
		<Text Type="Business Summary" lastModified="2018-08-01T22:55:05">Meta Financial Group, Inc. is a unitary savings and loan holding company. The Company operates through its banking subsidiary, MetaBank (the Bank). Its segments include Payments, Banking, and Corporate Services/Other. MetaBank is both a community-oriented financial institution offering a range of financial services to meet the needs of the communities it serves and a payments company providing services on a nationwide basis. It operates in both the banking and payments industries through MetaBank, its retail banking operation; Meta Payment Systems (MPS), its electronic payments division; AFS/IBEX Financial Services Inc. (AFS/IBEX), its insurance premium financing division, and Refund Advantage, EPS Financial, LLC (EPS) Financial and Specialty Consumer Services, its tax-related financial solutions divisions. The Company, through its Meta Commercial Finance Division, which includes its state-chartered bank subsidiary, Crestmark Bank, provides business-to-business commercial financing.</Text>
		<Text Type="Financial Summary" lastModified="2021-01-29T12:13:38">BRIEF: For the three months ended 31 December 2020, MetaFinancial Group Inc. interest income decreased 12% to$68.1M. Net interest income after loan loss provisiondecreased 2% to $59.9M.  Net income increased 33% to $28M.Net interest income after loan loss provision reflectsCommercial segment decrease from $36M to $0K, Net InterestMargin, Total - % decrease of 6% to 4.67%, Net InterestSpread, Total - % decrease of 6% to 4.67%.</Text>
	</TextInfo>
	<contactInfo lastUpdated="2021-01-29T12:14:32">
		<streetAddress line="1">5501 S Broadband Ln,</streetAddress>
		<streetAddress line="2">PO Box 1307</streetAddress>
		<streetAddress line="3"></streetAddress>
		<city>SIOUX FALLS</city>
		<state-region>SD</state-region>
		<postalCode>57108-2253</postalCode>
		<country code="USA">United States</country>
		<contactName></contactName>
		<contactTitle></contactTitle>
		<phone>
			<phone type="mainphone">
				<countryPhoneCode>1</countryPhoneCode>
				<city-areacode>605</city-areacode>
				<number>7821767</number>
			</phone>
			<phone type="mainfax">
				<countryPhoneCode>1</countryPhoneCode>
				<city-areacode>605</city-areacode>
				<number>3380604</number>
			</phone>
		</phone>
	</contactInfo>
	<webLinks lastUpdated="2015-12-09T09:00:09"><webSite mainCategory="Home Page">http://www.metafinancialgroup.com/</webSite><eMail mainCategory="Company Contact/E-mail">invrelations@metabank.com</eMail></webLinks>
	<peerInfo lastUpdated="2021-01-29T12:14:32">
		<IndustryInfo>
			<Industry type="TRBC" order="1" reported="0" code="5510101012" mnem="">Retail &amp; Mortgage Banks</Industry>
			<Industry type="NAICS" order="1" reported="0" code="522120" mnem="">Savings Institutions</Industry>
			<Industry type="NAICS" order="2" reported="0" code="521110" mnem="">Monetary Authorities-Central Bank</Industry>
			<Industry type="NAICS" order="3" reported="0" code="522390" mnem="">Other Activities Related to Credit Intermediation</Industry>
			<Industry type="NAICS" order="4" reported="0" code="525990" mnem="">Other Financial Vehicles</Industry>
			<Industry type="NAICS" order="5" reported="0" code="551111" mnem="">Offices of Bank Holding Companies</Industry>
			<Industry type="SIC" order="0" reported="1" code="6036" mnem="">Savings Institutions Not Federal</Industry>
			<Industry type="SIC" order="1" reported="0" code="6035" mnem="">Federal Savings Institutions</Industry>
			<Industry type="SIC" order="2" reported="0" code="6011" mnem="">Federal Reserve Banks</Industry>
			<Industry type="SIC" order="3" reported="0" code="6099" mnem="">Funcions Related To Deposit Banks</Industry>
			<Industry type="SIC" order="4" reported="0" code="6726" mnem="">Investment Offices, Nec</Industry>
			<Industry type="SIC" order="5" reported="0" code="6712" mnem="">Bank Holding Companies</Industry>
		</IndustryInfo>
		<Indexconstituet>S&amp;P 600 Small Cap</Indexconstituet>
	</peerInfo>
	<officers>
		<officer rank="1" since="NA">
			<firstName>Bradley</firstName>
			<mI>C.</mI>
			<lastName>Hanson</lastName>
			<age>56 </age>
			<title startYear="2020" startMonth="06" startDay="23" iD1="PRE" abbr1="Pres." iD2="CEO" abbr2="CEO">President, Chief Executive Officer, Director and Co-President and Chief Executive Officer of the Bank</title>
		</officer>
		<officer rank="2" since="10/01/2013">
			<firstName>Glen</firstName>
			<mI>W.</mI>
			<lastName>Herrick</lastName>
			<age>58 </age>
			<title startYear="2013" startMonth="10" startDay="01" iD1="CFO" abbr1="CFO" iD2="EVP" abbr2="Exec. VP">Chief Financial Officer, Executive Vice President</title>
		</officer>
		<officer rank="3" since="02/25/2019">
			<firstName>Brett</firstName>
			<mI>L.</mI>
			<lastName>Pharr</lastName>
			<age>59 </age>
			<title startYear="2020" startMonth="06" startDay="23" iD1="CEX" abbr1="Corp. Exec." iD2="" abbr2="">Co-President and Chief Operating Officer of MetaBank, National Association</title>
		</officer>
		<officer rank="4" since="03/2020">
			<firstName>Charles</firstName>
			<mI>C.</mI>
			<lastName>Ingram</lastName>
			<age>51 </age>
			<title startYear="2020" startMonth="03" startDay="" iD1="EVP" abbr1="Exec. VP" iD2="CTO" abbr2="CTO">Executive Vice President, Chief Information Technology Officer</title>
		</officer>
		<officer rank="5" since="06/2020">
			<firstName>Anthony</firstName>
			<mI>M.</mI>
			<lastName>Sharett</lastName>
			<age>44 </age>
			<title startYear="2020" startMonth="06" startDay="" iD1="EVP" abbr1="Exec. VP" iD2="CCO" abbr2="Chief Comp.">Executive Vice President, Chief Legal and Compliance Officer, Company Secretary</title>
		</officer>
		<officer rank="6" since="09/25/2017">
			<firstName>Sheree</firstName>
			<mI>S.</mI>
			<lastName>Thornsberry</lastName>
			<age>52 </age>
			<title startYear="2017" startMonth="09" startDay="25" iD1="EVP" abbr1="Exec. VP" iD2="" abbr2="">Executive Vice President, Head of Payments</title>
		</officer>
	</officers>
	<Ratios PriceCurrency="USD" ReportingCurrency="USD" ExchangeRate="1.00000" LatestAvailableDate="2020-12-31">
		<Group ID="Price and Volume">
			<Ratio FieldName="NPRICE" Type="N">42.69000</Ratio>
			<Ratio FieldName="NHIG" Type="N">42.74000</Ratio>
			<Ratio FieldName="NLOW" Type="N">13.09000</Ratio>
			<Ratio FieldName="PDATE" Type="D">2021-02-04T00:00:00</Ratio>
			<Ratio FieldName="VOL10DAVG" Type="N">0.22588</Ratio>
			<Ratio FieldName="EV" Type="N">-97.13300</Ratio>
		</Group>
		<Group ID="Income Statement">
			<Ratio FieldName="MKTCAP" Type="N">1392.55800</Ratio>
			<Ratio FieldName="TTMREV" Type="N">283.36200</Ratio>
			<Ratio FieldName="TTMEBITD" Type="N">224.02300</Ratio>
			<Ratio FieldName="TTMNIAC" Type="N">111.68900</Ratio>
		</Group>
		<Group ID="Per share data">
			<Ratio FieldName="TTMEPSXCLX" Type="N">3.21448</Ratio>
			<Ratio FieldName="TTMREVPS" Type="N">14.55062</Ratio>
			<Ratio FieldName="QBVPS" Type="N">24.88252</Ratio>
			<Ratio FieldName="QCSHPS" Type="N">48.63393</Ratio>
			<Ratio FieldName="TTMCFSHR" Type="N">3.84136</Ratio>
			<Ratio FieldName="TTMDIVSHR" Type="N">0.20000</Ratio>
		</Group>
		<Group ID="Other Ratios">
			<Ratio FieldName="TTMGROSMGN" Type="N">-99999.99000</Ratio>
			<Ratio FieldName="TTMROEPCT" Type="N">13.58386</Ratio>
			<Ratio FieldName="TTMPR2REV" Type="N">2.77383</Ratio>
			<Ratio FieldName="PEEXCLXOR" Type="N">13.28053</Ratio>
			<Ratio FieldName="PRICE2BK" Type="N">1.71566</Ratio>
			<Ratio FieldName="Employees" Type="N">1015</Ratio>
		</Group>
	</Ratios>
	<ForecastData ConsensusType="Mean" CurFiscalYear="2021" CurFiscalYearEndMonth="9" CurInterimEndCalYear="2021" CurInterimEndMonth="3" EarningsBasis="PRX">
		<Ratio FieldName="ConsRecom" Type="N">
			<Value PeriodType="CURR">1.75</Value>
		</Ratio>
		<Ratio FieldName="TargetPrice" Type="N">
			<Value PeriodType="CURR">25.50000</Value>
		</Ratio>
		<Ratio FieldName="ProjLTGrowthRate" Type="N">
			<Value PeriodType="CURR">-99999.99000</Value>
		</Ratio>
		<Ratio FieldName="ProjPE" Type="N">
			<Value PeriodType="CURR">11.06905</Value>
		</Ratio>
		<Ratio FieldName="ProjSales" Type="N">
			<Value PeriodType="CURR">520.04000</Value>
		</Ratio>
		<Ratio FieldName="ProjSalesQ" Type="N">
			<Value PeriodType="CURR">187.20030</Value>
		</Ratio>
		<Ratio FieldName="ProjEPS" Type="N">
			<Value PeriodType="CURR">3.85670</Value>
		</Ratio>
		<Ratio FieldName="ProjEPSQ" Type="N">
			<Value PeriodType="CURR">1.44230</Value>
		</Ratio>
		<Ratio FieldName="ProjProfit" Type="N">
			<Value PeriodType="CURR">112.05600</Value>
		</Ratio>
		<Ratio FieldName="ProjDPS" Type="N">
			<Value PeriodType="CURR">0.40000</Value>
		</Ratio>
	</ForecastData>
</ReportSnapshot>
