<?xml version="1.0" encoding="UTF-8"?>
<ReportSnapshot Major="1" Minor="0" Revision="1">
	<CoIDs>
		<CoID Type="RepNo">A166F</CoID>
		<CoID Type="CompanyName">Cass Information Systems</CoID>
		<CoID Type="IRSNo">431265338</CoID>
		<CoID Type="CIKNo">0000708781</CoID>
		<CoID Type="OrganizationPermID">4295905880</CoID>
	</CoIDs>
	<Issues>
		<Issue ID="1" Type="C" Desc="Common Stock" Order="1">
			<IssueID Type="Name">Ordinary Shares</IssueID>
			<IssueID Type="Ticker">CASS</IssueID>
			<IssueID Type="RIC">CASS.O</IssueID>
			<IssueID Type="DisplayRIC">CASS.OQ</IssueID>
			<IssueID Type="InstrumentPI">298880</IssueID>
			<IssueID Type="QuotePI">7705379</IssueID>
			<IssueID Type="InstrumentPermID">8590926831</IssueID>
			<IssueID Type="QuotePermID">55835322639</IssueID>
			<Exchange Code="NASD" Country="USA">NASDAQ</Exchange>
			<GlobalListingType>OSR</GlobalListingType>
			<MostRecentSplit Date="2018-12-03">1.2</MostRecentSplit>
		</Issue>
	</Issues>
	<CoGeneralInfo>
		<CoStatus Code="1">Active</CoStatus>
		<CoType Code="EQU">Equity Issue</CoType>
		<LastModified>2021-01-29</LastModified>
		<LatestAvailableAnnual>2020-12-31</LatestAvailableAnnual>
		<LatestAvailableInterim>2020-12-31</LatestAvailableInterim>
		<Employees LastUpdated="2020-02-19">875</Employees>
		<SharesOut Date="2020-10-26" TotalFloat="12133633.0">14422133.0</SharesOut>
		<ReportingCurrency Code="USD">U.S. Dollars</ReportingCurrency>
		<MostRecentExchange Date="2021-02-03">1.0</MostRecentExchange>
	</CoGeneralInfo>
	<TextInfo>
		<Text Type="Business Summary" lastModified="2017-04-04T00:31:06">Cass Information Systems, Inc. (Cass) is a provider of payment and information processing services to manufacturing, distribution and retail enterprises across the United States with operating locations in Missouri, Ohio, Massachusetts, South Carolina and Florida. The Company provides transportation invoice rating, payment processing, auditing, accounting and transportation information. It is also a processor and payer of energy invoices, including electricity, gas, waste, and other facility related expenses. The Company operates in two segments: Information Services and Banking Services. The Information Services segment provides transportation, energy, telecommunication, and environmental invoice processing and payment services to large corporations. The Banking Services segment provides banking services primarily to privately held businesses and churches. The Company, through its bank subsidiary, Cass Commercial Bank (the Bank), provides commercial banking services.</Text>
		<Text Type="Financial Summary" lastModified="2021-01-29T00:21:50">BRIEF: For the fiscal year ended 31 December 2020, CassInformation Systems revenues decreased 11% to $145M. Netincome decreased 17% to $25.2M. Revenues reflectInformation services payment and process decrease of 10% to$97.2M. Net income also reflects Equipment Expense increaseof 7% to $6.6M (expense). Dividend per share increased from$1.05 to $1.08. Basic Earnings per Share excludingExtraordinary Items decreased from $2.11 to $1.75.</Text>
	</TextInfo>
	<contactInfo lastUpdated="2021-01-29T00:22:58">
		<streetAddress line="1">12444 Powerscourt Dr</streetAddress>
		<streetAddress line="2"></streetAddress>
		<streetAddress line="3"></streetAddress>
		<city>ST. LOUIS</city>
		<state-region>MO</state-region>
		<postalCode>63131-3660</postalCode>
		<country code="USA">United States</country>
		<contactName></contactName>
		<contactTitle></contactTitle>
		<phone>
			<phone type="mainphone">
				<countryPhoneCode>1</countryPhoneCode>
				<city-areacode>314</city-areacode>
				<number>5065500</number>
			</phone>
			<phone type="mainfax">
				<countryPhoneCode>1</countryPhoneCode>
				<city-areacode>314</city-areacode>
				<number>5065955</number>
			</phone>
		</phone>
	</contactInfo>
	<webLinks lastUpdated="2019-12-02T11:01:29"><webSite mainCategory="Home Page">https://www.cassinfo.com/</webSite><eMail mainCategory="Company Contact/E-mail">
		</eMail></webLinks>
	<peerInfo lastUpdated="2021-01-29T00:22:58">
		<IndustryInfo>
			<Industry type="TRBC" order="1" reported="0" code="5220304027" mnem="">Transaction &amp; Payment Services</Industry>
			<Industry type="NAICS" order="1" reported="0" code="522320" mnem="">Financial Transactions Processing, Reserve, and Clearinghouse Activities</Industry>
			<Industry type="NAICS" order="2" reported="0" code="522110" mnem="">Commercial Banking</Industry>
			<Industry type="NAICS" order="3" reported="0" code="518210" mnem="">Data Processing, Hosting, and Related Services</Industry>
			<Industry type="NAICS" order="4" reported="0" code="551112" mnem="">Offices of Other Holding Companies</Industry>
			<Industry type="SIC" order="0" reported="1" code="7389" mnem="">Business Services, Nec</Industry>
			<Industry type="SIC" order="1" reported="0" code="6099" mnem="">Funcions Related To Deposit Banks</Industry>
			<Industry type="SIC" order="2" reported="0" code="6029" mnem="">Commercial Banks, Nec</Industry>
			<Industry type="SIC" order="3" reported="0" code="7374" mnem="">Data Processing And Preparation</Industry>
			<Industry type="SIC" order="4" reported="0" code="6719" mnem="">Holding Companies, Nec</Industry>
		</IndustryInfo>
	</peerInfo>
	<officers>
		<officer rank="1" since="NA">
			<firstName>Eric</firstName>
			<mI>H.</mI>
			<lastName>Brunngraber</lastName>
			<age>63 </age>
			<title startYear="2015" startMonth="04" startDay="23" iD1="CHM" abbr1="Chmn." iD2="PRE" abbr2="Pres.">Chairman of the Board, President, Chief Executive Officer</title>
		</officer>
		<officer rank="2" since="05/15/2006">
			<firstName>P. Stephen</firstName>
			<mI></mI>
			<lastName>Appelbaum</lastName>
			<age>62 </age>
			<title startYear="2011" startMonth="" startDay="" iD1="CFO" abbr1="CFO" iD2="EVP" abbr2="Exec. VP">Chief Financial Officer, Executive Vice President, Secretary</title>
		</officer>
		<officer rank="3" since="02/01/2015">
			<firstName>Mark</firstName>
			<mI>A.</mI>
			<lastName>Campbell</lastName>
			<age>57 </age>
			<title startYear="2015" startMonth="02" startDay="01" iD1="CEX" abbr1="Corp. Exec." iD2="" abbr2="">President  Transportation Information Services</title>
		</officer>
		<officer rank="4" since="07/02/2018">
			<firstName>Dwight</firstName>
			<mI>D.</mI>
			<lastName>Erdbruegger</lastName>
			<age>60 </age>
			<title startYear="2018" startMonth="07" startDay="02" iD1="CEX" abbr1="Corp. Exec." iD2="" abbr2="">President  Cass Commercial Bank</title>
		</officer>
		<officer rank="5" since="1999">
			<firstName>Gary</firstName>
			<mI>B.</mI>
			<lastName>Langfitt</lastName>
			<age>64 </age>
			<title startYear="2011" startMonth="" startDay="" iD1="CEX" abbr1="Corp. Exec." iD2="" abbr2="">President - Expense Management Services</title>
		</officer>
		<officer rank="6" since="11/09/2020">
			<firstName>Martin</firstName>
			<mI>H.</mI>
			<lastName>Resch</lastName>
			<age>55 </age>
			<title startYear="2020" startMonth="11" startDay="09" iD1="COO" abbr1="COO" iD2="EVP" abbr2="Exec. VP">Chief Operating Officer, Executive Vice President</title>
		</officer>
		<officer rank="7" since="02/2018">
			<firstName>James</firstName>
			<mI>M.</mI>
			<lastName>Cavellier</lastName>
			<age>52 </age>
			<title startYear="2018" startMonth="02" startDay="" iD1="EVP" abbr1="Exec. VP" iD2="CIO" abbr2="CIO">Executive Vice President, Chief Information Officer</title>
		</officer>
	</officers>
	<Ratios PriceCurrency="USD" ReportingCurrency="USD" ExchangeRate="1.00000" LatestAvailableDate="2020-12-31">
		<Group ID="Price and Volume">
			<Ratio FieldName="NPRICE" Type="N">42.68000</Ratio>
			<Ratio FieldName="NHIG" Type="N">54.38000</Ratio>
			<Ratio FieldName="NLOW" Type="N">28.85010</Ratio>
			<Ratio FieldName="PDATE" Type="D">2021-02-04T00:00:00</Ratio>
			<Ratio FieldName="VOL10DAVG" Type="N">0.06184</Ratio>
			<Ratio FieldName="EV" Type="N">-99999.99000</Ratio>
		</Group>
		<Group ID="Income Statement">
			<Ratio FieldName="MKTCAP" Type="N">615.53660</Ratio>
			<Ratio FieldName="TTMREV" Type="N">147.59000</Ratio>
			<Ratio FieldName="TTMEBITD" Type="N">38.73200</Ratio>
			<Ratio FieldName="TTMNIAC" Type="N">25.17600</Ratio>
		</Group>
		<Group ID="Per share data">
			<Ratio FieldName="TTMEPSXCLX" Type="N">1.72706</Ratio>
			<Ratio FieldName="TTMREVPS" Type="N">10.12752</Ratio>
			<Ratio FieldName="QBVPS" Type="N">-99999.99000</Ratio>
			<Ratio FieldName="QCSHPS" Type="N">-99999.99000</Ratio>
			<Ratio FieldName="TTMCFSHR" Type="N">1.86343</Ratio>
			<Ratio FieldName="TTMDIVSHR" Type="N">1.08000</Ratio>
		</Group>
		<Group ID="Other Ratios">
			<Ratio FieldName="TTMGROSMGN" Type="N">73.54767</Ratio>
			<Ratio FieldName="TTMROEPCT" Type="N">-99999.99000</Ratio>
			<Ratio FieldName="TTMPR2REV" Type="N">4.17058</Ratio>
			<Ratio FieldName="PEEXCLXOR" Type="N">24.71252</Ratio>
			<Ratio FieldName="PRICE2BK" Type="N">-99999.99000</Ratio>
			<Ratio FieldName="Employees" Type="N">875</Ratio>
		</Group>
	</Ratios>
	<ForecastData ConsensusType="Mean" CurFiscalYear="2017" CurFiscalYearEndMonth="12" CurInterimEndCalYear="2017" CurInterimEndMonth="12" EarningsBasis="PRX">
		<Ratio FieldName="ConsRecom" Type="N">
			<Value PeriodType="CURR">-99999.99000</Value>
		</Ratio>
		<Ratio FieldName="TargetPrice" Type="N">
			<Value PeriodType="CURR">-99999.99000</Value>
		</Ratio>
		<Ratio FieldName="ProjLTGrowthRate" Type="N">
			<Value PeriodType="CURR">-99999.99000</Value>
		</Ratio>
		<Ratio FieldName="ProjPE" Type="N">
			<Value PeriodType="CURR">-99999.99000</Value>
		</Ratio>
		<Ratio FieldName="ProjSales" Type="N">
			<Value PeriodType="CURR">-99999.99000</Value>
		</Ratio>
		<Ratio FieldName="ProjSalesQ" Type="N">
			<Value PeriodType="CURR">-99999.99000</Value>
		</Ratio>
		<Ratio FieldName="ProjEPS" Type="N">
			<Value PeriodType="CURR">-99999.99000</Value>
		</Ratio>
		<Ratio FieldName="ProjEPSQ" Type="N">
			<Value PeriodType="CURR">-99999.99000</Value>
		</Ratio>
		<Ratio FieldName="ProjProfit" Type="N">
			<Value PeriodType="CURR">-99999.99000</Value>
		</Ratio>
		<Ratio FieldName="ProjDPS" Type="N">
			<Value PeriodType="CURR">-99999.99000</Value>
		</Ratio>
	</ForecastData>
</ReportSnapshot>
