<?xml version="1.0" encoding="UTF-8"?>
<ReportSnapshot Major="1" Minor="0" Revision="1">
	<CoIDs>
		<CoID Type="RepNo">A894B</CoID>
		<CoID Type="CompanyName">Cardtronics PLC</CoID>
		<CoID Type="IRSNo">760681190</CoID>
		<CoID Type="CIKNo">0001671013</CoID>
		<CoID Type="OrganizationPermID">5050917170</CoID>
	</CoIDs>
	<Issues>
		<Issue ID="1" Type="C" Desc="Common Stock" Order="1">
			<IssueID Type="Name">Ordinary Shares Class A</IssueID>
			<IssueID Type="Ticker">CATM</IssueID>
			<IssueID Type="ISIN">GB00BYT18414</IssueID>
			<IssueID Type="RIC">CATM.O</IssueID>
			<IssueID Type="DisplayRIC">CATM.OQ</IssueID>
			<IssueID Type="InstrumentPI">19883179</IssueID>
			<IssueID Type="QuotePI">38051670</IssueID>
			<IssueID Type="InstrumentPermID">8590921615</IssueID>
			<IssueID Type="QuotePermID">55835322450</IssueID>
			<Exchange Code="NASD" Country="USA">NASDAQ</Exchange>
			<GlobalListingType>OSR</GlobalListingType>
		</Issue>
	</Issues>
	<CoGeneralInfo>
		<CoStatus Code="1">Active</CoStatus>
		<CoType Code="EQU">Equity Issue</CoType>
		<LastModified>2021-01-19</LastModified>
		<LatestAvailableAnnual>2019-12-31</LatestAvailableAnnual>
		<LatestAvailableInterim>2020-09-30</LatestAvailableInterim>
		<Employees LastUpdated="2019-12-31">1987</Employees>
		<SharesOut Date="2020-10-27" TotalFloat="43684933.0">44479262.0</SharesOut>
		<ReportingCurrency Code="USD">U.S. Dollars</ReportingCurrency>
		<MostRecentExchange Date="2021-02-03">1.0</MostRecentExchange>
	</CoGeneralInfo>
	<TextInfo>
		<Text Type="Business Summary" lastModified="2020-06-18T00:00:00">Cardtronics PLC provides convenient automated consumer financial services through its global network of automated teller machines (ATM) and multi-function financial services kiosks. The Company operates through three segments: North America, Europe &amp; Africa and Australia &amp; New Zealand. Its North America segment includes ATM operations in all states in the United States (U.S), Puerto Rico, Canada and Mexico. Europe &amp; Africa segment includes its ATM operations in the United Kingdom (U.K), Ireland, Germany, Spain, and South Africa. Australia &amp; New Zealand segment includes ATM operations in Australia and New Zealand. It provides various ATM-based financial services at retail locations and other locations, such as shopping malls, airports, train stations and casinos. It also partners with financial institutions and other providers of consumer financial services to enable convenient and fee-free access to its ATMs through its surcharge-free solutions.</Text>
		<Text Type="Financial Summary" lastModified="2021-01-19T04:50:31">BRIEF: For the nine months ended 30 September 2020,Cardtronics PLC revenues decreased 19% to $819.2M. Netincome decreased 73% to $9.6M. Revenues reflect a decreasein demand for the Company's products and services due tounfavorable market conditions. Net income also reflectsInterest expense, net increase of 30% to $26.4M (expense),Operating lease costs increase of 23% to $3.8M (expense).</Text>
	</TextInfo>
	<contactInfo lastUpdated="2021-01-25T08:48:47">
		<streetAddress line="1">Building 4, 1St Floor Trident Place</streetAddress>
		<streetAddress line="2">Mosquito Way</streetAddress>
		<streetAddress line="3"></streetAddress>
		<city>HATFIELD</city>
		<state-region></state-region>
		<postalCode>AL10 9UL</postalCode>
		<country code="GBR">United Kingdom</country>
		<contactName></contactName>
		<contactTitle></contactTitle>
		<phone>
			<phone type="mainphone">
				<countryPhoneCode>44</countryPhoneCode>
				<city-areacode>1707</city-areacode>
				<number>248781</number>
			</phone>
		</phone>
	</contactInfo>
	<webLinks lastUpdated="2017-02-03T13:30:04"><webSite mainCategory="Home Page">http://www.cardtronics.com/</webSite><eMail mainCategory="Company Contact/E-mail">
		</eMail></webLinks>
	<peerInfo lastUpdated="2021-01-25T08:48:47">
		<IndustryInfo>
			<Industry type="TRBC" order="1" reported="0" code="5220304010" mnem="">Business Support Services - NEC</Industry>
			<Industry type="NAICS" order="1" reported="0" code="522320" mnem="">Financial Transactions Processing, Reserve, and Clearinghouse Activities</Industry>
			<Industry type="NAICS" order="2" reported="0" code="522390" mnem="">Other Activities Related to Credit Intermediation</Industry>
			<Industry type="NAICS" order="3" reported="0" code="541513" mnem="">Computer Facilities Management Services</Industry>
			<Industry type="SIC" order="0" reported="1" code="7389" mnem="">Business Services, Nec</Industry>
			<Industry type="SIC" order="1" reported="0" code="6099" mnem="">Funcions Related To Deposit Banks</Industry>
			<Industry type="SIC" order="2" reported="0" code="7376" mnem="">Computer Facilities Management</Industry>
		</IndustryInfo>
		<Indexconstituet>S&amp;P 600 Small Cap</Indexconstituet>
	</peerInfo>
	<officers>
		<officer rank="1" since="02/23/2016">
			<firstName>Edward</firstName>
			<mI>H.</mI>
			<lastName>West</lastName>
			<age>53 </age>
			<title startYear="2018" startMonth="01" startDay="01" iD1="CEO" abbr1="CEO" iD2="DRC" abbr2="Dir.">Chief Executive Officer, Director</title>
		</officer>
		<officer rank="2" since="11/28/2017">
			<firstName>Gary</firstName>
			<mI>W.</mI>
			<lastName>Ferrera</lastName>
			<age>57 </age>
			<title startYear="2017" startMonth="11" startDay="28" iD1="CFO" abbr1="CFO" iD2="" abbr2="">Chief Financial Officer</title>
		</officer>
		<officer rank="3" since="02/12/2018">
			<firstName>Geri</firstName>
			<mI></mI>
			<lastName>House</lastName>
			<age>44 </age>
			<title startYear="2018" startMonth="02" startDay="12" iD1="CHO" abbr1="Chief HR" iD2="" abbr2="">Chief Human Resource Officer</title>
		</officer>
		<officer rank="4" since="05/30/2017">
			<firstName>Dan</firstName>
			<mI></mI>
			<lastName>Antilley</lastName>
			<age>52 </age>
			<title startYear="2017" startMonth="05" startDay="30" iD1="EVP" abbr1="Exec. VP" iD2="CIO" abbr2="CIO">Executive Vice President - Operations, Chief Information Officer</title>
		</officer>
		<officer rank="5" since="02/01/2017">
			<firstName>Stuart</firstName>
			<mI></mI>
			<lastName>Mackinnon</lastName>
			<age>48 </age>
			<title startYear="2017" startMonth="02" startDay="01" iD1="EVP" abbr1="Exec. VP" iD2="CIO" abbr2="CIO">Executive Vice PresidentTechnology and Chief Information Officer</title>
		</officer>
		<officer rank="6" since="NA">
			<firstName>Carter</firstName>
			<mI></mI>
			<lastName>Hunt</lastName>
			<age>53 </age>
			<title startYear="NA" startMonth="" startDay="" iD1="EVP" abbr1="Exec. VP" iD2="MDR" abbr2="Mgng.Dir.">Executive Vice President, Managing Director of North America</title>
		</officer>
		<officer rank="7" since="09/18/2017">
			<firstName>Marc</firstName>
			<mI></mI>
			<lastName>Terry</lastName>
			<age>58 </age>
			<title startYear="2017" startMonth="09" startDay="18" iD1="EVP" abbr1="Exec. VP" iD2="MDR" abbr2="Mgng.Dir.">Executive Vice President and Managing Director - International</title>
		</officer>
		<officer rank="8" since="01/2017">
			<firstName>Brad</firstName>
			<mI></mI>
			<lastName>Nolan</lastName>
			<age>47 </age>
			<title startYear="2017" startMonth="12" startDay="31" iD1="EVP" abbr1="Exec. VP" iD2="" abbr2="">Executive Vice President - Allpoint Solutions</title>
		</officer>
		<officer rank="9" since="05/21/2018">
			<firstName>Paul</firstName>
			<mI>A.</mI>
			<lastName>Gullo</lastName>
			<age>54 </age>
			<title startYear="2018" startMonth="05" startDay="21" iD1="CAO" abbr1="CAO" iD2="" abbr2="">Chief Accounting Officer</title>
		</officer>
		<officer rank="10" since="05/01/2019">
			<firstName>Paul</firstName>
			<mI></mI>
			<lastName>Wilmore</lastName>
			<age>53 </age>
			<title startYear="2019" startMonth="05" startDay="01" iD1="CMO" abbr1="CMO" iD2="" abbr2="">Chief Marketing Officer</title>
		</officer>
	</officers>
	<Ratios PriceCurrency="USD" ReportingCurrency="USD" ExchangeRate="1.00000" LatestAvailableDate="2020-09-30">
		<Group ID="Price and Volume">
			<Ratio FieldName="NPRICE" Type="N">38.70000</Ratio>
			<Ratio FieldName="NHIG" Type="N">45.98000</Ratio>
			<Ratio FieldName="NLOW" Type="N">15.71000</Ratio>
			<Ratio FieldName="PDATE" Type="D">2021-02-04T00:00:00</Ratio>
			<Ratio FieldName="VOL10DAVG" Type="N">1.62878</Ratio>
			<Ratio FieldName="EV" Type="N">2351.40800</Ratio>
		</Group>
		<Group ID="Income Statement">
			<Ratio FieldName="MKTCAP" Type="N">1721.34700</Ratio>
			<Ratio FieldName="TTMREV" Type="N">1157.99900</Ratio>
			<Ratio FieldName="TTMEBITD" Type="N">238.56000</Ratio>
			<Ratio FieldName="TTMNIAC" Type="N">22.94900</Ratio>
		</Group>
		<Group ID="Per share data">
			<Ratio FieldName="TTMEPSXCLX" Type="N">0.50924</Ratio>
			<Ratio FieldName="TTMREVPS" Type="N">25.72596</Ratio>
			<Ratio FieldName="QBVPS" Type="N">7.51804</Ratio>
			<Ratio FieldName="QCSHPS" Type="N">5.92392</Ratio>
			<Ratio FieldName="TTMCFSHR" Type="N">4.18385</Ratio>
			<Ratio FieldName="TTMDIVSHR" Type="N">0.00000</Ratio>
		</Group>
		<Group ID="Other Ratios">
			<Ratio FieldName="TTMGROSMGN" Type="N">34.51911</Ratio>
			<Ratio FieldName="TTMROEPCT" Type="N">6.72285</Ratio>
			<Ratio FieldName="TTMPR2REV" Type="N">1.48648</Ratio>
			<Ratio FieldName="PEEXCLXOR" Type="N">75.99560</Ratio>
			<Ratio FieldName="PRICE2BK" Type="N">5.14762</Ratio>
			<Ratio FieldName="Employees" Type="N">1987</Ratio>
		</Group>
	</Ratios>
	<ForecastData ConsensusType="Mean" CurFiscalYear="2020" CurFiscalYearEndMonth="12" CurInterimEndCalYear="2020" CurInterimEndMonth="12" EarningsBasis="PRX">
		<Ratio FieldName="ConsRecom" Type="N">
			<Value PeriodType="CURR">2.875</Value>
		</Ratio>
		<Ratio FieldName="TargetPrice" Type="N">
			<Value PeriodType="CURR">33.33330</Value>
		</Ratio>
		<Ratio FieldName="ProjLTGrowthRate" Type="N">
			<Value PeriodType="CURR">-0.8000</Value>
		</Ratio>
		<Ratio FieldName="ProjPE" Type="N">
			<Value PeriodType="CURR">24.30141</Value>
		</Ratio>
		<Ratio FieldName="ProjSales" Type="N">
			<Value PeriodType="CURR">1095.43810</Value>
		</Ratio>
		<Ratio FieldName="ProjSalesQ" Type="N">
			<Value PeriodType="CURR">275.53050</Value>
		</Ratio>
		<Ratio FieldName="ProjEPS" Type="N">
			<Value PeriodType="CURR">1.59250</Value>
		</Ratio>
		<Ratio FieldName="ProjEPSQ" Type="N">
			<Value PeriodType="CURR">0.54140</Value>
		</Ratio>
		<Ratio FieldName="ProjProfit" Type="N">
			<Value PeriodType="CURR">71.29200</Value>
		</Ratio>
		<Ratio FieldName="ProjDPS" Type="N">
			<Value PeriodType="CURR">-99999.99000</Value>
		</Ratio>
	</ForecastData>
</ReportSnapshot>
