<?xml version="1.0" encoding="UTF-8"?>
<ReportSnapshot Major="1" Minor="0" Revision="1">
	<CoIDs>
		<CoID Type="RepNo">AC52D</CoID>
		<CoID Type="CompanyName">CBAK Energy Technology Inc</CoID>
		<CoID Type="IRSNo">880442833</CoID>
		<CoID Type="CIKNo">0001117171</CoID>
		<CoID Type="OrganizationPermID">4295915631</CoID>
	</CoIDs>
	<Issues>
		<Issue ID="1" Type="C" Desc="Common Stock" Order="1">
			<IssueID Type="Name">Ordinary Shares</IssueID>
			<IssueID Type="Ticker">CBAT</IssueID>
			<IssueID Type="RIC">CBAT.O</IssueID>
			<IssueID Type="DisplayRIC">CBAT.OQ</IssueID>
			<IssueID Type="InstrumentPI">7373743</IssueID>
			<IssueID Type="QuotePI">26346428</IssueID>
			<IssueID Type="InstrumentPermID">8590931788</IssueID>
			<IssueID Type="QuotePermID">55835317802</IssueID>
			<Exchange Code="NASD" Country="USA">NASDAQ</Exchange>
			<GlobalListingType>OSR</GlobalListingType>
			<MostRecentSplit Date="2012-10-26">0.2</MostRecentSplit>
		</Issue>
	</Issues>
	<CoGeneralInfo>
		<CoStatus Code="1">Active</CoStatus>
		<CoType Code="EQU">Equity Issue</CoType>
		<LastModified>2021-01-10</LastModified>
		<LatestAvailableAnnual>2019-12-31</LatestAvailableAnnual>
		<LatestAvailableInterim>2020-09-30</LatestAvailableInterim>
		<Employees LastUpdated="2014-09-30">58</Employees>
		<SharesOut Date="2020-12-08" TotalFloat="30258307.0">75973752.0</SharesOut>
		<ReportingCurrency Code="USD">U.S. Dollars</ReportingCurrency>
		<MostRecentExchange Date="2021-02-03">1.0</MostRecentExchange>
	</CoGeneralInfo>
	<TextInfo>
		<Text Type="Business Summary" lastModified="2019-10-01T00:00:00">CBAK Energy Technology, Inc., formerly China BAK Battery, Inc., is a holding company. The Company and its subsidiaries are engaged in the manufacture, commercialization and distribution of a range of standard and customized lithium ion (Li-ion) rechargeable batteries for use in an array of applications. The Company manufactures five types of Li-ion rechargeable batteries: aluminum-case cell, battery pack, cylindrical cell, lithium polymer cell and high-power lithium battery cell. The Company's products are sold to packing plants operated by third parties primarily for use in mobile phones and other electronic devices. Its products are used in various applications, including electric vehicles (EV), such as electric cars, electric buses, hybrid electric cars and buses; light electric vehicles (LEV), such as electric bicycles, electric motors and sight-seeing cars, and electric tools, energy storage, uninterruptible power supply (UPS), and other high power applications.</Text>
		<Text Type="Financial Summary" lastModified="2021-01-10T22:41:59">BRIEF: For the nine months ended 30 September 2020, CBAKEnergy Technology Inc revenues increased 26% to $22.1M. Netloss decreased 49% to $3.5M. Revenues reflectUninterruptable supplies segment increase of 31% to $17.1M,Light electric vehicles segment increase from $0K to $26K,Mainland China segment increase of 25% to $21.2M, Europesegment increase from $0K to $770K.</Text>
	</TextInfo>
	<contactInfo lastUpdated="2021-01-22T17:43:08">
		<streetAddress line="1">Bak Industrial Park</streetAddress>
		<streetAddress line="2">Meigui Street, Huayuankou Economic Zone</streetAddress>
		<streetAddress line="3"></streetAddress>
		<city>DALIAN</city>
		<state-region>LIA</state-region>
		<postalCode>116422</postalCode>
		<country code="CHN">China</country>
		<contactName></contactName>
		<contactTitle></contactTitle>
		<phone>
			<phone type="mainphone">
				<countryPhoneCode>86</countryPhoneCode>
				<city-areacode>411</city-areacode>
				<number>39185999</number>
			</phone>
		</phone>
	</contactInfo>
	<webLinks lastUpdated="2017-01-16T23:30:02"><webSite mainCategory="Home Page">http://www.cbak.com.cn/</webSite><eMail mainCategory="Company Contact/E-mail">ir@cbak.com.cn</eMail></webLinks>
	<peerInfo lastUpdated="2021-01-22T17:43:08">
		<IndustryInfo>
			<Industry type="TRBC" order="1" reported="0" code="5210203011" mnem="">Batteries &amp; Uninterruptable Power supplies</Industry>
			<Industry type="NAICS" order="1" reported="0" code="335911" mnem="">Storage Battery Mfg</Industry>
			<Industry type="NAICS" order="2" reported="0" code="551112" mnem="">Offices of Other Holding Companies</Industry>
			<Industry type="SIC" order="1" reported="0" code="3691" mnem="">Storage Batteries</Industry>
			<Industry type="SIC" order="2" reported="0" code="6719" mnem="">Holding Companies, Nec</Industry>
		</IndustryInfo>
	</peerInfo>
	<officers>
		<officer rank="1" since="03/01/2016">
			<firstName>Yunfei</firstName>
			<mI></mI>
			<lastName>Li</lastName>
			<age>53 </age>
			<title startYear="2016" startMonth="03" startDay="01" iD1="CHM" abbr1="Chmn." iD2="PRE" abbr2="Pres.">Chairman of the Board, President, Chief Executive Officer, Secretary</title>
		</officer>
		<officer rank="2" since="08/23/2019">
			<firstName>Xiangyu</firstName>
			<mI></mI>
			<lastName>Pei</lastName>
			<age>30 </age>
			<title startYear="2019" startMonth="08" startDay="23" iD1="CFO" abbr1="CFO" iD2="" abbr2="">Interim Chief Financial Officer</title>
		</officer>
	</officers>
	<Ratios PriceCurrency="USD" ReportingCurrency="USD" ExchangeRate="1.00000" LatestAvailableDate="2020-09-30">
		<Group ID="Price and Volume">
			<Ratio FieldName="NPRICE" Type="N">8.12000</Ratio>
			<Ratio FieldName="NHIG" Type="N">11.40000</Ratio>
			<Ratio FieldName="NLOW" Type="N">0.36000</Ratio>
			<Ratio FieldName="PDATE" Type="D">2021-02-04T00:00:00</Ratio>
			<Ratio FieldName="VOL10DAVG" Type="N">11.90019</Ratio>
			<Ratio FieldName="EV" Type="N">649.08978</Ratio>
		</Group>
		<Group ID="Income Statement">
			<Ratio FieldName="MKTCAP" Type="N">616.90690</Ratio>
			<Ratio FieldName="TTMREV" Type="N">26.80811</Ratio>
			<Ratio FieldName="TTMEBITD" Type="N">-0.89932</Ratio>
			<Ratio FieldName="TTMNIAC" Type="N">-7.40308</Ratio>
		</Group>
		<Group ID="Per share data">
			<Ratio FieldName="TTMEPSXCLX" Type="N">-0.14226</Ratio>
			<Ratio FieldName="TTMREVPS" Type="N">0.46937</Ratio>
			<Ratio FieldName="QBVPS" Type="N">0.26071</Ratio>
			<Ratio FieldName="QCSHPS" Type="N">0.01994</Ratio>
			<Ratio FieldName="TTMCFSHR" Type="N">-0.08596</Ratio>
			<Ratio FieldName="TTMDIVSHR" Type="N">0.00000</Ratio>
		</Group>
		<Group ID="Other Ratios">
			<Ratio FieldName="TTMGROSMGN" Type="N">10.46310</Ratio>
			<Ratio FieldName="TTMROEPCT" Type="N">-52.10059</Ratio>
			<Ratio FieldName="TTMPR2REV" Type="N">23.01195</Ratio>
			<Ratio FieldName="PEEXCLXOR" Type="N">-99999.99000</Ratio>
			<Ratio FieldName="PRICE2BK" Type="N">31.14600</Ratio>
			<Ratio FieldName="Employees" Type="N">58</Ratio>
		</Group>
	</Ratios>
	<ForecastData ConsensusType="Mean" CurFiscalYear="2011" CurFiscalYearEndMonth="9" CurInterimEndCalYear="2011" CurInterimEndMonth="9" EarningsBasis="PRX">
		<Ratio FieldName="ConsRecom" Type="N">
			<Value PeriodType="CURR">-99999.99000</Value>
		</Ratio>
		<Ratio FieldName="TargetPrice" Type="N">
			<Value PeriodType="CURR">-99999.99000</Value>
		</Ratio>
		<Ratio FieldName="ProjLTGrowthRate" Type="N">
			<Value PeriodType="CURR">-99999.99000</Value>
		</Ratio>
		<Ratio FieldName="ProjPE" Type="N">
			<Value PeriodType="CURR">-99999.99000</Value>
		</Ratio>
		<Ratio FieldName="ProjSales" Type="N">
			<Value PeriodType="CURR">-99999.99000</Value>
		</Ratio>
		<Ratio FieldName="ProjSalesQ" Type="N">
			<Value PeriodType="CURR">-99999.99000</Value>
		</Ratio>
		<Ratio FieldName="ProjEPS" Type="N">
			<Value PeriodType="CURR">-99999.99000</Value>
		</Ratio>
		<Ratio FieldName="ProjEPSQ" Type="N">
			<Value PeriodType="CURR">-99999.99000</Value>
		</Ratio>
		<Ratio FieldName="ProjProfit" Type="N">
			<Value PeriodType="CURR">-99999.99000</Value>
		</Ratio>
		<Ratio FieldName="ProjDPS" Type="N">
			<Value PeriodType="CURR">-99999.99000</Value>
		</Ratio>
	</ForecastData>
</ReportSnapshot>
