<?xml version="1.0" encoding="UTF-8"?>
<ReportSnapshot Major="1" Minor="0" Revision="1">
	<CoIDs>
		<CoID Type="RepNo">AA5D6</CoID>
		<CoID Type="CompanyName">Catalyst Biosciences Inc</CoID>
		<CoID Type="IRSNo">562020050</CoID>
		<CoID Type="CIKNo">0001124105</CoID>
		<CoID Type="OrganizationPermID">4295899884</CoID>
	</CoIDs>
	<Issues>
		<Issue ID="1" Type="C" Desc="Common Stock" Order="1">
			<IssueID Type="Name">Ordinary Shares</IssueID>
			<IssueID Type="Ticker">CBIO</IssueID>
			<IssueID Type="RIC">CBIO.O</IssueID>
			<IssueID Type="DisplayRIC">CBIO.OQ</IssueID>
			<IssueID Type="InstrumentPI">17482763</IssueID>
			<IssueID Type="QuotePI">25637914</IssueID>
			<IssueID Type="InstrumentPermID">8590922432</IssueID>
			<IssueID Type="QuotePermID">55835353163</IssueID>
			<Exchange Code="NASD" Country="USA">NASDAQ</Exchange>
			<GlobalListingType>OSR</GlobalListingType>
			<MostRecentSplit Date="2017-02-13">0.06667</MostRecentSplit>
		</Issue>
		<Issue ID="2" Type="P" Desc="Preferred Stock" Order="1">
			<IssueID Type="Name">Preference Shares</IssueID>
			<IssueID Type="InstrumentPI">299814897</IssueID>
			<IssueID Type="InstrumentPermID">21643451147</IssueID>
			<Exchange Code="NA" Country="">Not Available</Exchange>
		</Issue>
	</Issues>
	<CoGeneralInfo>
		<CoStatus Code="1">Active</CoStatus>
		<CoType Code="EQU">Equity Issue</CoType>
		<LastModified>2020-11-11</LastModified>
		<LatestAvailableAnnual>2019-12-31</LatestAvailableAnnual>
		<LatestAvailableInterim>2020-09-30</LatestAvailableInterim>
		<Employees LastUpdated="2019-12-31">21</Employees>
		<SharesOut Date="2021-01-26" TotalFloat="29769318.0">30782924.0</SharesOut>
		<ReportingCurrency Code="USD">U.S. Dollars</ReportingCurrency>
		<MostRecentExchange Date="2021-02-03">1.0</MostRecentExchange>
	</CoGeneralInfo>
	<TextInfo>
		<Text Type="Business Summary" lastModified="2016-04-14T08:11:52">Catalyst Biosciences, Inc., formerly Targacept, Inc., is a clinical-stage biopharmaceutical company. The Company is focused on creating and developing medicines to address serious medical conditions. The Company focuses its product development efforts in the fields of hemostasis, including the treatment of hemophilia and surgical bleeding, and inflammation, including prevention of delayed graft function (DGF) in renal transplants and the treatment of dry age-related macular degeneration (dry AMD), a condition that can cause visual impairment or blindness. The Company's advanced program is a coagulation Factor VIIa variant, CB 813d, that has completed a Phase I clinical trial in severe hemophilia A and B patients. In addition to its lead Factor VIIa program, it has approximately two other coagulation factors, a Factor IX variant, CB 2679d/ISU 304, that is in advanced preclinical development, and a Factor Xa variant that has reached the advanced lead preclinical-stage of development.</Text>
		<Text Type="Financial Summary" lastModified="2020-11-11T04:53:58">BRIEF: For the nine months ended 30 September 2020,Catalyst Biosciences Inc revenues increased from $0K to$18.9M. Net loss decreased 10% to $37.3M. Revenues reflectan increase in demand for the Company's products andservices due to favorable market conditions. Lower net lossreflects Stock based compensation decrease of 10% to $1.6M(expense). Basic Earnings per Share excluding ExtraordinaryItems increased from -$3.47 to -$1.97.</Text>
	</TextInfo>
	<contactInfo lastUpdated="2021-01-27T08:16:40">
		<streetAddress line="1">611 Gateway Blvd Ste 710</streetAddress>
		<streetAddress line="2"></streetAddress>
		<streetAddress line="3"></streetAddress>
		<city>SOUTH SAN FRANCISCO</city>
		<state-region>CA</state-region>
		<postalCode>94080-7029</postalCode>
		<country code="USA">United States</country>
		<contactName>Ana Kapor</contactName>
		<contactTitle>IR Contact Officer</contactTitle>
		<phone>
			<phone type="mainphone">
				<countryPhoneCode>1</countryPhoneCode>
				<city-areacode>650</city-areacode>
				<number>8710761</number>
			</phone>
			<phone type="mainfax">
				<countryPhoneCode>1</countryPhoneCode>
				<city-areacode>302</city-areacode>
				<number>6365454</number>
			</phone>
			<phone type="contactphone">
				<countryPhoneCode>1</countryPhoneCode>
				<city-areacode>650</city-areacode>
				<number>8710761</number>
			</phone>
		</phone>
	</contactInfo>
	<webLinks lastUpdated="2015-08-21T13:30:13"><webSite mainCategory="Home Page">http://www.catalystbiosciences.com/</webSite><eMail mainCategory="Company Contact/E-mail">investors@catbio.com</eMail></webLinks>
	<peerInfo lastUpdated="2021-01-27T08:16:40">
		<IndustryInfo>
			<Industry type="TRBC" order="1" reported="0" code="5620201011" mnem="">Bio Therapeutic Drugs</Industry>
			<Industry type="NAICS" order="1" reported="0" code="541712" mnem="">Research and Development in the Physical, Engineering, and Life Sciences (except Biotechnology)</Industry>
			<Industry type="SIC" order="0" reported="1" code="2834" mnem="">Pharmaceutical Preparations</Industry>
			<Industry type="SIC" order="1" reported="0" code="8731" mnem="">Commercial Physical Research</Industry>
		</IndustryInfo>
	</peerInfo>
	<officers>
		<officer rank="1" since="02/15/2018">
			<firstName>Augustine</firstName>
			<mI>J.</mI>
			<lastName>Lawlor</lastName>
			<age>64 </age>
			<title startYear="2018" startMonth="02" startDay="15" iD1="CHM" abbr1="Chmn." iD2="IND" abbr2="Ind. Dir.">Independent Chairman of the Board</title>
		</officer>
		<officer rank="2" since="08/20/2015">
			<firstName>Nassim</firstName>
			<mI></mI>
			<lastName>Usman</lastName>
			<age>60 </age>
			<title startYear="2015" startMonth="08" startDay="20" iD1="PRE" abbr1="Pres." iD2="CEO" abbr2="CEO">President, Chief Executive Officer, Director</title>
		</officer>
		<officer rank="3" since="06/15/2020">
			<firstName>Clinton</firstName>
			<mI></mI>
			<lastName>Musil</lastName>
			<age>38 </age>
			<title startYear="2020" startMonth="06" startDay="15" iD1="CFO" abbr1="CFO" iD2="" abbr2="">Chief Financial Officer</title>
		</officer>
		<officer rank="4" since="06/22/2020">
			<firstName>Charles</firstName>
			<mI>J.</mI>
			<lastName>Democko</lastName>
			<age></age>
			<title startYear="2020" startMonth="06" startDay="22" iD1="SVP" abbr1="Sr. VP" iD2="" abbr2="">Senior Vice President - Regulatory Affairs</title>
		</officer>
		<officer rank="5" since="04/18/2016">
			<firstName>Howard</firstName>
			<mI></mI>
			<lastName>Levy</lastName>
			<age>66 </age>
			<title startYear="2016" startMonth="04" startDay="18" iD1="OTH" abbr1="Other" iD2="" abbr2="">Chief Medical Officer</title>
		</officer>
	</officers>
	<Ratios PriceCurrency="USD" ReportingCurrency="USD" ExchangeRate="1.00000" LatestAvailableDate="2020-09-30">
		<Group ID="Price and Volume">
			<Ratio FieldName="NPRICE" Type="N">5.75000</Ratio>
			<Ratio FieldName="NHIG" Type="N">8.94000</Ratio>
			<Ratio FieldName="NLOW" Type="N">3.43000</Ratio>
			<Ratio FieldName="PDATE" Type="D">2021-02-04T00:00:00</Ratio>
			<Ratio FieldName="VOL10DAVG" Type="N">0.45134</Ratio>
			<Ratio FieldName="EV" Type="N">74.11980</Ratio>
		</Group>
		<Group ID="Income Statement">
			<Ratio FieldName="MKTCAP" Type="N">177.00180</Ratio>
			<Ratio FieldName="TTMREV" Type="N">18.91700</Ratio>
			<Ratio FieldName="TTMEBITD" Type="N">-52.38900</Ratio>
			<Ratio FieldName="TTMNIAC" Type="N">-50.94400</Ratio>
		</Group>
		<Group ID="Per share data">
			<Ratio FieldName="TTMEPSXCLX" Type="N">-3.09845</Ratio>
			<Ratio FieldName="TTMREVPS" Type="N">1.13620</Ratio>
			<Ratio FieldName="QBVPS" Type="N">4.25936</Ratio>
			<Ratio FieldName="QCSHPS" Type="N">4.65889</Ratio>
			<Ratio FieldName="TTMCFSHR" Type="N">-3.05219</Ratio>
			<Ratio FieldName="TTMDIVSHR" Type="N">0.00000</Ratio>
		</Group>
		<Group ID="Other Ratios">
			<Ratio FieldName="TTMGROSMGN" Type="N">62.29846</Ratio>
			<Ratio FieldName="TTMROEPCT" Type="N">-58.11180</Ratio>
			<Ratio FieldName="TTMPR2REV" Type="N">9.35676</Ratio>
			<Ratio FieldName="PEEXCLXOR" Type="N">-99999.99000</Ratio>
			<Ratio FieldName="PRICE2BK" Type="N">1.34997</Ratio>
			<Ratio FieldName="Employees" Type="N">21</Ratio>
		</Group>
	</Ratios>
	<ForecastData ConsensusType="Mean" CurFiscalYear="2020" CurFiscalYearEndMonth="12" CurInterimEndCalYear="2020" CurInterimEndMonth="12" EarningsBasis="REP">
		<Ratio FieldName="ConsRecom" Type="N">
			<Value PeriodType="CURR">2</Value>
		</Ratio>
		<Ratio FieldName="TargetPrice" Type="N">
			<Value PeriodType="CURR">20.25000</Value>
		</Ratio>
		<Ratio FieldName="ProjLTGrowthRate" Type="N">
			<Value PeriodType="CURR">-99999.99000</Value>
		</Ratio>
		<Ratio FieldName="ProjPE" Type="N">
			<Value PeriodType="CURR">-2.05357</Value>
		</Ratio>
		<Ratio FieldName="ProjSales" Type="N">
			<Value PeriodType="CURR">19.00000</Value>
		</Ratio>
		<Ratio FieldName="ProjSalesQ" Type="N">
			<Value PeriodType="CURR">-99999.99000</Value>
		</Ratio>
		<Ratio FieldName="ProjEPS" Type="N">
			<Value PeriodType="CURR">-2.80000</Value>
		</Ratio>
		<Ratio FieldName="ProjEPSQ" Type="N">
			<Value PeriodType="CURR">-0.88000</Value>
		</Ratio>
		<Ratio FieldName="ProjProfit" Type="N">
			<Value PeriodType="CURR">-99999.99000</Value>
		</Ratio>
		<Ratio FieldName="ProjDPS" Type="N">
			<Value PeriodType="CURR">0.00000</Value>
		</Ratio>
	</ForecastData>
</ReportSnapshot>
