<?xml version="1.0" encoding="UTF-8"?>
<ReportSnapshot Major="1" Minor="0" Revision="1">
	<CoIDs>
		<CoID Type="RepNo">AC212</CoID>
		<CoID Type="CompanyName">Cleveland BioLabs, Inc.</CoID>
		<CoID Type="IRSNo">200077155</CoID>
		<CoID Type="CIKNo">0001318641</CoID>
		<CoID Type="OrganizationPermID">4295910041</CoID>
	</CoIDs>
	<Issues>
		<Issue ID="1" Type="C" Desc="Common Stock" Order="1">
			<IssueID Type="Name">Ordinary Shares</IssueID>
			<IssueID Type="Ticker">CBLI</IssueID>
			<IssueID Type="RIC">CBLI.O</IssueID>
			<IssueID Type="DisplayRIC">CBLI.OQ</IssueID>
			<IssueID Type="InstrumentPI">24739327</IssueID>
			<IssueID Type="QuotePI">27027543</IssueID>
			<IssueID Type="InstrumentPermID">8589946667</IssueID>
			<IssueID Type="QuotePermID">55835317224</IssueID>
			<Exchange Code="NASD" Country="USA">NASDAQ</Exchange>
			<GlobalListingType>OSR</GlobalListingType>
			<MostRecentSplit Date="2015-01-28">0.05</MostRecentSplit>
		</Issue>
		<Issue ID="3" Type="C" Desc="Common Stock" Order="2">
			<IssueID Type="Name">Ordinary Shares Series B</IssueID>
			<IssueID Type="InstrumentPI">70184295</IssueID>
			<IssueID Type="InstrumentPermID">21474961075</IssueID>
			<Exchange Code="NASD" Country="USA">NASDAQ</Exchange>
		</Issue>
		<Issue ID="2" Type="P" Desc="Preferred Stock" Order="1">
			<IssueID Type="Name">Preference Shares</IssueID>
			<IssueID Type="InstrumentPI">70184297</IssueID>
			<IssueID Type="InstrumentPermID">21474968754</IssueID>
			<Exchange Code="NA" Country="">Not Available</Exchange>
		</Issue>
		<Issue ID="4" Type="P" Desc="Preferred Stock" Order="2">
			<IssueID Type="Name">Conv. Pref. Shrs Series D</IssueID>
			<IssueID Type="InstrumentPI">66008027</IssueID>
			<IssueID Type="InstrumentPermID">21474977506</IssueID>
			<Exchange Code="NA" Country="">Not Available</Exchange>
		</Issue>
	</Issues>
	<CoGeneralInfo>
		<CoStatus Code="1">Active</CoStatus>
		<CoType Code="EQU">Equity Issue</CoType>
		<LastModified>2020-11-23</LastModified>
		<LatestAvailableAnnual>2019-12-31</LatestAvailableAnnual>
		<LatestAvailableInterim>2020-09-30</LatestAvailableInterim>
		<Employees LastUpdated="2020-02-12">7</Employees>
		<SharesOut Date="2020-10-30" TotalFloat="5673374.0">13016387.0</SharesOut>
		<ReportingCurrency Code="USD">U.S. Dollars</ReportingCurrency>
		<MostRecentExchange Date="2021-02-03">1.0</MostRecentExchange>
	</CoGeneralInfo>
	<TextInfo>
		<Text Type="Business Summary" lastModified="2017-03-06T22:04:19">Cleveland BioLabs, Inc. (CBLI) is a biopharmaceutical company. The Company is engaged in developing approaches to activate the immune system and address serious medical needs. Its platform of Toll-like immune receptor activators has applications in mitigation of radiation injury and immuno-oncology. Its advanced product candidate is Entolimod, an immuno-stimulatory agent, which it is developing as a radiation countermeasure and an immunotherapy for oncology and other indications. Its other products include CBLB612, Mobilan and CBL0137. CBLB612 is a compound based upon a natural activator of another tissue-specific component of the innate immune system, the toll-like receptor 2 (TLR2)/ toll-like receptor 6 (TLR6) heterodimeric receptor. Mobilan is a recombinant non-replicating adenovirus that directs expression of TLR5 and its agonistic ligand. CBL0137 is a small molecule with a multi-targeted mechanism of action that may be useful for the treatment of various types of cancer.</Text>
		<Text Type="Financial Summary" lastModified="2020-11-23T00:24:20">BRIEF: For the nine months ended 30 September 2020,Cleveland BioLabs, Inc. revenues decreased 65% to $263K.Net loss decreased 12% to $1.7M. Revenues reflect adecrease in demand for the Company's products and servicesdue to unfavorable market conditions. Lower net lossreflects Research and development decrease of 63% to $506K(expense), Interest and other income increase from $33K to$509K (income).</Text>
	</TextInfo>
	<contactInfo lastUpdated="2020-11-23T00:24:32">
		<streetAddress line="1">73 High St</streetAddress>
		<streetAddress line="2"></streetAddress>
		<streetAddress line="3"></streetAddress>
		<city>BUFFALO</city>
		<state-region>NY</state-region>
		<postalCode>14203-1149</postalCode>
		<country code="USA">United States</country>
		<contactName></contactName>
		<contactTitle></contactTitle>
		<phone>
			<phone type="mainphone">
				<countryPhoneCode>1</countryPhoneCode>
				<city-areacode>716</city-areacode>
				<number>8496810</number>
			</phone>
			<phone type="mainfax">
				<countryPhoneCode>1</countryPhoneCode>
				<city-areacode>716</city-areacode>
				<number>8496820</number>
			</phone>
		</phone>
	</contactInfo>
	<webLinks lastUpdated="2016-05-26T11:30:35"><webSite mainCategory="Home Page">http://www.cbiolabs.com/</webSite><eMail mainCategory="Company Contact/E-mail">
		</eMail></webLinks>
	<peerInfo lastUpdated="2020-11-23T00:24:32">
		<IndustryInfo>
			<Industry type="TRBC" order="1" reported="0" code="5620201010" mnem="">Biotechnology &amp; Medical Research - NEC</Industry>
			<Industry type="NAICS" order="1" reported="0" code="541712" mnem="">Research and Development in the Physical, Engineering, and Life Sciences (except Biotechnology)</Industry>
			<Industry type="SIC" order="0" reported="1" code="8731" mnem="">Commercial Physical Research</Industry>
			<Industry type="SIC" order="1" reported="0" code="8731" mnem="">Commercial Physical Research</Industry>
		</IndustryInfo>
	</peerInfo>
	<officers>
		<officer rank="1" since="07/2016">
			<firstName>Lea</firstName>
			<mI></mI>
			<lastName>Verny</lastName>
			<age>54 </age>
			<title startYear="2016" startMonth="07" startDay="" iD1="CHM" abbr1="Chmn." iD2="IND" abbr2="Ind. Dir.">Independent Chairman of the Board</title>
		</officer>
		<officer rank="2" since="05/05/2015">
			<firstName>Langdon</firstName>
			<mI>L.</mI>
			<lastName>Miller</lastName>
			<age>66 </age>
			<title startYear="2015" startMonth="05" startDay="05" iD1="PRE" abbr1="Pres." iD2="" abbr2="">President, Chief Medical Officer</title>
		</officer>
		<officer rank="3" since="01/01/2019">
			<firstName>Christopher</firstName>
			<mI></mI>
			<lastName>Zosh</lastName>
			<age>45 </age>
			<title startYear="2019" startMonth="12" startDay="31" iD1="CEO" abbr1="CEO" iD2="CFO" abbr2="CFO">Interim Principal Executive Officer and Principal Financial Officer, Vice President of Finance</title>
		</officer>
		<officer rank="4" since="06/2003">
			<firstName>Andrei</firstName>
			<mI>V.</mI>
			<lastName>Gudkov</lastName>
			<age>64 </age>
			<title startYear="2003" startMonth="06" startDay="" iD1="CSO" abbr1="CSO" iD2="" abbr2="">Chief Scientific Officer</title>
		</officer>
	</officers>
	<Ratios PriceCurrency="USD" ReportingCurrency="USD" ExchangeRate="1.00000" LatestAvailableDate="2020-09-30">
		<Group ID="Price and Volume">
			<Ratio FieldName="NPRICE" Type="N">6.57000</Ratio>
			<Ratio FieldName="NHIG" Type="N">7.71000</Ratio>
			<Ratio FieldName="NLOW" Type="N">1.27000</Ratio>
			<Ratio FieldName="PDATE" Type="D">2021-02-04T00:00:00</Ratio>
			<Ratio FieldName="VOL10DAVG" Type="N">0.40302</Ratio>
			<Ratio FieldName="EV" Type="N">82.48281</Ratio>
		</Group>
		<Group ID="Income Statement">
			<Ratio FieldName="MKTCAP" Type="N">85.51766</Ratio>
			<Ratio FieldName="TTMREV" Type="N">0.63185</Ratio>
			<Ratio FieldName="TTMEBITD" Type="N">-2.07801</Ratio>
			<Ratio FieldName="TTMNIAC" Type="N">-2.41106</Ratio>
		</Group>
		<Group ID="Per share data">
			<Ratio FieldName="TTMEPSXCLX" Type="N">-0.20273</Ratio>
			<Ratio FieldName="TTMREVPS" Type="N">0.05309</Ratio>
			<Ratio FieldName="QBVPS" Type="N">-0.17092</Ratio>
			<Ratio FieldName="QCSHPS" Type="N">0.23316</Ratio>
			<Ratio FieldName="TTMCFSHR" Type="N">-0.20372</Ratio>
			<Ratio FieldName="TTMDIVSHR" Type="N">0.00000</Ratio>
		</Group>
		<Group ID="Other Ratios">
			<Ratio FieldName="TTMGROSMGN" Type="N">-99999.99000</Ratio>
			<Ratio FieldName="TTMROEPCT" Type="N">-99999.99000</Ratio>
			<Ratio FieldName="TTMPR2REV" Type="N">135.34490</Ratio>
			<Ratio FieldName="PEEXCLXOR" Type="N">-99999.99000</Ratio>
			<Ratio FieldName="PRICE2BK" Type="N">-99999.99000</Ratio>
			<Ratio FieldName="Employees" Type="N">7</Ratio>
		</Group>
	</Ratios>
	<ForecastData ConsensusType="Mean" CurFiscalYear="2018" CurFiscalYearEndMonth="12" CurInterimEndCalYear="2018" CurInterimEndMonth="3" EarningsBasis="REP">
		<Ratio FieldName="ConsRecom" Type="N">
			<Value PeriodType="CURR">-99999.99000</Value>
		</Ratio>
		<Ratio FieldName="TargetPrice" Type="N">
			<Value PeriodType="CURR">-99999.99000</Value>
		</Ratio>
		<Ratio FieldName="ProjLTGrowthRate" Type="N">
			<Value PeriodType="CURR">-99999.99000</Value>
		</Ratio>
		<Ratio FieldName="ProjPE" Type="N">
			<Value PeriodType="CURR">-99999.99000</Value>
		</Ratio>
		<Ratio FieldName="ProjSales" Type="N">
			<Value PeriodType="CURR">-99999.99000</Value>
		</Ratio>
		<Ratio FieldName="ProjSalesQ" Type="N">
			<Value PeriodType="CURR">-99999.99000</Value>
		</Ratio>
		<Ratio FieldName="ProjEPS" Type="N">
			<Value PeriodType="CURR">-99999.99000</Value>
		</Ratio>
		<Ratio FieldName="ProjEPSQ" Type="N">
			<Value PeriodType="CURR">-99999.99000</Value>
		</Ratio>
		<Ratio FieldName="ProjProfit" Type="N">
			<Value PeriodType="CURR">-99999.99000</Value>
		</Ratio>
		<Ratio FieldName="ProjDPS" Type="N">
			<Value PeriodType="CURR">-99999.99000</Value>
		</Ratio>
	</ForecastData>
</ReportSnapshot>
