<?xml version="1.0" encoding="UTF-8"?>
<ReportSnapshot Major="1" Minor="0" Revision="1">
	<CoIDs>
		<CoID Type="RepNo">02C1F</CoID>
		<CoID Type="CompanyName">CBM Bancorp Inc</CoID>
		<CoID Type="CIKNo">0001742089</CoID>
		<CoID Type="OrganizationPermID">5064572875</CoID>
	</CoIDs>
	<Issues>
		<Issue ID="1" Type="C" Desc="Common Stock" Order="1">
			<IssueID Type="Name">Ordinary Shares</IssueID>
			<IssueID Type="Ticker">CBMB</IssueID>
			<IssueID Type="RIC">CBMB.O</IssueID>
			<IssueID Type="DisplayRIC">CBMB.OQ</IssueID>
			<IssueID Type="InstrumentPI">309689552</IssueID>
			<IssueID Type="QuotePI">319036074</IssueID>
			<IssueID Type="InstrumentPermID">21650957342</IssueID>
			<IssueID Type="QuotePermID">25727398581</IssueID>
			<Exchange Code="NASD" Country="USA">NASDAQ</Exchange>
			<GlobalListingType>OSR</GlobalListingType>
		</Issue>
	</Issues>
	<CoGeneralInfo>
		<CoStatus Code="1">Active</CoStatus>
		<CoType Code="EQU">Equity Issue</CoType>
		<LastModified>2021-01-24</LastModified>
		<LatestAvailableAnnual>2019-12-31</LatestAvailableAnnual>
		<LatestAvailableInterim>2020-09-30</LatestAvailableInterim>
		<Employees LastUpdated="2019-12-31">44</Employees>
		<SharesOut Date="2020-11-10" TotalFloat="3194472.0">3713058.0</SharesOut>
		<ReportingCurrency Code="USD">U.S. Dollars</ReportingCurrency>
		<MostRecentExchange Date="2021-02-03">1.0</MostRecentExchange>
	</CoGeneralInfo>
	<TextInfo>
		<Text Type="Business Summary" lastModified="2018-06-20T11:09:35">CBM Bancorp, Inc. provides banking financial services to individuals and businesses. The Company provides its services through its subsidiary, Chesapeake Bank of Maryland (the Bank). It provides all services pertaining to chartered savings banks. It provides residential mortgage loans, real estate loans, development loans, consumer loans and other commercial loans from funds attracted through retail deposits. The Bank provides its services from four banking offices at Parkville, Arbutus, Bel Air, and Pasadena. </Text>
		<Text Type="Financial Summary" lastModified="2021-01-24T22:18:52">BRIEF: For the nine months ended 30 September 2020, CBMBancorp Inc interest income decreased 2% to $6.6M. Netinterest income after loan loss provision decreased 3% to$5.5M.  Net income decreased 26% to $555K. Net interestincome after loan loss provision reflects Net InterestMargin - Total - % decrease of 10% to 3.35%, Net InterestSpread - Total - % decrease of 10% to 3.03%, Interest anddividends on investments decrease of 43% to $794K.</Text>
	</TextInfo>
	<contactInfo lastUpdated="2021-01-24T22:18:53">
		<streetAddress line="1">2001 E Joppa Rd, Baltimore</streetAddress>
		<streetAddress line="2"></streetAddress>
		<streetAddress line="3"></streetAddress>
		<city>BALTIMORE</city>
		<state-region>MD</state-region>
		<postalCode>21234-2801</postalCode>
		<country code="USA">United States</country>
		<contactName></contactName>
		<contactTitle></contactTitle>
		<phone>
			<phone type="mainphone">
				<countryPhoneCode>1</countryPhoneCode>
				<city-areacode>410</city-areacode>
				<number>6657600</number>
			</phone>
		</phone>
	</contactInfo>
	<webLinks lastUpdated=""><webSite mainCategory=""></webSite><eMail mainCategory=""></eMail></webLinks>
	<peerInfo lastUpdated="2021-01-24T22:18:53">
		<IndustryInfo>
			<Industry type="TRBC" order="1" reported="0" code="5510101010" mnem="">Banks - NEC</Industry>
			<Industry type="NAICS" order="1" reported="0" code="522120" mnem="">Savings Institutions</Industry>
			<Industry type="SIC" order="1" reported="0" code="6035" mnem="">Federal Savings Institutions</Industry>
		</IndustryInfo>
	</peerInfo>
	<officers></officers>
	<Ratios PriceCurrency="USD" ReportingCurrency="USD" ExchangeRate="1.00000" LatestAvailableDate="2020-09-30">
		<Group ID="Price and Volume">
			<Ratio FieldName="NPRICE" Type="N">13.95000</Ratio>
			<Ratio FieldName="NHIG" Type="N">15.05000</Ratio>
			<Ratio FieldName="NLOW" Type="N">10.61000</Ratio>
			<Ratio FieldName="PDATE" Type="D">2021-02-03T00:00:00</Ratio>
			<Ratio FieldName="VOL10DAVG" Type="N">0.00518</Ratio>
			<Ratio FieldName="EV" Type="N">51.31412</Ratio>
		</Group>
		<Group ID="Income Statement">
			<Ratio FieldName="MKTCAP" Type="N">51.79716</Ratio>
			<Ratio FieldName="TTMREV" Type="N">8.87416</Ratio>
			<Ratio FieldName="TTMEBITD" Type="N">1.62512</Ratio>
			<Ratio FieldName="TTMNIAC" Type="N">0.71685</Ratio>
		</Group>
		<Group ID="Per share data">
			<Ratio FieldName="TTMEPSXCLX" Type="N">0.19460</Ratio>
			<Ratio FieldName="TTMREVPS" Type="N">2.33164</Ratio>
			<Ratio FieldName="QBVPS" Type="N">14.33915</Ratio>
			<Ratio FieldName="QCSHPS" Type="N">0.13006</Ratio>
			<Ratio FieldName="TTMCFSHR" Type="N">0.23254</Ratio>
			<Ratio FieldName="TTMDIVSHR" Type="N">0.00000</Ratio>
		</Group>
		<Group ID="Other Ratios">
			<Ratio FieldName="TTMGROSMGN" Type="N">-99999.99000</Ratio>
			<Ratio FieldName="TTMROEPCT" Type="N">1.25737</Ratio>
			<Ratio FieldName="TTMPR2REV" Type="N">5.98805</Ratio>
			<Ratio FieldName="PEEXCLXOR" Type="N">71.68551</Ratio>
			<Ratio FieldName="PRICE2BK" Type="N">0.97286</Ratio>
			<Ratio FieldName="Employees" Type="N">44</Ratio>
		</Group>
	</Ratios>
	<ForecastData ConsensusType="" CurFiscalYear="" CurFiscalYearEndMonth="" CurInterimEndCalYear="" CurInterimEndMonth="" EarningsBasis="">
		<Ratio FieldName="ConsRecom" Type="N">
			<Value PeriodType="CURR">-99999.99000</Value>
		</Ratio>
		<Ratio FieldName="TargetPrice" Type="N">
			<Value PeriodType="CURR">-99999.99000</Value>
		</Ratio>
		<Ratio FieldName="ProjLTGrowthRate" Type="N">
			<Value PeriodType="CURR">-99999.99000</Value>
		</Ratio>
		<Ratio FieldName="ProjPE" Type="N">
			<Value PeriodType="CURR">-99999.99000</Value>
		</Ratio>
		<Ratio FieldName="ProjSales" Type="N">
			<Value PeriodType="CURR">-99999.99000</Value>
		</Ratio>
		<Ratio FieldName="ProjSalesQ" Type="N">
			<Value PeriodType="CURR">-99999.99000</Value>
		</Ratio>
		<Ratio FieldName="ProjEPS" Type="N">
			<Value PeriodType="CURR">-99999.99000</Value>
		</Ratio>
		<Ratio FieldName="ProjEPSQ" Type="N">
			<Value PeriodType="CURR">-99999.99000</Value>
		</Ratio>
		<Ratio FieldName="ProjProfit" Type="N">
			<Value PeriodType="CURR">-99999.99000</Value>
		</Ratio>
		<Ratio FieldName="ProjDPS" Type="N">
			<Value PeriodType="CURR">-99999.99000</Value>
		</Ratio>
	</ForecastData>
</ReportSnapshot>
