<?xml version="1.0" encoding="UTF-8"?>
<ReportSnapshot Major="1" Minor="0" Revision="1">
	<CoIDs>
		<CoID Type="RepNo">B0B59</CoID>
		<CoID Type="CompanyName">Cellular Biomedicine Group Inc</CoID>
		<CoID Type="IRSNo">861032927</CoID>
		<CoID Type="CIKNo">0001378624</CoID>
		<CoID Type="OrganizationPermID">5037948310</CoID>
	</CoIDs>
	<Issues>
		<Issue ID="1" Type="C" Desc="Common Stock" Order="1">
			<IssueID Type="Name">Ordinary Shares</IssueID>
			<IssueID Type="Ticker">CBMG</IssueID>
			<IssueID Type="RIC">CBMG.O</IssueID>
			<IssueID Type="DisplayRIC">CBMG.OQ</IssueID>
			<IssueID Type="InstrumentPI">32565764</IssueID>
			<IssueID Type="QuotePI">160887244</IssueID>
			<IssueID Type="InstrumentPermID">8589982641</IssueID>
			<IssueID Type="QuotePermID">21543066110</IssueID>
			<Exchange Code="NASD" Country="USA">NASDAQ</Exchange>
			<GlobalListingType>OSR</GlobalListingType>
			<MostRecentSplit Date="2013-01-31">0.01</MostRecentSplit>
		</Issue>
	</Issues>
	<CoGeneralInfo>
		<CoStatus Code="1">Active</CoStatus>
		<CoType Code="EQU">Equity Issue</CoType>
		<LastModified>2020-12-29</LastModified>
		<LatestAvailableAnnual>2019-12-31</LatestAvailableAnnual>
		<LatestAvailableInterim>2020-09-30</LatestAvailableInterim>
		<Employees LastUpdated="2019-12-31">217</Employees>
		<SharesOut Date="2020-12-18" TotalFloat="9058540.0">19478048.0</SharesOut>
		<ReportingCurrency Code="USD">U.S. Dollars</ReportingCurrency>
		<MostRecentExchange Date="2021-02-03">1.0</MostRecentExchange>
	</CoGeneralInfo>
	<TextInfo>
		<Text Type="Business Summary" lastModified="2020-08-14T00:37:40">Cellular Biomedicine Group, Inc. (CBMG), is a clinical-stage biopharmaceutical company. The Company is leveraging its cell-based technologies to develop immunotherapies for the treatment of cancer and stem cell therapies for the treatment of degenerative diseases. The Company provides comprehensive and integrated research and manufacturing services throughout the discovery, development and manufacturing spectrum for cell-based technologies. The Companys primary focus has been to serve the growing health care market initially in China by marketing and commercializing immune cell and stem cell therapeutics, related tools and products. The Companys treatment focal points are cancer and Knee Osteoarthritis (KOA). It is focusing its clinical development efforts on assets such as C-CAR088, C-CAR039, TIL051, AFT-TCRT in China and/or United States. It has also completed a Phase-I/IIa clinical study, in China, for our KOA therapy named ReJoin.</Text>
		<Text Type="Financial Summary" lastModified="2020-11-11T08:04:01">BRIEF: For the nine months ended 30 September 2020,Cellular Biomedicine Group Inc revenues decreased 34% to$32K. Net loss increased 13% to $42.1M. Revenues reflect adecrease in demand for the Company's products and servicesdue to unfavorable market conditions. Higher net lossreflects Research and development - Balancing val increaseof 10% to $29.1M (expense), General and administrative -Balancing v increase of 23% to $10.5M (expense).</Text>
	</TextInfo>
	<contactInfo lastUpdated="2020-12-29T18:14:17">
		<streetAddress line="1">9605 Medical Center Drive, Suite 100</streetAddress>
		<streetAddress line="2"></streetAddress>
		<streetAddress line="3"></streetAddress>
		<city>ROCKVILLE</city>
		<state-region>MD</state-region>
		<postalCode>20850</postalCode>
		<country code="USA">United States</country>
		<contactName>Sarah Kelly</contactName>
		<contactTitle>Director of Corporate Communications</contactTitle>
		<phone>
			<phone type="mainphone">
				<countryPhoneCode>1</countryPhoneCode>
				<city-areacode>301</city-areacode>
				<number>8255320</number>
			</phone>
			<phone type="mainfax">
				<countryPhoneCode>1</countryPhoneCode>
				<city-areacode>845</city-areacode>
				<number>8183588</number>
			</phone>
			<phone type="contactphone">
				<countryPhoneCode>1</countryPhoneCode>
				<city-areacode>347</city-areacode>
				<number>9055663</number>
			</phone>
		</phone>
	</contactInfo>
	<webLinks lastUpdated="2019-10-27T21:32:00"><webSite mainCategory="Home Page">http://www.cellbiomedgroup.com/</webSite><eMail mainCategory="Company Contact/E-mail">sarah.kelly@cellmedgroup.com</eMail></webLinks>
	<peerInfo lastUpdated="2020-12-29T18:14:17">
		<IndustryInfo>
			<Industry type="TRBC" order="1" reported="0" code="5620201010" mnem="">Biotechnology &amp; Medical Research - NEC</Industry>
			<Industry type="NAICS" order="1" reported="0" code="541711" mnem="">Research and Development in Biotechnology</Industry>
			<Industry type="SIC" order="1" reported="0" code="8731" mnem="">Commercial Physical Research</Industry>
		</IndustryInfo>
	</peerInfo>
	<officers>
		<officer rank="1" since="02/07/2016">
			<firstName>Terry</firstName>
			<mI>A.</mI>
			<lastName>Belmont</lastName>
			<age>73 </age>
			<title startYear="2016" startMonth="12" startDay="31" iD1="CHM" abbr1="Chmn." iD2="IND" abbr2="Ind. Dir.">Independent Chairman of the Board</title>
		</officer>
		<officer rank="2" since="01/03/2014">
			<firstName>Bizuo</firstName>
			<mI></mI>
			<lastName>Liu</lastName>
			<age>55 </age>
			<title startYear="2019" startMonth="12" startDay="31" iD1="CEO" abbr1="CEO" iD2="CFO" abbr2="CFO">Chief Executive Officer, Chief Financial Officer, Director</title>
		</officer>
		<officer rank="3" since="02/06/2013">
			<firstName>Andrew</firstName>
			<mI>K.</mI>
			<lastName>Chan</lastName>
			<age>62 </age>
			<title startYear="2019" startMonth="02" startDay="" iD1="SVP" abbr1="Sr. VP" iD2="GCN" abbr2="Counsel">Senior Vice President - Corporate Business Development, General Counsel, Chief Legal Officer, Secretary</title>
		</officer>
		<officer rank="4" since="08/11/2015">
			<firstName>Yihong</firstName>
			<mI></mI>
			<lastName>Yao</lastName>
			<age>52 </age>
			<title startYear="2015" startMonth="08" startDay="11" iD1="CSO" abbr1="CSO" iD2="" abbr2="">Chief Scientific Officer</title>
		</officer>
	</officers>
	<Ratios PriceCurrency="USD" ReportingCurrency="USD" ExchangeRate="1.00000" LatestAvailableDate="2020-09-30">
		<Group ID="Price and Volume">
			<Ratio FieldName="NPRICE" Type="N">19.63000</Ratio>
			<Ratio FieldName="NHIG" Type="N">19.73000</Ratio>
			<Ratio FieldName="NLOW" Type="N">11.48000</Ratio>
			<Ratio FieldName="PDATE" Type="D">2021-02-04T00:00:00</Ratio>
			<Ratio FieldName="VOL10DAVG" Type="N">0.23930</Ratio>
			<Ratio FieldName="EV" Type="N">404.19546</Ratio>
		</Group>
		<Group ID="Income Statement">
			<Ratio FieldName="MKTCAP" Type="N">382.35410</Ratio>
			<Ratio FieldName="TTMREV" Type="N">0.32296</Ratio>
			<Ratio FieldName="TTMEBITD" Type="N">-48.65435</Ratio>
			<Ratio FieldName="TTMNIAC" Type="N">-54.80425</Ratio>
		</Group>
		<Group ID="Per share data">
			<Ratio FieldName="TTMEPSXCLX" Type="N">-2.82917</Ratio>
			<Ratio FieldName="TTMREVPS" Type="N">0.01668</Ratio>
			<Ratio FieldName="QBVPS" Type="N">0.89066</Ratio>
			<Ratio FieldName="QCSHPS" Type="N">1.33822</Ratio>
			<Ratio FieldName="TTMCFSHR" Type="N">-2.50013</Ratio>
			<Ratio FieldName="TTMDIVSHR" Type="N">0.00000</Ratio>
		</Group>
		<Group ID="Other Ratios">
			<Ratio FieldName="TTMGROSMGN" Type="N">80.83044</Ratio>
			<Ratio FieldName="TTMROEPCT" Type="N">-129.90840</Ratio>
			<Ratio FieldName="TTMPR2REV" Type="N">1183.90500</Ratio>
			<Ratio FieldName="PEEXCLXOR" Type="N">-99999.99000</Ratio>
			<Ratio FieldName="PRICE2BK" Type="N">22.03990</Ratio>
			<Ratio FieldName="Employees" Type="N">217</Ratio>
		</Group>
	</Ratios>
	<ForecastData ConsensusType="Mean" CurFiscalYear="2020" CurFiscalYearEndMonth="12" CurInterimEndCalYear="2020" CurInterimEndMonth="12" EarningsBasis="PRX">
		<Ratio FieldName="ConsRecom" Type="N">
			<Value PeriodType="CURR">-99999.99000</Value>
		</Ratio>
		<Ratio FieldName="TargetPrice" Type="N">
			<Value PeriodType="CURR">-99999.99000</Value>
		</Ratio>
		<Ratio FieldName="ProjLTGrowthRate" Type="N">
			<Value PeriodType="CURR">-99999.99000</Value>
		</Ratio>
		<Ratio FieldName="ProjPE" Type="N">
			<Value PeriodType="CURR">-99999.99000</Value>
		</Ratio>
		<Ratio FieldName="ProjSales" Type="N">
			<Value PeriodType="CURR">-99999.99000</Value>
		</Ratio>
		<Ratio FieldName="ProjSalesQ" Type="N">
			<Value PeriodType="CURR">-99999.99000</Value>
		</Ratio>
		<Ratio FieldName="ProjEPS" Type="N">
			<Value PeriodType="CURR">-99999.99000</Value>
		</Ratio>
		<Ratio FieldName="ProjEPSQ" Type="N">
			<Value PeriodType="CURR">-99999.99000</Value>
		</Ratio>
		<Ratio FieldName="ProjProfit" Type="N">
			<Value PeriodType="CURR">-99999.99000</Value>
		</Ratio>
		<Ratio FieldName="ProjDPS" Type="N">
			<Value PeriodType="CURR">-99999.99000</Value>
		</Ratio>
	</ForecastData>
</ReportSnapshot>
