<?xml version="1.0" encoding="UTF-8"?>
<ReportSnapshot Major="1" Minor="0" Revision="1">
	<CoIDs>
		<CoID Type="RepNo">B25E4</CoID>
		<CoID Type="CompanyName">China Biologic Products Holdings Inc</CoID>
		<CoID Type="IRSNo">752308816</CoID>
		<CoID Type="CIKNo">0001369868</CoID>
		<CoID Type="OrganizationPermID">5056440650</CoID>
	</CoIDs>
	<Issues>
		<Issue ID="1" Type="C" Desc="Common Stock" Order="1">
			<IssueID Type="Name">Ordinary Shares</IssueID>
			<IssueID Type="Ticker">CBPO</IssueID>
			<IssueID Type="RIC">CBPO.O</IssueID>
			<IssueID Type="DisplayRIC">CBPO.OQ</IssueID>
			<IssueID Type="InstrumentPI">26839869</IssueID>
			<IssueID Type="QuotePI">65994058</IssueID>
			<IssueID Type="InstrumentPermID">8589996593</IssueID>
			<IssueID Type="QuotePermID">55856095778</IssueID>
			<Exchange Code="NASD" Country="USA">NASDAQ</Exchange>
			<GlobalListingType>OSR</GlobalListingType>
		</Issue>
	</Issues>
	<CoGeneralInfo>
		<CoStatus Code="1">Active</CoStatus>
		<CoType Code="EQU">Equity Issue</CoType>
		<LastModified>2020-11-25</LastModified>
		<LatestAvailableAnnual>2019-12-31</LatestAvailableAnnual>
		<LatestAvailableInterim>2020-09-30</LatestAvailableInterim>
		<Employees LastUpdated="2019-12-31">2269</Employees>
		<SharesOut Date="2020-09-30" TotalFloat="21303704.0">38788096.0</SharesOut>
		<ReportingCurrency Code="USD">U.S. Dollars</ReportingCurrency>
		<MostRecentExchange Date="2021-02-03">1.0</MostRecentExchange>
	</CoGeneralInfo>
	<TextInfo>
		<Text Type="Business Summary" lastModified="2017-07-25T13:25:35">China Biologic Products Holdings, Inc. is a biopharmaceutical company. The Company is principally engaged in the research, development, manufacturing and sales of human plasma-based biopharmaceutical products in China. It operates through the manufacture and sales of human plasma products segment. China Biologic has a product portfolio with over 20 various dosage forms of plasma products and other biopharmaceutical products across nine categories.The Company's products include human albumin, human immunoglobulin, immunoglobulin for intravenous injection (IVIG), human hepatitis B immunoglobulin, human rabies immunoglobulin, human tetanus immunoglobulin, placenta polypeptide, Factor VIII and human prothrombin complex concentrate (PCC).</Text>
		<Text Type="Financial Summary" lastModified="2020-11-25T07:34:09">BRIEF: For the nine months ended 30 September 2020, ChinaBiologic Products Holdings Inc revenues increased 3% to$412.2M. Net income increased 2% to $128.6M. Revenuesreflect Human Immunoglobulin for Intravenous Inj increaseof 38% to $127.6M, Others -Plasma products increase of 15%to $45M, Other Immunoglobulin products increase of 5% to$58.2M. Net income was partially offset by Interest incomedecrease of 60% to $7.7M (income).</Text>
	</TextInfo>
	<contactInfo lastUpdated="2020-12-31T14:07:00">
		<streetAddress line="1"></streetAddress>
		<streetAddress line="2"></streetAddress>
		<streetAddress line="3"></streetAddress>
		<city>BEIJING</city>
		<state-region>BEJ</state-region>
		<postalCode>100125</postalCode>
		<country code="CHN">China</country>
		<contactName></contactName>
		<contactTitle></contactTitle>
		<phone>
			<phone type="mainphone">
				<countryPhoneCode>86</countryPhoneCode>
				<city-areacode>10</city-areacode>
				<number>65983111</number>
			</phone>
		</phone>
	</contactInfo>
	<webLinks lastUpdated="2017-07-25T03:00:03"><webSite mainCategory="Home Page">http://www.chinabiologic.com</webSite><eMail mainCategory="Company Contact/E-mail">
		</eMail></webLinks>
	<peerInfo lastUpdated="2020-12-31T14:07:00">
		<IndustryInfo>
			<Industry type="TRBC" order="1" reported="0" code="5620201011" mnem="">Bio Therapeutic Drugs</Industry>
			<Industry type="NAICS" order="1" reported="0" code="325414" mnem="">Biological Product (exc Diagnostic) Mfg</Industry>
			<Industry type="SIC" order="0" reported="1" code="2836" mnem="">Biological Prod's Not Diagnostic</Industry>
			<Industry type="SIC" order="1" reported="0" code="2836" mnem="">Biological Prod's Not Diagnostic</Industry>
		</IndustryInfo>
	</peerInfo>
	<officers>
		<officer rank="1" since="02/03/2019">
			<firstName>Joseph</firstName>
			<mI>J.</mI>
			<lastName>Chow</lastName>
			<age>57 </age>
			<title startYear="2019" startMonth="08" startDay="05" iD1="CHM" abbr1="Chmn." iD2="CEO" abbr2="CEO">Chairman of the Board, Chief Executive Officer</title>
		</officer>
		<officer rank="2" since="03/30/2012">
			<firstName>Ming</firstName>
			<mI></mI>
			<lastName>Yang</lastName>
			<age>48 </age>
			<title startYear="2012" startMonth="08" startDay="07" iD1="CFO" abbr1="CFO" iD2="" abbr2="">Chief Financial Officer</title>
		</officer>
	</officers>
	<Ratios PriceCurrency="USD" ReportingCurrency="USD" ExchangeRate="1.00000" LatestAvailableDate="2020-09-30">
		<Group ID="Price and Volume">
			<Ratio FieldName="NPRICE" Type="N">118.24000</Ratio>
			<Ratio FieldName="NHIG" Type="N">119.29000</Ratio>
			<Ratio FieldName="NLOW" Type="N">97.91000</Ratio>
			<Ratio FieldName="PDATE" Type="D">2021-02-04T00:00:00</Ratio>
			<Ratio FieldName="VOL10DAVG" Type="N">0.23072</Ratio>
			<Ratio FieldName="EV" Type="N">3482.95900</Ratio>
		</Group>
		<Group ID="Income Statement">
			<Ratio FieldName="MKTCAP" Type="N">4586.30500</Ratio>
			<Ratio FieldName="TTMREV" Type="N">514.39730</Ratio>
			<Ratio FieldName="TTMEBITD" Type="N">208.59330</Ratio>
			<Ratio FieldName="TTMNIAC" Type="N">139.37200</Ratio>
		</Group>
		<Group ID="Per share data">
			<Ratio FieldName="TTMEPSXCLX" Type="N">3.56221</Ratio>
			<Ratio FieldName="TTMREVPS" Type="N">13.14063</Ratio>
			<Ratio FieldName="QBVPS" Type="N">48.62815</Ratio>
			<Ratio FieldName="QCSHPS" Type="N">28.44548</Ratio>
			<Ratio FieldName="TTMCFSHR" Type="N">4.93232</Ratio>
			<Ratio FieldName="TTMDIVSHR" Type="N">0.00000</Ratio>
		</Group>
		<Group ID="Other Ratios">
			<Ratio FieldName="TTMGROSMGN" Type="N">64.89534</Ratio>
			<Ratio FieldName="TTMROEPCT" Type="N">7.86380</Ratio>
			<Ratio FieldName="TTMPR2REV" Type="N">8.91588</Ratio>
			<Ratio FieldName="PEEXCLXOR" Type="N">33.19288</Ratio>
			<Ratio FieldName="PRICE2BK" Type="N">2.43151</Ratio>
			<Ratio FieldName="Employees" Type="N">2269</Ratio>
		</Group>
	</Ratios>
	<ForecastData ConsensusType="Mean" CurFiscalYear="2020" CurFiscalYearEndMonth="12" CurInterimEndCalYear="2020" CurInterimEndMonth="12" EarningsBasis="PRX">
		<Ratio FieldName="ConsRecom" Type="N">
			<Value PeriodType="CURR">3</Value>
		</Ratio>
		<Ratio FieldName="TargetPrice" Type="N">
			<Value PeriodType="CURR">102.66670</Value>
		</Ratio>
		<Ratio FieldName="ProjLTGrowthRate" Type="N">
			<Value PeriodType="CURR">8.9020</Value>
		</Ratio>
		<Ratio FieldName="ProjPE" Type="N">
			<Value PeriodType="CURR">24.99789</Value>
		</Ratio>
		<Ratio FieldName="ProjSales" Type="N">
			<Value PeriodType="CURR">530.03100</Value>
		</Ratio>
		<Ratio FieldName="ProjSalesQ" Type="N">
			<Value PeriodType="CURR">-99999.99000</Value>
		</Ratio>
		<Ratio FieldName="ProjEPS" Type="N">
			<Value PeriodType="CURR">4.73000</Value>
		</Ratio>
		<Ratio FieldName="ProjEPSQ" Type="N">
			<Value PeriodType="CURR">0.69000</Value>
		</Ratio>
		<Ratio FieldName="ProjProfit" Type="N">
			<Value PeriodType="CURR">168.60900</Value>
		</Ratio>
		<Ratio FieldName="ProjDPS" Type="N">
			<Value PeriodType="CURR">0.00000</Value>
		</Ratio>
	</ForecastData>
</ReportSnapshot>
