<?xml version="1.0" encoding="UTF-8"?>
<ReportSnapshot Major="1" Minor="0" Revision="1">
	<CoIDs>
		<CoID Type="RepNo">20180</CoID>
		<CoID Type="CompanyName">Commerce Bancshares, Inc.</CoID>
		<CoID Type="IRSNo">430889454</CoID>
		<CoID Type="CIKNo">0000022356</CoID>
		<CoID Type="OrganizationPermID">4295905997</CoID>
	</CoIDs>
	<Issues>
		<Issue ID="1" Type="C" Desc="Common Stock" Order="1">
			<IssueID Type="Name">Ordinary Shares</IssueID>
			<IssueID Type="Ticker">CBSH</IssueID>
			<IssueID Type="RIC">CBSH.O</IssueID>
			<IssueID Type="DisplayRIC">CBSH.OQ</IssueID>
			<IssueID Type="InstrumentPI">266247</IssueID>
			<IssueID Type="QuotePI">7705479</IssueID>
			<IssueID Type="InstrumentPermID">8590934679</IssueID>
			<IssueID Type="QuotePermID">55835326251</IssueID>
			<Exchange Code="NASD" Country="USA">NASDAQ</Exchange>
			<GlobalListingType>OSR</GlobalListingType>
			<MostRecentSplit Date="2020-12-01">1.05</MostRecentSplit>
		</Issue>
		<Issue ID="2" Type="P" Desc="Preferred Stock" Order="1">
			<IssueID Type="Name">Preference Shares</IssueID>
			<IssueID Type="InstrumentPI">301025646</IssueID>
			<IssueID Type="InstrumentPermID">21644370925</IssueID>
			<Exchange Code="NA" Country="">Not Available</Exchange>
		</Issue>
	</Issues>
	<CoGeneralInfo>
		<CoStatus Code="1">Active</CoStatus>
		<CoType Code="EQU">Equity Issue</CoType>
		<LastModified>2021-01-26</LastModified>
		<LatestAvailableAnnual>2020-12-31</LatestAvailableAnnual>
		<LatestAvailableInterim>2020-12-31</LatestAvailableInterim>
		<Employees LastUpdated="2020-09-30">4825</Employees>
		<SharesOut Date="2020-12-31" TotalFloat="116583002.0">116584015.0</SharesOut>
		<ReportingCurrency Code="USD">U.S. Dollars</ReportingCurrency>
		<MostRecentExchange Date="2021-02-03">1.0</MostRecentExchange>
	</CoGeneralInfo>
	<TextInfo>
		<Text Type="Business Summary" lastModified="2017-03-13T05:04:13">Commerce Bancshares, Inc. is a bank holding company of Commerce Bank (the Bank). The Bank is engaged in general banking business, providing a range of retail, mortgage banking, corporate, investment, trust and asset management products and services to individuals and businesses. The Company operates through three segments: Consumer, Commercial and Wealth. The Consumer segment includes the consumer portion of the retail branch network (loans, deposits and other personal banking services), indirect and other consumer financing, and consumer debit and credit bank cards. The Commercial segment provides corporate lending, leasing, international services, and business, government deposit, and related commercial cash management services, as well as merchant and commercial bank card products. The Wealth segment provides traditional trust and estate tax planning, advisory and discretionary investment management, and brokerage services, and includes the Private Banking product portfolio.</Text>
		<Text Type="Financial Summary" lastModified="2021-01-26T07:23:48">BRIEF: For the fiscal year ended 31 December 2020, CommerceBancshares, Inc. interest income decreased 6% to $872.6M.Net interest income after loan loss provision decreased 10%to $692.7M.  Net income applicable to common stockholdersdecreased 16% to $342.1M. Net interest income after loanloss provision reflects Commercial segment decrease from$338.5M to $0K, Net Interest Margin, Total -% decrease of14% to 2.99%.</Text>
	</TextInfo>
	<contactInfo lastUpdated="2021-01-26T07:24:49">
		<streetAddress line="1">1000 Walnut St</streetAddress>
		<streetAddress line="2"></streetAddress>
		<streetAddress line="3"></streetAddress>
		<city>KANSAS CITY</city>
		<state-region>MO</state-region>
		<postalCode>64106-2145</postalCode>
		<country code="USA">United States</country>
		<contactName>Matthew Burkemper</contactName>
		<contactTitle>IR Contact Officer</contactTitle>
		<phone>
			<phone type="mainphone">
				<countryPhoneCode>1</countryPhoneCode>
				<city-areacode>816</city-areacode>
				<number>2342000</number>
			</phone>
			<phone type="mainfax">
				<countryPhoneCode>1</countryPhoneCode>
				<city-areacode>800</city-areacode>
				<number>8927100</number>
			</phone>
			<phone type="contactphone">
				<countryPhoneCode>1</countryPhoneCode>
				<city-areacode>314</city-areacode>
				<number>7467485</number>
			</phone>
		</phone>
	</contactInfo>
	<webLinks lastUpdated="2017-10-24T10:45:02"><webSite mainCategory="Home Page">https://www.commercebank.com/</webSite><eMail mainCategory="Company Contact/E-mail">CBSHInvestorRelations@commercebank.com</eMail></webLinks>
	<peerInfo lastUpdated="2021-01-26T07:24:49">
		<IndustryInfo>
			<Industry type="TRBC" order="1" reported="0" code="5510101010" mnem="">Banks - NEC</Industry>
			<Industry type="NAICS" order="1" reported="0" code="522110" mnem="">Commercial Banking</Industry>
			<Industry type="NAICS" order="2" reported="0" code="522291" mnem="">Consumer Lending</Industry>
			<Industry type="NAICS" order="3" reported="0" code="522292" mnem="">Real Estate Credit</Industry>
			<Industry type="NAICS" order="4" reported="0" code="522210" mnem="">Credit Card Issuing</Industry>
			<Industry type="NAICS" order="5" reported="0" code="541213" mnem="">Tax Preparation Services</Industry>
			<Industry type="NAICS" order="6" reported="0" code="523120" mnem="">Securities Brokerage</Industry>
			<Industry type="NAICS" order="7" reported="0" code="523920" mnem="">Portfolio Management</Industry>
			<Industry type="NAICS" order="8" reported="0" code="551111" mnem="">Offices of Bank Holding Companies</Industry>
			<Industry type="SIC" order="0" reported="1" code="6022" mnem="">State Commercial Banks</Industry>
			<Industry type="SIC" order="1" reported="0" code="6029" mnem="">Commercial Banks, Nec</Industry>
			<Industry type="SIC" order="2" reported="0" code="6141" mnem="">Personal Credit Institutions</Industry>
			<Industry type="SIC" order="3" reported="0" code="6162" mnem="">Mortgage Bankers/correspondents</Industry>
			<Industry type="SIC" order="4" reported="0" code="6153" mnem="">Short-Term Business Credit</Industry>
			<Industry type="SIC" order="5" reported="0" code="7291" mnem="">Tax Return Preparation Services</Industry>
			<Industry type="SIC" order="6" reported="0" code="6211" mnem="">Security Brokers And Dealers</Industry>
			<Industry type="SIC" order="7" reported="0" code="6282" mnem="">Investment Advice</Industry>
			<Industry type="SIC" order="8" reported="0" code="6712" mnem="">Bank Holding Companies</Industry>
		</IndustryInfo>
		<Indexconstituet>S&amp;P 400 Mid Cap</Indexconstituet>
	</peerInfo>
	<officers>
		<officer rank="1" since="04/1982">
			<firstName>David</firstName>
			<mI>W.</mI>
			<lastName>Kemper</lastName>
			<age>69 </age>
			<title startYear="2018" startMonth="08" startDay="01" iD1="CHM" abbr1="Chmn." iD2="EDR" abbr2="Exec. Dir.">Executive Chairman of the Board</title>
		</officer>
		<officer rank="2" since="12/2010">
			<firstName>John</firstName>
			<mI>W.</mI>
			<lastName>Kemper</lastName>
			<age>42 </age>
			<title startYear="2018" startMonth="08" startDay="01" iD1="PRE" abbr1="Pres." iD2="CEO" abbr2="CEO">President, Chief Executive Officer, Director</title>
		</officer>
		<officer rank="3" since="04/1995">
			<firstName>Charles</firstName>
			<mI>G.</mI>
			<lastName>Kim</lastName>
			<age>59 </age>
			<title startYear="2009" startMonth="07" startDay="01" iD1="CFO" abbr1="CFO" iD2="EVP" abbr2="Exec. VP">Chief Financial Officer, Executive Vice President</title>
		</officer>
		<officer rank="4" since="10/1998">
			<firstName>Kevin</firstName>
			<mI>G.</mI>
			<lastName>Barth</lastName>
			<age>59 </age>
			<title startYear="2005" startMonth="04" startDay="" iD1="EVP" abbr1="Exec. VP" iD2="" abbr2="">Executive Vice President</title>
		</officer>
		<officer rank="5" since="12/2010">
			<firstName>Daniel</firstName>
			<mI>D.</mI>
			<lastName>Callahan</lastName>
			<age>63 </age>
			<title startYear="2010" startMonth="12" startDay="" iD1="EVP" abbr1="Exec. VP" iD2="" abbr2="">Executive Vice President, Chief Credit Officer</title>
		</officer>
		<officer rank="6" since="NA">
			<firstName>Sara</firstName>
			<mI>E.</mI>
			<lastName>Foster</lastName>
			<age>59 </age>
			<title startYear="2012" startMonth="02" startDay="10" iD1="EVP" abbr1="Exec. VP" iD2="" abbr2="">Executive Vice President</title>
		</officer>
		<officer rank="7" since="01/2018">
			<firstName>John</firstName>
			<mI>K.</mI>
			<lastName>Handy</lastName>
			<age>56 </age>
			<title startYear="2018" startMonth="01" startDay="" iD1="EVP" abbr1="Exec. VP" iD2="" abbr2="">Executive Vice President</title>
		</officer>
		<officer rank="8" since="04/2015">
			<firstName>Robert</firstName>
			<mI>S.</mI>
			<lastName>Holmes</lastName>
			<age>56 </age>
			<title startYear="2015" startMonth="04" startDay="" iD1="EVP" abbr1="Exec. VP" iD2="" abbr2="">Executive Vice President</title>
		</officer>
		<officer rank="9" since="02/2013">
			<firstName>Jeffrey</firstName>
			<mI>M.</mI>
			<lastName>Burik</lastName>
			<age>61 </age>
			<title startYear="2013" startMonth="02" startDay="" iD1="SVP" abbr1="Sr. VP" iD2="" abbr2="">Senior Vice President</title>
		</officer>
		<officer rank="10" since="02/2016">
			<firstName>Patricia</firstName>
			<mI>R.</mI>
			<lastName>Kellerhals</lastName>
			<age>62 </age>
			<title startYear="2016" startMonth="02" startDay="" iD1="SVP" abbr1="Sr. VP" iD2="" abbr2="">Senior Vice President</title>
		</officer>
	</officers>
	<Ratios PriceCurrency="USD" ReportingCurrency="USD" ExchangeRate="1.00000" LatestAvailableDate="2020-12-31">
		<Group ID="Price and Volume">
			<Ratio FieldName="NPRICE" Type="N">70.52000</Ratio>
			<Ratio FieldName="NHIG" Type="N">73.17000</Ratio>
			<Ratio FieldName="NLOW" Type="N">43.34286</Ratio>
			<Ratio FieldName="PDATE" Type="D">2021-02-04T00:00:00</Ratio>
			<Ratio FieldName="VOL10DAVG" Type="N">0.47934</Ratio>
			<Ratio FieldName="EV" Type="N">9922.22500</Ratio>
		</Group>
		<Group ID="Income Statement">
			<Ratio FieldName="MKTCAP" Type="N">8260.60300</Ratio>
			<Ratio FieldName="TTMREV" Type="N">-99999.99000</Ratio>
			<Ratio FieldName="TTMEBITD" Type="N">-99999.99000</Ratio>
			<Ratio FieldName="TTMNIAC" Type="N">-99999.99000</Ratio>
		</Group>
		<Group ID="Per share data">
			<Ratio FieldName="TTMEPSXCLX" Type="N">-99999.99000</Ratio>
			<Ratio FieldName="TTMREVPS" Type="N">-99999.99000</Ratio>
			<Ratio FieldName="QBVPS" Type="N">29.13819</Ratio>
			<Ratio FieldName="QCSHPS" Type="N">3.75320</Ratio>
			<Ratio FieldName="TTMCFSHR" Type="N">-99999.99000</Ratio>
			<Ratio FieldName="TTMDIVSHR" Type="N">-99999.99000</Ratio>
		</Group>
		<Group ID="Other Ratios">
			<Ratio FieldName="TTMGROSMGN" Type="N">-99999.99000</Ratio>
			<Ratio FieldName="TTMROEPCT" Type="N">-99999.99000</Ratio>
			<Ratio FieldName="TTMPR2REV" Type="N">-99999.99000</Ratio>
			<Ratio FieldName="PEEXCLXOR" Type="N">-99999.99000</Ratio>
			<Ratio FieldName="PRICE2BK" Type="N">2.42019</Ratio>
			<Ratio FieldName="Employees" Type="N">4825</Ratio>
		</Group>
	</Ratios>
	<ForecastData ConsensusType="Mean" CurFiscalYear="2021" CurFiscalYearEndMonth="12" CurInterimEndCalYear="2021" CurInterimEndMonth="3" EarningsBasis="PRX">
		<Ratio FieldName="ConsRecom" Type="N">
			<Value PeriodType="CURR">3.2222</Value>
		</Ratio>
		<Ratio FieldName="TargetPrice" Type="N">
			<Value PeriodType="CURR">55.77780</Value>
		</Ratio>
		<Ratio FieldName="ProjLTGrowthRate" Type="N">
			<Value PeriodType="CURR">-8.7000</Value>
		</Ratio>
		<Ratio FieldName="ProjPE" Type="N">
			<Value PeriodType="CURR">19.81901</Value>
		</Ratio>
		<Ratio FieldName="ProjSales" Type="N">
			<Value PeriodType="CURR">1374.57670</Value>
		</Ratio>
		<Ratio FieldName="ProjSalesQ" Type="N">
			<Value PeriodType="CURR">345.97870</Value>
		</Ratio>
		<Ratio FieldName="ProjEPS" Type="N">
			<Value PeriodType="CURR">3.55820</Value>
		</Ratio>
		<Ratio FieldName="ProjEPSQ" Type="N">
			<Value PeriodType="CURR">0.93010</Value>
		</Ratio>
		<Ratio FieldName="ProjProfit" Type="N">
			<Value PeriodType="CURR">417.91650</Value>
		</Ratio>
		<Ratio FieldName="ProjDPS" Type="N">
			<Value PeriodType="CURR">1.06260</Value>
		</Ratio>
	</ForecastData>
</ReportSnapshot>
