<?xml version="1.0" encoding="UTF-8"?>
<ReportSnapshot Major="1" Minor="0" Revision="1">
	<CoIDs>
		<CoID Type="RepNo">A13E8</CoID>
		<CoID Type="CompanyName">Capital City Bank Group, Inc.</CoID>
		<CoID Type="IRSNo">592273542</CoID>
		<CoID Type="CIKNo">0000726601</CoID>
		<CoID Type="OrganizationPermID">5000001087</CoID>
	</CoIDs>
	<Issues>
		<Issue ID="1" Type="C" Desc="Common Stock" Order="1">
			<IssueID Type="Name">Ordinary Shares</IssueID>
			<IssueID Type="Ticker">CCBG</IssueID>
			<IssueID Type="RIC">CCBG.O</IssueID>
			<IssueID Type="DisplayRIC">CCBG.OQ</IssueID>
			<IssueID Type="InstrumentPI">324985</IssueID>
			<IssueID Type="QuotePI">7705504</IssueID>
			<IssueID Type="InstrumentPermID">8590937619</IssueID>
			<IssueID Type="QuotePermID">55835317510</IssueID>
			<Exchange Code="NASD" Country="USA">NASDAQ</Exchange>
			<GlobalListingType>OSR</GlobalListingType>
			<MostRecentSplit Date="2005-07-05">1.25</MostRecentSplit>
		</Issue>
	</Issues>
	<CoGeneralInfo>
		<CoStatus Code="1">Active</CoStatus>
		<CoType Code="EQU">Equity Issue</CoType>
		<LastModified>2021-01-27</LastModified>
		<LatestAvailableAnnual>2020-12-31</LatestAvailableAnnual>
		<LatestAvailableInterim>2020-12-31</LatestAvailableInterim>
		<Employees LastUpdated="2019-12-31">796</Employees>
		<SharesOut Date="2020-12-31" TotalFloat="12753075.0">16791000.0</SharesOut>
		<ReportingCurrency Code="USD">U.S. Dollars</ReportingCurrency>
		<MostRecentExchange Date="2021-02-03">1.0</MostRecentExchange>
	</CoGeneralInfo>
	<TextInfo>
		<Text Type="Business Summary" lastModified="2017-04-11T01:52:35">Capital City Bank Group, Inc. is a financial holding company. The Company provides a range of banking and banking-related services to individual and corporate clients through its subsidiary, Capital City Bank (CCB or the Bank), with banking offices located in Florida, Georgia and Alabama. It operates through commercial banking segment with over four principal services, including Banking Services (CCB), Data Processing Services (Capital City Services Company), Trust and Asset Management Services (Capital City Trust Company) and Brokerage Services (Capital City Banc Investments, Inc.). In addition to its banking subsidiary, the Bank has three subsidiaries, Capital City Trust Company, Capital City Banc Investments, Inc. and Capital City Services Company. As of December 31, 2016, its total loans were $1,572 billion. As of December 31, 2016, the Bank's total investment securities were $700.1 million. As of December 31, 2016, The Bank's total deposits are approximately $2.412 million.</Text>
		<Text Type="Financial Summary" lastModified="2021-01-27T01:47:15">BRIEF: For the fiscal year ended 31 December 2020, CapitalCity Bank Group, Inc. interest income decreased 6% to$106.2M. Net interest income after loan loss provisionremained flat at $101.3M.  Net income increased 2% to$31.6M. Net interest income after loan loss provisionreflects Interest and Fees on Loans increase of 1% to$94.8M, also reflect Net Interest Margin, Total -% decreaseof 14% to 3.3%, Net Interest Spread.</Text>
	</TextInfo>
	<contactInfo lastUpdated="2021-01-27T01:47:49">
		<streetAddress line="1">217 N Monroe St</streetAddress>
		<streetAddress line="2"></streetAddress>
		<streetAddress line="3"></streetAddress>
		<city>TALLAHASSEE</city>
		<state-region>FL</state-region>
		<postalCode>32301-7619</postalCode>
		<country code="USA">United States</country>
		<contactName>J. Kimbrough Davis</contactName>
		<contactTitle>Chief Financial Officer, Executive Vice President</contactTitle>
		<phone>
			<phone type="mainphone">
				<countryPhoneCode>1</countryPhoneCode>
				<city-areacode>850</city-areacode>
				<number>6710300</number>
			</phone>
			<phone type="contactphone">
				<countryPhoneCode>1</countryPhoneCode>
				<city-areacode>850</city-areacode>
				<number>4027820</number>
			</phone>
		</phone>
	</contactInfo>
	<webLinks lastUpdated="2019-12-02T11:00:32"><webSite mainCategory="Home Page">https://www.ccbg.com/</webSite><eMail mainCategory="Company Contact/E-mail">davis.kim@ccbg.com</eMail></webLinks>
	<peerInfo lastUpdated="2021-01-27T01:47:49">
		<IndustryInfo>
			<Industry type="TRBC" order="1" reported="0" code="5510101010" mnem="">Banks - NEC</Industry>
			<Industry type="NAICS" order="1" reported="0" code="522110" mnem="">Commercial Banking</Industry>
			<Industry type="NAICS" order="2" reported="0" code="523920" mnem="">Portfolio Management</Industry>
			<Industry type="NAICS" order="3" reported="0" code="524113" mnem="">Direct Life Insurance Carriers</Industry>
			<Industry type="NAICS" order="4" reported="0" code="518210" mnem="">Data Processing, Hosting, and Related Services</Industry>
			<Industry type="NAICS" order="5" reported="0" code="551111" mnem="">Offices of Bank Holding Companies</Industry>
			<Industry type="SIC" order="0" reported="1" code="6022" mnem="">State Commercial Banks</Industry>
			<Industry type="SIC" order="1" reported="0" code="6029" mnem="">Commercial Banks, Nec</Industry>
			<Industry type="SIC" order="2" reported="0" code="6282" mnem="">Investment Advice</Industry>
			<Industry type="SIC" order="3" reported="0" code="6311" mnem="">Life Insurance</Industry>
			<Industry type="SIC" order="4" reported="0" code="7374" mnem="">Data Processing And Preparation</Industry>
			<Industry type="SIC" order="5" reported="0" code="6712" mnem="">Bank Holding Companies</Industry>
		</IndustryInfo>
	</peerInfo>
	<officers>
		<officer rank="1" since="1987">
			<firstName>William</firstName>
			<mI>G.</mI>
			<lastName>Smith</lastName>
			<age>67 </age>
			<title startYear="2003" startMonth="06" startDay="26" iD1="CHM" abbr1="Chmn." iD2="DRC" abbr2="Dir.">Chairman of the Board, President, Chief Executive Officer</title>
		</officer>
		<officer rank="2" since="1991">
			<firstName>J. Kimbrough</firstName>
			<mI></mI>
			<lastName>Davis</lastName>
			<age>66 </age>
			<title startYear="2014" startMonth="" startDay="" iD1="CFO" abbr1="CFO" iD2="EVP" abbr2="Exec. VP">Chief Financial Officer, Executive Vice President</title>
		</officer>
		<officer rank="3" since="1995">
			<firstName>Thomas</firstName>
			<mI>A.</mI>
			<lastName>Barron</lastName>
			<age>67 </age>
			<title startYear="1995" startMonth="" startDay="" iD1="TRS" abbr1="Treas." iD2="DRC" abbr2="Dir.">Treasurer, President of Capital City Bank, Director</title>
		</officer>
	</officers>
	<Ratios PriceCurrency="USD" ReportingCurrency="USD" ExchangeRate="1.00000" LatestAvailableDate="2020-12-31">
		<Group ID="Price and Volume">
			<Ratio FieldName="NPRICE" Type="N">24.37000</Ratio>
			<Ratio FieldName="NHIG" Type="N">30.58000</Ratio>
			<Ratio FieldName="NLOW" Type="N">15.61000</Ratio>
			<Ratio FieldName="PDATE" Type="D">2021-02-04T00:00:00</Ratio>
			<Ratio FieldName="VOL10DAVG" Type="N">0.03933</Ratio>
			<Ratio FieldName="EV" Type="N">495.09890</Ratio>
		</Group>
		<Group ID="Income Statement">
			<Ratio FieldName="MKTCAP" Type="N">408.47690</Ratio>
			<Ratio FieldName="TTMREV" Type="N">106.19700</Ratio>
			<Ratio FieldName="TTMEBITD" Type="N">55.89800</Ratio>
			<Ratio FieldName="TTMNIAC" Type="N">31.57600</Ratio>
		</Group>
		<Group ID="Per share data">
			<Ratio FieldName="TTMEPSXCLX" Type="N">1.87679</Ratio>
			<Ratio FieldName="TTMREVPS" Type="N">12.62798</Ratio>
			<Ratio FieldName="QBVPS" Type="N">19.10768</Ratio>
			<Ratio FieldName="QCSHPS" Type="N">4.04496</Ratio>
			<Ratio FieldName="TTMCFSHR" Type="N">2.24966</Ratio>
			<Ratio FieldName="TTMDIVSHR" Type="N">0.57000</Ratio>
		</Group>
		<Group ID="Other Ratios">
			<Ratio FieldName="TTMGROSMGN" Type="N">-99999.99000</Ratio>
			<Ratio FieldName="TTMROEPCT" Type="N">9.74789</Ratio>
			<Ratio FieldName="TTMPR2REV" Type="N">1.92233</Ratio>
			<Ratio FieldName="PEEXCLXOR" Type="N">12.98494</Ratio>
			<Ratio FieldName="PRICE2BK" Type="N">1.27540</Ratio>
			<Ratio FieldName="Employees" Type="N">796</Ratio>
		</Group>
	</Ratios>
	<ForecastData ConsensusType="Mean" CurFiscalYear="2021" CurFiscalYearEndMonth="12" CurInterimEndCalYear="2021" CurInterimEndMonth="3" EarningsBasis="PRX">
		<Ratio FieldName="ConsRecom" Type="N">
			<Value PeriodType="CURR">3</Value>
		</Ratio>
		<Ratio FieldName="TargetPrice" Type="N">
			<Value PeriodType="CURR">21.90000</Value>
		</Ratio>
		<Ratio FieldName="ProjLTGrowthRate" Type="N">
			<Value PeriodType="CURR">-99999.99000</Value>
		</Ratio>
		<Ratio FieldName="ProjPE" Type="N">
			<Value PeriodType="CURR">13.76681</Value>
		</Ratio>
		<Ratio FieldName="ProjSales" Type="N">
			<Value PeriodType="CURR">213.53050</Value>
		</Ratio>
		<Ratio FieldName="ProjSalesQ" Type="N">
			<Value PeriodType="CURR">53.54150</Value>
		</Ratio>
		<Ratio FieldName="ProjEPS" Type="N">
			<Value PeriodType="CURR">1.77020</Value>
		</Ratio>
		<Ratio FieldName="ProjEPSQ" Type="N">
			<Value PeriodType="CURR">0.45100</Value>
		</Ratio>
		<Ratio FieldName="ProjProfit" Type="N">
			<Value PeriodType="CURR">28.29200</Value>
		</Ratio>
		<Ratio FieldName="ProjDPS" Type="N">
			<Value PeriodType="CURR">0.61750</Value>
		</Ratio>
	</ForecastData>
</ReportSnapshot>
