<?xml version="1.0" encoding="UTF-8"?>
<ReportSnapshot Major="1" Minor="0" Revision="1">
	<CoIDs>
		<CoID Type="RepNo">F4CB1</CoID>
		<CoID Type="CompanyName">Calamos Dynamic Convertible &amp; Incm Fd</CoID>
		<CoID Type="CIKNo">0001602584</CoID>
		<CoID Type="OrganizationPermID">5044828274</CoID>
	</CoIDs>
	<Issues>
		<Issue ID="1" Type="C" Desc="Common Stock" Order="1">
			<IssueID Type="Name">Closed-Ended Fund</IssueID>
			<IssueID Type="Ticker">CCD</IssueID>
			<IssueID Type="RIC">CCD.O</IssueID>
			<IssueID Type="DisplayRIC">CCD.OQ</IssueID>
			<IssueID Type="InstrumentPI">181615948</IssueID>
			<IssueID Type="QuotePI">181662189</IssueID>
			<IssueID Type="InstrumentPermID">18040211317</IssueID>
			<IssueID Type="QuotePermID">21557466483</IssueID>
			<Exchange Code="NASD" Country="USA">NASDAQ</Exchange>
			<GlobalListingType>OSR</GlobalListingType>
		</Issue>
	</Issues>
	<CoGeneralInfo>
		<CoStatus Code="1">Active</CoStatus>
		<CoType Code="EQU">Equity Issue</CoType>
		<LastModified>2020-12-31</LastModified>
		<LatestAvailableAnnual>2020-10-31</LatestAvailableAnnual>
		<LatestAvailableInterim>2020-10-31</LatestAvailableInterim>
		<SharesOut Date="2020-10-31" TotalFloat="21075348.0">24485508.0</SharesOut>
		<ReportingCurrency Code="USD">U.S. Dollars</ReportingCurrency>
		<MostRecentExchange Date="2021-02-03">1.0</MostRecentExchange>
	</CoGeneralInfo>
	<TextInfo>
		<Text Type="Business Summary" lastModified="2020-06-02T07:11:27">Calamos Dynamic Convertible and Income Fund (the Fund) is a diversified, closed-end management investment company. The Fund's investment strategy is to provide total return through a combination of capital appreciation and current income. The Fund invests in a diversified portfolio of convertible and high yield securities. Under normal circumstances, at least 80% of the Fund's managed assets will be invested in convertible securities and income-producing securities, with at least 50% of the Fund's managed assets invested in convertible securities. The Fund may invest up to 50% of its managed assets in securities of foreign issuers, with up to 15% of its managed assets in securities issued by foreign issuers in emerging markets. The Fund holds investments in various sectors, such as information technology, consumer discretionary, healthcare, financials, utilities, real estate, industrials, energy, materials and consumer staples. Calamos Advisors LLC is its investment advisor.</Text>
		<Text Type="Financial Summary" lastModified="2020-12-31T07:17:27">BRIEF: For the fiscal year ended 31 October 2020, CalamosDynamic Convertible &amp; Incm Fd revenues increased 59% to$80M. Net income increased from $58.4M to $173M. Revenuesreflect Net realized gain (loss) from: Investmen increasefrom $17M to $49.5M, Dividends increase of 9% to $6.5M. Netincome benefited from Change in net unrealizedappreciation/(d increase from $24.8M to $118.7M (income).</Text>
	</TextInfo>
	<contactInfo lastUpdated="2020-12-31T07:17:27">
		<streetAddress line="1">2020 Calamos Ct</streetAddress>
		<streetAddress line="2"></streetAddress>
		<streetAddress line="3"></streetAddress>
		<city>NAPERVILLE</city>
		<state-region>IL</state-region>
		<postalCode>60563-3284</postalCode>
		<country code="USA">United States</country>
		<contactName></contactName>
		<contactTitle></contactTitle>
		<phone>
			<phone type="mainphone">
				<countryPhoneCode>1</countryPhoneCode>
				<city-areacode>630</city-areacode>
				<number>2457200</number>
			</phone>
			<phone type="mainfax">
				<countryPhoneCode>1</countryPhoneCode>
				<city-areacode>302</city-areacode>
				<number>6555049</number>
			</phone>
		</phone>
	</contactInfo>
	<webLinks lastUpdated="2016-12-05T06:00:03"><webSite mainCategory="Home Page">http://www.calamos.com/FundInvestor/ClosedEndFunds/CEFund.aspx?name=CCD#_overview_tab</webSite><eMail mainCategory="Company Contact/E-mail">
		</eMail></webLinks>
	<peerInfo lastUpdated="2020-12-31T07:17:27">
		<IndustryInfo>
			<Industry type="TRBC" order="1" reported="0" code="5550103010" mnem="">Closed End Funds</Industry>
			<Industry type="NAICS" order="1" reported="0" code="525990" mnem="">Other Financial Vehicles</Industry>
			<Industry type="SIC" order="1" reported="0" code="6726" mnem="">Investment Offices, Nec</Industry>
		</IndustryInfo>
	</peerInfo>
	<officers>
		<officer rank="1" since="2015">
			<firstName>John</firstName>
			<mI>P.</mI>
			<lastName>Calamos</lastName>
			<age>80 </age>
			<title startYear="2015" startMonth="" startDay="" iD1="PRE" abbr1="Pres." iD2="TRT" abbr2="Trustee">President, Trustee</title>
		</officer>
		<officer rank="2" since="2015">
			<firstName>Mark</firstName>
			<mI>J.</mI>
			<lastName>Mickey</lastName>
			<age>69 </age>
			<title startYear="2015" startMonth="" startDay="" iD1="CCO" abbr1="Chief Comp." iD2="" abbr2="">Chief Compliance Officer</title>
		</officer>
		<officer rank="3" since="2015">
			<firstName>J. Christopher</firstName>
			<mI></mI>
			<lastName>Jackson</lastName>
			<age>69 </age>
			<title startYear="2015" startMonth="" startDay="" iD1="VPR" abbr1="VP" iD2="SEC" abbr2="Secy.">Vice President, Secretary</title>
		</officer>
		<officer rank="4" since="2015">
			<firstName>Robert</firstName>
			<mI>F.</mI>
			<lastName>Behan</lastName>
			<age>56 </age>
			<title startYear="2015" startMonth="" startDay="" iD1="VPR" abbr1="VP" iD2="" abbr2="">Vice President</title>
		</officer>
		<officer rank="5" since="2016">
			<firstName>Thomas</firstName>
			<mI>E.</mI>
			<lastName>Herman</lastName>
			<age>59 </age>
			<title startYear="2016" startMonth="" startDay="" iD1="VPR" abbr1="VP" iD2="" abbr2="">Vice President</title>
		</officer>
		<officer rank="6" since="2016">
			<firstName>John</firstName>
			<mI>S.</mI>
			<lastName>Koudounis</lastName>
			<age>54 </age>
			<title startYear="2016" startMonth="" startDay="" iD1="VPR" abbr1="VP" iD2="" abbr2="">Vice President</title>
		</officer>
		<officer rank="7" since="03/2020">
			<firstName>Stephen</firstName>
			<mI></mI>
			<lastName>Atkins</lastName>
			<age>55 </age>
			<title startYear="2020" startMonth="03" startDay="" iD1="TRS" abbr1="Treas." iD2="" abbr2="">Treasurer</title>
		</officer>
	</officers>
	<Ratios PriceCurrency="USD" ReportingCurrency="USD" ExchangeRate="1.00000" LatestAvailableDate="2020-10-31">
		<Group ID="Price and Volume">
			<Ratio FieldName="NPRICE" Type="N">30.99000</Ratio>
			<Ratio FieldName="NHIG" Type="N">31.02000</Ratio>
			<Ratio FieldName="NLOW" Type="N">9.62010</Ratio>
			<Ratio FieldName="PDATE" Type="D">2021-02-04T00:00:00</Ratio>
			<Ratio FieldName="VOL10DAVG" Type="N">0.09075</Ratio>
			<Ratio FieldName="EV" Type="N">1027.00581</Ratio>
		</Group>
		<Group ID="Income Statement">
			<Ratio FieldName="MKTCAP" Type="N">758.80590</Ratio>
			<Ratio FieldName="TTMREV" Type="N">79.96371</Ratio>
			<Ratio FieldName="TTMEBITD" Type="N">66.65968</Ratio>
			<Ratio FieldName="TTMNIAC" Type="N">172.98690</Ratio>
		</Group>
		<Group ID="Per share data">
			<Ratio FieldName="TTMEPSXCLX" Type="N">7.06487</Ratio>
			<Ratio FieldName="TTMREVPS" Type="N">3.26576</Ratio>
			<Ratio FieldName="QBVPS" Type="N">24.99534</Ratio>
			<Ratio FieldName="QCSHPS" Type="N">0.00090</Ratio>
			<Ratio FieldName="TTMCFSHR" Type="N">-99999.99000</Ratio>
			<Ratio FieldName="TTMDIVSHR" Type="N">2.00000</Ratio>
		</Group>
		<Group ID="Other Ratios">
			<Ratio FieldName="TTMGROSMGN" Type="N">83.55807</Ratio>
			<Ratio FieldName="TTMROEPCT" Type="N">31.45982</Ratio>
			<Ratio FieldName="TTMPR2REV" Type="N">9.48938</Ratio>
			<Ratio FieldName="PEEXCLXOR" Type="N">4.38649</Ratio>
			<Ratio FieldName="PRICE2BK" Type="N">1.23983</Ratio>
			<Ratio FieldName="Employees" Type="N">-99999.99000</Ratio>
		</Group>
	</Ratios>
	<ForecastData ConsensusType="" CurFiscalYear="" CurFiscalYearEndMonth="" CurInterimEndCalYear="" CurInterimEndMonth="" EarningsBasis="">
		<Ratio FieldName="ConsRecom" Type="N">
			<Value PeriodType="CURR">-99999.99000</Value>
		</Ratio>
		<Ratio FieldName="TargetPrice" Type="N">
			<Value PeriodType="CURR">-99999.99000</Value>
		</Ratio>
		<Ratio FieldName="ProjLTGrowthRate" Type="N">
			<Value PeriodType="CURR">-99999.99000</Value>
		</Ratio>
		<Ratio FieldName="ProjPE" Type="N">
			<Value PeriodType="CURR">-99999.99000</Value>
		</Ratio>
		<Ratio FieldName="ProjSales" Type="N">
			<Value PeriodType="CURR">-99999.99000</Value>
		</Ratio>
		<Ratio FieldName="ProjSalesQ" Type="N">
			<Value PeriodType="CURR">-99999.99000</Value>
		</Ratio>
		<Ratio FieldName="ProjEPS" Type="N">
			<Value PeriodType="CURR">-99999.99000</Value>
		</Ratio>
		<Ratio FieldName="ProjEPSQ" Type="N">
			<Value PeriodType="CURR">-99999.99000</Value>
		</Ratio>
		<Ratio FieldName="ProjProfit" Type="N">
			<Value PeriodType="CURR">-99999.99000</Value>
		</Ratio>
		<Ratio FieldName="ProjDPS" Type="N">
			<Value PeriodType="CURR">-99999.99000</Value>
		</Ratio>
	</ForecastData>
</ReportSnapshot>
