<?xml version="1.0" encoding="UTF-8"?>
<ReportSnapshot Major="1" Minor="0" Revision="1">
	<CoIDs>
		<CoID Type="RepNo">A2386</CoID>
		<CoID Type="CompanyName">CMC Materials Inc</CoID>
		<CoID Type="IRSNo">364324765</CoID>
		<CoID Type="CIKNo">0001102934</CoID>
		<CoID Type="OrganizationPermID">4295912729</CoID>
	</CoIDs>
	<Issues>
		<Issue ID="1" Type="C" Desc="Common Stock" Order="1">
			<IssueID Type="Name">Ordinary Shares</IssueID>
			<IssueID Type="Ticker">CCMP</IssueID>
			<IssueID Type="RIC">CCMP.O</IssueID>
			<IssueID Type="DisplayRIC">CCMP.OQ</IssueID>
			<IssueID Type="InstrumentPI">512221</IssueID>
			<IssueID Type="QuotePI">7705540</IssueID>
			<IssueID Type="InstrumentPermID">8590938276</IssueID>
			<IssueID Type="QuotePermID">55835317818</IssueID>
			<Exchange Code="NASD" Country="USA">NASDAQ</Exchange>
			<GlobalListingType>OSR</GlobalListingType>
		</Issue>
	</Issues>
	<CoGeneralInfo>
		<CoStatus Code="1">Active</CoStatus>
		<CoType Code="EQU">Equity Issue</CoType>
		<LastModified>2021-02-04</LastModified>
		<LatestAvailableAnnual>2020-09-30</LatestAvailableAnnual>
		<LatestAvailableInterim>2020-12-31</LatestAvailableInterim>
		<Employees LastUpdated="2020-09-30">2082</Employees>
		<SharesOut Date="2021-01-07" TotalFloat="28851509.0">29155744.0</SharesOut>
		<ReportingCurrency Code="USD">U.S. Dollars</ReportingCurrency>
		<MostRecentExchange Date="2021-02-04">1.0</MostRecentExchange>
	</CoGeneralInfo>
	<TextInfo>
		<Text Type="Business Summary" lastModified="2019-06-20T10:38:45">Cabot Microelectronics Corp is a global supplier of consumable materials to semiconductor manufacturers and pipeline operators. The Company also provides performance products and services to the pipeline operations industry. It operates through two reportable segments: Electronic Materials and Performance Materials. Electronic Materials segment includes products and solutions for the semiconductor industry. It manufactures and sells chemical mechanical planarization (CMP) consumables, including CMP slurries and polishing pad products, and high-purity process chemicals used to etch and clean silicon wafers in the production of semiconductors, photovoltaics (solar cells) and flat panel displays. Performance Materials segment includes pipeline performance products and services for oilfield energy industries, wood treatment products, and products and equipment used in the precision optics industry.</Text>
		<Text Type="Financial Summary" lastModified="2021-01-19T04:00:31">BRIEF: For the fiscal year ended 30 September 2020, CMCMaterials Inc revenues increased 8% to $1.12B. Net incomebefore extraordinary items increased from $48.1M to$142.8M. Revenues reflect Electronic Materials segmentincrease of 6% to $882.8M, Performance Materials segmentincrease of 14% to $233.4M, Asia segment increase of 6% to$546.9M, Northern America segment increase of 7% to $400M.</Text>
	</TextInfo>
	<contactInfo lastUpdated="2021-02-04T21:56:29">
		<streetAddress line="1">870 N Commons Dr</streetAddress>
		<streetAddress line="2"></streetAddress>
		<streetAddress line="3"></streetAddress>
		<city>AURORA</city>
		<state-region>IL</state-region>
		<postalCode>60504-7963</postalCode>
		<country code="USA">United States</country>
		<contactName></contactName>
		<contactTitle></contactTitle>
		<phone>
			<phone type="mainphone">
				<countryPhoneCode>1</countryPhoneCode>
				<city-areacode>630</city-areacode>
				<number>3755461</number>
			</phone>
			<phone type="mainfax">
				<countryPhoneCode>1</countryPhoneCode>
				<city-areacode>630</city-areacode>
				<number>4992666</number>
			</phone>
		</phone>
	</contactInfo>
	<webLinks lastUpdated="2015-11-19T00:00:57"><webSite mainCategory="Home Page">https://www.cabotcmp.com/</webSite><eMail mainCategory="Company Contact/E-mail">investor_relations@cabotcmp.com</eMail></webLinks>
	<peerInfo lastUpdated="2021-02-03T21:01:39">
		<IndustryInfo>
			<Industry type="TRBC" order="1" reported="0" code="5710101010" mnem="">Semiconductors - NEC</Industry>
			<Industry type="NAICS" order="1" reported="0" code="325612" mnem="">Polish &amp; Other Sanitation Good Mfg</Industry>
			<Industry type="NAICS" order="2" reported="0" code="325188" mnem="">All Other Basic Inorganic Chemical Mfg</Industry>
			<Industry type="NAICS" order="3" reported="0" code="327910" mnem="">Abrasive Product Manufacturing</Industry>
			<Industry type="SIC" order="0" reported="1" code="3674" mnem="">Semiconductors/related Devices</Industry>
			<Industry type="SIC" order="1" reported="0" code="2842" mnem="">Polishes And Sanitation Goods</Industry>
			<Industry type="SIC" order="2" reported="0" code="2819" mnem="">Indust'L Inorganic Chemicals, Nec</Industry>
			<Industry type="SIC" order="3" reported="0" code="3291" mnem="">Abrasive Products</Industry>
		</IndustryInfo>
		<Indexconstituet>S&amp;P 400 Mid Cap</Indexconstituet>
	</peerInfo>
	<officers>
		<officer rank="1" since="06/2008">
			<firstName>David</firstName>
			<mI>H.</mI>
			<lastName>Li</lastName>
			<age>48 </age>
			<title startYear="2015" startMonth="01" startDay="01" iD1="PRE" abbr1="Pres." iD2="CEO" abbr2="CEO">President, Chief Executive Officer, Director</title>
		</officer>
		<officer rank="2" since="01/15/2018">
			<firstName>Scott</firstName>
			<mI>D.</mI>
			<lastName>Beamer</lastName>
			<age>47 </age>
			<title startYear="2020" startMonth="06" startDay="15" iD1="CFO" abbr1="CFO" iD2="VPR" abbr2="VP">Chief Financial Officer, Vice President</title>
		</officer>
		<officer rank="3" since="08/2000">
			<firstName>H. Carol</firstName>
			<mI></mI>
			<lastName>Bernstein</lastName>
			<age>60 </age>
			<title startYear="2000" startMonth="08" startDay="" iD1="VPR" abbr1="VP" iD2="GCN" abbr2="Counsel">Vice President, General Counsel, Secretary</title>
		</officer>
		<officer rank="4" since="01/2019">
			<firstName>Jeffrey</firstName>
			<mI>M.</mI>
			<lastName>Dysard</lastName>
			<age></age>
			<title startYear="2019" startMonth="01" startDay="" iD1="VPR" abbr1="VP" iD2="" abbr2="">Vice President and President, Performance Materialst</title>
		</officer>
		<officer rank="5" since="01/05/2015">
			<firstName>Daniel</firstName>
			<mI>D.</mI>
			<lastName>Woodland</lastName>
			<age>49 </age>
			<title startYear="2019" startMonth="09" startDay="" iD1="VPR" abbr1="VP" iD2="" abbr2="">Vice President and President - Electronic Materials</title>
		</officer>
	</officers>
	<Ratios PriceCurrency="USD" ReportingCurrency="USD" ExchangeRate="1.00000" LatestAvailableDate="2020-12-31">
		<Group ID="Price and Volume">
			<Ratio FieldName="NPRICE" Type="N">165.43000</Ratio>
			<Ratio FieldName="NHIG" Type="N">174.99000</Ratio>
			<Ratio FieldName="NLOW" Type="N">85.26200</Ratio>
			<Ratio FieldName="PDATE" Type="D">2021-02-04T00:00:00</Ratio>
			<Ratio FieldName="VOL10DAVG" Type="N">0.18866</Ratio>
			<Ratio FieldName="EV" Type="N">5463.82400</Ratio>
		</Group>
		<Group ID="Income Statement">
			<Ratio FieldName="MKTCAP" Type="N">4823.23500</Ratio>
			<Ratio FieldName="TTMREV" Type="N">1120.99000</Ratio>
			<Ratio FieldName="TTMEBITD" Type="N">353.39200</Ratio>
			<Ratio FieldName="TTMNIAC" Type="N">135.80900</Ratio>
		</Group>
		<Group ID="Per share data">
			<Ratio FieldName="TTMEPSXCLX" Type="N">4.59300</Ratio>
			<Ratio FieldName="TTMREVPS" Type="N">37.90650</Ratio>
			<Ratio FieldName="QBVPS" Type="N">38.02778</Ratio>
			<Ratio FieldName="QCSHPS" Type="N">9.56570</Ratio>
			<Ratio FieldName="TTMCFSHR" Type="N">8.92028</Ratio>
			<Ratio FieldName="TTMDIVSHR" Type="N">1.76000</Ratio>
		</Group>
		<Group ID="Other Ratios">
			<Ratio FieldName="TTMGROSMGN" Type="N">43.07112</Ratio>
			<Ratio FieldName="TTMROEPCT" Type="N">12.69998</Ratio>
			<Ratio FieldName="TTMPR2REV" Type="N">4.30266</Ratio>
			<Ratio FieldName="PEEXCLXOR" Type="N">36.01785</Ratio>
			<Ratio FieldName="PRICE2BK" Type="N">4.35024</Ratio>
			<Ratio FieldName="Employees" Type="N">2082</Ratio>
		</Group>
	</Ratios>
	<ForecastData ConsensusType="Mean" CurFiscalYear="2021" CurFiscalYearEndMonth="9" CurInterimEndCalYear="2021" CurInterimEndMonth="3" EarningsBasis="PRX">
		<Ratio FieldName="ConsRecom" Type="N">
			<Value PeriodType="CURR">2.8333</Value>
		</Ratio>
		<Ratio FieldName="TargetPrice" Type="N">
			<Value PeriodType="CURR">162.40000</Value>
		</Ratio>
		<Ratio FieldName="ProjLTGrowthRate" Type="N">
			<Value PeriodType="CURR">-99999.99000</Value>
		</Ratio>
		<Ratio FieldName="ProjPE" Type="N">
			<Value PeriodType="CURR">22.43636</Value>
		</Ratio>
		<Ratio FieldName="ProjSales" Type="N">
			<Value PeriodType="CURR">1154.66780</Value>
		</Ratio>
		<Ratio FieldName="ProjSalesQ" Type="N">
			<Value PeriodType="CURR">283.39340</Value>
		</Ratio>
		<Ratio FieldName="ProjEPS" Type="N">
			<Value PeriodType="CURR">7.37330</Value>
		</Ratio>
		<Ratio FieldName="ProjEPSQ" Type="N">
			<Value PeriodType="CURR">1.77100</Value>
		</Ratio>
		<Ratio FieldName="ProjProfit" Type="N">
			<Value PeriodType="CURR">219.32400</Value>
		</Ratio>
		<Ratio FieldName="ProjDPS" Type="N">
			<Value PeriodType="CURR">1.75340</Value>
		</Ratio>
	</ForecastData>
</ReportSnapshot>
