<?xml version="1.0" encoding="UTF-8"?>
<ReportSnapshot Major="1" Minor="0" Revision="1">
	<CoIDs>
		<CoID Type="RepNo">A24A2</CoID>
		<CoID Type="CompanyName">CNB Financial Corp</CoID>
		<CoID Type="IRSNo">251450605</CoID>
		<CoID Type="CIKNo">0000736772</CoID>
		<CoID Type="OrganizationPermID">4295905814</CoID>
	</CoIDs>
	<Issues>
		<Issue ID="1" Type="C" Desc="Common Stock" Order="1">
			<IssueID Type="Name">Ordinary Shares</IssueID>
			<IssueID Type="Ticker">CCNE</IssueID>
			<IssueID Type="RIC">CCNE.O</IssueID>
			<IssueID Type="DisplayRIC">CCNE.OQ</IssueID>
			<IssueID Type="InstrumentPI">298614</IssueID>
			<IssueID Type="QuotePI">7705546</IssueID>
			<IssueID Type="InstrumentPermID">8589983738</IssueID>
			<IssueID Type="QuotePermID">55835317457</IssueID>
			<Exchange Code="NASD" Country="USA">NASDAQ</Exchange>
			<GlobalListingType>OSR</GlobalListingType>
			<MostRecentSplit Date="2004-05-24">2.5</MostRecentSplit>
		</Issue>
		<Issue ID="2" Type="P" Desc="Preferred Stock" Order="1">
			<IssueID Type="Name">Preference Shares</IssueID>
			<IssueID Type="InstrumentPI">454564934</IssueID>
			<IssueID Type="InstrumentPermID">21765429161</IssueID>
			<Exchange Code="NA" Country="">Not Available</Exchange>
		</Issue>
	</Issues>
	<CoGeneralInfo>
		<CoStatus Code="1">Active</CoStatus>
		<CoType Code="EQU">Equity Issue</CoType>
		<LastModified>2021-01-28</LastModified>
		<LatestAvailableAnnual>2020-12-31</LatestAvailableAnnual>
		<LatestAvailableInterim>2020-12-31</LatestAvailableInterim>
		<Employees LastUpdated="2019-12-31">509</Employees>
		<SharesOut Date="2020-12-31" TotalFloat="16104115.0">16833008.0</SharesOut>
		<ReportingCurrency Code="USD">U.S. Dollars</ReportingCurrency>
		<MostRecentExchange Date="2021-02-03">1.0</MostRecentExchange>
	</CoGeneralInfo>
	<TextInfo>
		<Text Type="Business Summary" lastModified="2020-07-20T14:46:03">CNB Financial Corporation is a financial holding company. The Company is the holding company of CNB Bank (the Bank); CNB Securities Corporation, which maintains investments in debt and equity securities; CNB Insurance Agency, which provides for the sale of nonproprietary annuities and other insurance products; CNB Risk Management, Inc., which is a captive insurance company, and Holiday Financial Services Corporation, which offers small balance unsecured loans and secured loans, primarily collateralized by automobiles and equipment. The Bank is a full-service bank engaged in a range of banking activities and services for individual, business, governmental and institutional customers. The Bank's activities include checking, savings and time deposit accounts; real estate loans, commercial loans, industrial loans, residential loans and consumer loans, and other specialized financial services.</Text>
		<Text Type="Financial Summary" lastModified="2021-01-28T06:39:12">BRIEF: For the nine months ended 30 September 2020, CNBFinancial Corp interest income increased 5% to $120.5M. Netinterest income after loan loss provision increased 4% to$84.2M.  Net income applicable to common stockholdersdecreased 16% to $24.8M. Net interest income after loanloss provision reflects Loans including fees increase of 6%to $109.1M, Taxable increase of 5% to $9.7M.</Text>
	</TextInfo>
	<contactInfo lastUpdated="2021-01-28T06:39:47">
		<streetAddress line="1">1 S Second St</streetAddress>
		<streetAddress line="2">PO Box 42</streetAddress>
		<streetAddress line="3"></streetAddress>
		<city>CLEARFIELD</city>
		<state-region>PA</state-region>
		<postalCode>16830-0042</postalCode>
		<country code="USA">United States</country>
		<contactName></contactName>
		<contactTitle></contactTitle>
		<phone>
			<phone type="mainphone">
				<countryPhoneCode>1</countryPhoneCode>
				<city-areacode>814</city-areacode>
				<number>7659621</number>
			</phone>
		</phone>
	</contactInfo>
	<webLinks lastUpdated="2019-12-02T11:01:05"><webSite mainCategory="Home Page">https://www.cnbbank.bank/</webSite><eMail mainCategory="Company Contact/E-mail">jbower@bankcnb.com</eMail></webLinks>
	<peerInfo lastUpdated="2021-01-28T06:39:47">
		<IndustryInfo>
			<Industry type="TRBC" order="1" reported="0" code="5510101010" mnem="">Banks - NEC</Industry>
			<Industry type="NAICS" order="1" reported="0" code="522110" mnem="">Commercial Banking</Industry>
			<Industry type="NAICS" order="2" reported="0" code="523920" mnem="">Portfolio Management</Industry>
			<Industry type="NAICS" order="3" reported="0" code="525990" mnem="">Other Financial Vehicles</Industry>
			<Industry type="NAICS" order="4" reported="0" code="551111" mnem="">Offices of Bank Holding Companies</Industry>
			<Industry type="SIC" order="0" reported="1" code="6022" mnem="">State Commercial Banks</Industry>
			<Industry type="SIC" order="1" reported="0" code="6029" mnem="">Commercial Banks, Nec</Industry>
			<Industry type="SIC" order="2" reported="0" code="6282" mnem="">Investment Advice</Industry>
			<Industry type="SIC" order="3" reported="0" code="6726" mnem="">Investment Offices, Nec</Industry>
			<Industry type="SIC" order="4" reported="0" code="6712" mnem="">Bank Holding Companies</Industry>
		</IndustryInfo>
	</peerInfo>
	<officers>
		<officer rank="1" since="04/21/2009">
			<firstName>Peter</firstName>
			<mI>F.</mI>
			<lastName>Smith</lastName>
			<age>65 </age>
			<title startYear="2017" startMonth="01" startDay="01" iD1="CHM" abbr1="Chmn." iD2="IND" abbr2="Ind. Dir.">Independent Chairman of the Board</title>
		</officer>
		<officer rank="2" since="11/18/1997">
			<firstName>Joseph</firstName>
			<mI>B.</mI>
			<lastName>Bower</lastName>
			<age>56 </age>
			<title startYear="2010" startMonth="01" startDay="01" iD1="PRE" abbr1="Pres." iD2="CEO" abbr2="CEO">President, Chief Executive Officer, Director of the Company and the Bank</title>
		</officer>
		<officer rank="3" since="07/01/2019">
			<firstName>Tito</firstName>
			<mI>L.</mI>
			<lastName>Lima</lastName>
			<age>54 </age>
			<title startYear="2019" startMonth="07" startDay="01" iD1="CFO" abbr1="CFO" iD2="EVP" abbr2="Exec. VP">Chief Financial Officer, Executive Vice President, Treasurer</title>
		</officer>
		<officer rank="4" since="2019">
			<firstName>Gregory</firstName>
			<mI>M.</mI>
			<lastName>Dixon</lastName>
			<age>42 </age>
			<title startYear="2019" startMonth="" startDay="" iD1="EVP" abbr1="Exec. VP" iD2="CRO" abbr2="CRO">Executive Vice President, Chief Risk Officer</title>
		</officer>
		<officer rank="5" since="2019">
			<firstName>Mary</firstName>
			<mI>Ann</mI>
			<lastName>Conaway</lastName>
			<age>57 </age>
			<title startYear="2019" startMonth="" startDay="" iD1="EVP" abbr1="Exec. VP" iD2="" abbr2="">Executive Vice President - Employee Experience</title>
		</officer>
		<officer rank="6" since="12/31/2013">
			<firstName>Joseph</firstName>
			<mI>E.</mI>
			<lastName>Dell</lastName>
			<age>63 </age>
			<title startYear="2014" startMonth="" startDay="" iD1="EVP" abbr1="Exec. VP" iD2="" abbr2="">Senior Executive Vice President and Chief Commercial Banking Officer</title>
		</officer>
		<officer rank="7" since="2019">
			<firstName>Martin</firstName>
			<mI>T.</mI>
			<lastName>Griffith</lastName>
			<age>57 </age>
			<title startYear="2019" startMonth="" startDay="" iD1="EVP" abbr1="Exec. VP" iD2="" abbr2="">Executive Vice President and BankOnBuffalo Market President</title>
		</officer>
		<officer rank="8" since="2019">
			<firstName>Leanne</firstName>
			<mI>D.</mI>
			<lastName>Kassab</lastName>
			<age>52 </age>
			<title startYear="2019" startMonth="" startDay="" iD1="EVP" abbr1="Exec. VP" iD2="" abbr2="">Executive Vice President - Customer Experience</title>
		</officer>
		<officer rank="9" since="2019">
			<firstName>Steven</firstName>
			<mI>R.</mI>
			<lastName>Shilling</lastName>
			<age>49 </age>
			<title startYear="2019" startMonth="" startDay="" iD1="EVP" abbr1="Exec. VP" iD2="" abbr2="">Executive Vice President - Private Client Solutions</title>
		</officer>
		<officer rank="10" since="07/28/2010">
			<firstName>Richard</firstName>
			<mI>Lee</mI>
			<lastName>Greslick</lastName>
			<age>43 </age>
			<title startYear="2012" startMonth="01" startDay="01" iD1="SEC" abbr1="Secy." iD2="DRC" abbr2="Dir.">Senior Executive Vice President, Chief Support Officer and Secretary, CNB Financial Corp. and CNB Bank; Director</title>
		</officer>
	</officers>
	<Ratios PriceCurrency="USD" ReportingCurrency="USD" ExchangeRate="1.00000" LatestAvailableDate="2020-12-31">
		<Group ID="Price and Volume">
			<Ratio FieldName="NPRICE" Type="N">22.84000</Ratio>
			<Ratio FieldName="NHIG" Type="N">30.15000</Ratio>
			<Ratio FieldName="NLOW" Type="N">13.25000</Ratio>
			<Ratio FieldName="PDATE" Type="D">2021-02-04T00:00:00</Ratio>
			<Ratio FieldName="VOL10DAVG" Type="N">0.05110</Ratio>
			<Ratio FieldName="EV" Type="N">-99999.99000</Ratio>
		</Group>
		<Group ID="Income Statement">
			<Ratio FieldName="MKTCAP" Type="N">384.46590</Ratio>
			<Ratio FieldName="TTMREV" Type="N">-99999.99000</Ratio>
			<Ratio FieldName="TTMEBITD" Type="N">-99999.99000</Ratio>
			<Ratio FieldName="TTMNIAC" Type="N">-99999.99000</Ratio>
		</Group>
		<Group ID="Per share data">
			<Ratio FieldName="TTMEPSXCLX" Type="N">-99999.99000</Ratio>
			<Ratio FieldName="TTMREVPS" Type="N">-99999.99000</Ratio>
			<Ratio FieldName="QBVPS" Type="N">24.72148</Ratio>
			<Ratio FieldName="QCSHPS" Type="N">-99999.99000</Ratio>
			<Ratio FieldName="TTMCFSHR" Type="N">-99999.99000</Ratio>
			<Ratio FieldName="TTMDIVSHR" Type="N">-99999.99000</Ratio>
		</Group>
		<Group ID="Other Ratios">
			<Ratio FieldName="TTMGROSMGN" Type="N">-99999.99000</Ratio>
			<Ratio FieldName="TTMROEPCT" Type="N">-99999.99000</Ratio>
			<Ratio FieldName="TTMPR2REV" Type="N">-99999.99000</Ratio>
			<Ratio FieldName="PEEXCLXOR" Type="N">-99999.99000</Ratio>
			<Ratio FieldName="PRICE2BK" Type="N">1.07287</Ratio>
			<Ratio FieldName="Employees" Type="N">509</Ratio>
		</Group>
	</Ratios>
	<ForecastData ConsensusType="Mean" CurFiscalYear="2021" CurFiscalYearEndMonth="12" CurInterimEndCalYear="2021" CurInterimEndMonth="3" EarningsBasis="PRX">
		<Ratio FieldName="ConsRecom" Type="N">
			<Value PeriodType="CURR">2</Value>
		</Ratio>
		<Ratio FieldName="TargetPrice" Type="N">
			<Value PeriodType="CURR">23.00000</Value>
		</Ratio>
		<Ratio FieldName="ProjLTGrowthRate" Type="N">
			<Value PeriodType="CURR">-99999.99000</Value>
		</Ratio>
		<Ratio FieldName="ProjPE" Type="N">
			<Value PeriodType="CURR">9.02517</Value>
		</Ratio>
		<Ratio FieldName="ProjSales" Type="N">
			<Value PeriodType="CURR">149.80000</Value>
		</Ratio>
		<Ratio FieldName="ProjSalesQ" Type="N">
			<Value PeriodType="CURR">38.30000</Value>
		</Ratio>
		<Ratio FieldName="ProjEPS" Type="N">
			<Value PeriodType="CURR">2.53070</Value>
		</Ratio>
		<Ratio FieldName="ProjEPSQ" Type="N">
			<Value PeriodType="CURR">0.70170</Value>
		</Ratio>
		<Ratio FieldName="ProjProfit" Type="N">
			<Value PeriodType="CURR">44.03330</Value>
		</Ratio>
		<Ratio FieldName="ProjDPS" Type="N">
			<Value PeriodType="CURR">0.68000</Value>
		</Ratio>
	</ForecastData>
</ReportSnapshot>
