<?xml version="1.0" encoding="UTF-8"?>
<ReportSnapshot Major="1" Minor="0" Revision="1">
	<CoIDs>
		<CoID Type="RepNo">F2660</CoID>
		<CoID Type="CompanyName">China Customer Relations Centers Inc</CoID>
		<CoID Type="CIKNo">0001620664</CoID>
		<CoID Type="OrganizationPermID">5044024428</CoID>
	</CoIDs>
	<Issues>
		<Issue ID="1" Type="C" Desc="Common Stock" Order="1">
			<IssueID Type="Name">Ordinary Shares</IssueID>
			<IssueID Type="Ticker">CCRC</IssueID>
			<IssueID Type="RIC">CCRC.O</IssueID>
			<IssueID Type="DisplayRIC">CCRC.OQ</IssueID>
			<IssueID Type="InstrumentPI">169423085</IssueID>
			<IssueID Type="QuotePI">169642469</IssueID>
			<IssueID Type="InstrumentPermID">21549234914</IssueID>
			<IssueID Type="QuotePermID">21549413406</IssueID>
			<Exchange Code="NASD" Country="USA">NASDAQ</Exchange>
			<GlobalListingType>OSR</GlobalListingType>
		</Issue>
	</Issues>
	<CoGeneralInfo>
		<CoStatus Code="1">Active</CoStatus>
		<CoType Code="EQU">Equity Issue</CoType>
		<LastModified>2020-12-20</LastModified>
		<LatestAvailableAnnual>2019-12-31</LatestAvailableAnnual>
		<LatestAvailableInterim>2020-06-30</LatestAvailableInterim>
		<Employees LastUpdated="2019-12-31">12636</Employees>
		<SharesOut Date="2020-06-30" TotalFloat="12004501.0">18329600.0</SharesOut>
		<ReportingCurrency Code="USD">U.S. Dollars</ReportingCurrency>
		<MostRecentExchange Date="2021-02-03">1.0</MostRecentExchange>
	</CoGeneralInfo>
	<TextInfo>
		<Text Type="Business Summary" lastModified="2020-05-12T04:49:30">China Customer Relations Centers, Inc. is a business process outsourcing (BPO) service provider focusing on the complex, voice-based and online based segments of customer care services, including customer relationship management, technical support, sales, customer retention, marketing surveys and research for certain major enterprises in China. The Companys line of services include inbound customer care service, outbound customer care service and online customer care service. Its inbound customer care service includes answering service hotlines in China, 24 hours a day, 7 days a week. Its outbound customer care service includes outbound cold calling services such as selling China Mobiles color ring back tones. Its online customer care service is an alternative to its inbound customer care service. In addition, the Company also provides outsourcing services to its clients.</Text>
		<Text Type="Financial Summary" lastModified="2020-12-20T22:37:11">BRIEF: For the six months ended 30 June 2020, ChinaCustomer Relations Centers Inc revenues increased 33% to$97.7M. Net income increased from $5M to $10.3M. Revenuesreflect an increase in demand for the Company's productsand services due to favorable market conditions. Net incomebenefited from Government Grants increase from $555K to$1.4M (income), Other Income increase from $202K to $758K(income).</Text>
	</TextInfo>
	<contactInfo lastUpdated="2020-12-20T22:37:14">
		<streetAddress line="1">1366 Zhongtianmen Dajie</streetAddress>
		<streetAddress line="2">Xinghuo Science And Technology Park</streetAddress>
		<streetAddress line="3"></streetAddress>
		<city>TAIAN</city>
		<state-region>SDG</state-region>
		<postalCode>271000</postalCode>
		<country code="CHN">China</country>
		<contactName>Tina Xiao</contactName>
		<contactTitle>IR Contact Officer</contactTitle>
		<phone>
			<phone type="mainphone">
				<countryPhoneCode>86</countryPhoneCode>
				<city-areacode>538</city-areacode>
				<number>6918899</number>
			</phone>
			<phone type="contactphone">
				<countryPhoneCode>1</countryPhoneCode>
				<city-areacode>917</city-areacode>
				<number>6090333</number>
			</phone>
		</phone>
	</contactInfo>
	<webLinks lastUpdated="2016-11-21T21:00:01"><webSite mainCategory="Home Page">http://www.ccrc.com</webSite><eMail mainCategory="Company Contact/E-mail">ir@ccrc.com</eMail></webLinks>
	<peerInfo lastUpdated="2020-12-20T22:37:14">
		<IndustryInfo>
			<Industry type="TRBC" order="1" reported="0" code="5220304025" mnem="">Call Center Services</Industry>
			<Industry type="NAICS" order="1" reported="0" code="561422" mnem="">Telemarketing Bureaus</Industry>
			<Industry type="SIC" order="1" reported="0" code="7389" mnem="">Business Services, Nec</Industry>
		</IndustryInfo>
	</peerInfo>
	<officers>
		<officer rank="1" since="09/2014">
			<firstName>Gary</firstName>
			<mI></mI>
			<lastName>Wang</lastName>
			<age>52 </age>
			<title startYear="2014" startMonth="09" startDay="" iD1="CHM" abbr1="Chmn." iD2="CEO" abbr2="CEO">Chairman of the Board, Chief Executive Officer</title>
		</officer>
		<officer rank="2" since="09/2014">
			<firstName>David</firstName>
			<mI></mI>
			<lastName>Wang</lastName>
			<age>49 </age>
			<title startYear="2014" startMonth="09" startDay="" iD1="VCH" abbr1="Vice Chmn." iD2="CFO" abbr2="CFO">Vice Chairman of the Board, Chief Financial Officer</title>
		</officer>
		<officer rank="3" since="09/2014">
			<firstName>Guoan</firstName>
			<mI></mI>
			<lastName>Xu</lastName>
			<age>44 </age>
			<title startYear="2014" startMonth="09" startDay="" iD1="VPR" abbr1="VP" iD2="DRC" abbr2="Dir.">Vice President, Director</title>
		</officer>
	</officers>
	<Ratios PriceCurrency="USD" ReportingCurrency="USD" ExchangeRate="1.00000" LatestAvailableDate="2020-06-30">
		<Group ID="Price and Volume">
			<Ratio FieldName="NPRICE" Type="N">4.27000</Ratio>
			<Ratio FieldName="NHIG" Type="N">10.00000</Ratio>
			<Ratio FieldName="NLOW" Type="N">3.32000</Ratio>
			<Ratio FieldName="PDATE" Type="D">2021-02-04T00:00:00</Ratio>
			<Ratio FieldName="VOL10DAVG" Type="N">0.33046</Ratio>
			<Ratio FieldName="EV" Type="N">51.71649</Ratio>
		</Group>
		<Group ID="Income Statement">
			<Ratio FieldName="MKTCAP" Type="N">78.26739</Ratio>
			<Ratio FieldName="TTMREV" Type="N">197.85530</Ratio>
			<Ratio FieldName="TTMEBITD" Type="N">20.33307</Ratio>
			<Ratio FieldName="TTMNIAC" Type="N">18.36474</Ratio>
		</Group>
		<Group ID="Per share data">
			<Ratio FieldName="TTMEPSXCLX" Type="N">1.00010</Ratio>
			<Ratio FieldName="TTMREVPS" Type="N">10.77685</Ratio>
			<Ratio FieldName="QBVPS" Type="N">4.04832</Ratio>
			<Ratio FieldName="QCSHPS" Type="N">1.56430</Ratio>
			<Ratio FieldName="TTMCFSHR" Type="N">1.16850</Ratio>
			<Ratio FieldName="TTMDIVSHR" Type="N">0.00000</Ratio>
		</Group>
		<Group ID="Other Ratios">
			<Ratio FieldName="TTMGROSMGN" Type="N">23.33270</Ratio>
			<Ratio FieldName="TTMROEPCT" Type="N">27.86826</Ratio>
			<Ratio FieldName="TTMPR2REV" Type="N">0.39558</Ratio>
			<Ratio FieldName="PEEXCLXOR" Type="N">4.26957</Ratio>
			<Ratio FieldName="PRICE2BK" Type="N">1.05476</Ratio>
			<Ratio FieldName="Employees" Type="N">12636</Ratio>
		</Group>
	</Ratios>
	<ForecastData ConsensusType="" CurFiscalYear="" CurFiscalYearEndMonth="" CurInterimEndCalYear="" CurInterimEndMonth="" EarningsBasis="">
		<Ratio FieldName="ConsRecom" Type="N">
			<Value PeriodType="CURR">-99999.99000</Value>
		</Ratio>
		<Ratio FieldName="TargetPrice" Type="N">
			<Value PeriodType="CURR">-99999.99000</Value>
		</Ratio>
		<Ratio FieldName="ProjLTGrowthRate" Type="N">
			<Value PeriodType="CURR">-99999.99000</Value>
		</Ratio>
		<Ratio FieldName="ProjPE" Type="N">
			<Value PeriodType="CURR">-99999.99000</Value>
		</Ratio>
		<Ratio FieldName="ProjSales" Type="N">
			<Value PeriodType="CURR">-99999.99000</Value>
		</Ratio>
		<Ratio FieldName="ProjSalesQ" Type="N">
			<Value PeriodType="CURR">-99999.99000</Value>
		</Ratio>
		<Ratio FieldName="ProjEPS" Type="N">
			<Value PeriodType="CURR">-99999.99000</Value>
		</Ratio>
		<Ratio FieldName="ProjEPSQ" Type="N">
			<Value PeriodType="CURR">-99999.99000</Value>
		</Ratio>
		<Ratio FieldName="ProjProfit" Type="N">
			<Value PeriodType="CURR">-99999.99000</Value>
		</Ratio>
		<Ratio FieldName="ProjDPS" Type="N">
			<Value PeriodType="CURR">-99999.99000</Value>
		</Ratio>
	</ForecastData>
</ReportSnapshot>
