<?xml version="1.0" encoding="UTF-8"?>
<ReportSnapshot Major="1" Minor="0" Revision="1">
	<CoIDs>
		<CoID Type="RepNo">A2CD4</CoID>
		<CoID Type="CompanyName">Cross Country Healthcare, Inc.</CoID>
		<CoID Type="IRSNo">134066229</CoID>
		<CoID Type="CIKNo">0001141103</CoID>
		<CoID Type="OrganizationPermID">4295901764</CoID>
	</CoIDs>
	<Issues>
		<Issue ID="1" Type="C" Desc="Common Stock" Order="1">
			<IssueID Type="Name">Ordinary Shares</IssueID>
			<IssueID Type="Ticker">CCRN</IssueID>
			<IssueID Type="RIC">CCRN.O</IssueID>
			<IssueID Type="DisplayRIC">CCRN.OQ</IssueID>
			<IssueID Type="InstrumentPI">5381406</IssueID>
			<IssueID Type="QuotePI">7705571</IssueID>
			<IssueID Type="InstrumentPermID">8590925599</IssueID>
			<IssueID Type="QuotePermID">55835317652</IssueID>
			<Exchange Code="NASD" Country="USA">NASDAQ</Exchange>
			<GlobalListingType>OSR</GlobalListingType>
		</Issue>
	</Issues>
	<CoGeneralInfo>
		<CoStatus Code="1">Active</CoStatus>
		<CoType Code="EQU">Equity Issue</CoType>
		<LastModified>2020-11-18</LastModified>
		<LatestAvailableAnnual>2019-12-31</LatestAvailableAnnual>
		<LatestAvailableInterim>2020-09-30</LatestAvailableInterim>
		<Employees LastUpdated="2019-12-31">1700</Employees>
		<SharesOut Date="2020-10-31" TotalFloat="35115728.0">37563384.0</SharesOut>
		<ReportingCurrency Code="USD">U.S. Dollars</ReportingCurrency>
		<MostRecentExchange Date="2021-02-03">1.0</MostRecentExchange>
	</CoGeneralInfo>
	<TextInfo>
		<Text Type="Business Summary" lastModified="2017-04-11T01:43:38">Cross Country Healthcare, Inc. is engaged in providing healthcare recruiting, staffing, recruiting and workforce solutions. The Company operates in three segments: Nurse and Allied Staffing, Physician Staffing and Other Human Capital Management Services. The Nurse and Allied Staffing segment provides traditional staffing, including temporary and permanent placement of travel nurses and allied professionals, and branch-based local nurses and allied staffing. The Physician Staffing segment provides physicians in various specialties, certified registered nurse anesthetists, nurse practitioners and physician assistants under its Medical Doctor Associates brand. The Other Human Capital Management Services is engaged in providing retained and contingent search services for physicians, healthcare executives, nurses, advanced practice and allied health professionals. It provides multi-specialty locum tenens services, as well as other human capital management services focused on healthcare.</Text>
		<Text Type="Financial Summary" lastModified="2020-11-18T14:02:52">BRIEF: For the nine months ended 30 September 2020, CrossCountry Healthcare, Inc. revenues increased 2% to $620.8M.Net loss decreased 69% to $17.6M. Revenues reflect Nurseand allied staffing segment increase of 4% to $561.6M.Lower net loss reflects Nurse and allied staffing segmentincome increase of 14% to $53M, Physician Staffing segmentincome increase of 55% to $2.7M.</Text>
	</TextInfo>
	<contactInfo lastUpdated="2021-01-27T03:49:00">
		<streetAddress line="1">6551 PARK OF COMMERCE BOULEVARD, N.W.</streetAddress>
		<streetAddress line="2"></streetAddress>
		<streetAddress line="3"></streetAddress>
		<city>BOCA RATON</city>
		<state-region>FL</state-region>
		<postalCode>33487</postalCode>
		<country code="USA">United States</country>
		<contactName>William Burns</contactName>
		<contactTitle>Executive Vice President, Chief Financial Officer, Principal Accounting Officer</contactTitle>
		<phone>
			<phone type="mainphone">
				<countryPhoneCode>1</countryPhoneCode>
				<city-areacode>334</city-areacode>
				<number>878247</number>
			</phone>
			<phone type="mainfax">
				<countryPhoneCode>1</countryPhoneCode>
				<city-areacode>302</city-areacode>
				<number>6365454</number>
			</phone>
			<phone type="contactphone">
				<countryPhoneCode>1</countryPhoneCode>
				<city-areacode>800</city-areacode>
				<number>3472264</number>
			</phone>
		</phone>
	</contactInfo>
	<webLinks lastUpdated="2016-07-20T13:31:00"><webSite mainCategory="Home Page">https://www.crosscountryhealthcare.com/</webSite><eMail mainCategory="Company Contact/E-mail">wburns@crosscountry.com</eMail></webLinks>
	<peerInfo lastUpdated="2021-01-27T03:49:00">
		<IndustryInfo>
			<Industry type="TRBC" order="1" reported="0" code="5220303010" mnem="">Employment Services - NEC</Industry>
			<Industry type="NAICS" order="1" reported="0" code="561330" mnem="">Professional Employer Organizations</Industry>
			<Industry type="NAICS" order="2" reported="0" code="561311" mnem="">Employment Placement Agencies</Industry>
			<Industry type="NAICS" order="3" reported="0" code="611430" mnem="">Professional and Management Development Training</Industry>
			<Industry type="SIC" order="0" reported="1" code="7363" mnem="">Help Supply Services</Industry>
			<Industry type="SIC" order="1" reported="0" code="7363" mnem="">Help Supply Services</Industry>
			<Industry type="SIC" order="2" reported="0" code="7361" mnem="">Employment Agencies</Industry>
			<Industry type="SIC" order="3" reported="0" code="8299" mnem="">Schools/educational Services, Nec</Industry>
		</IndustryInfo>
		<Indexconstituet>S&amp;P 600 Small Cap</Indexconstituet>
	</peerInfo>
	<officers>
		<officer rank="1" since="08/02/2013">
			<firstName>Thomas</firstName>
			<mI>C.</mI>
			<lastName>Dircks</lastName>
			<age>62 </age>
			<title startYear="2017" startMonth="" startDay="" iD1="CHM" abbr1="Chmn." iD2="IND" abbr2="Ind. Dir.">Independent Chairman of the Board</title>
		</officer>
		<officer rank="2" since="01/16/2019">
			<firstName>Kevin</firstName>
			<mI>Cronin</mI>
			<lastName>Clark</lastName>
			<age>59 </age>
			<title startYear="2019" startMonth="01" startDay="16" iD1="PRE" abbr1="Pres." iD2="CEO" abbr2="CEO">President, Chief Executive Officer, Director</title>
		</officer>
		<officer rank="3" since="04/01/2014">
			<firstName>William</firstName>
			<mI>J.</mI>
			<lastName>Burns</lastName>
			<age>50 </age>
			<title startYear="2019" startMonth="12" startDay="31" iD1="CFO" abbr1="CFO" iD2="EVP" abbr2="Exec. VP">Executive Vice President, Chief Financial Officer, Principal Accounting Officer</title>
		</officer>
		<officer rank="4" since="01/25/2021">
			<firstName>John</firstName>
			<mI>A.</mI>
			<lastName>Martins</lastName>
			<age>52 </age>
			<title startYear="2021" startMonth="01" startDay="25" iD1="CEX" abbr1="Corp. Exec." iD2="" abbr2="">Group President - Nurse and Allied</title>
		</officer>
		<officer rank="5" since="02/2019">
			<firstName>Karen</firstName>
			<mI></mI>
			<lastName>Mote</lastName>
			<age>55 </age>
			<title startYear="2019" startMonth="02" startDay="" iD1="CEX" abbr1="Corp. Exec." iD2="" abbr2="">President - Medical Doctor Associates</title>
		</officer>
		<officer rank="6" since="09/30/2016">
			<firstName>Buffy</firstName>
			<mI>Stultz</mI>
			<lastName>White</lastName>
			<age>46 </age>
			<title startYear="2019" startMonth="08" startDay="" iD1="CEX" abbr1="Corp. Exec." iD2="" abbr2="">President - Workforce Solutions and Services</title>
		</officer>
		<officer rank="7" since="01/25/2018">
			<firstName>Marisa</firstName>
			<mI>Leigh</mI>
			<lastName>Zaharoff</lastName>
			<age>46 </age>
			<title startYear="2019" startMonth="08" startDay="" iD1="CEX" abbr1="Corp. Exec." iD2="" abbr2="">President - Nurse and Allied Operations</title>
		</officer>
		<officer rank="8" since="05/2004">
			<firstName>Susan</firstName>
			<mI>E.</mI>
			<lastName>Ball</lastName>
			<age>56 </age>
			<title startYear="2017" startMonth="01" startDay="01" iD1="EVP" abbr1="Exec. VP" iD2="GCN" abbr2="Counsel">Executive Vice President, General Counsel, Secretary</title>
		</officer>
		<officer rank="9" since="04/15/2019">
			<firstName>Stephen</firstName>
			<mI>Alexis</mI>
			<lastName>Saville</lastName>
			<age>53 </age>
			<title startYear="2019" startMonth="04" startDay="15" iD1="EVP" abbr1="Exec. VP" iD2="" abbr2="">Executive Vice President - Operations</title>
		</officer>
		<officer rank="10" since="12/01/2014">
			<firstName>Christopher</firstName>
			<mI>R.</mI>
			<lastName>Pizzi</lastName>
			<age>49 </age>
			<title startYear="2019" startMonth="12" startDay="31" iD1="SVP" abbr1="Sr. VP" iD2="CAO" abbr2="CAO">Senior Vice President, Chief Accounting Officer</title>
		</officer>
	</officers>
	<Ratios PriceCurrency="USD" ReportingCurrency="USD" ExchangeRate="1.00000" LatestAvailableDate="2020-09-30">
		<Group ID="Price and Volume">
			<Ratio FieldName="NPRICE" Type="N">9.68000</Ratio>
			<Ratio FieldName="NHIG" Type="N">13.42000</Ratio>
			<Ratio FieldName="NLOW" Type="N">4.50000</Ratio>
			<Ratio FieldName="PDATE" Type="D">2021-02-04T00:00:00</Ratio>
			<Ratio FieldName="VOL10DAVG" Type="N">0.23883</Ratio>
			<Ratio FieldName="EV" Type="N">416.20560</Ratio>
		</Group>
		<Group ID="Income Statement">
			<Ratio FieldName="MKTCAP" Type="N">363.61360</Ratio>
			<Ratio FieldName="TTMREV" Type="N">835.90700</Ratio>
			<Ratio FieldName="TTMEBITD" Type="N">24.10200</Ratio>
			<Ratio FieldName="TTMNIAC" Type="N">-18.71800</Ratio>
		</Group>
		<Group ID="Per share data">
			<Ratio FieldName="TTMEPSXCLX" Type="N">-0.51874</Ratio>
			<Ratio FieldName="TTMREVPS" Type="N">23.21303</Ratio>
			<Ratio FieldName="QBVPS" Type="N">4.10233</Ratio>
			<Ratio FieldName="QCSHPS" Type="N">0.09525</Ratio>
			<Ratio FieldName="TTMCFSHR" Type="N">-0.06845</Ratio>
			<Ratio FieldName="TTMDIVSHR" Type="N">0.00000</Ratio>
		</Group>
		<Group ID="Other Ratios">
			<Ratio FieldName="TTMGROSMGN" Type="N">24.10567</Ratio>
			<Ratio FieldName="TTMROEPCT" Type="N">-12.02558</Ratio>
			<Ratio FieldName="TTMPR2REV" Type="N">0.43499</Ratio>
			<Ratio FieldName="PEEXCLXOR" Type="N">-99999.99000</Ratio>
			<Ratio FieldName="PRICE2BK" Type="N">2.35963</Ratio>
			<Ratio FieldName="Employees" Type="N">1700</Ratio>
		</Group>
	</Ratios>
	<ForecastData ConsensusType="Mean" CurFiscalYear="2020" CurFiscalYearEndMonth="12" CurInterimEndCalYear="2020" CurInterimEndMonth="12" EarningsBasis="PRX">
		<Ratio FieldName="ConsRecom" Type="N">
			<Value PeriodType="CURR">2.5</Value>
		</Ratio>
		<Ratio FieldName="TargetPrice" Type="N">
			<Value PeriodType="CURR">8.83330</Value>
		</Ratio>
		<Ratio FieldName="ProjLTGrowthRate" Type="N">
			<Value PeriodType="CURR">32.7100</Value>
		</Ratio>
		<Ratio FieldName="ProjPE" Type="N">
			<Value PeriodType="CURR">26.70345</Value>
		</Ratio>
		<Ratio FieldName="ProjSales" Type="N">
			<Value PeriodType="CURR">814.85950</Value>
		</Ratio>
		<Ratio FieldName="ProjSalesQ" Type="N">
			<Value PeriodType="CURR">194.05580</Value>
		</Ratio>
		<Ratio FieldName="ProjEPS" Type="N">
			<Value PeriodType="CURR">0.36250</Value>
		</Ratio>
		<Ratio FieldName="ProjEPSQ" Type="N">
			<Value PeriodType="CURR">0.08580</Value>
		</Ratio>
		<Ratio FieldName="ProjProfit" Type="N">
			<Value PeriodType="CURR">12.68360</Value>
		</Ratio>
		<Ratio FieldName="ProjDPS" Type="N">
			<Value PeriodType="CURR">0.00000</Value>
		</Ratio>
	</ForecastData>
</ReportSnapshot>
